village_id,village_name,district,state,ndbi_mean_2020,ndbi_mean_2025,ndbi_median_2020,ndbi_median_2025,builtup_frac_2020,builtup_frac_2025,builtup_growth_abs,builtup_growth_pct
,,,,-0.3366237507781858,-0.3712361564766098,-0.3633094428182847,-0.39453790903503055,0.008808734926913024,0.004443847904355867,-0.004364887022557156,0.01901866311236332
,,,,-0.18888473880986498,-0.22028984593378065,-0.25401422289169245,-0.32431748689137796,0.03253873026435021,0.073653897863685,0.04111516759933477,0.6480513199701033
,,,,-0.2771010000577133,-0.26900034353771807,-0.3242590803776123,-0.3398825097280724,0.009095232957641307,0.06333521720155183,0.05423322992343489,0.5606421801164665
,,,,-0.23306868279553564,-0.32398048406940866,-0.24610519035616918,-0.3398522933776718,0.04158437661809794,0.01031855280464458,-0.031265823813453365,-0.007440016002897241
,,,,-0.24901281158785785,-0.3371412282153588,-0.26172087008510425,-0.3476690003667944,0.0279237315764852,0.006708386886456152,-0.02121534469002906,-0.004292795976358069
,,,,-0.2793121337963509,-0.35639793603173586,-0.28518761189095704,-0.35546570621357343,0.01873940909679871,0.010445521591856745,-0.008293887504941968,0.04685947493424824
,,,,-0.3214600700471171,-0.37340616236783397,-0.3476903488321223,-0.38673070893591266,0.01254593391843271,0.0072175893716125835,-0.005328344546820126,0.020616958646695046
,,,,-0.2753656005121956,-0.3246258603477171,-0.3164436000756643,-0.371137236140387,0.030820408385088167,0.03611806263118856,0.005297654246100396,0.18293816474793964
,,,,-0.31708197630763346,-0.3709004109177513,-0.3164254089734488,-0.37111714617304276,0.002291094803062033,7.361328352542367E-4,-0.0015549619678077954,0.0021895989260717705
,,,,-0.020353291400250266,-0.037848227350441875,-0.009766058546665223,-0.027328311661628933,0.0864977313127372,0.06307058953864408,-0.02342714177409313,0.3169480588881164
,,,,-0.1174582923527109,-0.1565689831199129,-0.1289386689269769,-0.18362382769265606,0.022638197698227697,0.021552841347770517,-0.0010853563504571815,0.11358982228613122
,,,,-0.08044168624981335,-0.09462012841948926,-0.07420233366557269,-0.0976535909295213,0.05791005479171418,0.061794784135805934,0.0038847293440917477,0.347286073097023
,,,,-0.026489647752199554,-0.02986432063293312,-0.003898296553048914,0.0039046320521352014,0.1260604918255235,0.22766017960418136,0.10159968777865787,1.372128203768344
,,,,-0.06685930901410125,-0.06274230654884648,-0.05858069903096642,-0.05857157767760602,0.05529428639301119,0.13338021724262447,0.07808593084961328,0.9924301012470156
,,,,-0.05752316934572854,-0.08668223214562756,-0.050753539901357995,-0.1054794213642824,0.10171822519265808,0.12395976615324819,0.022241540960590143,0.6078873298115959
,,,,-0.009547140878796385,-0.03209811134027383,0.009772482829039905,-0.003915441432767656,0.13191388634037893,0.15156659162480995,0.019652705284431,0.7562708425457699
,,,,-0.05330805783155958,-0.06883520502071377,-0.04100874439968728,-0.07421712215138764,0.04755364174113905,0.13484383112111087,0.08729018937997185,1.0637205079510696
,,,,-0.07251811655577965,-0.06368792264607648,-0.05855412409630955,-0.06643241829235176,0.04420814760065482,0.15595503778413955,0.1117468901834847,1.265122735244545
,,,,-0.023136895686402034,-0.009579490283751014,0.0039036263461099045,0.03522212607141266,0.11702012986060834,0.2614847799075631,0.1444646500469548,1.7627328188754454
,,,,-0.12058386078933442,-0.11929642859511574,-0.12111194766017779,-0.13087036579430372,0.031180949903277657,0.05430141055666186,0.023120460653384217,0.33270672492512987
,,,,-0.0323357971557386,-0.030695803115449435,-0.01757035803092298,-0.0019690347844864386,0.06619376283823646,0.20058680544885896,0.13439304261062254,1.57893510797018
,,,,-0.05604982631499256,-0.12867703762935948,-0.05078833604852497,-0.152395031413611,0.07147255214966906,0.08479407947602274,0.013321527326353664,0.46844813612457364
,,,,-0.007545123462065779,-0.024128153779330263,0.0117467718430482,0.0039035265743399827,0.17280126108155397,0.15177210835376223,-0.021029152727791708,0.5996640877275493
,,,,-0.09469125416896507,-0.08619369410643915,-0.08982516575492534,-0.09769266481385235,0.06458754113936217,0.12590634929468922,0.061318808155327025,0.8135637501552899
,,,,-0.02908162019255721,-0.0324911885582452,-0.021489159397262477,-0.02930568183796504,0.06574056809870064,0.07151272021892413,0.005772152120223488,0.40718486240049856
,,,,-0.09856546440421858,-0.08696550380994056,-0.0663817970111158,-0.05856681454742414,0.094586430243459,0.08504049959506485,-0.009545930648394152,0.2993913173996232
,,,,-0.02477760922691664,-0.034400767583798224,-0.019520871872232136,-0.027355954204162564,0.10811393433320651,0.08305991304222692,-0.02505402129097959,0.2980480458742484
,,,,0.003927170298462014,0.01790153037778871,0.021483540877143766,0.050854042611576895,0.20142894230879527,0.2762354767702065,0.07480653446141118,1.4575195131692786
,,,,-0.0820658239923555,-0.06895107884779969,-0.072275553267617,-0.06640529130212777,0.05004349500086861,0.09959475462967388,0.04955125962880526,0.6944743473141762
,,,,-0.041110357541124805,-0.029891953908149783,-0.0136574798493444,-0.003876709635126633,0.09989355772487592,0.13015103681003698,0.03025747908516104,0.820215984106108
,,,,-0.032076251989144045,-0.0519497044282811,-0.0039016672862795436,-0.027324118629736948,0.15819257670549405,0.15901990234170518,8.273256362111292E-4,0.5637581824868686
,,,,-0.02183543906561541,-0.02092918202475042,-0.0019765124794217073,-0.005860306994317147,0.10752662122129142,0.10183066719538283,-0.005695954025908584,0.48350967772325876
,,,,-0.02510972569038119,-0.013168891713135601,0.011764202363733876,0.019546709289723622,0.1552618374709018,0.21437580365868616,0.0591139661877843,1.2116753153701463
,,,,0.010685397250389233,0.017679585323285542,0.043008135679994695,0.05865535601862393,0.26778857633117664,0.31046145199261066,0.04267287566143404,1.3519946595477554
,,,,0.011001469383376991,-3.6721659761056955E-4,0.02538966532950929,0.011745568833934465,0.17103183083894602,0.1448999884246286,-0.026131842414317433,0.5903582917942237
,,,,-0.03545859691024201,-0.035939009575719945,-0.027333399146279632,-0.027352215538197885,0.06946585668923963,0.0496284318719488,-0.019837424817290842,0.2078198934952119
,,,,-0.019766850893421055,-0.009363894236239236,-0.01952555226052172,-0.003947282692962868,0.10428211764874211,0.11702579701631338,0.012743679367571268,0.6253755170536072
,,,,-0.02400360166794595,-0.02192592266814046,-0.02148631811782417,-0.01171171341959592,0.09028805657911232,0.08652949107525344,-0.0037585655038588858,0.46510036747493666
,,,,0.011744876875621297,-0.0017963744875403584,0.035180946754825665,0.02540307105542765,0.20384169152403292,0.14634977754828826,-0.05749191397574467,0.5214678241882024
,,,,-0.021444139125923186,-0.0027385719233460224,0.005866312980323893,0.0292924266389282,0.13400119177870295,0.19994829018223828,0.06594709840353537,1.2490976871963224
,,,,-0.026965932457553687,-0.0491029404780838,-0.011711701270258841,-0.033193426272313864,0.1317084286001615,0.042563874516417625,-0.08914455408374387,0.07811437621092972
,,,,-0.015639145385184967,-0.049782956109152635,-0.0039215525172987395,-0.044928448096968776,0.13734467714691528,0.058728537298399885,-0.07861613984851538,0.14357404826372616
,,,,-0.006963495993376244,-0.025201882786641875,0.011732565391543149,-0.005854153118380345,0.14370824212663147,0.09571738501809005,-0.04799085710854142,0.38938637242172996
,,,,-0.005592271417993002,-0.037243904273444185,0.003899333190874994,-0.029282298513518774,0.12265131471086314,0.05224251479940417,-0.07040879991145897,0.153857419701157
,,,,-0.004569655538673687,-0.07882304773181795,0.0038900646742486963,-0.06445559267026223,0.15828493680789024,0.03624357447403874,-0.1220413623338515,0.03410378703330765
,,,,-0.028168970920586178,-0.07188857978873932,-0.027350012557422764,-0.07422799810817055,0.0881736473807134,0.043203216651719716,-0.04497043072899371,0.13049301435331442
,,,,-0.028483049196538726,-0.078349906695007,-0.011707072084303823,-0.0742174070295083,0.1052661283126816,0.03615674132891905,-0.06910938698376257,0.04159380112961684
,,,,-0.09730706203408133,-0.09444543751275003,-0.08983686704853412,-0.09766093115467364,0.031091263165498803,0.044597623539291156,0.013506360373792362,0.26640100272988054
,,,,-0.08723758363790236,-0.12439889856642496,-0.09766672324006093,-0.14455422074073107,0.051643383279282716,0.03806285181408434,-0.013580531465198366,0.12250503825313443
,,,,-0.08216964507419684,-0.12807580332777607,-0.08986475278337301,-0.15237445479909797,0.0570712218537884,0.027434490908447764,-0.029636730945340643,0.062137303452142266
,,,,-0.047587672405941965,-0.038701405074051065,-0.027304476220761136,-0.019510860020465214,0.07297807820738106,0.091852049427819,0.018873971220437925,0.5937166974356685
,,,,-0.04965551318970772,-0.050527027753556476,-0.019510821657355817,-0.01951328726357661,0.08333957677052031,0.07602161909968715,-0.007317957670833168,0.3804644112466174
,,,,-0.04268101761868779,-0.05077347276699719,-0.027319220659920436,-0.027322857593765418,0.05725304525545329,0.06741754902124945,0.010164503765796163,0.38528548239865207
,,,,-0.0951672706084445,-0.0601845883369049,-0.09179684809214331,-0.04293208369587507,0.030435228910338515,0.05642811049553503,0.025992881585196515,0.3441570339767439
,,,,-0.05261779893829334,-0.047903006615349464,-0.05077913641261338,-0.03514682691013175,0.053201929645574846,0.03961943668051497,-0.013582492965059867,0.14175524256618122
,,,,-0.0319323051156371,-0.024474270198859477,-0.027350974452087184,-0.011702850827977545,0.09491538968849955,0.09511908660128626,2.0369691278671273E-4,0.4164813521726073
,,,,-0.04650029333158758,-0.03405494859979099,-0.042960824552467705,-0.027336766898408107,0.07478595212519538,0.07725786289923561,0.0024719107740402233,0.3731244173776152
,,,,-0.10459333073209798,-0.10398730164947008,-0.11328281065084497,-0.11328806548683723,0.0527645732195466,0.06219660206670629,0.009432028847159695,0.22715380036910798
,,,,-0.06496339956379134,-0.06013135923284172,-0.058585643088124376,-0.05858761717731973,0.06302606862856729,0.07830356786958653,0.015277499241019277,0.37984879926983145
,,,,-0.051354884721817734,-0.04491015505100904,-0.04492132280533514,-0.04100626945536119,0.056769104841422675,0.06417695078659792,0.007407845945175246,0.35260172459647904
,,,,-0.01572666557976178,-0.016346605783404532,-0.013677909538672267,-0.009752317994508791,0.10447260293120965,0.09926429573344711,-0.005208307197762532,0.4535589399881842
,,,,-0.02783216257738483,-0.029870046196243012,-0.027349762350559755,-0.027352914200932422,0.07470834260281978,0.07263696349571193,-0.002071379107107851,0.3387424289951034
,,,,-0.04687213003748002,-0.060396523315660006,-0.04295694486958137,-0.05861625609992396,0.05398495564532518,0.04254341142664128,-0.011441544218683918,0.19292040857741352
,,,,-0.025288250167502805,-0.039472082907714846,-0.017582127932276523,-0.03319613054495687,0.06828604063209985,0.05816059957837056,-0.010125441053729301,0.23617336155016017
,,,,-0.08456912666833748,-0.054206268445574496,-0.08202476799458888,-0.05078333265822226,0.033771668342815864,0.05732589196356696,0.02355422362075109,0.3385684695800672
,,,,-0.03514770157223267,-0.034010804182572255,-0.027337456407073874,-0.027335615566116342,0.06452880547222224,0.0591086949702175,-0.005420110502004743,0.27798443836821296
,,,,-0.026829129646728695,-0.04152252592213385,-0.027355225589474282,-0.04296360649137889,0.08592219468951923,0.06215866119954109,-0.02376353348997813,0.25294312968785015
,,,,-0.033084712695354394,-0.06431164099935575,-0.03517477428663341,-0.05856763741737419,0.08429875900864577,0.0437782741279056,-0.04052048488074016,0.1573272587160294
,,,,-0.02576563610756556,-0.046436538368590394,-0.019519593174027784,-0.042963638837394805,0.09840846869137694,0.054980293192597354,-0.04342817549877958,0.13840223282921377
,,,,-0.0444129181459378,-0.04832379743756891,-0.03710570054725782,-0.04101119734950195,0.04652425895035746,0.05190573958937105,0.005381480639013596,0.32371244934447335
,,,,-0.05486469818929482,-0.05993144539137666,-0.042967282335587414,-0.05076058182715128,0.03369221766553589,0.029280700100244125,-0.004411517565291762,0.14922391594529838
,,,,-0.07766638200878327,-0.07388558015834835,-0.06637407094279282,-0.06447377523784453,0.017374838759253972,0.020086913008825924,0.0027120742495719513,0.10645669499107313
,,,,-0.06350192908692094,-0.061224886525939375,-0.050732891718513404,-0.04883294256665332,0.034119929718609145,0.03138515596731839,-0.0027347737512907373,0.16214333268749842
,,,,-0.03174507348046486,-0.050582915549227614,-0.019516522159075848,-0.042940805208482966,0.034496604183024124,0.02796124365268901,-0.006535360530335114,0.136804069707564
,,,,-0.06760461684142845,-0.09895622064033754,-0.06640635860413377,-0.09766207707045936,0.04895831552285198,0.03853301354067741,-0.010425301982174581,0.15946492868473625
,,,,-0.04924302472033644,-0.06508439251071962,-0.04294231242648316,-0.05857250764916044,0.021592857680486452,0.01678928998940668,-0.004803567691079774,0.08312197616118956
,,,,0.0037985557839537525,-0.02998239759759447,0.019558121355075578,-0.019508975844242413,0.14184879186586574,0.08616791653146427,-0.055680875334401476,0.23843405415247151
,,,,-0.03934433790145662,-0.06429915747634093,-0.03514666241664353,-0.05856805602582292,0.09414518220521445,0.050909133820878666,-0.0432360483843358,0.12516181542049942
,,,,-0.0337967491180958,-0.07077339565810836,-0.01952924608984215,-0.058590078283407065,0.08563989400054448,0.04220227206269624,-0.04343762193784825,0.12458879548495604
,,,,-0.0060507432628593445,-0.04486498689930349,0.0039069264432551095,-0.03513930409527936,0.1358216837518192,0.05145574455644522,-0.08436593919537397,0.144734303204329
,,,,0.003012610901847016,-0.046902324964346445,0.01954023809553219,-0.035171640190756547,0.1479778447657254,0.10614511732526107,-0.04183272744046433,0.6587889596188349
,,,,0.014952401610030036,-0.0430327618145464,0.03516682182436368,-0.035156150040571266,0.35009303041158946,0.20926639808198408,-0.14082663232960532,0.040157764165140976
,,,,0.05525873146475043,-0.012433335986237717,0.07617454206868379,-0.003928647094812824,0.43754779775246705,0.26122891083603883,-0.17631888691642839,-0.06682976272536137
,,,,-0.004072581344370415,-0.0478142007415958,0.019526337841442976,-0.03513637635055454,0.3008054330088162,0.18694023612733238,-0.11386519688148375,0.04710425705311917
,,,,-0.024426995235167944,-0.05336635500282991,-0.013672995223302307,-0.04294821778907509,0.19793240013742705,0.13653163480849403,-0.06140076532893301,0.20235151947899332
,,,,-0.133258840266538,-0.14421482066022667,-0.15237647918336716,-0.16800972573051065,0.027566492758000393,0.028811088894178476,0.0012445961361780835,0.12233537263223969
,,,,-0.03276677034019214,-0.07055424740832397,-0.027327389445407597,-0.07423581512236857,0.17732319518613743,0.11207581405127762,-0.06524738113485991,0.11888374367780895
,,,,-0.09813062804420611,-0.1443559474862278,-0.10742065755797493,-0.16799936751988692,0.07742191108402365,0.04122694689342857,-0.03619496419059512,0.03000341769760828
,,,,-0.05007609651491294,-0.1013903970983538,-0.05076570383835638,-0.11329818626975414,0.1496019593611685,0.08514568511502456,-0.06445627424614402,0.0479499777803526
,,,,-0.05184110282029842,-0.10626808697475588,-0.05077338033505717,-0.12109353627145127,0.18052820800170286,0.07175730783780408,-0.10877090016389879,-0.01249522299835715
,,,,-0.09779482429104958,-0.1405148483074116,-0.14457074055011,-0.18365504492339704,0.16328325507484892,0.07603900902548004,-0.0872442460493689,-0.003634222066501093
,,,,-0.12190504284970174,-0.15986912602938017,-0.1445651671892095,-0.18363192126830138,0.05977451372192521,0.02560608933982809,-0.034168424382097114,0.03547835650720132
,,,,-0.10805546049204955,-0.14913196128550454,-0.10547626526343035,-0.16016441014131041,0.03176584314788504,0.015209510795217186,-0.016556332352667857,0.03165141351162531
,,,,-0.1042023424136958,-0.1486865565617,-0.09961139507724895,-0.15235028571667628,0.058774391715317835,0.025077683177156612,-0.03369670853816122,0.06390531137332423
,,,,-0.07885616248088587,-0.12276854247801078,-0.06639461329298728,-0.11328619650019767,0.04886829990017905,0.026011689649528075,-0.022856610250650986,0.06534995140365948
,,,,-0.09086340665420384,-0.12661012003379796,-0.08007397906457459,-0.1210868875259915,0.04740701759214765,0.027926809056034597,-0.01948020853611306,0.08826483555557342
,,,,-0.10127140326841168,-0.14939943393675678,-0.10546235276303573,-0.15234259359100727,0.053183460424987866,0.02769315342472835,-0.025490307000259508,0.07960772382466859
,,,,-0.10940090009497865,-0.10315084051981947,-0.09961553196872089,-0.09570670428262565,0.029137366942763088,0.02517270245791069,-0.0039646644848524044,0.12426760921228382
,,,,-0.09140778810216398,-0.1033517233863173,-0.08396878520552808,-0.09570033388727488,0.034632563027830375,0.0183859912330901,-0.016246571794740268,0.0459529410522644
,,,,-0.11596164447391194,-0.12155217277416228,-0.10545916423037076,-0.11327902543772798,0.021675260935440917,0.018734470959030445,-0.0029407899764104725,0.08755051985762208
,,,,-0.0713546197458404,-0.09757082131478868,-0.06639606486742451,-0.08790285164700352,0.034836755685891056,0.02739945361659909,-0.00743730206929198,0.11489597602708708
,,,,-0.07355827255842239,-0.10083664144980951,-0.06638989600840654,-0.0976468190852466,0.054066981591233305,0.04094071958769413,-0.013126262003539176,0.14731823013850154
,,,,-0.07366563003030023,-0.08635654275817087,-0.058591979700702054,-0.07421230377709334,0.06641483099294401,0.05111409736142759,-0.015300733631516425,0.17319723368791695
,,,,-0.08611940167145625,-0.11441066436984416,-0.08203396108577007,-0.12109107822291423,0.062469316781258444,0.04905171188554692,-0.013417604895711525,0.2130551400568517
,,,,-0.04675278667294763,-0.08638472412896006,-0.03515742156128075,-0.08201955485769107,0.07072834775300654,0.035752259800684326,-0.03497608795232223,0.10162013870356047
,,,,-0.03294441357811827,-0.0774459761234333,-0.01954094667420498,-0.0741892662934502,0.10251759226562145,0.05281299554675872,-0.049704596718862744,0.1452684778382597
,,,,-0.12383607113260042,-0.14348989962997985,-0.15038731616342044,-0.17584902891286322,0.04501691439757935,0.04547029412961852,4.533797320391672E-4,0.18681781660176336
,,,,-0.03599549660237629,-0.0393832422929387,-0.019477847713222324,-0.027274647042088696,0.1673993775983283,0.165475721550114,-0.0019236560482142786,0.4402280631536296
,,,,-0.06588944322645057,-0.07695341157948354,-0.05856743354555657,-0.08206957701482992,0.10775720947892103,0.0854253511770182,-0.02233185830190282,0.1836798345311743
,,,,-0.06500734057640721,-0.08421027222899305,-0.05857834454037268,-0.08984684176812543,0.08520049527829264,0.07163626676964142,-0.013564228508651228,0.2170968122405431
,,,,-0.0424071733248571,-0.07745888341435447,-0.03515924961766521,-0.07419002754628497,0.08910496029055326,0.04759984608182334,-0.04150511420872991,0.13784014625111982
,,,,-0.0655918662117598,-0.07092015579295685,-0.05859528319722117,-0.06445892401177306,0.045837953350313446,0.04436971799701804,-0.001468235353295412,0.2053489916692426
,,,,-0.08817983796051958,-0.09894476770076274,-0.08202583697621418,-0.09179194275139249,0.03531242920460884,0.02508385977569324,-0.010228569428915603,0.0993499730602171
,,,,-0.0802870132895632,-0.12177453214246917,-0.07424941255921726,-0.11133965692340088,0.08000556773575393,0.046781183305753454,-0.033224384430000475,0.10799671663855119
,,,,-0.1359525375194296,-0.16534255155935904,-0.13647005103197815,-0.16992555632092535,0.021005075168647743,0.013330331155273146,-0.0076747440133745955,0.04596361793985444
,,,,-0.07460151700206796,-0.12601085151211194,-0.0663918284239331,-0.12108915008299341,0.07217318431589577,0.038104497126230555,-0.03406868718966522,0.0943025068216328
,,,,-0.10714434045419648,-0.14410136008757932,-0.10742494835782275,-0.14648009560593125,0.04623967006825065,0.02636517970182688,-0.01987449036642377,0.07743084309736359
,,,,-0.0822563748811502,-0.10667801761280403,-0.07617229016393248,-0.09766182886102995,0.036888710592475595,0.013653177631432579,-0.023235532961043012,0.03688618193918429
,,,,-0.034101229588974415,-0.08648182907771511,-0.02733504890793266,-0.08200061336779309,0.10395619431042756,0.03180775060506126,-0.07214844370536631,0.021832272031120818
,,,,-0.11356759040608545,-0.1434136606012443,-0.10742687838322805,-0.14646150370635333,0.02509960999843809,0.014580772282842302,-0.010518837715595792,0.031221254221906393
,,,,-0.08514751435244391,-0.11498423450322819,-0.07420811533181451,-0.10545131439720457,0.045187382066909004,0.026655662971827743,-0.01853171909508126,0.09193020181161102
,,,,-0.0673170689856999,-0.09995903703123037,-0.060540125898628505,-0.10352821099006317,0.06374949053615467,0.03308506221048583,-0.030664428325668833,0.06798764375506935
,,,,-0.07356403390846461,-0.09189944217284861,-0.07422424175409864,-0.08984968933313832,0.06062525539320265,0.031057028715037426,-0.029568226678165208,0.05508028805082563
,,,,-0.06252593107931315,-0.08455038934248847,-0.06639822038267727,-0.0742104347067224,0.08226001078888955,0.03812021991852613,-0.04413979087036342,0.06717534167126263
,,,,0.035082681995670106,0.04595009446655108,0.05860467124895308,0.0664317777736816,0.35869314142848374,0.3877203988053989,0.02902725737691524,1.1162010919353704
,,,,-0.01941443379357157,-0.017462896409426765,-0.011699103574765453,-0.0039268877359289085,0.24055268979679906,0.24792964135043324,0.007376951553634059,0.6931618493911026
,,,,-0.07388555601330352,-0.07842856669660028,-0.12115124175218493,-0.12113553632344026,0.18884618028490327,0.18323143034570885,-0.005614749939194414,0.34771518831487624
,,,,-0.08709743046529078,-0.09665005525841533,-0.12895287280509993,-0.1367714841452999,0.14018133200494814,0.14199213948743533,0.0018108074824872069,0.3695552439774189
,,,,-0.16648528637897317,-0.19180460100842542,-0.18360674458214307,-0.20705081513542356,0.023102540333295122,0.01415525243677543,-0.008947287896519683,0.02176215024584066
,,,,-0.11994627455815181,-0.14077872787879886,-0.1367504354101704,-0.16017764343104848,0.03804574290556314,0.02501251368885843,-0.013033229216704724,0.11100624210590536
,,,,-0.13148331807935604,-0.16047776166414618,-0.16800658949082536,-0.19145412729029457,0.06920672787400647,0.03860598267060439,-0.03060074520340209,0.05481388180471528
,,,,-0.1053369852801633,-0.14167877043232094,-0.12892933117339883,-0.16018252115217402,0.05344118052961223,0.023737534745780595,-0.029703645783831636,0.06603934012154618
,,,,-0.10566778750622087,-0.11824182685710001,-0.11523862753440182,-0.12695747488278813,0.03554106575240419,0.03337821070747305,-0.002162855044931126,0.18004956563553629
,,,,-0.0810001529266947,-0.13394108376484343,-0.06443653022569312,-0.13087369353544295,0.029284407048761157,0.01688411164526073,-0.012400295403500428,0.03276921038968547
,,,,-0.11327505717434469,-0.14110571995304916,-0.11328740879156422,-0.14647946302285497,0.03944098663090046,0.02846750762824655,-0.010973479002653917,0.11558737603602719
,,,,-0.11946496478600563,-0.15978237991609762,-0.12695645804091915,-0.17579627300128806,0.04228480630535376,0.018319056854877922,-0.02396574945047584,0.05306965767423886
,,,,-0.10842793000543345,-0.14391013798582372,-0.11327714420517819,-0.1542901024704782,0.05226996475191248,0.02703314435418004,-0.025236820397732437,0.09333606349292582
,,,,-0.17924211150178213,-0.18537524272689293,-0.18359996762791597,-0.19140862025177363,0.03085095760453394,0.02192071594121976,-0.008930241663314175,0.08021530285361755
,,,,-0.07553861150896297,-0.11213097807952062,-0.07421703051406797,-0.11327841613759161,0.09364458423683387,0.033928349803994326,-0.059716234432839535,0.05886258798878302
,,,,-0.09118237635591261,-0.12733517074463113,-0.1054885639224583,-0.1445556513840422,0.06651089883260372,0.0287988605018448,-0.037712038330758924,0.07930381771404507
,,,,-0.08970691832734276,-0.14281444328378023,-0.08200210635052738,-0.14451265279076983,0.053431505399290126,0.03603084377945938,-0.017400661619830754,0.11291151987040948
,,,,-0.08584389777830288,-0.10801633676133492,-0.07421049144219079,-0.10544612174845568,0.08327974006996353,0.050609842033447976,-0.032669898036515564,0.20777134457554905
,,,,-0.07006429040302611,-0.08681725291440127,-0.04293783212841339,-0.07418035934613215,0.10255540843400243,0.06054154757756382,-0.04201386085643864,0.23271160988606127
,,,,-0.1843428870578019,-0.19265577831526912,-0.21489707832151733,-0.21483281355551886,0.028463373076740933,0.018425076193704888,-0.010038296883036044,0.049258739999215956
,,,,-0.1388955828843121,-0.15826266011242093,-0.16019584424953764,-0.17581501964011653,0.03787285733519084,0.027568469223984097,-0.010304388111206753,0.11377483583493359
,,,,-0.08298322007777781,-0.10161843566762215,-0.07422563229423546,-0.10551160593926494,0.12699039837934495,0.08498001235935211,-0.042010386019992824,0.19181291265165268
,,,,-0.12400483657991052,-0.13880186038331802,-0.11914779884210859,-0.12303729927610421,0.03353456603054567,0.02819386051155184,-0.0053407055189938326,0.13017318616365192
,,,,-0.11010746570387882,-0.12569969941605166,-0.10546593638665405,-0.1367091233277145,0.1194247149429505,0.09767529129692443,-0.021749423646026105,0.32309406431088145
,,,,-0.11315836165569909,-0.12341858657817706,-0.10546863591841757,-0.12108469340965994,0.05890152062497923,0.04461653029709477,-0.014284990327884443,0.18506308337587105
,,,,-0.057011839499392834,-0.09004460165292914,-0.04294013552894413,-0.07419699674775204,0.08487966125221515,0.04642993592436337,-0.03844972532785178,0.14955953841079855
,,,,0.02151236625662499,-0.015108400464079774,0.033182133202618806,-0.0019930798766310703,0.2261234953609278,0.15624179324577783,-0.06988170211514996,0.3756797898694994
,,,,-0.05850073418478611,-0.09565853281293214,-0.0371151079898449,-0.06642611248989862,0.11708140604451413,0.07722948890388336,-0.03985191714063077,0.2670976822496837
,,,,-0.10515496050340183,-0.13705895699275802,-0.12112927324051495,-0.14455619018547775,0.07065518737947335,0.038163878683672006,-0.03249130869580135,0.12113543874210209
,,,,-0.04631987802570949,-0.08451783632022207,-0.02733451893104171,-0.08204466345481012,0.1351423909534153,0.07353552264357184,-0.06160686830984348,0.20867677200429463
,,,,-0.2803423721406608,-0.2607810159662812,-0.3477272311258695,-0.3243066520689347,0.036894736085146096,0.036890218082084675,-4.5180030614161276E-6,0.1479799168926333
,,,,-0.21985128054278608,-0.22775196728963154,-0.24611834522746281,-0.2695980295557216,0.01893543787475545,0.016150404121423313,-0.0027850337533321416,0.05734757207640528
,,,,-0.1813703057741084,-0.16442332983843053,-0.24615000297817402,-0.21484823496699204,0.11886580739665936,0.1151532838690448,-0.0037125235276145516,0.3276257081166505
,,,,-0.09611659646522283,-0.09979613262974445,-0.050763017141921725,-0.06636857244468623,0.13775293972640346,0.09829578874713807,-0.03945715097926537,0.31127220351713397
,,,,-0.057609814796408636,-0.06546906240017654,0.003937426915089161,-0.02725082148479281,0.20659243610668132,0.17043454587590373,-0.03615789023077759,0.46872501626912294
,,,,-0.30395378727673067,-0.2835090937997613,-0.3496147077827775,-0.33991769724606263,0.011691004049094686,0.013521690054205832,0.0018306860051111467,0.0733151966329697
,,,,-0.25837195450299394,-0.24582543557653624,-0.32429714215271577,-0.3086809577289991,0.04883953759255015,0.030536092684834783,-0.018303444907715374,0.06368306035294909
,,,,-0.24177905784172715,-0.2374475912196249,-0.30275864791716384,-0.29102060182355727,0.049630957662988265,0.03225710516287458,-0.01737385250011369,0.06108660514116194
,,,,-0.14768045120550752,-0.16992993979603488,-0.16017605581141703,-0.17773862810393934,0.047856030032412,0.034320060288672904,-0.013535969743739091,0.09814034314282404
,,,,-0.061271872919001415,-0.0910902824037891,-0.05862155029922467,-0.11329127717662807,0.318386894935198,0.26099489896386097,-0.05739199597133699,0.5049146849943063
,,,,-0.22651575354503917,-0.2389883188688551,-0.271497935241942,-0.2852007063929073,0.04752002733153751,0.02895106623049791,-0.018568961101039595,0.04257426272336918
,,,,-0.31543738607539845,-0.31146170230786924,-0.34768189917720876,-0.3496167857452596,0.013158368201046156,0.011075718178876414,-0.0020826500221697423,0.033606623298663096
,,,,-0.2695511543847869,-0.2532567238582365,-0.3320967505229575,-0.3086576139033609,0.024328818171195036,0.01557815539613888,-0.008750662775056161,0.057761120349856955
,,,,-0.3155575205337473,-0.2914488750067351,-0.35743312240686237,-0.33991240733068107,0.0054838322454671545,0.004675997845576411,-8.07834399890742E-4,0.026841225915689382
,,,,-0.32580922020054276,-0.3048325454018592,-0.3711489067395946,-0.35353330070270067,0.008915085491051708,0.008442036340836649,-4.730491502150581E-4,0.0383314763667681
,,,,-0.20831615326914732,-0.21489213353818645,-0.25195692336263453,-0.25389713279303205,0.05956858379071812,0.05358956990014388,-0.005979013890574237,0.1417390010974243
,,,,-0.12881141239220484,-0.1305444373781408,-0.15039485430389576,-0.1504059915251736,0.16680549567899525,0.13975868589684196,-0.027046809782153274,0.34597721617887084
,,,,-0.195005652107592,-0.20125450748272106,-0.19134831582232484,-0.1972475081678728,0.040046360562135445,0.02292502064416495,-0.017121339917970504,0.07603853086396903
,,,,-0.23599695701227416,-0.23828024767454223,-0.31647798055936693,-0.308644489175132,0.10728121973662208,0.08233202010396791,-0.024949199632654177,0.22601814605838277
,,,,-0.24530803507178328,-0.23577956588708965,-0.32429798402529314,-0.300875213786227,0.07750118391077905,0.062394936033975126,-0.015106247876803905,0.29111969702898377
,,,,-0.30240124648817174,-0.3143198009188129,-0.3555090019621682,-0.3554794974341907,0.0179237671704118,0.011945628413861141,-0.005978138756550658,0.046723217742529334
,,,,-0.2573518445079455,-0.2489326142180283,-0.27735873152499035,-0.22261054725013082,0.024585617318056578,0.012780151878665503,-0.011805465439391073,0.0609151010340111
,,,,-0.2250766880043357,-0.17783705016337661,-0.26957214057601714,-0.17575790279585507,0.044000556271427724,0.02866706289631569,-0.015333493375112044,0.12039907344519746
,,,,-0.2169178247806516,-0.20025768597003873,-0.23048997746881847,-0.20115776668877625,0.038223006492763036,0.034337668054711674,-0.0038853384380513585,0.17763949982575536
,,,,-0.19439469599989848,-0.17055478230255003,-0.22071937387489496,-0.1699271073774137,0.0519932740764487,0.0412321116246092,-0.010761162451839498,0.1395151604167775
,,,,-0.1841268602725653,-0.1594022210535209,-0.18358719071928217,-0.15818564084143508,0.01713823577943438,0.021959762204054475,0.004821526424620102,0.10718493064651681
,,,,-0.21815254242077978,-0.16739967386137072,-0.2382811505393352,-0.1679765705522106,0.013537399655493046,0.010585556354469413,-0.0029518433010236314,0.05168832777895703
,,,,-0.2539411084439858,-0.1886504229427563,-0.2851956700637782,-0.1992020144479856,0.008181425678670222,0.009483818119048559,0.001302392440378341,0.05908114480171075
,,,,-0.21827939956497894,-0.13738730043548325,-0.23827143934205708,-0.136719797825029,0.01977712421556807,0.018273044272007426,-0.0015040799435606482,0.11559598368392411
,,,,-0.22879303008426294,-0.17977775177072772,-0.24615320073832547,-0.1914243970126604,0.020564305313649372,0.02279033620224937,0.0022260308886000012,0.11738772399609165
,,,,-0.24146343001439122,-0.17810232151333924,-0.27738669745894795,-0.1757859733351989,0.030039912905003567,0.01681486421420261,-0.013225048690800956,0.06435871166036133
,,,,-0.2517186130833785,-0.1860031572241093,-0.2773717281120626,-0.17772482656981256,0.0067885452873581685,0.006778718138250571,-9.827149107598228E-6,0.03829410091210909
,,,,-0.27317643349655346,-0.25811239170362316,-0.3164276253442941,-0.2852204868025732,0.01838490594672176,0.011007790750985237,-0.007377115195736527,0.037688632119804354
,,,,-0.2775230707152437,-0.267272389743413,-0.3086592645756472,-0.2851889462450272,0.020383600729916056,0.011956524660052235,-0.00842707606986382,0.04889257066313259
,,,,-0.10111571698663561,-0.1038867795228759,-0.14459705330672307,-0.1543067841521473,0.1205732506250945,0.14607700771955692,0.025503757094462422,0.599814045341548
,,,,-0.022798190724833953,-0.007078020700040812,-0.01954283922044833,0.01174397515017437,0.18909786970212764,0.26598294929309513,0.07688507959096745,1.2782976269463606
,,,,-0.018063458522966792,-0.0703232369211842,-0.011715290454350009,-0.08206007731758734,0.20145734290744757,0.12010854937539246,-0.08134879353205511,0.1751040401620241
,,,,-0.022893034696766467,-0.07700845930742167,-0.003915535849175986,-0.0742092324715137,0.1756917574013463,0.07372279411642235,-0.10196896328492397,0.16371755753838194
,,,,-0.0691733735438833,-0.11510448439392251,-0.0664112654011883,-0.12110634907166873,0.06560754238133155,0.03362466828242761,-0.031982874098903935,0.11723498152281552
,,,,-0.021966521439660446,-0.06385227396401733,-0.011716144652746096,-0.0664039496887843,0.15440117729236688,0.06476070788146654,-0.08964046941090033,0.15944788807593055
,,,,-0.1162927743558607,-0.12560027783320074,-0.13674337905871592,-0.14456050344539223,0.04166931959276586,0.024866012663806236,-0.01680330692895963,0.12444681527816398
,,,,-0.14022474254986675,-0.15695579366231294,-0.16019105138028578,-0.16799314932101553,0.03519484460125178,0.01576138804728868,-0.01943345655396309,0.058502137238663765
,,,,-0.15035631420245488,-0.16319995610555724,-0.16794102628059132,-0.1777343525490212,0.05599626428106948,0.029250753777132682,-0.0267455105039368,0.0924898860550299
,,,,-0.059797311160143064,-0.09240317555693076,-0.05078833236597299,-0.08984950637672266,0.0781544136228061,0.039928752437733694,-0.038225661185072424,0.17212363545179274
,,,,-0.050361971043498224,-0.07125835844044116,-0.04295808035368194,-0.06641038466151424,0.06638344152047683,0.04959901589280935,-0.01678442562766748,0.2752335358102685
,,,,-0.09847800506962165,-0.11392296765910671,-0.08202866098659167,-0.11327377256595073,0.0799611602247175,0.05329398056915048,-0.02666717965556702,0.17498224535748272
,,,,-0.055155967042115304,-0.10455475963809582,-0.05078393126142252,-0.1132989579488983,0.0804824886065684,0.03955184467183442,-0.040930643934734,0.1103350202788025
,,,,-0.07199366821389311,-0.10120780444681023,-0.0664160339241042,-0.10549487781362174,0.08059854862133059,0.05231808241093207,-0.028280466210398512,0.17873502660995308
,,,,-0.08964529915085183,-0.11232290444971628,-0.08985086530034384,-0.11329833179119778,0.06605959318524528,0.03407531192372356,-0.0319842812615217,0.12186261781730207
,,,,-0.09656548302622621,-0.11590070882038093,-0.0898495511878094,-0.11327961348678905,0.052964221003407655,0.037730930680808586,-0.015233290322599078,0.17701901507841417
,,,,-0.17281772673537227,-0.19338822866083474,-0.2070327713157522,-0.22270577790307913,0.03403590464019299,0.02837883332045011,-0.005657071319742877,0.13967969901929514
,,,,-0.1640765849481304,-0.2076552026424248,-0.1542906233411399,-0.22265691688312675,0.01909958974578026,0.014782791082827266,-0.0043167986629529965,0.05597068369242998
,,,,-0.219035576650023,-0.23466570974550743,-0.2461212432597369,-0.26172656858929916,0.013212148735279185,0.013245287896316588,3.3139161037405445E-5,0.0576503263416487
,,,,-0.18813492058263948,-0.2278894439032408,-0.20704216548562207,-0.2539153155094637,0.026246107309735603,0.01628342496225271,-0.009962682347482894,0.05424926017382767
,,,,-0.22371710419301052,-0.24465553638294,-0.2773873346720583,-0.30083906780805386,0.039991723707028366,0.02927389964012076,-0.010717824066907604,0.10520000660859441
,,,,-0.27256277665431844,-0.2817860393285457,-0.30083356401227795,-0.3243094819771785,0.02463020797823715,0.01988685558816693,-0.004743352390070217,0.0884128817531334
,,,,-0.11291679783178551,-0.11213404987651897,-0.09765421179860044,-0.12111223337009083,0.06248423712377858,0.042564920432720345,-0.01991931669105824,0.16461990573610077
,,,,-0.09544434858504418,-0.1331107105253968,-0.027249623592425064,-0.09765643110273352,0.08114425836438124,0.035390484821212154,-0.0457537735431691,0.12844439668049046
,,,,-0.18391985004041309,-0.2099313647232208,-0.1836109252335516,-0.2226559767101466,0.06074315419711163,0.04334484624810908,-0.01739830794900256,0.15519788177796143
,,,,-0.19802036083677674,-0.1928860149122617,-0.22267095863694866,-0.18358992417646672,0.04610814934846448,0.025458109923431477,-0.020650039425033007,0.10188762141482452
,,,,-0.24581731607047308,-0.23559378175980297,-0.2852061787176816,-0.2773818170488433,0.03833552431360292,0.05811501013478118,0.01977948582117826,0.3076903913940073
,,,,-0.3062865309970902,-0.31325667766372417,-0.34772325396630605,-0.3555671730957565,0.007781442425072278,0.006893866951444176,-8.875754736281018E-4,0.02466710628327343
,,,,-0.26310635743193533,-0.26836963412660314,-0.3008197682797241,-0.3164865995707152,0.012829716914573372,0.013398691647349758,5.689747327763849E-4,0.04999967522284423
,,,,-0.22973129372733808,-0.23785476320291138,-0.2519502476233476,-0.25975392435941796,0.010128787654208035,0.009462965844374295,-6.65821809833741E-4,0.0383485601906035
,,,,-0.24281637494922778,-0.24600336555447835,-0.30273600236474646,-0.316551951917559,0.026012686549837655,0.025232792446236135,-7.798941036015281E-4,0.086177668574631
,,,,-0.28417505245814834,-0.28397317580343845,-0.3242929005463216,-0.3321453878754145,0.008391922801497129,0.01053452912584359,0.002142606324346463,0.05462776518422292
,,,,-0.2563702022375132,-0.2568008344782731,-0.3008432779270311,-0.3164961690044331,0.021949518763183837,0.030703850511743073,0.00875433174855923,0.16523368268142746
,,,,-0.225801661398624,-0.21608191939726923,-0.26176042365570934,-0.2539571660328384,0.03311023822792416,0.054390336784432655,0.021280098556508493,0.3170028283274534
,,,,-0.21941710126504296,-0.2135988412768974,-0.26179224698255216,-0.2617621489602474,0.03673228283163506,0.053962031889133726,0.017229749057498675,0.2722727798432073
,,,,-0.2445591324591468,-0.24488436715689244,-0.28524417683018666,-0.2930319467946099,0.012211049087948957,0.018145093840167752,0.0059340447522187945,0.105249122469268
,,,,-0.28725683547940095,-0.275061612126086,-0.3340135120523719,-0.32620623949390193,0.0069229468378526815,0.008023140895076136,0.0011001940572234541,0.04312439278737163
,,,,-0.3087798342331636,-0.2839992995744038,-0.3418327665631307,-0.33012324584104213,0.004112424323014103,0.004824910186035507,7.124858630214043E-4,0.024673071422675986
,,,,-0.3109915153923703,-0.2769920660698541,-0.3399154936509169,-0.32228484107527283,0.005074793093795695,0.004686031945398867,-3.8876114839682765E-4,0.020786804486924933
,,,,-0.2977849416951825,-0.2654193086167731,-0.3222709646439541,-0.302753811935602,0.0026618245342737577,0.004105265632325897,0.0014434410980521382,0.022914209780579266
,,,,-0.29985898052571164,-0.27021759635241016,-0.32618889379452126,-0.3105723369223604,0.003097087223642585,0.004083654122313193,9.86566898670609E-4,0.02258244303676926
,,,,-0.2790849105727695,-0.26978212834380233,-0.3164811700385465,-0.3164768877045914,0.003799437423129846,0.006787210365965651,0.0029877729428358043,0.046516142702129025
,,,,-0.2333305931675467,-0.23111543306549356,-0.2617540625436893,-0.2695938132561,0.022066412025912387,0.03188450758465168,0.009818095558739293,0.18356797963182797
,,,,-0.24826409127110882,-0.22705646912172275,-0.27736762309240065,-0.26172101998874986,0.028978853851704876,0.04921658517181332,0.020237731320108445,0.29998900280419516
,,,,-0.21096765934103856,-0.21135662297627608,-0.21484857639355814,-0.2148613757439111,0.01875382928472446,0.02050282725262694,0.001748997967902484,0.1177961861728391
,,,,-0.2202645840119274,-0.22393289598958566,-0.2461335291349043,-0.2461267103836357,0.018844352094197506,0.014657143034716979,-0.004187209059480527,0.07323089760357505
,,,,-0.24700167478034793,-0.22342309553143785,-0.2852068875020513,-0.26176396979966937,0.013323053562961353,0.014837260671522249,0.001514207108560897,0.06902662915395505
,,,,-0.26858716775005337,-0.19689917773667814,-0.3008086068387581,-0.19919923243887497,0.008755976944105352,0.012261916728914354,0.0035059397848090025,0.07377213024397382
,,,,-0.06355724020927729,-0.09293955247942808,-0.060547475771810064,-0.10547104320187764,0.13491726019326616,0.11598309580358522,-0.018934164389680947,0.5625155612285303
,,,,0.0045080181553586295,0.0010523739739162292,0.03514534369829512,0.02736805798837728,0.35845136528570376,0.35820394262086697,-2.474226648368175E-4,0.8019537335310819
,,,,-0.11284452725528438,-0.1049579156018428,-0.12695403064431898,-0.11915276809079182,0.08559410464101377,0.09275483602923387,0.007160731388220112,0.4643835435112514
,,,,-0.0477712870055686,-0.05139104499047365,-0.029287100380639502,-0.05080689112228927,0.1855674907183697,0.153660156447732,-0.03190733427063778,0.5812518738290583
,,,,0.022113472624970206,-0.010411701746453263,0.03710206174733391,-0.003912238286807663,0.28617460060670613,0.22851159627186904,-0.057663004334837065,0.738863019998894
,,,,-0.0037368294700897086,-0.025578185026658238,0.01954771956826355,-0.0195401199321403,0.2404478756863155,0.15966552898016342,-0.08078234670615206,0.5808867305920833
,,,,-0.04388255170826088,-0.07702169634964154,-0.035175643928355343,-0.07422561805760104,0.20499208172020655,0.12090065279034909,-0.08409142892985749,0.4070639756047402
,,,,-0.10314040765559158,-0.14782873016089493,-0.12895998815811804,-0.17580328777161033,0.127509773184428,0.06026974765726067,-0.06724002552716733,0.1463923081402439
,,,,-0.016786845895673214,-0.041804966188677684,-0.003924479913890267,-0.04297245031202337,0.22042002255368265,0.13935422618550847,-0.08106579636817418,0.45496771699763405
,,,,-0.03984665811033056,-0.04596258228333992,-0.03515284127193308,-0.04297179099741144,0.1545173933380688,0.11982480533521479,-0.034692588002854026,0.5752221793400314
,,,,0.002516800814784941,-0.038279101093410726,0.011717564755012302,-0.035143178703340515,0.23864046242848022,0.13403674238057467,-0.1046037200479055,0.40157051354095796
,,,,-8.367656745168014E-4,-0.027649588357556928,0.019553567819639465,-0.019514250924275195,0.21027634392656797,0.1331112459815893,-0.07716509794497867,0.5398299586188184
,,,,-0.0329626348540589,-0.062110165137037904,-0.0039072756488516824,-0.05857999626798575,0.1709442469457803,0.07156781910833493,-0.09937642783744538,0.17101071030540121
,,,,-0.02489512946555234,-0.06418074665028237,-0.011715251848311143,-0.06639877780974154,0.14285778597271434,0.07264936342733716,-0.07020842254537722,0.21356729292263937
,,,,-0.02286233435642451,-0.0739006043171847,0.01959466475174694,-0.06640532640439119,0.16979862376294483,0.066941674970206,-0.1028569487927388,0.1200141157102573
,,,,-0.006942318124055188,-0.039128326082371774,0.0038918474758653336,-0.03516630232447156,0.16242100875675528,0.12470768188129477,-0.0377133268754605,0.5245269198442857
,,,,-0.015766076305005025,-0.025195073456281396,0.011722201089612576,-0.011719716596239603,0.2182341131089633,0.15528922673616233,-0.06294488637280098,0.5572737641587558
,,,,0.04797186748304326,0.03045787769211309,0.0742604514546026,0.058618484980431776,0.3950827519997917,0.3311050572313563,-0.06397769476843534,0.9164485214631977
,,,,-0.02632133824394886,-0.048987969526551316,-0.003926567141661941,-0.05077762889582187,0.26919451714381604,0.19498724437688084,-0.0742072727669352,0.4912199307430802
,,,,-0.012572535556992635,-0.05887503870722648,0.0038899534890965756,-0.05859906251638951,0.15621446019331886,0.07508936185809426,-0.08112509833522465,0.11705906062485304
,,,,0.018512088165863146,0.012591574154630922,0.04490541153736043,0.03519527621077649,0.24409403909895472,0.24281116860999571,-0.0012828704889589861,0.7040860031576895
,,,,-0.09679738556780626,-0.10069200082697916,-0.089847929883791,-0.10546194438029133,0.0772373298931603,0.07413313344159442,-0.0031041964515658737,0.38034707662881645
,,,,0.0030776981903242475,-0.017396655901516716,0.027385713818838003,-0.003921207382045727,0.18136847842864304,0.13250710619721093,-0.04886137223143211,0.5448835417840605
,,,,0.0020745561217006144,-0.048867657775686114,0.033211347362442745,-0.042952548210314814,0.11174347359167268,0.03406525555661021,-0.07767821803506246,0.13839954940534355
,,,,-0.22769356723454548,-0.2180938224046857,-0.2382767372941962,-0.2148147559477254,0.05432909215769058,0.055308994676037566,9.79902518347E-4,0.28521164366263074
,,,,-0.21486212884737857,-0.2108942558767323,-0.21483621921963947,-0.22269642159397002,0.07884389543188261,0.06828020230832096,-0.010563693123561646,0.286846557096142
,,,,-0.21248323671151872,-0.217980037781465,-0.23047196767353922,-0.2461305600234161,0.0363867137618092,0.04502619295861614,0.00863947919680694,0.25827815196659104
,,,,-0.20532147351141786,-0.18054376316989346,-0.2226620585837737,-0.19921433711998127,0.03859498579517776,0.06836596097002062,0.029770975174842854,0.41046749871481747
,,,,-0.19680181338977354,-0.15795848760928782,-0.21485996998153964,-0.1445264773697299,0.05356710863302138,0.07152418420060615,0.01795707556758478,0.4580569601600653
,,,,-0.23773584854167534,-0.10560061856002219,-0.28520993486755164,-0.07417410940753982,0.021176244507474806,0.04763764554826697,0.02646140104079217,0.34225324714291244
,,,,-0.12277601337380291,-0.10964538810900559,-0.09760428884021045,-0.0820290230966484,0.0726472080919885,0.07536337500339653,0.002716166911408013,0.4230184585540874
,,,,-0.024024997361956332,-0.06680560487041137,0.0039055318661822265,-0.05858536928208225,0.05142653894645338,0.0465358155722632,-0.004890723374190179,0.26107030237798823
,,,,-0.005145305311992471,-0.06879310234353851,0.01956093841781661,-0.05079779786805414,0.07460323338988231,0.023976619565997587,-0.050626613823884725,0.11521179393302518
,,,,-0.11231553620626275,-0.07849316330556623,-0.12306179717446714,-0.066391509142524,0.05055206443716336,0.05189151185510358,0.001339447417940213,0.30868461705435285
,,,,-0.09544148470518463,-0.06812761279985023,-0.0957075549244757,-0.058608303513369306,0.08731980486249655,0.09645112205947284,0.009131317196976269,0.43448881680366175
,,,,-0.04765625882993665,-0.0587399059026388,-0.041003525590371445,-0.058601937899200394,0.1431754255419344,0.13427040001226703,-0.00890502552966736,0.31424724230105705
,,,,-0.021112843218276105,-0.04914029677251371,-0.005842177789783095,-0.05078053974134649,0.05887441537711501,0.05237227860393098,-0.006502136773184023,0.246636379142104
,,,,-0.03566537414236611,-0.057992340843834894,-0.0038697507780277216,-0.050770971033748516,0.04586583523505858,0.022197789856774834,-0.02366804537828374,0.1050003443623052
,,,,-0.010141782131025895,-0.08068334781913358,0.0019349886644389512,-0.07421757158566217,0.021632999497768306,0.010359748810897124,-0.011273250686871185,0.04534895557405931
,,,,-0.012549076890419545,-0.09757956071358376,0.0038921363654907553,-0.08982954419993597,0.02922652497840429,0.006853174502842421,-0.022373350475561875,0.0139733841065733
,,,,-0.10403187078599159,-0.08028259710559017,-0.05071962910977131,-0.06639178146799311,0.032469919712978794,0.03241347930364496,-5.644040933383571E-5,0.21618952288982238
,,,,-0.08316652310384619,-0.062044273179098164,-0.02727603546159509,-0.0664141586168784,0.02982112373859376,0.03647857701919076,0.006657453280596993,0.30791041692383114
,,,,-0.03036151001874289,-0.08895047754991363,-0.021487595533586624,-0.08985262247104543,0.009997393739555752,0.008815817972791221,-0.0011815757667645282,0.06315304935569739
,,,,-0.06034456378158599,-0.08267058727463196,-0.05665215786916389,-0.08984610222268423,0.04527327095777774,0.04432994166591842,-9.433292918593192E-4,0.12563580587076326
,,,,-0.1546388466401187,-0.1219407749636723,-0.1288839219876472,-0.08202610087041248,0.06438774645500814,0.07717121094745746,0.012783464492449322,0.5014130485526302
,,,,-0.04750250196866999,-0.09152923210920752,-0.04293518938288251,-0.0976772803298952,0.06597481064053567,0.060398775084321565,-0.0055760355562141,0.1984602679473627
,,,,-0.06620001973383344,-0.13149747190233876,-0.050754638907483836,-0.13674203791233377,0.03035578119743997,0.03415665052666526,0.003800869329225288,0.1794766791737097
,,,,-0.06687007455214718,-0.10326577949959068,-0.05857725317460919,-0.1132937146349988,0.03068880374471501,0.037305414649255415,0.006616610904540411,0.23073692187893927
,,,,-0.16721073051354018,-0.2185749426611682,-0.12893006131864435,-0.16793766377302707,0.026371306565886293,0.018073226502024687,-0.008298080063861603,0.11435789278496211
,,,,-0.047632656184667846,-0.11902801494688098,-0.011687870245603279,-0.09766090881732602,0.05449219807991125,0.025346976150233496,-0.029145221929677743,0.13486586700953201
,,,,0.045805051200262036,0.04024280568128641,0.10550766484999975,0.08205785462226448,0.5120854685857027,0.47307727992250187,-0.03900818866320074,0.8083228616660917
,,,,0.1294322510088529,0.12377904524675754,0.16602306951396195,0.16801528143862052,0.7424639095653689,0.695329819777355,-0.04713408978801391,0.7652982853974098
,,,,0.07103199349854676,0.05791397473587012,0.09962454387253152,0.08205073369137515,0.49921961432916095,0.4345073374425861,-0.06471227688657483,0.9594067987835815
,,,,8.566518603435881E-4,-0.03155702225790282,0.05079285386189121,0.0039024611579267124,0.4250268489178141,0.3530449901922878,-0.07198185872552634,0.4469067599277047
,,,,0.01259914496264356,-0.04200602461478567,0.06055393180876158,-0.003915411146809546,0.4224846314636872,0.31312925963143967,-0.10935537183224754,0.5994025533892365
,,,,0.07146104958978722,0.04940080947506658,0.12897286690378318,0.10549006412658106,0.567497926048171,0.5073104418316279,-0.060187484216543054,0.7780760245332381
,,,,-0.04012009447475055,-0.08620125396599498,-0.0039120743342623285,-0.058562413131779484,0.27897974826304067,0.16378564689702194,-0.11519410136601865,0.359471588816949
,,,,-0.006634462653561219,-0.0690223431558236,0.027359856775281115,-0.035149040863457,0.312981000279631,0.20426791935818736,-0.1087130809214436,0.40131817356707505
,,,,0.03591056752407158,-0.020131759602647032,0.076178062822405,-0.01171784334840059,0.4363548556345845,0.2931240791365242,-0.14323077649806018,0.37060230854386794
,,,,0.09277580116986367,0.02637706938093118,0.12892339607882253,0.058614212829739935,0.590869977361764,0.3736834756124673,-0.21718650174929685,0.10745698940186552
,,,,-0.0027360616748838603,-0.009957508935869953,0.01758657833491828,0.0038442633354900104,0.28397749883753437,0.2883388013352774,0.004361302497743018,1.0205245015275521
,,,,0.006954692792308427,-0.04446670750639308,0.03320306986136791,-0.037107424882610915,0.309529645964741,0.20990123741355116,-0.09962840855118978,0.59892158275215
,,,,0.018452621409172955,-0.01171157217572805,0.05081702466118596,0.011732667351273854,0.3110901093209577,0.22357168363816907,-0.08751842568278856,0.6892210420893042
,,,,-0.017796412940991487,-0.029008963646064416,0.0039127964893989255,-0.01169219239154492,0.12104577218296367,0.069063008961458,-0.05198276322150564,0.28852205461380515
,,,,-0.03620041079951177,-0.053321204054005464,-0.02733392782200964,-0.05080736363965395,0.14150449597818412,0.12001157351348062,-0.02149292246470349,0.44471351050920704
,,,,-0.029203084537509336,-0.057922355763812876,-0.02148004374347932,-0.05080013272233137,0.11797721450846245,0.057180531579245145,-0.06079668292921732,0.15139707448569398
,,,,0.01695529128868753,-0.008280910685263456,0.05081409753632961,0.0195609129629829,0.2651216852899678,0.1858736224471912,-0.07924806284277659,0.9045945337489112
,,,,-0.016564761561655136,-0.01852078140701627,-0.0019689171978387997,0.009772038933795827,0.17447335596193805,0.2386135745461384,0.0641402185842003,1.5186150706736263
,,,,-0.01934260407728528,-0.06458873684742479,-0.009760126654757869,-0.05860285017392137,0.20626500877830958,0.13191526932036066,-0.07434973945794894,0.46824478962754884
,,,,-0.02802549472589827,-0.07214461245659853,0.011757190178161446,-0.05075024521690288,0.2460332180968919,0.1931844457222907,-0.05284877237460124,0.5458870285510026
,,,,-0.06934041578292807,-0.1141624242246815,-0.04491677045930951,-0.13672556055670398,0.18406757800087767,0.22432450037832366,0.04025692237744597,0.8167199024981479
,,,,0.04946683401803222,0.030237401509875635,0.07617705022387869,0.06643842716796926,0.3937461779832911,0.36403024038345255,-0.02971593759983854,1.2704407312499637
,,,,-0.004395228568190813,-0.018934713917813744,0.013672866111452783,0.003869068169735703,0.23886078318066553,0.22632019672951148,-0.012540586451154048,0.9175258163890981
,,,,0.010226170453353617,-0.003946601949807773,0.0332017393898677,0.019537701592018435,0.30469072147567466,0.2722486771363911,-0.03244204433928356,0.8850770063940778
,,,,-0.024112194017331355,-0.04530847743544615,-0.01758316368996506,-0.03515956733080605,0.13778642491584397,0.11333954850432106,-0.024446876411522902,0.5886883984940288
,,,,-0.030760748723251886,-0.04300402188611335,-0.009767188962529151,-0.027349824915278934,0.16293580256765658,0.19479087175938609,0.031855069191729535,0.9437663417229567
,,,,-0.0924274532833087,-0.14106481560393733,-0.08399312301404387,-0.13670519015985516,0.07278706529002645,0.03790908545816468,-0.03487797983186177,0.18308913582997272
,,,,-0.015023067603163109,-0.045569861892874854,0.0019407707661838346,-0.0273255348509117,0.1744260965405777,0.13913620775782537,-0.03528988878275234,0.6145267836795074
,,,,-0.04105850438486476,-0.12361515652331508,-0.02930035894156775,-0.11133913545588725,0.1700909157207459,0.03314519234957183,-0.13694572337117403,-8.657365539661314E-4
,,,,-0.0271940914807669,-0.0634906502117832,-0.01170760975531976,-0.050751729328083285,0.18301525866984006,0.10686618553715373,-0.07614907313268633,0.43194570528281834
,,,,0.03313223895430715,0.012229550544947173,0.06055160226300359,0.0351799367973732,0.34091109021629595,0.1910794250015089,-0.14983166521478708,0.6678703239895579
,,,,0.015407304781716974,-0.004151762322721436,0.03711241949860327,0.011747771516457322,0.2702589316155745,0.19524582098777388,-0.07501311062780067,0.6358353387342934
,,,,-0.010750247197739125,-0.0631213826477044,0.005857094696408849,-0.05860315461829493,0.19366146070365164,0.10196933172223552,-0.09169212898141614,0.4075152513763339
,,,,-0.04167670798811644,-0.05607638293661912,-0.03515359136602936,-0.027335304866389624,0.13188468466616804,0.13448155164863537,0.0025968669824673438,0.7911759525564163
,,,,0.012310013098932357,-0.010933762936382868,0.033204914386630514,0.003904065475479038,0.2060686438464458,0.11799456944315848,-0.08807407440328728,0.3778145750831772
,,,,-0.012894294224217706,-0.07400122538123252,-0.0039227623888071,-0.08207595188278184,0.14636374472916697,0.05159995201845175,-0.09476379271071521,0.05839110555381152
,,,,-0.046224751026826966,-0.11012349485737986,-0.04492147704984876,-0.11914855791172956,0.0725384670052033,0.02781956542049679,-0.04471890158470652,0.025453930711145427
,,,,-0.04811254703654892,-0.07621204548966236,-0.06054947996296022,-0.08984841230431116,0.11616483263423208,0.11394496819342469,-0.0022198644408074003,0.24314152186027932
,,,,-0.06307757056802496,-0.09208403564923175,-0.06443939902512043,-0.09766575296744483,0.03639929578997449,0.03392168817747163,-0.002477607612502855,0.13508825844506078
,,,,-0.05726311179011443,-0.08133719284641902,-0.05859334180784494,-0.08986613704146651,0.06119464635908333,0.04674481529451454,-0.014449831064568791,0.1781913837145701
,,,,-0.058263365554763226,-0.07947451050253022,-0.05662810244218416,-0.0742147169354263,0.0674369099723442,0.033700089556935646,-0.03373682041540854,0.14531345155974415
,,,,-0.028832963417001034,-0.026976033608256136,-0.013656324846410625,-0.011689918354381209,0.15750710333656445,0.08035633422969522,-0.07715076910686924,0.3334490247507746
,,,,-0.01330090213526847,-0.002581857278733666,0.009769813252237995,0.01959414310737794,0.23854995995785253,0.05436144185546694,-0.18418851810238557,0.030430765361119858
,,,,-0.007818329429062059,-0.07174634611980997,0.011758536032291569,-0.05857069967128348,0.12221458970422118,0.014162733189143312,-0.10805185651507786,-0.025179542783531187
,,,,-0.08133001632896981,-0.10562435876536494,-0.08201764421624258,-0.09763042242898579,0.01364630042256338,0.014024446560748242,3.781461381848658E-4,0.07485299156109976
,,,,-0.09691910053964323,-0.09915627113094572,-0.099602491811309,-0.09962605596341216,0.012659661335398644,0.02358017747208812,0.01092051613668948,0.1862532244020437
,,,,-0.03088955062456799,-0.04236172488563576,-0.0214775802987594,-0.02729160902243743,0.014653821971987281,0.014650171266010708,-3.6507059765740437E-6,0.10995025826608142
,,,,-0.09151724005095742,-0.09782266652439203,-0.08789202182451326,-0.09765869484838045,0.004637171846227307,0.020255697793812446,0.015618525947585138,0.1766464505216135
,,,,-0.08483541630687429,-0.11365429290718625,-0.09570470823900573,-0.12892555944173953,0.09511347963426217,0.08802342561113194,-0.007090054023130243,0.22595640559123248
,,,,-0.11143273747143956,-0.16565016209678873,-0.11523165356522513,-0.18364110740416403,0.01315434601167012,0.014686352559320184,0.0015320065476500647,0.08611281082965107
,,,,-0.043944852050494906,-0.0888197827456274,-0.035140366324620836,-0.08204600119104766,0.020151892020321565,0.01934211826800991,-8.097737523116534E-4,0.1199367471487353
,,,,-0.026931818179303433,-0.0957907363671082,-0.01167302570681376,-0.09763081518679619,0.024894563915936568,0.017954371127212855,-0.006940192788723718,0.10233244626501788
,,,,-0.0023617750650135245,-0.08102881423794364,0.019575563305297836,-0.08202578811926976,0.06621929058647522,0.0383681537519949,-0.027851136834480324,0.1636564966359532
,,,,-0.0060921220098683485,-0.09559151783444086,0.011762553694881708,-0.09765535953247742,0.09328208862761043,0.03499235759826691,-0.058289731029343504,0.07509750607526008
,,,,-0.06142186669754783,-0.1250603260247598,-0.027313214256688548,-0.10545999225761427,0.054500833118579464,0.02601053087983559,-0.02849030223874387,0.11500305840748738
,,,,-0.045507811559736606,-0.1315605584788186,-0.03710422444686565,-0.13673693200598408,0.016353253702522146,0.006823535379241425,-0.009529718323280721,0.03348638512722065
,,,,-0.15609806839485607,-0.19281790588926676,-0.12108018828817628,-0.14451561746114053,0.012964326427837833,0.01769256764522007,0.004728241217382232,0.12140531463835774
,,,,0.10721316066046797,0.09597006714697663,0.12892688329168311,0.11329081974410689,0.6143597258114607,0.5667921883482486,-0.04756753746321193,0.8967138148446657
,,,,0.060077937399354,0.0869883794322409,0.074229773439318,0.10550454309041427,0.3747042291877152,0.5384513744106415,0.16374714522292635,2.4080145225946703
,,,,-0.002624509856600403,-0.0063409939036903375,0.02539483904658881,0.02737438117823413,0.29777679138775387,0.2999844476496542,0.0022076562619002594,0.9202215492740218
,,,,0.0733002656526007,0.05222675968646025,0.08398776695401412,0.05861074381524995,0.44906187827276395,0.3655930119117059,-0.08346886636105809,0.5400117051882387
,,,,0.1368512172603904,0.109354723615927,0.15821551998647207,0.1367698165702889,0.7548062573991177,0.6630159063924188,-0.09179035100669902,0.6125658870216333
,,,,0.1517031592126858,0.12255556091471723,0.18165541428728244,0.15240756319377835,0.8021250404259941,0.7172348225893294,-0.08489021783666487,0.4239212421934834
,,,,0.0881475214043051,0.08378664426291924,0.13086391119417456,0.1289725822753849,0.5951836679263335,0.5752661362985463,-0.0199175316277874,0.7687896096436566
,,,,-0.04320787795112174,-0.05037774157303283,-0.02538503014541178,-0.027329111144219313,0.10225168823568992,0.12257811643584719,0.020326428200157266,0.7714490032049163
,,,,-0.016010151225495182,-0.023426955585292134,-0.001962789582278694,-0.011703897370569882,0.15577144731312093,0.13758760081602142,-0.018183846497099514,0.6930338446864788
,,,,0.018737555939096425,0.003555645494253217,0.03711137953110722,0.019564761900289808,0.24953273748213795,0.16835253490661214,-0.08118020257552576,0.6210219803333139
,,,,0.04715417689172961,0.026714433188527727,0.07619293371733224,0.04301057224934535,0.3625790477841084,0.1261629735133514,-0.23641607427075692,0.3370227895329153
,,,,0.034174766302383384,-0.018889705772590297,0.06056020370326728,-0.0039040373633016856,0.2787620257566788,0.03903245129943492,-0.23972957445724383,-0.049707256582018085
,,,,-0.0060067382476800945,-0.04518647281510085,0.021517721952867056,-0.027328344693391675,0.1242114332716704,0.02558146748683278,-0.09862996578483763,0.047805042466368866
,,,,0.0043251494049129065,1.2626653623044483E-4,0.017568509362224698,0.0273845792250322,0.25840349529016315,0.12014823163972035,-0.13825526365044277,0.4537114160096563
,,,,-0.019147014537833722,-0.04493137871576699,-0.005858657370426348,-0.019517707009464768,0.21269412802022503,0.09285197558567082,-0.11984215243455414,0.31212360555909274
,,,,-0.006834425581638994,-0.028660142610463537,0.011729926877385628,-0.011720442646839621,0.25448183439026517,0.14254656668734647,-0.11193526770291874,0.4014877491088978
,,,,0.012495369322613832,-0.025026001914750736,0.035175100995100184,0.0038951034614953853,0.3007652914234665,0.22802691163148842,-0.0727383797919781,0.7199629896347082
,,,,0.025019170885029175,0.01266846556870911,0.0449249289476328,0.03514983225447103,0.35916044182247026,0.3639591328670091,0.004798691044538903,0.8817840875922692
,,,,0.12827674182019994,0.09231004583927599,0.15042179437256675,0.12113662985904523,0.7401143127224715,0.5962179341055412,-0.14389637861693028,0.4754010737997053
,,,,0.09176978889388966,0.052766701909880226,0.1133254481684003,0.07425886839852165,0.5520407080720451,0.3896640328831938,-0.1623766751888513,0.2850046180895978
,,,,0.12675270409174821,0.06846724124842474,0.154325418952361,0.10352421328787939,0.757630605161897,0.5109932828840692,-0.2466373222778278,0.07813960680060927
,,,,0.13515800308266193,0.10582219752626995,0.15040670781630752,0.1289508032039744,0.7906343149171846,0.6634789510852411,-0.1271553638319436,0.40053957380602323
,,,,0.15808273112727647,0.1321034530907478,0.16993006122313573,0.15239897261215216,0.8536250984527544,0.7713575719374133,-0.08226752651534124,0.4190089778958817
,,,,0.12903089461315256,0.10316831427127873,0.15430218456321923,0.13677572111549507,0.7118612637386299,0.633500511637055,-0.078360752101575,0.5152734927220186
,,,,-0.019275149621587537,-0.036041105777350715,-0.013673897299646144,-0.027351207852948214,0.2552551170737036,0.20782276254540566,-0.0474323545282979,0.5688134616586766
,,,,0.06596596244581489,0.02061502590429467,0.09961323516672171,0.05081814469951971,0.49243290036531645,0.269039829159334,-0.22339307120598245,0.3415420944776035
,,,,0.014020745412898885,-0.0686200610615165,0.027365807382203403,-0.05075262487114701,0.16615708967608167,0.07200663877771138,-0.0941504508983703,0.15519239601281098
,,,,0.0460662931339749,0.003398181091720124,0.058617292868365665,0.011711294936330715,0.32580835836712413,0.19690027351147157,-0.12890808485565247,0.4146702065592878
,,,,0.014339783111745679,-0.036003869412009865,0.050806420035447206,-0.011695461715396139,0.27482391896067376,0.1287850693294474,-0.14603884963122635,0.2534138282554752
,,,,0.045111015054277864,-0.014476140157971652,0.07425779756494279,0.01956688113729538,0.4002496068286646,0.14302517329421555,-0.2572244335344491,0.09389827329342018
,,,,0.027800404484701075,0.0011655164898662007,0.06445554522668306,0.027380120872561035,0.3665023386804202,0.13518372358190947,-0.23131861509851073,0.2355516003579538
,,,,0.0015483176983275713,0.0160896297756565,0.021488174579618567,0.035165464844953115,0.2544157635328957,0.2732348425987196,0.018819079065823956,1.0731320935686988
,,,,0.13149128282962638,0.09861070876430958,0.15039995991631758,0.12113408947343303,0.7304081732831927,0.6143552051396388,-0.11605296814355406,0.5511708094614398
,,,,0.10411171106612478,0.09526554779447585,0.11523924336991773,0.11331022044466323,0.5868774618575676,0.5632517206200868,-0.02362574123748099,1.021827117833794
,,,,0.08521792052653152,0.0059331187163774455,0.1074300849145729,0.01953871007433356,0.529663143591058,0.25064646417480235,-0.2790166794162556,-0.1379233983707143
,,,,0.09957463678099929,0.09662859854800276,0.12112909044210242,0.11330237991002043,0.5786788020887214,0.5666887533656713,-0.011990048723050196,1.2344066215052987
,,,,0.0741868103964159,0.026021462256876984,0.08789161344383986,0.03517686740512763,0.45684053572838984,0.24441273215155915,-0.21242780357683072,0.08961246685561121
,,,,0.13803729063799916,0.08498326154782039,0.1543130792745009,0.10550220518580908,0.7391265970611047,0.51851117003604,-0.22061542702506481,0.05551708212349998
,,,,0.09261506070525719,0.07218988248615817,0.11134301131692051,0.09768087175268203,0.5459382127501199,0.4944122857359839,-0.051525927014135935,0.6973345440636888
,,,,0.13344676558098945,0.09630091808500665,0.15040288263255092,0.12112352674425352,0.7376952884618152,0.5907589287814383,-0.14693635968037708,0.40123591727380453
,,,,0.10284144944693922,0.05712315175984604,0.1269854603739276,0.07426764665204505,0.6221520967186409,0.3838689353438535,-0.23828316137478717,0.3789231375155149
,,,,0.02527086759136294,0.003888093159808011,0.048826226526305805,0.027377055999022445,0.3340298319108735,0.19693895491998384,-0.13709087699088965,0.6681895833851157
,,,,0.030905874550746622,-0.007983907368444346,0.05081219989931002,0.019556250669485492,0.28388425879326995,0.13751204501971417,-0.14637221377355572,0.4338624750869192
,,,,0.024329955858755664,-0.026172347228877853,0.058628067852589345,0.0038860029084394777,0.3013653700497275,0.17254621993225996,-0.1288191501174675,0.5559724488212756
,,,,0.059620817077969075,0.01767680035301377,0.08988414508973942,0.04301326769070514,0.46358024023735644,0.19702502772650782,-0.2665552125108485,0.25737080639634313
,,,,0.07115574771911859,0.02171670027149996,0.10355680656061864,0.043018666243783234,0.5078628338185248,0.17728911570503406,-0.33057371811349073,0.11087557760378909
,,,,0.10490890308398425,0.06105183191372714,0.123058453817086,0.07618406853027317,0.6033167267669463,0.3972651977776593,-0.20605152898928683,0.48580951658850746
,,,,0.12101120529589235,0.07508495224980741,0.13086294988838995,0.09180626196227147,0.6701262807441455,0.4631273984067082,-0.20699888233743727,0.28668900757142757
,,,,0.07070040400386543,0.029731526888000227,0.08204640683790196,0.04299560831975342,0.43866006603031055,0.31438019226249453,-0.12427987376781618,0.2253804427514358
,,,,0.10542846216517832,0.09002481011312058,0.12304684579014256,0.11332276974064004,0.6196988502956093,0.558768754745533,-0.06093009555007656,0.7144751299028338
,,,,0.08231588591885666,0.02997197116292741,0.09180019756212872,0.04299120181671014,0.461078453406264,0.2569900525553266,-0.20408840085093755,0.3604354734248826
,,,,0.04254092406009366,-0.02452968245462641,0.05860248635958815,-0.003928439793630917,0.3301159991995632,0.13768407702701088,-0.19243192217255228,0.3481885235337446
,,,,0.034175326230569486,0.0024166784319820823,0.05081279758660724,0.011757413874149783,0.2657815778993969,0.17643478483175692,-0.08934679306764001,0.5514418495605418
,,,,0.08238733894974666,0.03752854177349447,0.09769435187045947,0.05862047536984633,0.48529506982733983,0.3286480734869608,-0.15664699634037915,0.60150196541129
,,,,0.03225715175971227,5.206466076677197E-4,0.04299054520917647,0.01954661403856407,0.274370249071901,0.24650098345242136,-0.027869265619479514,0.9152038127553971
,,,,0.025927417740393408,0.0012014977306269217,0.035151573472497095,0.01954541746837784,0.2823958037007421,0.24481377876148175,-0.0375820249392603,0.7135102485021828
,,,,0.04639559146650398,0.01641371939606494,0.05664614765357709,0.02734592080972744,0.3543364737158622,0.28428608544991796,-0.07005038826594424,0.34344007047267433
,,,,0.03611513409274786,0.024544283071122403,0.05078736138363049,0.04296654393671095,0.2907657378613622,0.28771886998300433,-0.0030468678783578036,0.7812026402948841
,,,,0.0890356450725758,0.07552669781315258,0.10352222892148681,0.09768453815062303,0.5205413341570901,0.49289414179622093,-0.027647192360869308,0.9553642138321726
,,,,0.07879909799709005,0.06469311520669409,0.09768523747519223,0.08204426238052223,0.4951891911167563,0.4342112901136285,-0.06097790100312775,1.013593588143872
,,,,0.014797892565057324,0.007751483151042093,0.01951594598009066,0.01953133298306021,0.2145599822645217,0.22182235505857725,0.007262372794055545,0.8014496719016588
,,,,0.005054920973339389,-0.001044060242031148,0.019555955928700946,0.019553494779761597,0.22468150468126077,0.2655048790993981,0.04082337441813737,0.9854087359701185
,,,,-0.025125691734094218,-0.04599976674416373,-0.01954050450225809,-0.027327433682671598,0.1262717406408422,0.1608643372713485,0.03459259663050627,0.7634412407960807
,,,,0.07269217612962378,0.07046083277171782,0.0976809753676009,0.08989211266760662,0.4785179645305516,0.4661572981308875,-0.01236066639966411,1.0982933504498156
,,,,0.09078628788915488,0.08233694154413317,0.11330484209545766,0.10551552533702702,0.5421271259936928,0.5282520419716062,-0.013875084022086542,1.0877860034798346
,,,,0.06783935177460189,0.07621228660714521,0.08204961942737024,0.09768571178668133,0.42585132810039883,0.47843628621825884,0.05258495811786002,1.3687107096375777
,,,,0.03378197063171384,0.06355012440212872,0.042975366537922895,0.08205126009831012,0.32319929977152656,0.4303362785833092,0.10713697881178255,1.5185259161235183
,,,,0.016395879077064808,0.016087900026591207,0.027336934581855526,0.042985022671335055,0.27609869173803,0.32436004377420996,0.04826135203618,1.2875465735176048
,,,,0.03901536698717338,0.04612425632033508,0.058602685870277255,0.06642058072821075,0.3423135797095941,0.3696367216354781,0.027323141925884,1.1965845613919195
,,,,-0.0333743054219889,-0.02673152938981248,-0.03516861156081736,-0.011698061136286166,0.15588706548586265,0.19800434181066998,0.04211727632480731,0.74878617959594
,,,,-0.13896515005241553,-0.20106921566780228,-0.1523383724531101,-0.25396660984756286,0.06168276149689433,0.06366268348147505,0.0019799219845807185,0.2385245092703815
,,,,-0.10309778604755514,-0.1624759759105633,-0.12895102002585715,-0.2149178374160894,0.13499737114124657,0.0974368908784349,-0.037560480262811655,0.30883164685830944
,,,,-0.13078732037859975,-0.19423444107439936,-0.1523699345917568,-0.24615287084445675,0.056194508932385895,0.07484124820254388,0.01864673927015798,0.3125341822746942
,,,,-0.0772673066911545,-0.08706894241072392,-0.0898730222293403,-0.12114258497284182,0.12777078284943164,0.1506805908763164,0.022909808026884755,0.5479237375113382
,,,,-0.07654514168011288,-0.07404027017709003,-0.06638512998697586,-0.07422469862982867,0.11729416530751474,0.15759734587229465,0.04030318056477995,0.7963300816018395
,,,,-0.016567299168861276,-0.0084695021227487,-0.00391288247738969,0.011717726115349872,0.1914272560337523,0.2525051622919911,0.061077906258238786,1.1536485314919571
,,,,-0.027566066661722663,-0.009243840456301,-0.019539623682924626,0.0038648314101507836,0.15866491675272368,0.20833128573154497,0.04966636897882133,0.9926402582653285
,,,,-0.021271988387846937,-0.020118669689631406,-0.019531866410972213,-0.011714272392034231,0.1742361945576447,0.19051921971381583,0.016283025156171218,0.7142642196006169
,,,,-0.03273341459881374,-0.0344101999890283,-0.035165030718365985,-0.03515507614742921,0.14507516180019597,0.14366812692673314,-0.0014070348734627923,0.4843388971710508
,,,,-0.012381290948814887,-0.010435055912187885,-0.011720541035778749,0.003884586483166309,0.17150043561395917,0.20019770955031171,0.028697273936352498,0.90970383719481
,,,,-0.04907420000815828,-0.045721869117700084,-0.027337675949148117,-0.027331699929590364,0.1483746116748041,0.19910947503710208,0.05073486336229798,0.9574442363463329
,,,,-0.12025381136034229,-0.15061537702294034,-0.13672085394248704,-0.19925063739934928,0.07652037727001225,0.11020462743261432,0.03368425016260207,0.5202301342413524
,,,,-0.11867541847692323,-0.09887963290871664,-0.1367317658137349,-0.10547117226824133,0.12246125963867584,0.14649862341893433,0.024037363780258513,0.5928818942844477
,,,,-0.16095205648605918,-0.12585282392625752,-0.1836258271464268,-0.13671204712023072,0.07152085282805691,0.09391763997703069,0.02239678714897378,0.4384699604516349
,,,,-0.08581395270180542,-0.03465998466142142,-0.08984542165078965,-0.019503409858753457,0.16936033793780042,0.21973506096482798,0.05037472302702751,0.9097667777350382
,,,,-0.08647165094269037,-0.0193630319926157,-0.06637923233152868,0.011747024111237344,0.10613575340342045,0.20892000829730883,0.10278425489388841,1.2817125974581494
,,,,-0.05261225085593137,-0.044042125866160256,-0.042956069352821334,-0.027330996808854518,0.09116857597701672,0.12657529082675945,0.03540671484974268,0.7019393340664017
,,,,-0.05378556183349366,-0.030872482867080137,-0.03515681078115576,-0.011719261453884544,0.13437905659276456,0.18924105290073842,0.054861996307973886,1.0254498038282016
,,,,-0.04011083817619014,-0.01885846608273712,-0.027328394501207002,-0.003931877619367842,0.12189877279935002,0.19701618893752526,0.07511741613817523,1.1063916121429762
,,,,0.002876196032523505,-0.01731453549975355,0.011719996235444041,-0.003946477872633191,0.24952665737248972,0.2419552905269842,-0.007571366845505505,0.5527282958450708
,,,,-0.036587719651307686,-0.05787667652903911,-0.05078813278658226,-0.06641602979584155,0.1773446279296975,0.15080000754372716,-0.026544620385970333,0.2234860725956885
,,,,0.025967195146260523,0.03096972342718703,0.05861008217500588,0.058604005462367416,0.36782161959141085,0.3637037048577407,-0.0041179147336701544,0.6801815935102505
,,,,-0.029004656117122864,0.01749134152600096,-0.003929745092480038,0.04298339279778517,0.17576778560665424,0.30431012012359127,0.12854233451693703,1.7475862438086147
,,,,-0.0011012289066334717,0.01796149348360648,0.019560571654498232,0.04298083409947007,0.27853837557141253,0.32989603684911195,0.051357661277699494,1.3512578400568782
,,,,-0.021522662029562302,0.0030020056441998066,0.0038970565564056324,0.02736040069796517,0.2554623884227256,0.2684502414711176,0.012987853048392084,1.0153748077650546
,,,,-0.014811990524285031,-0.02756995663846652,0.027383502092306958,0.019555039963129045,0.2689033673335494,0.27444108044174104,0.005537713108191622,1.0510578548116334
,,,,0.0061712074343208256,0.054995652967380036,0.05081102793707423,0.08989152578292249,0.31141448662936505,0.4744054879036579,0.1629910012742929,2.097478611815457
,,,,-0.0347076108318853,0.01788657658115418,-0.011737249846688287,0.050784130890762405,0.22436602102704867,0.3424483313736142,0.11808231034656562,1.6279387911504786
,,,,-0.020901379509144447,0.008019874689267029,-0.003922061223366366,0.03518564986251474,0.2374826692573372,0.33277423669509243,0.09529156743775516,1.455293966362405
,,,,0.005013266233704142,0.03734062100256745,0.05862027030796982,0.09769839327630275,0.35070317243316707,0.4894105293169133,0.13870735688374614,1.928018954180674
,,,,-0.12316925368989917,-0.14065759334690878,-0.08982196334907205,-0.10546747794278169,0.12027481525321558,0.17677662962073482,0.056501814367519276,0.8939223409491641
,,,,-0.2418336195584819,-0.2014216124942113,-0.3321426088830691,-0.27739678748280705,0.11111671488186461,0.16466048088675392,0.05354376600488931,0.6960092139052554
,,,,0.058561010438860535,0.03238426712241217,0.1211373667360836,0.10552137453473719,0.5564580828572244,0.5167542050282469,-0.039703877828977496,0.6827453919259336
,,,,0.16220966583921692,0.16090541243827372,0.19728417670644896,0.199321443251071,0.829941648436625,0.8150762997301191,-0.014865348706505861,0.4388796672475161
,,,,0.17463418421253532,0.1426147968958863,0.20119792820855067,0.16019770354362647,0.8709020363614848,0.820164684218806,-0.05073735214267877,0.34344982673701124
,,,,0.1061014842226019,0.0842829635066813,0.1367529628841223,0.1211539792154774,0.6092504168138813,0.5881728596447698,-0.021077557169111555,0.9763601951628138
,,,,0.021629966917461926,0.038264998630984884,0.033208953716013255,0.0586039076132718,0.25211595028114936,0.3783752873107624,0.1262593370296131,1.982977295543719
,,,,0.07123089119491158,0.09914076997116632,0.09180214755652646,0.12893910887128476,0.470166326690543,0.5894030308482047,0.11923670415766176,1.8960262319536043
,,,,0.045776761342063994,0.04469496090564209,0.08207979795159841,0.07426848557284173,0.41898462770683637,0.4109009420307681,-0.008083685676068262,0.8667305320489302
,,,,0.06892418684182508,0.052622219266156865,0.08987255611089091,0.07425848981639283,0.432865787998571,0.363836816156258,-0.0690289718423128,0.9574436135528476
,,,,0.05666645163909926,0.011558524422889495,0.07618337221703574,0.019538146512040534,0.38082883162298764,0.18773700842514013,-0.19309182319784743,0.08306024579096773
,,,,0.0750110586412857,0.024010640429732097,0.0976835871139736,0.04297555222789313,0.48880771287893565,0.3069813983820292,-0.1818263144969066,0.12351512370676182
,,,,0.051581020494601726,0.005054819965076952,0.07618236966000265,0.03517310352590501,0.39596914147749185,0.28432753187371934,-0.11164160960377242,0.40443585388331366
,,,,0.062371517396460505,0.036067420516350465,0.084001548323582,0.05862460111173912,0.4345747189906227,0.32983906227604604,-0.1047356567145767,0.5450755907646454
,,,,-0.008012074980805134,0.011087401054726921,0.009760545573256068,0.011720469528741844,0.24461796337518177,0.1989709063525136,-0.04564705702266818,0.28276515133172614
,,,,0.052209353998842904,0.043396814620106784,0.07618699058505977,0.0664254367067794,0.4204664569165277,0.3895808806501459,-0.030885576266381796,0.7613057627251612
,,,,0.012692539928093927,-0.017628618832314587,0.044924980623843466,0.019550570956526226,0.28739284189302394,0.181393472764655,-0.10599936912836894,0.5609618919664395
,,,,0.08844308351317665,0.06152257798331904,0.1289119289370245,0.0976859878566388,0.5818917710844067,0.5045360433537315,-0.07735572773067537,0.6772038225636168
,,,,0.1423351400903624,0.13293450836095674,0.18370073217355817,0.17583807933257023,0.7886326386075477,0.7865446099345649,-0.002088028672982775,0.4668762668740174
,,,,0.12747846074819544,0.11975869273081902,0.15430172079693646,0.1445623876172719,0.7365292962857714,0.7154168852580691,-0.021112411027702158,0.6799556613057747
,,,,0.10703071109501726,0.0891315097721936,0.12895284985556554,0.11331600652654394,0.6444213784680408,0.5619430227151904,-0.0824783557528507,0.6777725495119259
,,,,0.1016965481527682,0.08202433459240348,0.14459848790705795,0.13677512045770807,0.693763526362536,0.6360915574625527,-0.057671968899983016,0.7278107607117923
,,,,0.10778615811618553,0.08958617092707372,0.14259266135212348,0.1367512166465414,0.698590652347624,0.6421760062248361,-0.05641464612278785,0.8544442493640408
,,,,0.11136458700164763,0.09631857329024567,0.14458698467041978,0.12894567242402138,0.6867220212402864,0.6257731721986031,-0.06094884904168319,0.6561947331221191
,,,,0.1291902219337091,0.11342248492204728,0.14649212532998615,0.13674148009022447,0.730695493875758,0.6653198341227198,-0.06537565975303833,0.5571667815481476
,,,,0.10864916716136334,0.09846678037808095,0.1347830315120024,0.12114214371880264,0.6653506472462735,0.6127710297507689,-0.05257961749550462,0.7455372657626324
,,,,0.1262393808885794,0.10514069456850507,0.16804754393867385,0.1367574035987227,0.7298101037733011,0.677475958241996,-0.05233414553130518,0.43671120970171406
,,,,0.11286938623027419,0.0844833690585216,0.1504233638037705,0.12898651871395114,0.6944804371563038,0.5996921565737268,-0.0947882805825769,0.4898151244737969
,,,,0.10968271541321122,0.07375508424704538,0.15040482813147807,0.11333907774038916,0.6787949040491194,0.5540770685647249,-0.12471783548439455,0.35236344477720444
,,,,0.043075803641195044,-0.006440359446714717,0.08399119903644074,0.035201361401832255,0.422749333020109,0.30756834293930185,-0.11518099008080708,0.37482659073746183
,,,,0.015253963162399112,-0.008245049972599946,0.0644587854991886,0.027355358211209293,0.37511124816909597,0.27272411442329525,-0.1023871337458007,0.2647941886155643
,,,,0.016265716415142375,0.004662917185488884,0.03710297450107633,0.01173329437243286,0.26574547770126694,0.17009054316466005,-0.09565493453660688,0.2245119990788753
,,,,0.05244288239569112,0.009063772215369035,0.0683681835957867,0.019540327374567467,0.3814861410460258,0.21929677086500754,-0.16218937018101823,0.06416179737781384
,,,,0.04857682317345953,0.032167674514687154,0.06836554236924951,0.05081131094317075,0.35529264933285254,0.30288345660586424,-0.05240919272698831,0.6961761574626179
,,,,0.06603102192055782,0.05989531944878986,0.08398795418765163,0.08206239468443446,0.42277878458101675,0.42316940083153637,3.906162505197543E-4,0.8438030210454998
,,,,0.08592416116798893,0.0785376027435734,0.09766831878378603,0.08985997698231642,0.49024207686887195,0.46963242053211945,-0.020609656336752512,0.8714143425438967
,,,,0.09266711297373212,0.08685525046412322,0.12113641201443637,0.12113419518073026,0.5941418319384011,0.5940854947945775,-5.633714382368241E-5,1.1141842257877572
,,,,0.14687435466536275,0.15277048401276247,0.16603115299597773,0.17586037464809068,0.7941406517255645,0.8031575693907427,0.009016917665178419,0.758523267503173
,,,,0.1593835951151936,0.14610350444249937,0.17774261513908163,0.16802196412254275,0.8328515867189406,0.7707062704694742,-0.062145316249466453,0.40728519869045016
,,,,0.10721197958772538,0.0895860024988636,0.12304317661795644,0.10549120731597343,0.600722169091992,0.5302962616792822,-0.07042590741270985,0.5875045139314499
,,,,0.15409440320244108,0.14246928174364132,0.1777563711166154,0.16020282177389897,0.8119943113281458,0.7772609084749537,-0.03473340285319218,0.614520107821738
,,,,0.09533690154455658,0.0627944914329844,0.1308646925196246,0.09767509654627059,0.5871120021432048,0.4905269439153408,-0.09658505822786412,0.19020428871917208
,,,,0.142446137328586,0.14025557728684665,0.16993621759241262,0.1602112772383653,0.7647912775005702,0.7780742509005522,0.013282973399981815,0.8807236459108649
,,,,0.14659668904680162,0.1588527037577202,0.1699403093426025,0.1777525711547289,0.7885438452250263,0.8243769465703243,0.03583310134529822,0.9317732384658303
,,,,0.14442358848167006,0.1385237768401774,0.16993963547667032,0.16021016513177516,0.7638678751713218,0.7593865390007078,-0.0044813361706137434,0.8076148891351163
,,,,0.052988508799905805,0.03891026961958989,0.05273479547684104,0.035141575309215974,0.35249718050200285,0.299077067225844,-0.05342011327615896,0.2695539432993963
,,,,0.03373871405481165,0.002421508961893246,0.05861651523736612,0.019552389788307038,0.37099987389805905,0.25347070551171913,-0.11752916838633995,0.08361528419340993
,,,,-0.010416493480072887,-0.035590245597981254,-0.01758850098931786,-0.035176487899325135,0.20369755099224657,0.12189974414060169,-0.0817978068516449,0.15585473330391098
,,,,-0.07832540056187472,-0.10723774998118014,-0.08985236166829964,-0.12110418387689059,0.08201301165667677,0.047225489725667424,-0.034787521931009355,0.1229881697668258
,,,,0.056193942710164466,0.030102617859396226,0.09767354784485467,0.06642682565050655,0.4871479472051749,0.3904018240025803,-0.09674612320259472,0.5304819373765004
,,,,-0.046869891197825635,-0.06657722442650331,-0.050802949263777944,-0.06641021987243405,0.10088450210980451,0.08353200673253364,-0.017352495377270866,0.20968185507263357
,,,,0.00808923633241173,-0.03007341448443078,0.03517861883746533,-0.011708779623576995,0.27238597222837835,0.17791854833774973,-0.09446742389062854,0.3503239686381619
,,,,-0.0464098030236213,-0.05820194059661995,-0.04101210731979253,-0.058611876952800616,0.13078238767825373,0.1033791696019805,-0.02740321807627324,0.35469088487619044
,,,,0.12637948577556868,0.11324107475887303,0.16804197126999676,0.16021809484208174,0.7339947535371367,0.6661618086237346,-0.06783294491340197,0.4771088795642743
,,,,0.12513325195246297,0.11781897085782028,0.1602295703995382,0.16802193339702637,0.7459631145916562,0.7125505697913495,-0.033412544800306816,0.6036872968189466
,,,,0.10661541254389578,0.10710591404577338,0.14458710409918962,0.1602163846357657,0.67309901457644,0.6599797425034436,-0.013119272072996452,0.8519972514527246
,,,,0.09739609588154156,0.07181123704978194,0.136765364453865,0.11332241555169249,0.6433582339614754,0.5475000801696974,-0.09585815379177777,0.591849833152072
,,,,0.13099048732481522,0.1064979718343923,0.16804171448687083,0.15237669654130948,0.7347696869463132,0.6380755537075111,-0.09669413323880198,0.4174070605969852
,,,,0.13440907723234244,0.09842294452119453,0.17384070958098952,0.14457005243496437,0.7458645740188852,0.6067284878018678,-0.1391360862170174,0.25999233637344177
,,,,0.11293940901386101,0.09593956160932726,0.1445552673825129,0.11327986008099392,0.6471821943302842,0.5471288346716158,-0.10005335965866852,0.6779437862701825
,,,,0.16526434557293268,0.14382730292562876,0.18367308969737553,0.16801360508298746,0.872204818148899,0.7850354453868903,-0.08716937276200902,0.2612894741747414
,,,,0.1410912437462162,0.12096479008961485,0.16020462779718286,0.14458766232864875,0.7842463879951989,0.6982932061145319,-0.08595318188066699,0.37792267781993216
,,,,0.11023076549795449,0.09019629373269278,0.13676628214308187,0.1133120978557742,0.6393465454511862,0.5517927677435576,-0.08755377770762852,0.49450875953565315
,,,,0.11265097480455616,0.08595387236582512,0.15822105810439765,0.12113519925089004,0.6863936267815702,0.5864645580684547,-0.09992906871311556,0.4660216425141137
,,,,-0.0752082578510727,-0.10523186606000921,-0.06834395775043285,-0.09759407902954503,0.26601140344188423,0.19339955512633467,-0.07261184831554958,0.26323169489209064
,,,,0.1017077153810546,0.06315765939606538,0.14260224536515828,0.08987343608794791,0.6189226095144567,0.48040398620631847,-0.13851862330813838,0.31732101058149625
,,,,0.07755080114112096,0.054484651961765676,0.10743034209810993,0.08206019890964261,0.5385146285741358,0.4302950287267034,-0.10821959984743244,0.4773766714717956
,,,,0.04840581021964473,0.06424924740517234,0.05861492288006275,0.06640614703924282,0.29144543056146355,0.3685211545925987,0.07707572403113522,1.2747025911166983
,,,,0.06012126321357185,0.009613233652102517,0.07423163783445719,0.0038633302163921597,0.39211424603624756,0.26228046215528306,-0.12983378388096448,0.22827202062039864
,,,,0.08881023587247382,0.06356199030718665,0.10742512401034192,0.08206297926883718,0.5179175028099016,0.42882187299191743,-0.0890956298179841,0.7374503555935771
,,,,0.1188800122146075,0.11598357699748582,0.15431460092601423,0.12892040112260328,0.6860558866748627,0.6390390610415019,-0.047016825633361056,0.5941898028895762
,,,,0.1681265656816613,0.1495202306793656,0.18362958287363648,0.16799574073518614,0.8392669633058634,0.764071381007011,-0.07519558229885241,0.2610292020387626
,,,,0.15480997732140975,0.13849075257715693,0.1738440897467104,0.1680367649367445,0.8288108881985623,0.73973073394691,-0.08908015425165229,0.39613292443385284
,,,,0.11554865679123166,0.09220016696694988,0.16804048272790842,0.12890666773402615,0.7032216950863057,0.5868335303863075,-0.11638816469999826,0.5468132330716856
,,,,0.1267033734785564,0.11949825858878063,0.15236963141516938,0.16019493110952082,0.7375735679529781,0.7117319499181655,-0.025841618034812677,0.6395121461358826
,,,,0.08422648410783588,0.071620508668035,0.12892489034782542,0.14459485047403595,0.6007234767756746,0.6159789967711811,0.015255519995506464,1.086980144882207
,,,,0.11305402943815868,0.0983760895499029,0.1523763396110193,0.16022179838579287,0.6732449949320208,0.6521461665346701,-0.02109882839735093,0.8123568275955387
,,,,0.18788252484333318,0.19240966477560473,0.20709042613117953,0.2070678236715353,0.9158702245073197,0.9218613709187627,0.005991146411443174,0.39628016365962765
,,,,0.19014796230370495,0.19401878865037048,0.1992804220956854,0.2089935504645078,0.9307247688542848,0.922935647334116,-0.007789121520168819,0.25575810283357725
,,,,0.16714089051635697,0.15887287480385434,0.19146143588245432,0.18365866842770676,0.8667851561701048,0.8123216637708788,-0.054463492399226134,0.4176189852735829
,,,,0.15422189980170395,0.1382790392852503,0.18365369370568196,0.16803886250815886,0.815648512029994,0.7355654268325068,-0.08008308519748725,0.4477117881767539
,,,,0.15945303527334703,0.1429103180150828,0.17580679633509316,0.16800142393020254,0.8546355211706878,0.7768676807765704,-0.07776784039411754,0.34104626872603505
,,,,0.15277747416337914,0.15744428816425726,0.16799713907809813,0.17583012776696058,0.8297270208682661,0.8140909584022069,-0.01563606246605937,0.5153520816334338
,,,,0.09122572348056325,0.0662533795176094,0.1445628735141116,0.12892827293481027,0.658003436282916,0.5800894622721464,-0.07791397401076947,0.26622979239283023
,,,,0.09802901986274551,0.08233912593623341,0.13672457092493745,0.12107116538000458,0.6215511190705394,0.5676061257231454,-0.05394499334739412,0.6047303500956007
,,,,-0.0706671538322338,-0.09321052781917523,-0.058597183185574574,-0.08986266395908653,0.17816560105312676,0.15908004899087222,-0.019085552062254502,0.2720233568957025
,,,,-0.0905048478703386,-0.07597011160436305,-0.0800860850243913,-0.05077480086580774,0.07597532997727695,0.12841783559272785,0.052442505615450885,0.7406758998281474
,,,,-0.04359326962752212,-0.07674599359458358,0.003896039579130158,-0.019502337884744918,0.23803090631753474,0.1719770250566804,-0.06605388126085437,0.5816280932627662
,,,,-0.1309226183929033,-0.15044288543604015,-0.1445072277094558,-0.16794661158627874,0.10458368403056095,0.09830351233996094,-0.006280171690599991,0.548851211615772
,,,,-0.07016586800570605,-0.11238819532313997,-0.03707831319591456,-0.10547659920052219,0.26609502814573044,0.2033541259364245,-0.06274090220930602,0.44752331545144597
,,,,0.009753185034088485,-0.049765689370051235,0.05665604931072548,0.025405024745819273,0.34076473347297526,0.2636806241221722,-0.07708410935080307,0.6698911101192527
,,,,0.11403569238940371,0.07513839015198674,0.1445809626867552,0.12112811361746872,0.6954676560500921,0.5744100512748535,-0.12105760477523883,0.389873921621655
,,,,0.1652983601553102,0.1776580650567278,0.18364129608063193,0.19927935378006403,0.8373075015656798,0.873546637577206,0.03623913601152615,0.9128555638010805
,,,,0.18193768735396512,0.1740286846804827,0.1972758307757483,0.19927437552074942,0.8986376784636395,0.8559813157086413,-0.042656362754998296,0.26523079035806085
,,,,0.1613348614562401,0.13196455220950096,0.19337283229335114,0.17584613726845535,0.7939481754565172,0.7429833321517553,-0.05096484330476163,0.5734385391998499
,,,,0.19536297985857773,0.1847964263109285,0.21290043548667545,0.19926995831022348,0.9184098795735947,0.8946762332245479,-0.023733646349046702,0.24658352685528065
,,,,0.18943986198453888,0.18577105221989054,0.1992702435814279,0.20707766814561282,0.9174716130150349,0.88440879942045,-0.0330628135945848,0.27050467606640577
,,,,0.14744015303630004,0.1737200191504463,0.1601933743249579,0.19925891047041405,0.7979838287031473,0.8752461599387465,0.07726233123559917,1.1773302640067331
,,,,0.1520586519141409,0.12910753847129544,0.19146911856117257,0.19150364254725813,0.7880490399642,0.726969505366124,-0.061079534598076,0.2602810806459849
,,,,0.08764796842002043,0.042282906427760544,0.1524659079045741,0.11337817553893771,0.673327861609733,0.5434165262759045,-0.12991133533382826,0.3736211503528645
,,,,-0.012328840110644126,-0.009971656884237366,0.005854664640431476,0.027361309292110746,0.2210404390883131,0.26453003831051697,0.0434895992222038,1.3270835799765053
,,,,0.028526856536904892,0.04452469199378395,0.048832164671632095,0.08205139697280016,0.3526994596187647,0.43615924173587783,0.08345978211711322,1.8982601035431432
,,,,0.08489581324479643,0.0624824872052008,0.10743535295907697,0.09572125133786238,0.52711006591433,0.48144258543055135,-0.045667480483778576,0.8617526121735027
,,,,0.12035555863370656,0.06727415201088871,0.16024160354382877,0.12115369734415458,0.7168396634283878,0.5672780297705473,-0.14956163365784045,0.34855093418159744
,,,,0.16414855956587854,0.16961810433441885,0.1894739315732518,0.1914544628312111,0.8107664672191008,0.8271621045242779,0.01639563730517694,0.6642373017415574
,,,,0.12821105714314363,0.0933494746021961,0.1758931370856335,0.13676334715825428,0.7736424165426652,0.6711921782612553,-0.1024502382814098,0.29016486655449514
,,,,0.022881864981219108,0.06254822830633162,0.017572513712603443,0.08987526248959633,0.27454767543111636,0.46684343315684973,0.19229575772573337,2.6743764695102006
,,,,0.13713250372058539,0.11100371241908612,0.14453654567947652,0.1289441192098635,0.7405448252198372,0.6576831298033238,-0.08286169541651334,0.6301028185841901
,,,,0.13754983537443136,0.10251370507393051,0.1503841948813599,0.12893744954239064,0.6980407047089763,0.6047844701768333,-0.0932562345321428,0.5450369802035829
,,,,0.1127799946016824,0.07759330004650208,0.17583238104434346,0.13672479639662075,0.6641969895007634,0.5859747979480222,-0.07822219155274135,0.4741981938291906
,,,,0.06537173904976729,0.05791673537792172,0.08985242955429709,0.09766174561704155,0.45863392727437446,0.48257082409899166,0.023936896824617245,1.4728812646928542
,,,,0.13386047100707463,0.10844483649799949,0.15234160923361023,0.1523787346088472,0.6627010987198126,0.6316697307501651,-0.03103136796964755,1.0659725168661454
,,,,0.13119614542733699,0.12508119948761925,0.16019790539692544,0.16023906610499847,0.7461933118455771,0.7253824801039394,-0.020810831741637687,0.6733424413298623
,,,,0.13151993902828787,0.14366057917872901,0.16020796636449905,0.1758565726509575,0.7385608053390398,0.7794656180345679,0.04090481269552811,1.0174939617337082
,,,,0.10604993740744569,0.1459151730104063,0.1289370039667748,0.17588771442405376,0.626520217010622,0.7901293887245112,0.16360917171388922,2.0488429546098867
,,,,0.12878662187403273,0.1464693845880179,0.1523751218579587,0.17581687932013287,0.7452887442014999,0.8038207292706863,0.058531985069186374,1.1955011344837956
,,,,0.13034045516776155,0.13441429493748125,0.1524266195443558,0.1680159084202921,0.7268370288032932,0.7397586295905055,0.012921600787212236,0.7595168249463237
,,,,0.08163642256626366,0.0767513786377398,0.1289252635694192,0.12896290620440137,0.5932343449693351,0.5710322271364127,-0.022202117832922544,0.9966869878438549
,,,,0.11675648942617096,0.10480353296154682,0.15239420883698157,0.14458442082153602,0.6952775104493094,0.6502479742896572,-0.045029536159652175,0.7004872160713272
,,,,0.16078929888356333,0.15987350375772685,0.18946315957820534,0.19148767177420944,0.807909128386049,0.8120146353373047,0.004105506951255726,0.7777090348901237
,,,,0.1321424464307418,0.12589733872857695,0.16019799690246989,0.16022131268856585,0.6867042016134064,0.6949956373063242,0.008291435692917884,1.0307320035370902
,,,,0.16022602314503576,0.13594549792023142,0.19142621988257366,0.1758821600729052,0.8031305590462076,0.7290270928600503,-0.07410346618615733,0.501974496453321
,,,,0.14401186918424136,0.09079921711838877,0.16802983465572055,0.12895979915417569,0.7467396333646945,0.5908425655895153,-0.155897067775179,0.34156191730316954
,,,,0.14468014964528955,0.11812473231924907,0.1680152115398954,0.15241450391505204,0.755863885430285,0.6839608102455204,-0.07190307518476459,0.7060953158570074
,,,,0.1519694908822078,0.12885662252117902,0.16801689524061156,0.16023807071421478,0.8302938770665356,0.7301692438687095,-0.1001246331978264,0.504916722992479
,,,,0.14215073773307596,0.12334741477863917,0.16804053978848138,0.15241722412345102,0.8038132310101567,0.7238516336335001,-0.0799615973766566,0.47754718883949543
,,,,0.13271522338521297,0.12362837358937273,0.1602284982338347,0.15242475173037554,0.7563898926816965,0.7013886440589977,-0.05500124862269882,0.757941636675595
,,,,0.09554956531482371,0.07364325915481768,0.136770293909101,0.11329391584136218,0.6312745412024341,0.5333364009402215,-0.09793814026221259,0.6145467356231247
,,,,0.06710610452197291,0.09169110139174476,0.10549343114849648,0.14459025738829753,0.5297225333971748,0.6560920088367722,0.12636947543959737,2.073755960475101
,,,,0.12338258736856626,0.11391651639395636,0.15239713204600658,0.1523854360377654,0.7335997217780975,0.7259420321821431,-0.007657689595954223,1.0152699726248786
,,,,0.08765067894244387,0.07464696339460752,0.13678685634145069,0.12115407664643167,0.6336130414368151,0.5832343622067507,-0.05037867923006422,0.9657248657329274
,,,,0.07088877895539011,0.1007859912558365,0.10552336147655518,0.1446053439516689,0.5371766444845628,0.6595314220136975,0.12235477752913469,2.0210658747039596
,,,,0.06514733326220187,0.07057569311376816,0.1133310231883886,0.11328234596498182,0.5433917191497557,0.5447744953508865,0.001382776201130858,1.251326464664454
,,,,0.11230122021364951,0.09950673672932167,0.1445890066351696,0.13678365751636826,0.6627562671203184,0.623306372119442,-0.03944989500087613,0.8099747123156463
,,,,0.1386962621808286,0.11917021998753775,0.16802602094291194,0.1524373372907806,0.7707611988734431,0.6998613623983849,-0.07089983647505835,0.6962173174109193
,,,,0.1443805170438107,0.14029505723780905,0.16017905470074187,0.16211904705592414,0.776204814627088,0.7537778415786762,-0.022426973048412013,0.8556185057875435
,,,,0.13111336549484276,0.13292129977269765,0.15039734881588845,0.15239703896113985,0.7257257967089963,0.7238971227013775,-0.0018286740076188823,0.9945473186176556
,,,,0.14702910472040112,0.13497454417724336,0.16212125427523746,0.16023375902960857,0.8396092972199192,0.7532593856597607,-0.08634991156015855,0.4619977157067764
,,,,0.15345323650918938,0.1387965148425638,0.17580924498066272,0.1680417186657468,0.8386782573772673,0.7547943002532765,-0.08388395712399051,0.47748298854966165
,,,,0.10413546264748194,0.10141273612972045,0.13677603671783048,0.13676585441403244,0.6524479206201387,0.63619615744307,-0.016251763177068865,1.077054000910922
,,,,0.13014415726718578,0.12285378782130836,0.16212940354505953,0.15241986282047704,0.7444624717978063,0.7047194405417527,-0.039743031256053524,0.8809035347168725
,,,,0.09465822520550529,0.09772827004193968,0.13676350638781823,0.13678974212989392,0.6555965867766306,0.6417797933533074,-0.013816793423323205,1.0882882266788385
,,,,0.12638027581231592,0.12598188822020628,0.16022569232698836,0.16020830248254292,0.7337288945943643,0.7154637597125951,-0.018265134881768976,0.896899523636863
,,,,0.147032626438347,0.11283869555535561,0.1621143504497822,0.1289368370074052,0.7851706920619019,0.6461685277693475,-0.13900216429255455,0.13508236928797637
,,,,0.16682966938410307,0.14622675445818006,0.18557001378311258,0.1602153027915455,0.8343135943603944,0.7553467962949312,-0.07896679806546324,0.3055792006725117
,,,,0.1710000562326131,0.12517734265989267,0.18556036566547798,0.14457764590394703,0.8905364746419387,0.7136519155443272,-0.1768845590976118,0.10380693946415359
,,,,0.1407936098353858,0.11908215302657674,0.16803077790178444,0.15239568718549396,0.7571009990996777,0.68278971057637,-0.07431128852330755,0.6477549559615812
,,,,0.13806335064350447,0.11502426138021374,0.15431028635995137,0.13675405875748142,0.7527036406641959,0.6493108343499753,-0.10339280631422061,0.45907785667214246
,,,,0.08022389165406435,0.07784635266323367,0.10549012271978847,0.09766539539524821,0.5103083810513115,0.49339753076552867,-0.016910850285782892,0.9161345533100859
,,,,0.09882414083125528,0.08057554997469309,0.14459867043045452,0.12113161392033246,0.6528707112748671,0.5537918661678318,-0.09907884510703531,0.6220373797436344
,,,,0.11421001253348144,0.10376771457041302,0.15241588604718484,0.13677995722492844,0.6892662111350474,0.6284802262798516,-0.06078598485519569,0.7543075787896835
,,,,0.1502801011011033,0.1264766024473978,0.1680110542943651,0.16022028924623596,0.8459016444886767,0.7218736796483499,-0.12402796484032672,0.2842058208409795
,,,,0.14810533330513329,0.13195604222759313,0.1680199145204196,0.168037368502048,0.806476469662456,0.7175398296719362,-0.08893663999051965,0.40748203247977716
,,,,0.11764662573501865,0.12485999257480798,0.14459136698098307,0.15238677854930288,0.6813473583947024,0.6890929781255132,0.007745619730810713,0.9806857422578333
,,,,0.1299543050442102,0.11352772736424027,0.1680126547372048,0.16019955617036843,0.7407284510061146,0.6635642746821541,-0.07716417632396062,0.4621489387285587
,,,,0.11068422621206053,0.11117046065855911,0.1308680130579403,0.13674829606583536,0.6504284965273303,0.6538695618246334,0.003441065297303289,1.0112170862046757
,,,,0.11858266613579957,0.10950723558860095,0.1386792023777732,0.1386925625700206,0.6809307856724168,0.641572532691372,-0.039358252981044776,0.7531140503298137
,,,,0.13130453602217115,0.10882167777700089,0.16022980835781775,0.1445526047407638,0.7315635053752279,0.6199356468402623,-0.11162785853496562,0.4204211162173825
,,,,0.1225441497738754,0.08576121764927327,0.14460260366354286,0.12111522992300117,0.7037150450915082,0.5715251400552872,-0.1321899050362211,0.6693299244493348
,,,,0.1226882404898036,0.11153057147556404,0.1445756662928873,0.1367609178197355,0.7583011697584238,0.662814569016324,-0.09548660074209982,0.44214709690245735
,,,,0.11183612720293391,0.10592844455981505,0.13676901155813723,0.1367527626014605,0.6811282731998214,0.6316915609647138,-0.04943671223510748,0.5903102269036437
,,,,0.14201700338111864,0.12744899754345426,0.16805116683579144,0.1602290312599307,0.7848669425364724,0.7103339683455241,-0.07453297419094825,0.5877788793129337
,,,,0.15078385491922117,0.13770816878448122,0.1758493356259071,0.16802048300344893,0.8182765892001277,0.7230940811299025,-0.09518250807022519,0.434191043408926
,,,,0.15313055765842765,0.1339241270248597,0.1758450393178042,0.16021667141950957,0.8016858560386272,0.7195309663346818,-0.08215488970394537,0.46250186785412567
,,,,0.15268399524280302,0.14093347331683506,0.16602706363115677,0.16803171750445234,0.8239179079331869,0.7548988100669736,-0.06901909786621332,0.5830224938312782
,,,,0.1438231732952128,0.11763984129502923,0.16802428999503666,0.15240040002953412,0.8145557378126893,0.687419714923079,-0.12713602288961032,0.25004540476773884
,,,,0.1355367208478291,0.12674799598622036,0.1602183550441898,0.16021971391096795,0.7953589400705532,0.7210320696505632,-0.07432687041998985,0.3529646550678777
,,,,0.11024494829555638,0.09750822367454165,0.13676546487984118,0.12112181530069059,0.6531231788545615,0.5767779800211045,-0.07634519883345707,0.7308558663621119
,,,,0.12661476431421279,0.11878122890326327,0.1446060497040132,0.14457244366362226,0.7129893422492894,0.6473686768702179,-0.06562066537907142,0.7618643939586397
,,,,0.15588035070655687,0.14281809216909316,0.1758206460325958,0.1758561825624397,0.8455801110678163,0.7535220346401739,-0.0920580764276425,0.261973786296179
,,,,0.14008972577660148,0.11963260512425225,0.1602073323118313,0.14455447391980583,0.7500668083837106,0.6714385371132097,-0.07862827127050087,0.6805197641802381
,,,,0.13530798605670177,0.1255389759095519,0.15240574375754706,0.15239613681377065,0.7442514570117897,0.6953057426100607,-0.04894571440172919,0.7053846235800642
,,,,0.14299512473195347,0.11439389604247274,0.1660249964388395,0.144578646891274,0.7688640188999303,0.638754806430576,-0.1301092124693543,0.29161983041415357
,,,,0.12946723405090663,0.0873706847326922,0.1464979482078226,0.10549343005468231,0.7169138590812506,0.5329079766706988,-0.18400588241055202,0.2255779016187693
,,,,0.15820375362160494,0.11320731908790711,0.16993765974468517,0.1289440253983632,0.8511704047151588,0.6485987146996256,-0.2025716900155332,0.08574412000027481
,,,,0.15211776824118947,0.10938073250288893,0.16993165658088155,0.12893767479763507,0.813731603571424,0.6283717562654056,-0.1853598473060183,0.0855844561367073
,,,,0.1072102158835044,0.06261924727910116,0.1308777342385862,0.0820321395455357,0.6213124516647904,0.4295093269793345,-0.19180312468545585,0.1751238288991821
,,,,0.048813592981179356,0.009451717004153525,0.07424787370346864,0.019530394253174873,0.41848298052245386,0.2816188116123395,-0.13686416891011438,0.12762204166968683
,,,,0.010409050696776528,-0.014670909216584144,0.025401853603725016,0.003909358200359957,0.2140053118456878,0.1687767943976019,-0.04522851744808592,0.5878529831497906
,,,,-0.054432809449236924,-0.0597199913702758,-0.05859847320953707,-0.06644266503270992,0.13962380020276283,0.140559861628424,9.360614256611154E-4,0.4766016482745921
,,,,-0.03509519695390332,-0.03693501835304726,-0.035166465625961076,-0.03514179619683889,0.1807815599904436,0.17431657452844507,-0.00646498546199854,0.49447890640402475
,,,,-0.0308747928969362,-0.036935831431074456,-0.03516232109791108,-0.03514875240179388,0.21620806650183702,0.1976202227095438,-0.01858784379229322,0.3714612572671902
,,,,-0.007435499169108091,-0.009250979087755056,0.011745067583828758,0.00388882903329212,0.2931988523694941,0.27375663743935175,-0.01944221493014234,0.6143313575573655
,,,,-0.012649246168972332,0.020051249728698154,-0.003926286828849877,0.04297329961098153,0.23884784212436344,0.3146578835233391,0.07581004139897571,1.3672373627846452
,,,,-0.05840382118446393,-0.01954372004706168,-0.05861276529029955,-0.011721401060927342,0.12450919521712775,0.22274707617591805,0.09823788095879026,1.2551372200177071
,,,,-0.07496207736804747,-0.06206127666833755,-0.08985279464176724,-0.08204859769106294,0.12595157402610005,0.15246125565673763,0.02650968163063755,0.6387978112282144
,,,,-0.061921596515097,-0.08556898442685697,-0.0664172952680235,-0.09767590791263786,0.08555848228824194,0.07288042233544233,-0.012678059952799603,0.1641958006296924
,,,,-0.009322510561582389,-0.07090425442083226,-0.0019992832709293767,-0.0820579033529521,0.192737589027593,0.10518883129343945,-0.08754875773415356,0.06612311003760989
,,,,0.057394252880660426,0.010864747205437108,0.07424423099402587,0.019532431805017292,0.39955167080809467,0.2606702171781285,-0.13888145362996618,0.24418613333412684
,,,,0.1247966812675505,0.07623611297848168,0.14458130273958222,0.10550057926665589,0.6979689451600045,0.5124387734132712,-0.18553017174673309,0.11195222356147941
,,,,0.14824940900625908,0.08952802191500008,0.16212000268549848,0.11331772032592947,0.816650651749675,0.5626424365502908,-0.25400821519938455,0.01617208322096296
,,,,0.1440284956267816,0.08418457460829037,0.15821351794446684,0.10548059264101052,0.7879646200856353,0.5205140858067612,-0.26745053427887394,-0.023588564361931342
,,,,0.13994873344589706,0.09557936227013009,0.15430801956246093,0.11331826054530884,0.7738940140234194,0.5709154368175979,-0.20297857720582146,0.1755448592234579
,,,,0.16238167141399373,0.12914140405890467,0.18364458327288818,0.15239349657697118,0.8503421987844358,0.6994284560205795,-0.15091374276385638,0.28933680702763565
,,,,0.09584275874706202,0.0761785409941134,0.12111841978975953,0.09768882199286473,0.5727301582176435,0.4999153120262235,-0.07281484619142012,0.6456521059164971
,,,,0.09338609340863997,0.06617062578475923,0.11329422248084861,0.08986035710763697,0.5614172872655828,0.44583333240316353,-0.11558395486241925,0.470541937357446
,,,,0.10233224442718018,0.06471956811155054,0.12695882971996114,0.08986434216482768,0.6098669935677397,0.46539234980281086,-0.14447464376492897,0.3556472949889196
,,,,0.09887948305677315,0.034183539987807016,0.11914414747116629,0.05861125095226735,0.5883796599775531,0.3383016142158386,-0.2500780457617144,-0.016465631739007277
,,,,0.06719500736530878,-2.7462206229540763E-4,0.08986198100560826,0.01173446113594403,0.45802334143274076,0.2402927470022828,-0.21773059443045795,-0.0525997089518646
,,,,0.058676616816891736,-0.01941521058769904,0.08009306113628678,-0.011703445308937034,0.4228729800100317,0.16310805442332946,-0.25976492558670217,-0.1562267522875898
,,,,0.027233734458727808,-0.023019432126606305,0.04492747888397176,-0.01953844517188148,0.3562419055243194,0.1998988197525226,-0.15634308577179676,0.040232717769841116
,,,,-0.001979202277468108,-0.02689071193739536,0.011730231265411553,-0.019540661225815468,0.2401593599315285,0.17164390250831366,-0.06851545742321494,0.28476961352718705
,,,,-0.021488748641564057,-0.04341980705199743,-0.009784385003952916,-0.04297532790041869,0.16280343482992077,0.16109827343316194,-0.0017051613967587868,0.5861272104079293
,,,,-0.08469726988230782,-0.0955177938381728,-0.09766495623418063,-0.10548303427282414,0.10002094093786168,0.07783672484975249,-0.0221842160881092,0.17885238533731004
,,,,-0.07320745309885202,-0.11829457649703386,-0.06639902303747618,-0.1289209566817102,0.12909789854502965,0.08449796401217767,-0.044599934532852,0.3734417317007794
,,,,-0.04447575310912352,-0.06296026474833268,-0.050788368047796455,-0.06642516738625481,0.14120798395341064,0.15602777671160675,0.014819792758196098,0.6046620118339384
,,,,-0.09416849187035253,-0.11944791628816252,-0.11330838776589765,-0.13671168810917197,0.07746016681152751,0.062058278432393484,-0.01540188837913402,0.2209966640035857
,,,,-0.010545354450009106,-0.04865202882840954,0.003876475245526298,-0.03517474944948624,0.21847130794967115,0.13767853732174193,-0.08079277062792926,0.5296972106284435
,,,,-0.022755832971149813,-0.057659518670572146,-0.011708296724840523,-0.058604243309231294,0.17164506034380964,0.11762946004084399,-0.054015600302965656,0.40568582719379476
,,,,0.007891091399077888,-0.01806473843872406,0.019490612725826417,-0.011719009286951673,0.26049654271528755,0.19991724283184112,-0.06057929988344632,0.37887346412831624
,,,,0.009434749098791792,-0.02195510231212922,0.019550732297128906,-0.011708728404973329,0.25903584112466127,0.17948631521447797,-0.0795495259101832,0.23366362611888578
,,,,0.03208127547903042,-0.01831438322616287,0.05078311847591291,-0.011715218239302229,0.3449976300862429,0.18966449412059516,-0.15533313596564768,0.07095937324772
,,,,0.059364323996523576,-0.012991361713917791,0.08207287929225732,-0.003940633050628746,0.4234443655754053,0.1492844077220931,-0.2741599578533122,-0.15979083170077743
,,,,0.06518684859015782,-0.018398358693486397,0.08008750547065135,-0.01169953228340547,0.4161484344601785,0.12554594569685082,-0.29060248876332767,-0.18770786436458464
,,,,0.052472808936472486,-0.033705386186832956,0.07424504071944829,-0.027350871189623475,0.3878421590976791,0.13266451446807437,-0.2551776446296048,-0.1613043413164044
,,,,0.05778477377556547,-0.0020862579174226585,0.07422473031721603,0.0038795041517832745,0.41277742739104767,0.24448971676503195,-0.16828771062601572,0.05425488008192523
,,,,0.09152949993220168,0.056103669111955724,0.11330952191963492,0.07424371303394199,0.5449905721068093,0.4149111036180965,-0.13007946848871302,0.44675432211164684
,,,,0.10376671329194462,0.08271000108992863,0.12113401822572588,0.09769874866386985,0.6028776558503107,0.5061076531966594,-0.09677000265365139,0.6504860517274956
,,,,0.12549787509498364,0.09334700606826377,0.13674833564814357,0.11331350818453878,0.6981665692898711,0.549950190312388,-0.1482163789774832,0.49443382734964625
,,,,0.13118747093172078,0.07094779704805912,0.14648969106053278,0.08987047137353747,0.7285339559921106,0.4709497927528936,-0.25758416323921673,0.028973434684432104
,,,,0.13048670793432837,0.04445630978259702,0.14456594991406868,0.06642973490738191,0.7145383139829299,0.3605747649227761,-0.35396354906015404,-0.1597176803798629
,,,,0.03356183554300825,-0.06403848682230105,0.05272999355290536,-0.05857369014662461,0.32644016607632326,0.059121611726287174,-0.26731855435003604,-0.1833119716253276
,,,,0.05962577595891145,-0.0017733107245949307,0.08205931093350434,0.01174445234894435,0.4308072124741901,0.19227642925572133,-0.23853078321846874,0.0013843557617346574
,,,,0.05584819825717468,-0.00994169196626124,0.07617915049361973,0.003912819586524249,0.4085585379232065,0.17658040730497052,-0.23197813061823597,-0.04356883112979769
,,,,0.05076531310830596,-0.020221902089951692,0.06642755851433066,-0.011735686615033394,0.3748853699606896,0.13815063286966478,-0.23673473709102488,-0.060495924679051245
,,,,0.09152447277790066,0.02218807211802227,0.10548909579454642,0.035183570146709274,0.5225382168667192,0.22653051700167054,-0.2960076998650487,-0.09340348048901101
,,,,0.1408084526785531,0.0617305534877981,0.15237194320431402,0.07423148158855512,0.7579762282947228,0.3849892213991463,-0.37298700689557657,-0.1861407692859436
,,,,0.1418320672435066,0.04934919410008201,0.152388522920495,0.058616427268983036,0.7564088335869926,0.3188273907654628,-0.4375814428215299,-0.27692040453818556
,,,,0.13190465285414785,0.06785691317257925,0.14456463628281738,0.08203705252200254,0.7464615177157333,0.41946161261340503,-0.32699990510232835,0.047091197403014574
,,,,0.13636552119687717,0.10895787426294126,0.15236536343076795,0.12305905712736012,0.7616761441552153,0.6205195257390518,-0.14115661841616342,0.3753890463916388
,,,,0.14978358792617186,0.03254729965208748,0.1601670136739682,0.042983884926113165,0.8137971528802729,0.250881046099644,-0.562916106780629,-0.4547866225356825
,,,,0.12356162492925425,0.013104830390367776,0.1367305026348434,0.0195465516105726,0.6761716715343877,0.2128318368136483,-0.4633398347207396,-0.3168084792288564
,,,,0.0509832166918933,-0.027216711878265874,0.06643074500058833,-0.027337111019250196,0.3751756854962124,0.11627298087982454,-0.2589027046163879,-0.12085899481821219
,,,,0.039924150779654666,-0.04693679215729614,0.05274178252571684,-0.048833412771418575,0.3263795974404031,0.07665193474590351,-0.24972766269449964,-0.1805260374762871
,,,,0.06858758270491733,-0.006821710810469601,0.09179256567842331,-0.0019799361572431767,0.46624887203925713,0.19916329566786634,-0.2670855763713908,-0.1127324138116763
,,,,0.036770290769568274,-0.016066042947261442,0.05862718638605223,-0.0039059658972429127,0.30370895911657814,0.16238028836138127,-0.14132867075519687,0.10120721741871666
,,,,-0.1362626323493359,-0.0929652913157535,-0.1601829222165733,-0.12110195589146419,0.13846309825953643,0.23968394270108512,0.10122084444154869,1.1897917595412097
,,,,-0.15050568381756507,-0.12958360759550083,-0.1523310680301254,-0.12888789832970254,0.02694761295681708,0.05840541008149512,0.03145779712467805,0.39023407189044057
,,,,-0.19167866786610283,-0.18719236072882883,-0.20703466601343964,-0.1992453647682128,0.02362027768758907,0.03767484384521557,0.0140545661576265,0.19341106155579477
,,,,-0.13062965627876696,-0.09292646060570112,-0.15235236133176597,-0.11326529415730476,0.10674264900007163,0.18094374839920244,0.07420109939913079,0.8064997395290414
,,,,-0.06686398044341027,-0.016239141402688003,-0.07420225299597076,-0.019504865874528356,0.1608913162077681,0.3057370961475887,0.14484577993982053,1.5345028199522452
,,,,-0.11807264257689444,-0.06052907287128989,-0.1367720569388437,-0.07427145309680376,0.17545978884500082,0.27094699999527866,0.09548721115027776,1.0077525232319418
,,,,-0.09821496674415178,-0.04022505786107793,-0.10548842400186959,-0.050799940689499355,0.1619120441258078,0.31632700968024363,0.15441496555443582,1.677062995842228
,,,,-0.1933887938052155,-0.16601272744821644,-0.2070128424936013,-0.1836174030097339,0.03175942593824667,0.06680409321211213,0.03504466727386547,0.39954904306097383
,,,,-0.23259001966120635,-0.22081504291073195,-0.24611159506923164,-0.2461022392662891,0.014164234942144242,0.028717188228110514,0.01455295328596627,0.18601413408061146
,,,,-0.12026363506590898,-0.1329027393168789,-0.08982626092620376,-0.06640495947977836,0.20372976709839669,0.3188798262907412,0.09164400411889004,1.4226849317393495
,,,,-0.15046133066137005,-0.11344693943328829,-0.1679767510778645,-0.15235085132512438,0.10989194192766302,0.18214789927407307,0.040449185846220606,0.6366438326440559
,,,,-0.1784989573473727,-0.20114362856105178,-0.20704255791330198,-0.23049187186426362,0.0692982964488228,0.053913429238677764,-0.015384867210145044,0.10986247164663619
,,,,-0.2375936936939537,-0.23406435465545095,-0.24612252955239736,-0.2617360002205328,0.028338915875953864,0.06626858504431331,0.019034399412322354,0.29292700837374386
,,,,-0.11018665639824296,-0.13825255352468582,-0.1211493533053348,-0.15230888908529996,0.11734320721013133,0.07522114476057856,-0.04212206244955275,0.21036487407741106
,,,,-0.25519537268560705,-0.26485173077195484,-0.2695491638017451,-0.28517930048274504,0.013457766826929616,0.014964110060105229,0.0015063432331756165,0.06324781575901964
,,,,-0.27120757350294117,-0.2841200326673813,-0.29298243437229254,-0.3007992084401486,0.011584593775678284,0.010133248704287797,-0.0014513450713904874,0.02881223652713354
,,,,-0.1621738029493058,-0.17321331227608902,-0.18361927137924486,-0.19140455683537674,0.07406008327808042,0.06087961460922375,-0.013180468668856662,0.16428103010715586
,,,,-0.2569927040783187,-0.27973493514405967,-0.2851811930668738,-0.30861564902236066,0.025671602245004393,0.0158907423059255,-0.009780859939078896,0.04301363528119269
,,,,-0.33538074678759056,-0.35459213749235863,-0.34767795835762894,-0.3711118975797196,0.006414456599099508,0.004768462927268674,-0.001645993671830833,0.016798283168110138
,,,,-0.3029433500347155,-0.3344095222701681,-0.3085970372535963,-0.3476717270977231,0.003788369604712267,0.0037391826902352108,-4.918691447705605E-5,0.016770100203990067
,,,,-0.30931076586169604,-0.3314015984011213,-0.31641810577950413,-0.339833286108814,0.003373228354050259,0.0035206075094159723,1.4737915536571424E-4,0.019267932682259396
,,,,-0.3110167150311358,-0.33047696798734266,-0.3242313235118215,-0.33984236595230916,0.0016025463644818775,0.0028447839827576656,0.0012422376182757882,0.020903441354563457
,,,,-0.26300490349719,-0.2827059569442749,-0.2753964863415228,-0.29299292474753597,0.004325457600496299,0.0050519955888902275,7.265379883939295E-4,0.029076526418786334
,,,,-0.28905522136807676,-0.32577736588931944,-0.29298436520440035,-0.33203801182886283,0.0033358183026858577,0.0037219987871434297,3.861804844575722E-4,0.01605052985370833
,,,,-0.28579917157531926,-0.318138199489657,-0.29297269537970755,-0.3320400918125454,0.004244410072570078,0.005005792131584071,7.613820590139924E-4,0.024442794965019585
,,,,-0.28976614600486933,-0.3076697284886153,-0.3007869662983109,-0.31642310487203057,0.0027830517448501416,0.004207867684382488,0.0014248159395323472,0.031864025682991154
,,,,-0.3049719369738599,-0.3360369703675294,-0.3164218762705105,-0.3476591642153472,0.0023571170269924857,0.003251070685520006,8.939536585275213E-4,0.015934617495623377
,,,,-0.3146972660287212,-0.3392379510146948,-0.32423394988471993,-0.3554812371714849,7.802466745705951E-4,0.0018147316485862554,0.0010344849740156607,0.014591375567385637
,,,,-0.2806835859116526,-0.30700135300175835,-0.28515280593189485,-0.3164156553400118,7.564090120869427E-4,0.003104381822041928,0.002347972809954985,0.027783220483510267
,,,,-0.27661632459401536,-0.31208263042550294,-0.28516047339962564,-0.32423327067266833,0.002005026337403886,0.0025315312239686284,5.26504886564742E-4,0.013782164510376949
,,,,-0.287075446251967,-0.2996842629786149,-0.30078866564538786,-0.3242407080057964,0.0011702013617390327,0.012137698506661939,0.010967497144922905,0.11483424863090878
,,,,-0.2717468069179819,-0.2396039860632857,-0.25391033112813766,-0.2382922658929933,0.03501752851135438,0.06287776831571844,0.01770565905473119,0.3577563434185339
,,,,-0.2128801643188068,-0.25055741154026917,-0.2324362240649291,-0.27736499859078295,0.0034508743732154195,0.02256913972860986,0.01911826535539444,0.21036439122633416
,,,,-0.21234099626455966,-0.24362011424595875,-0.23050184392923287,-0.2695316959825929,0.004462295295037318,0.014157497653560409,0.00969520235852309,0.1201209949833345
,,,,-0.27245835752931796,-0.3146595470489943,-0.27731843784202864,-0.32421293263203715,0.002043343903604262,0.0038122654702476967,0.0017689215666434348,0.024008213367026833
,,,,-0.22755317521655585,-0.2734991658849342,-0.23826917337409614,-0.285143184899335,0.0041370650402228395,0.006841291031866171,0.0027042259916433315,0.04139327992538244
,,,,-0.23997821395643226,-0.27563782371198886,-0.26171707668007205,-0.3086107989704086,0.0149386497730493,0.029544802508704938,0.01460615273565564,0.19326344637954113
,,,,-0.20252666690260954,-0.21942829972134298,-0.23830186839250983,-0.2695466347565391,0.03551394929411161,0.05911682151093263,0.023602872216821034,0.3699605882996587
,,,,-0.1979547697802828,-0.2125091454872508,-0.2305248847266826,-0.2539567630201527,0.020606806106987657,0.043846029272467224,0.023239223165479557,0.3087934509637946
,,,,-0.2101130796956668,-0.23854295229348707,-0.23243031508380244,-0.2696010150771656,0.012582200080464997,0.023263155609667345,0.010680955529202346,0.1677708303510513
,,,,-0.2964548097968898,-0.3285824613313996,-0.3085878843146236,-0.33984488485842324,0.004260567109505037,0.0054762289525084355,0.001215661843003398,0.030119280178195377
,,,,-0.31128995062906517,-0.3471388316992279,-0.3242477069311043,-0.3633085459207538,0.004048780319580578,0.003914367324974315,-1.3441299460626436E-4,0.018316474049378643
,,,,-0.2791707620245783,-0.3112173191186664,-0.292992238861402,-0.3320516671819892,0.0013896155095831446,0.002755778439411609,0.001366162929828464,0.020669365968173047
,,,,-0.2920252607056575,-0.3237113264646474,-0.30079678544047184,-0.3398668992382436,0.0017451404917224172,0.002555499042811766,8.103585510893493E-4,0.017397951124200825
,,,,-0.2693285347544096,-0.28867199106497565,-0.2773577037268812,-0.3008009071344527,0.0010060793400320574,0.004850433793868043,0.003844354453835985,0.04320136449401227
,,,,-0.2786437410167326,-0.31286761001485974,-0.2851507332785163,-0.3242122626665212,0.003834890773738022,0.004518416583456697,6.835258097186763E-4,0.020767575549958874
,,,,-0.2954765071002668,-0.3278279735031759,-0.3007939636052416,-0.3398374256629272,0.001334888867327869,0.0032288819084788124,0.0018939930411509438,0.02547585984530579
,,,,-0.3642448098248608,-0.2401993271214722,-0.33983771519781875,-0.2461175337280418,0.02114674378860495,0.0918083030299154,0.07066155924131046,0.7382279352442506
,,,,-0.32749434196740107,-0.2508125410485766,-0.28515683777283657,-0.2539331561425902,0.023278884873533124,0.08764740586523552,0.06436852099170239,0.6926407694733141
,,,,-0.2907693784040311,-0.2635103158741598,-0.285173249081113,-0.28517727919822083,0.015983215502056704,0.061930987169162406,0.045947771667105716,0.4942739889201931
,,,,-0.26630920955986964,-0.24401036610266832,-0.2695344520176487,-0.269544543137484,0.00720717282994492,0.05159356753669818,0.04438639470675326,0.4683425976852514
,,,,-0.2857011452903338,-0.2996129988989531,-0.29298447954798273,-0.3164140919487359,0.0032794204712380264,0.00868550514014634,0.005406084668908314,0.0703433660030237
,,,,-0.2674043830754457,-0.23082883926440567,-0.2695521384269223,-0.2617471082353865,0.004011522835835878,0.04870336636209355,0.04469184352625767,0.4667716470488552
,,,,-0.27884002778892214,-0.3011011150508778,-0.2851862938392524,-0.31642937714558705,0.003076434890554521,0.008596991684925608,0.0055205567943710865,0.06896661136240056
,,,,-0.3169371674071923,-0.3464824418715588,-0.3242413265750944,-0.3554969380640713,6.630596175717103E-4,0.0011574879170994493,4.94428299527739E-4,0.008940534442445152
,,,,-0.2935683355445883,-0.32464263777558044,-0.30078928478076106,-0.33986586651098555,0.003747375166597499,0.0041633346980817845,4.1595953148428495E-4,0.01959300331629689
,,,,-0.30987774988521033,-0.3394394868275332,-0.3163988339139556,-0.3476755609882242,0.0010391433280490005,0.0024042125593914544,0.0013650692313424543,0.0172526606263923
,,,,-0.2962308068211476,-0.31715716161347823,-0.30861987557138365,-0.3320388039978986,0.0024873526880254374,0.0027700939785415845,2.8274129051614747E-4,0.0142542555312004
,,,,-0.3135631998499377,-0.33556895618775695,-0.32421891563388294,-0.3476626509516837,0.0038227110984663175,0.003790768963669223,-3.194213479709395E-5,0.015864667571413246
,,,,-0.308995428639758,-0.33597661391132166,-0.31640833243714794,-0.3476654368248381,6.601706679557831E-4,7.005637279083668E-4,4.0393059952583694E-5,0.005088855238334551
,,,,-0.30174774458751713,-0.3178790192490479,-0.3086095688772078,-0.3242370709602622,0.001798955067006779,0.0015579149656945186,-2.4104010131226046E-4,0.004959711267847783
,,,,-0.3126128159891565,-0.3142832692001082,-0.31640341028172575,-0.3242356928978339,9.874511565701218E-4,0.0015810982549158408,5.93647098345719E-4,0.010984511799267542
,,,,-0.27535764250693384,-0.2910225027161883,-0.2851673031887282,-0.30860227482994357,0.0019753759624278533,0.008118605097932117,0.006143229135504263,0.07081894864933903
,,,,-0.30266212690649885,-0.32260216407661624,-0.3164204857168401,-0.33985490448108563,9.555868030195056E-4,0.002647705882614141,0.001692119079594635,0.022144850845822912
,,,,-0.30606060703090393,-0.3229348846107602,-0.3164243509357651,-0.33985486790239156,0.0011054798549739173,0.0022774873889213577,0.0011720075339474406,0.01743916451081611
,,,,-0.28410416440405956,-0.28627160541676183,-0.3008131145357183,-0.3086215781027449,0.004698074372902205,0.006598603085149089,0.0019005287122468842,0.03804861011695998
,,,,-0.3135371916243498,-0.32273356294697364,-0.32423426961652196,-0.3398592403696136,6.984769153578275E-4,0.0013344605588431603,6.359836434853327E-4,0.011278252769183346
,,,,-0.24500682271159613,-0.28458224400819504,-0.26957112246637516,-0.31644668316855684,0.007693410175723641,0.006216199799722122,-0.0014772103760015177,0.03232023573249279
,,,,-0.21040607323091198,-0.23711622827380016,-0.23831052333510364,-0.27735519137188164,0.008807836265199471,0.02650805562396603,0.017700219358766565,0.22249125474291706
,,,,-0.10915421091233618,-0.1329970691929484,-0.11327185051955238,-0.12889371902961033,0.1450508732594298,0.09842127099597886,-0.04662960226345094,0.4381462439782906
,,,,-0.14094089340370264,-0.17591645112706294,-0.16018483495182206,-0.20705761764713118,0.12030577167223126,0.11481109556711426,-0.005494676105117019,0.3881473567781698
,,,,-0.266573982082406,-0.2897329260050276,-0.3008167408037602,-0.3320551313986837,0.024302382320278884,0.044263787075335265,0.01996140475505639,0.28931987362574035
,,,,-0.15120393604059326,-0.18736875002276424,-0.19145341556925324,-0.24611935596377207,0.1551925986227614,0.15278945815734918,-0.0024031404654122506,0.6532329607457883
,,,,-0.37006268496943895,-0.27370226637469935,-0.3320243890294821,-0.2851734077454624,0.010646332592846452,0.0751298867663771,0.06448355417353065,0.6686445557177543
,,,,-0.291070434880776,-0.30920295660344904,-0.30078929069394356,-0.3242190581782777,0.003955493441449507,0.006500035571642149,0.0025445421301926417,0.04269746700125219
,,,,-0.3276095017111432,-0.3520230895297173,-0.3398735087101276,-0.3711116289228227,0.006341439791136758,0.009061816226672315,0.002720376435535558,0.04583258838584439
,,,,-0.3350374940709313,-0.29294401642827533,-0.3242301310765698,-0.3164316934935839,0.005139517567976208,0.027139824045670724,0.022000306477694513,0.23663384873190285
,,,,-0.3383146754640305,-0.2455322638663886,-0.32421581176381037,-0.2773681269852578,0.006066087534876763,0.04305233927492537,0.0369862517400486,0.37919499150586655
,,,,-0.3117730656541376,-0.33064826836306677,-0.32424170735245356,-0.35548930989770844,0.005840992459582224,0.008491539176820013,0.002650546717237789,0.049034698335410284
,,,,-0.322799932557534,-0.35015343192301684,-0.332038776604541,-0.36329462347199387,0.001641075318964761,0.0025875793857976013,9.465040668328403E-4,0.016510157053489478
,,,,-0.33072138035902016,-0.3511856835085737,-0.34768068814054975,-0.371127238468906,0.007790289954797791,0.009375604939145509,0.0015853149843477188,0.037644561760588474
,,,,-0.29270091010593835,-0.2961433073025374,-0.3007980791077207,-0.3164269427607502,0.00290223135854397,0.008753026961889466,0.005850795603345497,0.0706812956118918
,,,,-0.3381612042828929,-0.36632822805993,-0.3476727634171242,-0.3789328943586676,0.0019139251391902578,0.002403980564521212,4.900554253309541E-4,0.011394027754383695
,,,,-0.34019873496926006,-0.37195012508474096,-0.35547457155454304,-0.3867211292718071,0.0038411259012096125,0.004091141261695828,2.500153604862153E-4,0.015257909920844054
,,,,-0.3225896191201062,-0.34130867380838914,-0.32617535322831087,-0.3496134307014049,2.271357882025389E-4,3.273544706064002E-4,1.0021868240386132E-4,0.002449724170424509
,,,,-0.29174284442710263,-0.3144581460312925,-0.29882879168436305,-0.3242325003012376,0.0013178296922149195,0.0022659635747036048,9.481338824886857E-4,0.015081077173644018
,,,,-0.3044965917986135,-0.3178717240865743,-0.30860789031856056,-0.32423541206197,0.0011901022038732936,0.0020047659237070812,8.146637198337875E-4,0.01177771755865514
,,,,-0.24775648400271735,-0.25771678505848433,-0.25196015124625953,-0.2636932892135876,0.0014923757900346007,0.004300336144680215,0.0028079603546456154,0.03561100408643293
,,,,-0.2920947438413278,-0.3107157152813068,-0.3007887721602721,-0.31643241294794083,0.0012021686359380132,0.0017162290350756753,5.140603991376619E-4,0.01118747897142681
,,,,-0.32827771567047687,-0.34334715757540224,-0.3339811759176251,-0.34767750868151165,1.5511783041339554E-4,2.5670874955071194E-4,1.0159091913731641E-4,0.001930184625342889
,,,,-0.26043692388857703,-0.27150845990976197,-0.26368936317583286,-0.2851493814718541,0.002833703245798415,0.006253172185081046,0.0034194689392826323,0.04306498577005254
,,,,-0.3358486310479646,-0.34797470476065184,-0.3398581171542098,-0.35548995458536187,3.522811077325262E-4,4.7314608065082204E-4,1.2086497291829581E-4,0.003507501769516664
,,,,-0.3139195367679391,-0.3307286174693431,-0.3242291689211698,-0.3398561080111452,0.0010468105876206466,0.001198868672647745,1.520580850270984E-4,0.007106048797236595
,,,,-0.2628917725020746,-0.29840046908581896,-0.277374711128397,-0.32423697835090787,0.008142631242628186,0.009961700386594372,0.0018190691439661864,0.0521945096317607
,,,,-0.3013537793416672,-0.29116387608402433,-0.3164263952891016,-0.31642165350128637,0.0036540661672376474,0.010463993252254257,0.0068099270850166095,0.08415937950472027
,,,,-0.2798958021944097,-0.28485890134633357,-0.2929902211283239,-0.31642641583909253,0.016817139556777154,0.02632042512870467,0.009503285571927514,0.15960283059831645
,,,,-0.14016728116126115,-0.18251135830486773,-0.15234007618675321,-0.1992275789599924,0.013666851913562615,0.017803384120930504,0.004136532207367889,0.1204248773344672
,,,,-0.15527821446538964,-0.208865617707061,-0.16798228987704503,-0.23832439657823487,0.049545022551522454,0.041218235110177276,-0.008326787441345176,0.1364667512848661
,,,,-0.10086915775818608,-0.13961689124123505,-0.10352115352015563,-0.14453056419971452,0.042394356752018414,0.03479862034247136,-0.007595736409547058,0.1855553073511866
,,,,-0.29416273602436677,-0.3142401271294465,-0.30079285883309703,-0.3242315274315132,6.503633739573366E-4,0.0014010393340309459,7.506759600736095E-4,0.01044583055466705
,,,,-0.27633232214654857,-0.2971355760644517,-0.2793046151622225,-0.30274075629051184,5.290393918019391E-4,5.743168408061486E-4,4.5277449004209505E-5,0.004269055121605161
,,,,-0.29397961792571164,-0.32149223641179525,-0.3007813789239834,-0.3320441488618563,0.0010805565486508065,0.0018512482029543042,7.706916543034982E-4,0.014885109212069852
,,,,-0.27833307461741225,-0.3155091559866984,-0.2832107308969189,-0.33008294110066566,0.0012386423049357033,0.0020052302678145854,7.665879628788822E-4,0.016826241408315283
,,,,-0.309994999241449,-0.33447515847069703,-0.3164143926911846,-0.34767037520864386,0.0010151271436935616,0.002559461258224426,0.0015443341145308645,0.02294704521666069
,,,,-0.25352660267798405,-0.27097644556330613,-0.2851933678667899,-0.3086273638879977,0.03015703337629141,0.039017758355372995,0.00886072497908158,0.16360215200910527
,,,,-0.30925416675377926,-0.3285755856081633,-0.32424129751276254,-0.35549485801913916,0.0028216926903242945,0.006984462629383257,0.004162769939058963,0.05631085493761232
,,,,-0.2764846480927101,-0.3044902787326774,-0.3086082768672084,-0.339846366421715,0.021599101634831138,0.022109536675207483,5.104350403763488E-4,0.08736183159764878
,,,,-0.2815821609508436,-0.30917060667302687,-0.3164296788884477,-0.33986903615944886,0.014733790629187293,0.014770781345096153,3.6990715908858166E-5,0.06805387238655156
,,,,-0.2958988311011787,-0.3238835637555578,-0.31644081491603954,-0.34768751384256275,0.007471362384825491,0.007913412667534203,4.420502827087123E-4,0.04315631647342389
,,,,-0.3123886118874704,-0.3353949844861996,-0.3242430901636875,-0.35547900331606325,0.002635747504082417,0.004400303797215201,0.0017645562931327856,0.03142175260891384
,,,,-0.2968157463689288,-0.31552224501198645,-0.30860442810151256,-0.33204790144353713,0.001023365496398135,0.0023524946857296715,0.0013291291893315366,0.01758125580027101
,,,,-0.2940266302452653,-0.31141750669031826,-0.30079009710168686,-0.3242381048436503,0.0015476228788251088,0.003288404135427327,0.0017407812566022174,0.02350667505537185
,,,,-0.37191988375737783,-0.2784377794900803,-0.30075743223198953,-0.2539136310715899,0.010129344574328208,0.04608543413319987,0.035956089558871654,0.38469102131616095
,,,,-0.3028729147853993,-0.311992352937469,-0.3086146000109081,-0.3242371036873779,0.0014461127695438898,0.00289947493715597,0.0014533621676120806,0.019262133022518894
,,,,-0.3698968618305695,-0.2773273118219016,-0.31639140538815863,-0.2695350999682655,0.004867938418087346,0.04587987876448236,0.041011940346395014,0.42946195211496446
,,,,-0.42974624395950073,-0.22027276809284785,-0.3788768633709665,-0.22266856451221778,0.016293590342768078,0.10025782315915922,0.08396423281639114,0.8689080445887855
,,,,-0.4418420023357398,-0.2928722524839877,-0.3788760392647177,-0.29298206486976425,0.020123636349788778,0.08997514764978666,0.06985151129999788,0.7361869615283224
,,,,-0.334503654590963,-0.24007222354382335,-0.32421778138839696,-0.2773620369954854,0.03659948057328973,0.10323101993159962,0.06663153935830987,0.717476711662505
,,,,-0.29363573494903744,-0.2965319215878731,-0.2929771842906158,-0.31643682856601835,0.003988813137680786,0.010678987214282365,0.006690174076601579,0.07838454669809485
,,,,-0.31731300700816134,-0.32939126949530767,-0.3242352257862639,-0.347668819472991,0.00526842488853958,0.012169486878832368,0.006901061990292786,0.09173591369249579
,,,,-0.31885491015765083,-0.2922386655063228,-0.3164043540271805,-0.31643570135561977,0.005114660510460752,0.020959985414663984,0.015845324904203234,0.1767947792838804
,,,,-0.31344148919868536,-0.21782231743181885,-0.29297575104784807,-0.2539471650775225,0.016573039809098983,0.07628219351920179,0.059709153710102825,0.6331662483628903
,,,,-0.18649893623483382,-0.21765412790501684,-0.2226831941469054,-0.2617378110772823,0.09132492773431224,0.08475533866160784,-0.006569589072704389,0.14342432521656012
,,,,-0.2497563041355773,-0.270847385682507,-0.28518161465092134,-0.31643637238928635,0.06443905903943802,0.07298558185200081,0.008546522812562808,0.23910570938975745
,,,,-0.12744793188042366,-0.14621502563041985,-0.16017150842878602,-0.19143245805335918,0.1465763641978901,0.14843378275511884,0.0018574185572287592,0.5843227499055048
,,,,-0.2505543777739404,-0.262804657236355,-0.27737256499798874,-0.29299188217384486,0.03929084400263058,0.04074490269522526,0.0014540586925946776,0.07984989375429768
,,,,-0.16679490020214324,-0.19596021653316886,-0.2226947901034416,-0.2539408179019211,0.13399940445955777,0.11864385442954806,-0.015355550030009659,0.20795827953291346
,,,,-0.23729722332139389,-0.22580389043630722,-0.2617442937290128,-0.2773672254775648,0.06812591096573659,0.0832247006916527,0.015098789725916086,0.3391667276051967
,,,,-0.2683034270821841,-0.2861241858838251,-0.2851749672732818,-0.3086165491123494,0.028715287147439914,0.02017513729554228,-0.008540149851897627,0.04271943160488207
,,,,-0.3028442820397597,-0.2578922971038874,-0.30862153541208986,-0.30080681306321094,0.019470585678741704,0.05339161862334655,0.03392103294460485,0.3970972590531804
,,,,-0.31643396847122635,-0.2624985537506549,-0.31643079021926385,-0.30862866066129363,0.017191808573996662,0.061487961794588014,0.04429615322059134,0.5122266883531653
,,,,-0.31806094980949684,-0.19569664594659453,-0.30079275025252167,-0.23049246377539628,0.04553267596845966,0.12842095574690457,0.08288827977844491,0.9811959173658447
,,,,-0.31038846079591725,-0.2023025821706809,-0.28516390108268136,-0.23048018052180075,0.03323709033752947,0.09093537210010581,0.057698281762576346,0.6705603089773648
,,,,-0.2922474036051341,-0.26861071200734776,-0.3007858102730735,-0.300809981530575,0.017900253154528336,0.024027635112955914,0.00612738195842758,0.15107471232067468
,,,,-0.29862430569777376,-0.18633942975986897,-0.26954451488845715,-0.18361667831035564,0.08378053701563122,0.1654678488280592,0.08168731181242801,0.9580558128082857
,,,,-0.3133064939867817,-0.18114547413810847,-0.30859992884896764,-0.21486907691777318,0.060335027762375225,0.1722502556520516,0.11191522788967635,1.230830575837036
,,,,-0.3446760395113808,-0.18076498148587358,-0.33203280537983343,-0.24612278467679818,0.025923429478454666,0.164840407667362,0.13891697818890733,1.4264926800105382
,,,,-0.25917953077978234,-0.2975789664516812,-0.2636644147130449,-0.3066333600352598,8.861956433816371E-4,0.001505231742334604,6.190360989529668E-4,0.01358307787965514
,,,,-0.25221910831684147,-0.2929538443003262,-0.2558644604915447,-0.3007774564737096,8.843950875984583E-4,0.0015395142723789164,6.551191847804579E-4,0.013026795741453576
,,,,-0.23303619842588313,-0.27908230484213453,-0.24023686205872313,-0.2929771159968635,0.006044242101493095,0.008754632886847679,0.0027103907853545835,0.07512752637643087
,,,,-0.2700706782489483,-0.30124703086688936,-0.27930073265669997,-0.3164029376169131,0.004054110544010941,0.005188097523766534,0.0011339869797555922,0.04662496085404628
,,,,-0.2525018907835136,-0.2990439262183926,-0.2636758768828669,-0.31640671954266547,0.006307810463909091,0.006994256793470894,6.864463295618023E-4,0.06066577355460137
,,,,-0.2881046648912896,-0.3275822442880049,-0.29492913699574375,-0.33984029279601147,0.0027897272758123093,0.00443828895253779,0.001648561676725481,0.03780210627178297
,,,,-0.21934210035053295,-0.2474065342583252,-0.24614109341548016,-0.27738374265375615,0.03272695926387052,0.02104536594237795,-0.011681593321492573,0.0481230117810206
,,,,-0.17573299646055662,-0.21455462937306014,-0.19143626636500818,-0.23831376407936222,0.008559260957997894,0.012642601096886686,0.004083340138888791,0.08184860455323954
,,,,-0.19889428471197904,-0.2410872115877173,-0.2148503255492498,-0.2539245789117287,0.0029404795166788652,0.0050760905506121315,0.002135611033933267,0.029047527241591594
,,,,-0.2074523534849194,-0.23856659468986027,-0.22852209108935043,-0.26177082621902126,0.0010483329473377607,0.00237074729617945,0.00132241434884169,0.020754597663006656
,,,,-0.07849220899230831,-0.127740404368639,-0.07422196666552831,-0.12890064728333547,0.06665679414922956,0.061864935163063406,-0.004791858986166166,0.24489692199311652
,,,,-0.3114587739418241,-0.336970244357272,-0.3242510563016843,-0.35549957570502216,0.0029389337488433536,0.005642640303470134,0.002703706554626781,0.04171329935384995
,,,,-0.31356246388915143,-0.33127841680309084,-0.32423752713869386,-0.34766663672788134,0.0011181610073654777,0.002194727849438958,0.0010765668420734805,0.016113972132908078
,,,,-0.30437799793782555,-0.33535908131891,-0.3086140377896618,-0.34767310957328607,6.107152627572731E-4,0.0013578525920782895,7.471373293210165E-4,0.010331130153973458
,,,,-0.2819606686210684,-0.28426952998455185,-0.29299486074282605,-0.30078759154737844,0.004302513588656014,0.020305185633438357,0.01600267204478234,0.17405231940919597
,,,,-0.3303982198234661,-0.353084982135263,-0.3398499237392046,-0.3632805618770957,0.0011686667682202264,0.0017632995687184355,5.946328004982092E-4,0.01036739662239646
,,,,-0.3073779185528301,-0.2810546354012771,-0.3086110465643891,-0.3164168996235338,0.006441093120612717,0.04523501837452026,0.035204888531054614,0.3698423888354496
,,,,-0.28224929770368135,-0.29930183847243447,-0.3007892294588853,-0.3164270015616282,0.006977485933044391,0.005054567232755085,-0.0019229187002893055,0.019789349154257518
,,,,-0.2740019377654971,-0.288353413131517,-0.2851834084190841,-0.30860409006169914,0.0043794936162242625,0.0035591425306342353,-8.203510855900269E-4,0.014009926928201967
,,,,-0.32164122886534374,-0.3351403182945976,-0.33204661548508846,-0.35548689087401597,7.753469993721112E-4,7.020815936944845E-4,-7.326540567762666E-5,0.004189747490812598
,,,,-0.2683954808017591,-0.2632126077981132,-0.2773856536363924,-0.2773679116312202,0.003157705735552497,0.00373744353491584,5.79737799363343E-4,0.01894147598710946
,,,,-0.3302121962488865,-0.3547405662908824,-0.33987239795575147,-0.3711198502976264,0.0026247152909718487,0.0038991915264649504,0.0012744762354931012,0.02445156168000403
,,,,-0.3001463439424139,-0.32647136839766183,-0.3242321756340902,-0.3554930160093244,0.007232885562819002,0.008064392469711567,8.31506906892564E-4,0.03125920077593367
,,,,-0.3433978391817092,-0.3677120220570111,-0.35548017478301164,-0.3867303303072093,0.004620690997887705,0.0048560430386601116,2.3535204077240691E-4,0.01680058913085813
,,,,-0.34554262132592856,-0.3754614457543434,-0.35548677544805674,-0.3867360399825784,0.003269841570657574,0.0032693746839911287,-4.6688666644487515E-7,0.008164630947875702
,,,,-0.3376767691456845,-0.3632370779989972,-0.3476786826535891,-0.3789381404623437,0.004478412435367645,0.0050671320694402715,5.887196340726282E-4,0.018497202825255292
,,,,-0.2998239865945051,-0.3317841366292925,-0.31642695931353265,-0.3476672881484394,0.007203295125430806,0.007141441762160648,-6.185336327015752E-5,0.024489455282101738
,,,,-0.3084110729440891,-0.34084312384827886,-0.3164203370695333,-0.34767016801582457,0.002876047511541817,0.002981476012259435,1.0542850071761861E-4,0.02048121506698312
,,,,-0.30440030420996,-0.3208093039233013,-0.32421948908448317,-0.3476866788602024,0.002978363108320828,0.009453793085425079,0.006475429977104251,0.07218411282588791
,,,,-0.29192069346751337,-0.32689514243013273,-0.3086262062591019,-0.33984760972819794,0.0018239580984712928,0.0033610254837386725,0.0015370673852673797,0.025624713382383396
,,,,-0.3032466045556878,-0.3342981676700498,-0.31642749301871814,-0.3476753269570594,0.004805370559814859,0.004673943214464104,-1.314273453507552E-4,0.018083088514274367
,,,,-0.28396223964161077,-0.3170840863493076,-0.30077349244462653,-0.3320486095457173,0.005511689609364676,0.006352925316306914,8.412357069422394E-4,0.03413981002084484
,,,,-0.28900482064656563,-0.3223115289033242,-0.29298813644012106,-0.3320372845698,0.002442602263519745,0.004211765028055108,0.0017691627645353622,0.02789776276838043
,,,,-0.3236205261745594,-0.35854409845601204,-0.3320531890000366,-0.3711008479630697,8.109408968183717E-4,9.193908835523316E-4,1.0844998673395974E-4,0.005814504077250097
,,,,-0.2905343887930076,-0.32790902533635885,-0.3007799883394326,-0.33985175270853035,0.0020335955742462634,0.002633489943974007,5.998943697277437E-4,0.014208204563561071
,,,,-0.2603242993329262,-0.29611520964757804,-0.2773587429722998,-0.31641861946112043,0.004867172379476767,0.009370074693672964,0.004502902314196196,0.07030943161784918
,,,,-0.26208161545007214,-0.3000386757568292,-0.27736004997883984,-0.31643467161955957,0.00432086387971012,0.005073209648489886,7.523457687797669E-4,0.03857637623733805
,,,,-0.2754838859002559,-0.30344551037403333,-0.2851729127424801,-0.3164183656314504,0.00558559482672512,0.007272676575686962,0.0016870817489618413,0.04005933951889475
,,,,-0.24384222193036298,-0.2788007047115846,-0.24608962543950255,-0.2851424459363983,0.0028660710653832283,0.004885408869006378,0.0020193378036231485,0.029847344965730823
,,,,-0.28796656382299785,-0.32824650540897227,-0.2929756912567047,-0.33985189255116577,0.003411342372766415,0.003068906369475176,-3.4243600329123995E-4,0.01697248108053792
,,,,-0.3114414591754093,-0.34250485480310744,-0.32423298136079926,-0.35547638803686715,0.001465001286654297,0.0017074544867498678,2.42453200095571E-4,0.00954648284560515
,,,,-0.280505532601656,-0.25192215505234,-0.2929958734652644,-0.2617418489316479,0.0025831014918051135,0.002468027405158057,-1.150740866470558E-4,0.01542679193046632
,,,,-0.31040500131856935,-0.3370728253800809,-0.32424540654328976,-0.3554916296574115,0.0027869551571710746,0.0046773724114031485,0.0018904172542320746,0.03162639576193063
,,,,-0.30285028854550483,-0.3353410270143102,-0.3164154140402381,-0.34767326066137905,0.003227260645534873,0.004039762751483314,8.125021059484409E-4,0.024002916399131564
,,,,-0.20960557257136012,-0.1880455589284365,-0.23832046553469488,-0.2304871250692701,0.054827372431560634,0.10125710398239214,0.04642973155083151,0.519441767747257
,,,,-0.2716773050234538,-0.22050028811758965,-0.2617186809449624,-0.2304915125664937,0.030344407167328134,0.07485973621493464,0.044515215568524814,0.5199053935069313
,,,,-0.2617567849858296,-0.258153967003999,-0.2695386016091108,-0.27735359132306153,0.004568212272346634,0.012870038029495665,0.008301825757149028,0.10736461852037137
,,,,-0.2827829716791023,-0.2741575293337224,-0.28516247260376276,-0.29297991253846883,0.003447588187781974,0.013583089920938965,0.010135501733156995,0.11913732071306936
,,,,-0.07455288495698777,-0.1370353416146946,-0.05663859304514284,-0.15234476325504104,0.07114457589003702,0.06717060088358862,-0.0039739750064483916,0.39692694715257304
,,,,-0.027925853191884727,-0.09588295038430072,-0.025386269995856074,-0.09765784127999039,0.08438497562528115,0.07844830230485754,-0.0059366733204236095,0.40198431522279354
,,,,0.005364298403904712,-0.0176518062992494,0.017590644555165427,0.0038965000469552234,0.13839299059184174,0.19266415659592392,0.054271166004082216,1.00208989723258
,,,,-0.08765491688251673,-0.1393383951722379,-0.08008306851110675,-0.15235602015371816,0.0787603413963248,0.07114569669411144,-0.007614644702213348,0.2719442832852659
,,,,-0.05846447230116842,-0.15771350747796029,-0.06445285379789466,-0.18557110849492928,0.07952155166100681,0.04019336355437394,-0.039328188106632876,0.06226842034365099
,,,,-0.09163205121029964,-0.17535028885070897,-0.09570684084458739,-0.20117557436221206,0.04126812223348871,0.02228598273548541,-0.018982139498003293,0.08210586574555837
,,,,-0.11266072806453102,-0.1562545171478363,-0.11133945591020547,-0.17583161565833605,0.0392707633467684,0.04221956440086073,0.0029488010540923352,0.19446046533456643
,,,,-0.13007733765462673,-0.1988451987146639,-0.15040089093368347,-0.23831968132201864,0.043238276792886936,0.034278141701758726,-0.008960135091128212,0.12092845878303561
,,,,-0.04316803633470898,-0.09145683643920635,-0.029302136666276922,-0.0898450430310668,0.10140607076663294,0.08322224611032318,-0.018183824656309744,0.4793706139552551
,,,,-0.05394199004101989,-0.10217139692275358,-0.04103822983948167,-0.10738833756763663,0.20912170456902784,0.13458353708004375,-0.07453816748898408,0.5772992474007022
,,,,-0.07235280021170737,-0.1346573991625003,-0.08203214785875233,-0.15237025066296828,0.11004893658201571,0.07178898790044747,-0.03825994868156827,0.2495661338743509
,,,,-0.07563758999871405,-0.11090611270644903,-0.06641754947479195,-0.12112094243950856,0.07564819998332793,0.061240444324253476,-0.014407755659074461,0.29635512952254156
,,,,-0.042557218418686385,-0.06713981746294254,-0.0195380658879531,-0.058590728991817304,0.23648066248667668,0.15324035395967406,-0.08324030852700258,0.48212728222596923
,,,,-0.038864289120199395,-0.06733101695440379,-0.0332074178843494,-0.066428001334848,0.13484225820278106,0.11341626014958642,-0.021425998053194666,0.32678054632182946
,,,,-0.0758256398049968,-0.11958731779156359,-0.06445227602429489,-0.121095098597918,0.09282334588282025,0.0652598747607012,-0.027563471122119047,0.28468779263441335
,,,,-0.04903772770320854,-0.09056240225870485,-0.01759802762445951,-0.07421144983607104,0.27404136973128923,0.21122787615657507,-0.06281349357471416,0.7385351447355292
,,,,-0.05133631548117865,-0.10598134881381428,-0.04296958354665902,-0.12110662353215447,0.18507991233002588,0.13291204719008398,-0.052167865139941906,0.2906233721570669
,,,,0.0067538099740053195,-0.05214043050726625,0.019551355257634354,-0.050788439916083894,0.3081677440449337,0.21531343593744548,-0.09285430810748821,0.21766107157903877
,,,,0.009990159620208237,-0.05432504131480557,0.01758200299268053,-0.058586004056690885,0.2791963737221845,0.17541095378980195,-0.10378541993238259,0.0583469539848587
,,,,-0.029702257454922203,-0.10044852860807892,-0.03319685200502739,-0.12111661640286159,0.1941324439614929,0.11441624381042294,-0.07971620015107,0.07225755250770015
,,,,-0.04898794797347606,-0.08859394080551411,-0.04101590891123503,-0.08201482087799244,0.07808236015125111,0.04638424747231319,-0.031698112678937934,0.20769036180350475
,,,,-0.08500488291748032,-0.1020451170070181,-0.09770174719624716,-0.12113616038640904,0.14328083712528528,0.1329240563919544,-0.010356780733330843,0.7914761801014775
,,,,-0.03649919362927389,-0.10564975458795796,-0.02539170767774341,-0.09767503191144532,0.28857008625452685,0.14164421461215404,-0.14692587164237284,0.4765836871770862
,,,,-0.009108757288286036,-0.08886079522394683,0.03708967337222855,-0.06640612518582203,0.38081741141018094,0.22770364170682572,-0.15311376970335527,0.8008026870438851
,,,,-0.09252092258543652,-0.13174939516274767,-0.09764994621912876,-0.13673026482861508,0.057922112702606256,0.04473733205052207,-0.0131847806520842,0.24665360455673563
,,,,-0.09293442768954618,-0.1299523101489931,-0.08203191120519643,-0.13672908584414734,0.025806258677203053,0.03880599412635007,0.012999735449147017,0.2987129922888755
,,,,-0.022974749814497063,-0.05094032712386742,-0.00586516255682322,-0.035139438291137394,0.15176884860754308,0.15730057468795178,0.005531726080408697,0.6915099949667507
,,,,-0.0462676686875791,-0.09648291709159203,-0.04297834003981969,-0.09766576469938971,0.08957882063309668,0.060638678089973926,-0.028940142543122743,0.18998182665800054
,,,,0.017073537442639328,-0.0259401655084013,0.06056932702209653,0.011740052268961175,0.4026250086797519,0.2922236472812817,-0.11040136139847032,0.17076281507127877
,,,,-0.135091413799407,-0.1485947093767817,-0.14454215095401157,-0.16798657390100236,0.06135216045969517,0.07062528113351321,0.009273120673818053,0.3487641800893717
,,,,-0.08187446027777653,-0.12172435351349666,-0.09571607242179161,-0.13671347569879472,0.2668235254787681,0.19880348464853842,-0.06802004083022965,0.8190971014192282
,,,,-0.1406278551780299,-0.15923186490239297,-0.15037353376782156,-0.16796791887052007,0.1383240880022208,0.12809756763889116,-0.0102265203633296,0.6234959897292733
,,,,-0.09471526456502018,-0.10817470541178076,-0.09572368465232212,-0.12111627644584998,0.09066092734619828,0.11247408135104534,0.021813154004847065,0.5474511646329496
,,,,-0.134531124869459,-0.15111760541198557,-0.13869064661646802,-0.16017135845717748,0.03308729500375909,0.03979978043300497,0.006712485429245881,0.26116067921464925
,,,,-0.10379750054341759,-0.13309643361916107,-0.10546221628464977,-0.14454724172200706,0.05933843790799748,0.07823449032314916,0.01889605241515169,0.40932474538054403
,,,,-0.08752630276214364,-0.1069171146199233,-0.08984247130997204,-0.11328624227960589,0.05675059856824439,0.08256892981653932,0.02581833124829491,0.403037662403066
,,,,-0.1495163817592723,-0.1678171565724466,-0.16017001176105267,-0.16798991883619616,0.04298709157134415,0.0480346421488445,0.005047550577500352,0.15904015390956877
,,,,-0.1837059878867215,-0.19313749289421028,-0.18360142371040286,-0.19142061297682858,0.021625581720156245,0.03645441690663766,0.01482883518648141,0.24908294969526892
,,,,-0.06712735871588298,-0.07282812404110584,-0.058585586127685045,-0.06638939456767501,0.05915544944428707,0.08970748549499027,0.030552036050703217,0.4734669300202712
,,,,-0.10446407107472626,-0.0982491506319155,-0.0996121142103698,-0.10547762091770065,0.07390927472396594,0.11768963684818542,0.0437803621242195,0.5807168615943591
,,,,-0.06284570169671196,-0.057325198486109945,-0.04883335822080765,-0.05860669581620527,0.15198142484647092,0.22396218282589112,0.07198075797942019,1.001730335648309
,,,,-0.04712182545462795,-0.08944892170530833,-0.019522456842510805,-0.07421968302836456,0.18534905044774405,0.17505754160421244,-0.01029150884353155,0.7063668023355258
,,,,-0.09043709203786578,-0.10307900306610837,-0.08984749042293304,-0.11328492700457421,0.08389443924005796,0.15722855092683533,0.07333411168677736,0.92045817822323
,,,,-0.04454868108842376,-0.059216606823435325,-0.003943057806388026,-0.01951017646711862,0.2620800507384121,0.2607999701617676,-0.0012800805766445544,1.3307211560198735
,,,,-0.04354594094815288,-0.045355013181547534,-0.01951250766974559,-0.01953153063219532,0.13548439438163978,0.25699767659518,0.12151328221354024,1.7278669236010251
,,,,-0.05078278185092183,-0.05001918612689116,-0.027321326295842153,-0.027334590902702682,0.03894980063637671,0.15329571234211048,0.11434591170573379,1.2960835585003352
,,,,-0.06423706433262907,-0.06534777116066759,-0.04296645511306373,-0.04296011281056969,0.05396149225741078,0.15098520140204771,0.09702370914463693,1.2361016660325364
,,,,-0.09050426694176683,-0.08909195814622849,-0.08203733536742192,-0.07420243528519811,0.03874776710390004,0.14403175900351958,0.10528399189961955,1.1896245225121038
,,,,-0.0898692678425242,-0.09635903647239216,-0.06639659553608351,-0.08202377649135852,0.0538550241472526,0.12330734170010736,0.06945231755285476,0.9488701099845696
,,,,-0.0708499010551844,-0.07932973002583535,-0.05856788721927437,-0.07421329974046216,0.042488557608990014,0.08887744979375631,0.046388892184766335,0.672112853126667
,,,,-0.07333032654281883,-0.0937338980566716,-0.06640945066214188,-0.09766181318230525,0.07523120411354763,0.10032616465059516,0.02509496053704755,0.570141142774132
,,,,-0.09521514585085677,-0.13163748071671014,-0.08982462976678338,-0.13672269511002683,0.011946326859535698,0.019689262250772065,0.007742935391236367,0.13747027200295045
,,,,-0.08978272798565937,-0.11622623168010551,-0.08006181602876011,-0.11916059144603044,0.027164478543336836,0.030108182469764894,0.0029437039264280564,0.16401677744695942
,,,,-0.20695019171119008,-0.23125442976097324,-0.25396316058962815,-0.2851957080324323,0.01459773523365962,0.036735801529054805,0.022138066295395182,0.2846782310583697
,,,,-0.055645778314650625,-0.04924479602751536,-0.04293856245737715,-0.03514175126882641,0.04323133384550432,0.106279984785564,0.06304865094005967,0.8103161833879512
,,,,-0.041301069626713316,-0.042214501419879535,-0.019504730508903185,-0.01952205446532763,0.07010920804278004,0.13296758151194102,0.06285837346916097,0.9588415935240863
,,,,-0.04858556749387789,-0.06479902435305163,-0.03514030256052961,-0.035160825382128766,0.19606166642182832,0.18645933385625466,-0.009602332565573649,0.8468973992697026
,,,,-0.05646397029708901,-0.043208722048994286,-0.042947732867672984,-0.01953537212220826,0.025784023817541517,0.11036773842456285,0.08458371460702133,0.9437653918379526
,,,,-0.042036178022893965,-0.0910892093268079,-0.035147332259123074,-0.09764052636197547,0.19735906373157117,0.16487758125453142,-0.03248148247703974,0.5275503545227641
,,,,-0.13052848632206648,-0.15185587023727232,-0.15236600980150525,-0.1758002059967017,0.049161874193003344,0.055525900518855344,0.006364026325852,0.2702938338333496
,,,,-0.15205768216932508,-0.17411357553197887,-0.17579704040513855,-0.19924188622675565,0.06754040528475777,0.06965546904285498,0.002115063758097238,0.37314740052222917
,,,,-0.1868543409424316,-0.21301464451956723,-0.21487267816710598,-0.23830955442653295,0.02754664606713985,0.020583057785303203,-0.006963588281836654,0.09247355144599607
,,,,-0.07935875830611583,-0.06245884588478815,-0.06641617961257827,-0.04296987380760138,0.20809341907038495,0.2922412332718272,0.08414781420144234,1.5924233410909805
,,,,-0.05690632099529131,-0.03937392021315817,-0.050761125609649065,-0.011746341399773909,0.24383121708659278,0.3405793147967222,0.09674809771012946,1.557248603246152
,,,,-0.05534637070473643,-0.03700062633579371,-0.035136387123961374,0.0038542058237636344,0.28350461304167973,0.3608039855024817,0.07729937246080197,1.7446250072847767
,,,,-0.08977530581480385,-0.11001886463268659,-0.09764409980329093,-0.12111993922436551,0.08623744150724466,0.07700082532007864,-0.009236616187165987,0.3588882982602538
,,,,-0.06235199758870495,-0.06946939185099658,-0.05860135253336056,-0.06641710750749225,0.10843632140881425,0.18857474158651533,0.08013842017770109,1.0553198752152466
,,,,-0.09699992856609135,-0.10516042559779484,-0.11330733302082809,-0.12110117086622725,0.0830041386631533,0.12327420118317269,0.040270062520019405,0.6836204866756856
,,,,-0.13353760239318074,-0.16225996890928393,-0.15236949227458538,-0.1835962764020344,0.08941557462877159,0.053773103481319945,-0.03564247114745163,0.23486980055051568
,,,,-0.06360149714298428,-0.06896692931547115,-0.058592509616676655,-0.06642040951441901,0.07609132963683095,0.09872304926803407,0.022631719631203147,0.5341057215468304
,,,,-0.05885866104920659,-0.06468286924924596,-0.05078038712055766,-0.04293663881510962,0.07572154193699165,0.08051366724402577,0.004792125307034089,0.4066864814305023
,,,,-0.08401176256677127,-0.08629040092024606,-0.08985040697951456,-0.08202208453643495,0.048296088847166324,0.12263521857540137,0.07433912972823499,0.8932916442900338
,,,,-0.08953639395763134,-0.1101243208636765,-0.10548191878741904,-0.1211124236846341,0.08292498227798356,0.09261716395387158,0.009692181675888019,0.4052881901324622
,,,,-0.06203552345053727,-0.05869533570701464,-0.050783372084926,-0.03515919783966307,0.1247015398602638,0.192543015589295,0.06784147572903115,1.203822893438508
,,,,-0.08901985217294792,-0.10240823037653654,-0.08985635103834926,-0.09763815257340333,0.02637889472103947,0.06353570588992614,0.03715681116888666,0.4556224079630566
,,,,-0.05753496538575121,-0.05020351199021572,-0.04881347568959151,-0.03515629201089346,0.0663762654006357,0.19987007932950895,0.13349381392887327,1.4832860640771157
,,,,-0.15832147434991092,-0.18901355584631177,-0.18946316616935155,-0.23050996550622624,0.031085337614010524,0.058685132564358033,0.027599794950347513,0.34201430419159673
,,,,-0.10668884844794294,-0.13340059865469864,-0.09765464200270978,-0.14455770305493773,0.10046608191376455,0.13945180264194568,0.03898572072818112,0.9462645283666009
,,,,-0.048694150913885625,-0.051577994251437845,-0.027339662300193586,-0.01953208792256423,0.2227964714179968,0.27475554020767606,0.05195906878967923,1.5361371685841168
,,,,-0.06753043579391216,-0.08243641119726162,-0.06641787000224672,-0.08203241232563638,0.03973410153040461,0.09792308914662791,0.05818898761622331,0.7526230283175513
,,,,-0.06905811186708637,-0.06157729543841262,-0.06641743628221047,-0.05861193919210134,0.06173346543413293,0.20610583825283127,0.1443723728186983,1.5143125516220368
,,,,-0.12699741672560827,-0.13297471887414117,-0.13671090782623108,-0.14453468507189832,0.027493823393814145,0.08748314905627752,0.05998932566246337,0.6705587663997757
,,,,-0.028240179884633787,-0.04156519958912631,-0.011701554453842597,-0.027342090242290874,0.1774955006839674,0.24232248134634923,0.06482698066238184,0.930914150625335
,,,,-0.14829534080111523,-0.18146558111818292,-0.16016860481587158,-0.20704798304911515,0.02587869989037842,0.031763229046247385,0.00588452915586897,0.13570405005636066
,,,,-0.18051173266455336,-0.20821983557531007,-0.222692895406777,-0.2617485666626751,0.0856940683424708,0.1025365941087258,0.016842525766255008,0.2076521411505492
,,,,-0.22050220193239203,-0.25165361804466185,-0.23049307352658824,-0.26956295106495015,0.00439724553825617,0.01106919600986509,0.006671950471608921,0.0816096801036852
,,,,-0.16869826353252954,-0.18997242308613357,-0.18360654994083142,-0.20705320707421676,0.02654702723713578,0.022741265686812707,-0.0038057615503230666,0.1254679444961397
,,,,-0.24455400728159113,-0.26885330033532445,-0.2695487163124647,-0.28517157560404305,0.007788589612848887,0.003294798581142092,-0.004493791031706796,0.014531112423498806
,,,,-0.2564388759456279,-0.27957332157242076,-0.26953030535544364,-0.292977597707855,0.0029965844276592366,0.003769787163004963,7.732027353457264E-4,0.025060367607766348
,,,,-0.18361227731773413,-0.21799544987664993,-0.18945848818741956,-0.222665428130027,0.004995370537917126,0.007007706387534178,0.002012335849617057,0.046665206776085245
,,,,-0.1727550485747808,-0.20027353877567658,-0.22269612961232182,-0.25396026392204235,0.09359047769338726,0.05639634113806138,-0.03719413655532588,0.0559642428691306
,,,,-0.09483731023531787,-0.13593981248057524,-0.09764906438768121,-0.1523620187049241,0.09958956836200153,0.06457832175634197,-0.03501124660565957,0.11950845477028472
,,,,-0.17318654238453082,-0.2100357558430082,-0.21489004703585646,-0.2461499297688515,0.059098087311235475,0.03459317511863423,-0.024504912192601255,0.03979309737496172
,,,,-0.17232279659634236,-0.21325124103127951,-0.222696184013841,-0.26177983642996905,0.09124800467546941,0.04399250412120353,-0.04725550055426588,0.02171415668269673
,,,,-0.13625024270404495,-0.16976695883096346,-0.17583184642995936,-0.21488149089113145,0.10623531775631903,0.06877945603605803,-0.03745586172026102,0.08004291354749907
,,,,-0.040407541932546094,-0.09517166107209032,-0.03514797251552139,-0.089824171707303,0.18872834780091224,0.05502364544742985,-0.13370470235348236,0.0036845978022822965
,,,,-0.07596142620225561,-0.12921824312702548,-0.08204206564467857,-0.12894279616184762,0.15106165486857662,0.054312150126323636,-0.09674950474225301,0.024515390715500445
,,,,-0.06089410707935818,-0.12289108320670092,-0.0663981777960158,-0.12108345849712464,0.16549953757786223,0.04172298677728351,-0.12377655080057873,-0.04756269202206266
,,,,-0.11780759259714776,-0.17834411429633057,-0.13868325449500865,-0.20705783949638193,0.06583738893449648,0.03593884511812026,-0.0298985438163762,0.0278605963989495
,,,,-0.1057778957685232,-0.15725299686545482,-0.12111310344817933,-0.17580487762210403,0.10985301242122839,0.0516392704453191,-0.05821374197590931,0.01735500462187637
,,,,-0.03899074534915065,-0.0903648244398095,-0.035178920122242274,-0.0820083025530325,0.2293699362478975,0.10053535075170775,-0.12883458549618976,-0.016393354923911658
,,,,-0.04290311305333372,-0.10288189742924234,-0.04299185567452757,-0.10549141046387488,0.21163881322107037,0.07846997673995433,-0.1331688364811161,-0.032751144248645885
,,,,-0.08019220946778534,-0.13753941489748153,-0.08986113047881017,-0.15234117932437216,0.13023335429728852,0.04578800779140755,-0.08444534650588097,-0.0021159125279230358
,,,,-0.14052063595267,-0.19814512333718357,-0.16017971031772318,-0.2226857119643974,0.025380760420800095,0.015996777493619694,-0.009383982927180403,0.04471020955582831
,,,,-0.060576855994469304,-0.11681663067653833,-0.05860824343948786,-0.13671448092373162,0.11841412814521345,0.10807540311046289,-0.010338725034750577,0.3344382260629733
,,,,-0.07483007931355148,-0.12478460791216515,-0.05077013721966463,-0.11330868225931016,0.21328520239965493,0.17044129549957862,-0.04284390690007633,0.7668864160177257
,,,,-0.06710780583576474,-0.09680573726250141,-0.07617871626156159,-0.11331638589769402,0.09828384193559254,0.08732707592965534,-0.010956766005937197,0.3715199611588695
,,,,-0.002440968099055099,-0.03765185477636518,0.017601101340865122,-0.019561543726619474,0.15969173014600352,0.1782381203542142,0.018546390208210636,0.811910907735793
,,,,-0.04230597781999326,-0.0719006633625245,-0.03320442789537369,-0.06641863524015591,0.07214666193760619,0.06253646333343824,-0.009610198604167976,0.33813952332851316
,,,,0.002033235648570858,-0.05626461616751832,0.01367733795541241,-0.041075754301254534,0.1509111913027664,0.07889926579160063,-0.07201192551116577,0.20872274425450116
,,,,-0.05604051381525918,-0.15354671829392705,-0.04494599105258285,-0.16014686593052274,0.057152429506951465,0.016428297081533146,-0.040724132425418315,0.01733693800037471
,,,,-0.08001058839260194,-0.13676305976663886,-0.060540385731038426,-0.1445478251562797,0.10325592478559155,0.07631901556644599,-0.02693690921914557,0.19391042619907342
,,,,-0.02301260678173659,-0.0699587297924905,-0.003890590259055115,-0.05075872946915204,0.08159672319133134,0.0822794537212693,6.827305299379479E-4,0.43268949926412187
,,,,-0.1066237828247032,-0.17356491013630732,-0.10546491142726981,-0.1914304037100978,0.03186235186020215,0.024439484726813974,-0.007422867133388176,0.1260930482133969
,,,,-0.031973801538040865,-0.06881689859098936,-0.025393732512194917,-0.05861696277376941,0.13761090353387082,0.10276031330088194,-0.034850590232988844,0.33428732531885785
,,,,-0.0725668942818603,-0.08105111359434028,-0.07227743490098673,-0.07613740149607508,0.023494732246284115,0.06554879197699989,0.04205405973071579,0.5246442147158907
,,,,-0.05022218587813299,-0.09276732285902614,-0.05080454058360609,-0.08983404638678173,0.07872616932076097,0.04689739515002156,-0.0318287741707394,0.19747273285794947
,,,,-0.07632166256426134,-0.11311522419611024,-0.06640436174958275,-0.09765135354556885,0.09920144204417948,0.06426559896440004,-0.03493584307977946,0.24553053786110435
,,,,-0.09248715074239942,-0.15282830671752062,-0.11330133042089768,-0.18363331150808457,0.09435731560542099,0.06324189256106927,-0.031115423044351734,0.11397335409696117
,,,,-0.022280538174504864,-0.08249898195201662,-0.013667775647822025,-0.09569555044082606,0.19810141758469876,0.1335774081451356,-0.06452400943956313,0.5915087097487206
,,,,-0.06684325389254216,-0.11401324273176357,-0.07226240469883913,-0.12894048376083891,0.1225044062568653,0.06722075989531932,-0.05528364636154598,0.2125715371482332
,,,,-0.06882434137546216,-0.11081814459472983,-0.06836104423099496,-0.11523612134377832,0.10005266825157458,0.021701561242385654,-0.07835110700918893,-0.003946442940213506
,,,,-0.07916690493882378,-0.1466911552906873,-0.09961519486173637,-0.1836287300509717,0.13275386179518942,0.08833450798052021,-0.0444193538146692,0.054019947780764424
,,,,-0.06019071697050915,-0.11479682435085192,-0.06641804042764905,-0.13675025927193457,0.21484287774583,0.15144328676310753,-0.06339959098272244,0.1986072520270315
,,,,-0.07011126252187773,-0.10726019573806418,-0.07422284377840797,-0.11329590721483553,0.07789879913919698,0.06617113092161232,-0.011727668217584654,0.3131083244625121
,,,,-0.014118664862117894,-0.06269343390224796,0.0018948593802361974,-0.04295441390054082,0.21648477408968353,0.11556093213156848,-0.10092384195811506,0.18075573009859244
,,,,-0.2135734137050702,-0.23232129525896636,-0.16989105929429402,-0.23047433007540166,0.0607515487357862,0.07356116809090933,0.012809619355123116,0.4243865791886015
,,,,-0.10152734864245846,-0.14345448185313944,-0.12895937439444838,-0.1758568521812452,0.10211831955740559,0.09069600996288736,-0.011422309594518234,0.29462901689340043
,,,,-0.04210114779479751,-0.056242865994293546,-0.02930693944061301,-0.04294820481444616,0.08648623243196746,0.1394344348386804,0.052948202406712934,0.776122576044907
,,,,-0.01621876633506752,-0.024700636483805515,-0.0038997320427267197,-0.003939605921863274,0.1037595201560377,0.17111209771229655,0.06735257755625884,0.9974395135643706
,,,,-0.10845069803682457,-0.1469728004156243,-0.12893490350068817,-0.18364274977998146,0.07540380779944804,0.0761200367218535,7.162289224054633E-4,0.2419117593879649
,,,,-0.1511373696733672,-0.1871507707880118,-0.16602837549630703,-0.2070571668974043,0.03696354902718368,0.029890015381322514,-0.007073533645861162,0.09954855794541131
,,,,-0.045274901950834126,-0.05974061210720323,-0.037118725132690475,-0.04294992840404828,0.04688158645733657,0.10008256313835964,0.0532009766810231,0.6848145498300481
,,,,-0.06694502473697869,-0.08103843596244042,-0.052732518285902655,-0.06641075378163257,0.0525011802248779,0.12225668013587099,0.06975549991099311,0.873952449720299
,,,,-0.05276053658143627,-0.11856831720535785,-0.027335121344736556,-0.1054718940929354,0.1780643261955831,0.13007802498992488,-0.04798630120565826,0.704205566050895
,,,,-0.092221953047389,-0.12252143578412995,-0.09181448073276574,-0.1211219536499602,0.03569037522716911,0.040460701249431144,0.004770326022262033,0.2388279529726249
,,,,-0.06785081148905964,-0.0994726262599129,-0.05858512576254074,-0.08983085648528912,0.05356984928595328,0.07120467249661154,0.017634823210658263,0.4160422077579793
,,,,-0.003861434545919971,-0.02186405953692726,0.00975859669382548,0.003880414482508733,0.23263389223960682,0.25826056365440664,0.025626671414799834,0.7746417962640201
,,,,-0.004134998464283898,-0.03001685282198295,0.01757871908712727,-0.00396364985705735,0.2693248665005654,0.25734550719053084,-0.011979359310034481,0.5758415488257312
,,,,0.01743119259725205,-0.01197772650051947,0.044899678768985055,0.017591293949260636,0.3587220672594322,0.3331020812815305,-0.025619985977901567,0.44339302447193213
,,,,0.0015888453166356085,-0.023728777224340147,0.021549732229378084,0.0019211729490483714,0.22703280213953947,0.24903120063623965,0.021998398496700135,0.7935629407819392
,,,,-0.11149647436778877,-0.18909890761069628,-0.11326421793706493,-0.214861106369182,0.05191917269480074,0.030838739600513535,-0.021080433094287202,0.13918437296482394
,,,,0.03376984821527625,0.006193664315736482,0.09183635472291234,0.06837396139010973,0.4142669025850467,0.3572384949867342,-0.0570284075983126,0.7434747056923825
,,,,-0.02480239784721789,-0.06798440524299232,-0.005856439993136663,-0.058620002063402156,0.16580133467876515,0.1444590063588453,-0.021342328319919883,0.3872264802420807
,,,,-0.004081026635109203,-0.0496264276191247,0.005927689431064058,-0.037110161873432995,0.3178925015851281,0.17934479414986668,-0.13854770743526146,0.10044140736626836
,,,,-0.011091813311701566,-0.02665885677464549,0.025415282007680673,0.011730031875626228,0.2159040556324293,0.2425977392971096,0.02669368366468027,0.9377926081176008
,,,,-0.022927719241106256,-0.0376981321309979,0.005808182257304814,-0.00580956372997981,0.12716811453379973,0.22920319154845706,0.10203507701465737,1.4172853253148936
,,,,-0.04826558976582404,-0.10212069749650747,-0.052738684429735866,-0.12893612743126617,0.27092193920545,0.2153352932330955,-0.05558664597235446,0.22412827286882178
,,,,-0.043943810002833636,-0.07638823149285824,-0.033203965046939274,-0.05859674843271312,0.13513722823024696,0.09942938759977461,-0.035707840630472325,0.371515791933553
,,,,-0.019474924388064394,-0.04750298354549658,0.001956337654745251,-0.027316196615114557,0.1832339448243475,0.17357930474958333,-0.00965464007476415,0.5762989175299598
,,,,-0.04490414285530294,-0.09213099113342009,-0.035155625901310446,-0.08202003276169763,0.1429886539913389,0.10754350301346816,-0.035445150977870744,0.3223765002977427
,,,,-0.022690687000403408,-0.08012487747038205,0.0019460706052108624,-0.06638727941601134,0.21470622691385663,0.1461304628402458,-0.06857576407361084,0.25699357088699704
,,,,-0.015186259282375048,-0.058300969534532114,0.009759331081092318,-0.035150048412485965,0.2487961566090572,0.19347926548021735,-0.05531689112883986,0.38363893217255407
,,,,-0.028262398196770403,-0.0658407489990807,-0.013706184481049547,-0.044834763479415896,0.2089597243783219,0.12346775853478839,-0.08549196584353352,0.234779852650391
,,,,-0.011943966605985694,-0.04781198720717365,0.013650547332740534,-0.02738101220283947,0.2947666875526827,0.18843263289352244,-0.10633405465916032,0.10610551464991924
,,,,-0.018698780899908694,-0.055264533999975225,0.0038527338213247423,-0.03514526765490311,0.20215209943559762,0.11620591258823565,-0.08594618684736201,0.23567223017718802
,,,,-0.08864932990075083,-0.12682328732147058,-0.07226042748456805,-0.10548125864233425,0.11367274079145065,0.08772234080205135,-0.025950399989399294,0.47088450628595224
,,,,-0.04363872949702662,-0.07860836104456023,-0.027365586342676124,-0.07423057438673662,0.27396536471637456,0.22667647623878417,-0.04728888847759044,0.8922035303440295
,,,,-0.044387570883085946,-0.08504902869405964,-0.0351500682228144,-0.0742130478467285,0.13554288239131504,0.09450566697741129,-0.041037215413903746,0.46408314282175867
,,,,0.025485466916452173,-0.008974818744295553,0.07612023120856602,0.03712321819406558,0.4459439626208398,0.3574282814290263,-0.08851568119181351,0.12137000117638416
,,,,-0.0033696441691532,-0.04315327977703695,0.017549735412970408,-0.027329980310625977,0.24307911236187132,0.20678559731354382,-0.036293515048327486,0.5678694014185776
,,,,-0.007778670809509407,-0.03244598996796745,0.017580325314363893,-0.003911343406472636,0.272730800176911,0.2508689633661515,-0.021861836810759525,0.5719439284975162
,,,,0.0521928983591234,0.008593406456728826,0.11924421083153212,0.06456399250021519,0.5467889003318206,0.38239293786538947,-0.16439596246643096,-0.05554610078149596
,,,,0.004525685279370001,-0.05841596430114032,0.021523632708212143,-0.06056276483412126,0.24493470507313989,0.11023514205370594,-0.13469956301943392,0.17992829527382734
,,,,0.0022047546631397607,-0.04005843174072774,0.025399283874608384,-0.01954776461735617,0.26375626223599974,0.18008436977438433,-0.08367189246161548,0.5056532681520559
,,,,0.0019763197117317576,-0.03186212665486155,0.02930553629725384,-0.0039059359885387918,0.33900985210263884,0.28843994697667097,-0.05056990512596796,0.3968019400136852
,,,,-0.06556699248768008,-0.10446336346374399,-0.058577937381237774,-0.12109481114829376,0.14738692721851213,0.15867109470023327,0.011284167481721194,0.507364497077829
,,,,-0.021900491292149025,-0.050998080619881966,-0.0019748318889021856,-0.027348692524024908,0.17863767529024085,0.20668246367026716,0.028044788380026185,0.7782888605443667
,,,,-0.014316951270358228,-0.04149248666309505,0.0058539146647937895,-0.019538406579001452,0.1673057668277043,0.21504228727116298,0.04773652044345869,0.922349115211522
,,,,-0.12512657955022313,-0.15033509414990937,-0.1445690830883381,-0.17579818604803815,0.05951022173948241,0.05746776676036893,-0.0020424549791134717,0.3341787253226353
,,,,-0.08197124863576112,-0.07955781404638877,-0.08202747175574152,-0.08203336650065353,0.04693914876668674,0.1598124415129358,0.11287329274624905,1.2206010311162987
,,,,-0.0902867506715228,-0.0977397810657305,-0.07422113304639867,-0.0898490616266067,0.09164750935850496,0.17597079203716187,0.08432328267865688,1.2499849460921453
,,,,-0.06722813272556298,-0.07483029243829735,-0.0429584621425969,-0.05860250636113615,0.09288769277816719,0.18557038717602112,0.092682694397854,1.351179636082839
,,,,-0.05877736938200586,-0.0655318014422476,-0.042941813197017134,-0.042967512701709044,0.02990712759661502,0.10339062271355863,0.0734834951169436,0.9131052862455095
,,,,0.007551927664893468,0.033392647170130074,0.027347741798739836,0.06639527990426033,0.33569026667684004,0.44183387563727733,0.10614360896043723,1.3542491988064715
,,,,-0.057799692356979494,-0.06450698859041741,-0.0820736768683257,-0.09766672435015328,0.24344908943412563,0.29140027500443705,0.04795118557031139,0.698856732352809
,,,,-0.008072589090518742,-0.01809108605121535,0.003892386949520457,-0.011707474064021688,0.31185601894827236,0.3275042641963557,0.015648245248083288,0.5363691350361581
,,,,-0.020581826551877683,-0.08640020186174863,0.05090641729664834,-0.03513991640820862,0.39119550214529997,0.21754034593732818,-0.17365515620797176,0.7274830332149097
,,,,-0.08263189150510014,-0.10223700094119927,-0.07421982757642415,-0.10546026724748249,0.16136226442156254,0.11957864118977356,-0.04178362323178899,0.41632603035144855
,,,,-0.14907410478001207,-0.17186306873214613,-0.16799589464123055,-0.1992487984082079,0.03607926330774668,0.05368551034955317,0.017606247041806498,0.2619997066302716
,,,,-0.04430925230197617,-0.05731386512262193,-0.011690565212189896,-0.027334210602181743,0.21453129965571538,0.22467826338165695,0.010146963725941654,1.0036386140442464
,,,,-0.08559498947360722,-0.09253515267257946,-0.048818762601078994,-0.0566372783979473,0.0706911774429701,0.047342728713474135,-0.023348448729495958,0.2124106547832513
,,,,-0.10409894503374045,-0.11236716260760268,-0.08004817071984531,-0.08787197809963959,0.06746395115163496,0.05004320999595846,-0.01742074115567649,0.24948385770018494
,,,,-0.07174554045938111,-0.07276032205543312,-0.0331949681907091,-0.03319233222858255,0.061408891683132946,0.0517395267385618,-0.009669364944571145,0.2915571033007788
,,,,-0.01386366828988006,-0.04837504672725863,-0.001984692136489797,-0.04101434188209843,0.08005289012997421,0.03810402949626991,-0.041948860633704316,0.13732251803910633
,,,,-0.007798702914875843,-0.04467980306420259,-0.0019825592392273637,-0.041009523596897225,0.03291614218830597,0.021504986721881583,-0.011411155466424393,0.10032032697848292
,,,,-0.02333774323427642,-0.060299800363595814,-0.017583101286785665,-0.056644052593120005,0.024131482684355637,0.020733607849637507,-0.003397874834718136,0.09186642929091332
,,,,-0.011177050300547648,-0.027361262683923845,0.0019217149446016217,-0.019518909523024347,0.04707802666020805,0.022724909659578917,-0.024353117000629126,0.09845737624221633
,,,,-0.038266884744556244,-0.042603882907081836,-0.02733087829867409,-0.03514278505598273,0.02748308319811594,0.036124719571662044,0.008641636373546101,0.2588062964968106
,,,,-0.0268938003088013,-0.04141985997447908,-0.009766132847096421,-0.025394153507006825,0.04538772691706035,0.040966930684096035,-0.004420796232964317,0.26790153569190983
,,,,-0.021766171154363193,-0.03835103052249936,-0.013665433458310722,-0.03321308540341169,0.05648168607967564,0.03413700938151083,-0.022344676698164798,0.18617862797721724
,,,,-0.04656599969718632,-0.08062249614304082,-0.041028167442464514,-0.07616122655014447,0.019449617659235793,0.010842072157570595,-0.008607545501665202,0.03097579019964605
,,,,-0.04609854688198391,-0.0709912715490376,-0.03710837237284694,-0.06835094627404831,0.01268787289407599,0.015326861158227626,0.0026389882641516334,0.08142807274658907
,,,,-0.028350622501075336,-0.10481894499192283,-0.021478102116942406,-0.11132544377853558,0.019071470496011163,0.01219192768422577,-0.00687954281178539,0.03305991210740648
,,,,-0.05003365109320284,-0.08128502445740286,-0.04101224502539745,-0.08204017986025386,0.01216617382739103,0.01409912489634818,0.0019329510689571495,0.07432685715359512
,,,,-0.06004824492157446,-0.07461475907419221,-0.050745517765270254,-0.07421759850587673,0.03069429753647324,0.039058848839605136,0.008364551303131892,0.15873406930738232
,,,,-0.03910254602918079,-0.08508702925317121,-0.027339791728448064,-0.08202508667624356,0.03903862844263784,0.01919776004887016,-0.01984086839376769,0.09169002532403508
,,,,-0.06439479460584258,-0.10381997183471775,-0.05858682987643421,-0.10547893521510195,0.01195387572382311,0.011592582054828734,-3.61293668994379E-4,0.05632311428837737
,,,,-0.021375510282948467,-0.026414064195904398,-0.009775802895210108,-0.02148244417384351,0.05994679318253061,0.03478177314240964,-0.025165020040120972,0.21848389394899517
,,,,-0.041178834896024356,-0.09892055568101764,-0.03710079158950863,-0.10743640764288512,0.020819749343993874,0.020066517301062663,-7.532320429312103E-4,0.07530699899996805
,,,,-0.04533057339274141,-0.109799943315239,-0.04101660567817722,-0.11329701909698248,0.014580963368661621,0.01252925562110392,-0.002051707747557699,0.050767171356090254
,,,,-0.04121132169676902,-0.10330281280611489,-0.03514617087931918,-0.1054779680288232,0.01759359458553809,0.01367785315438416,-0.003915741431153931,0.053961725724979065
,,,,-0.054730170161972416,-0.08821785213662361,-0.044907169831689735,-0.08789698980251483,0.013586068873219505,0.013873338478108704,2.872696048891958E-4,0.07862661924739871
,,,,-0.05330371056416667,-0.1090637996948497,-0.0410123094761785,-0.11326410883849886,0.011201357273863522,0.012915694008231582,0.0017143367343680552,0.05939579044328417
,,,,-0.04208382402967024,-0.10047035647696297,-0.03710762523574464,-0.11331525569827476,0.022315366953276638,0.02241536130490207,9.99943516254289E-5,0.10063863719014189
,,,,-0.022518137556385147,-0.055466971752440884,-0.01756755863692532,-0.05663920725178855,0.05685700624301589,0.03801480140258831,-0.01884220484042757,0.12947789814580496
,,,,-0.03459449891755463,-0.05163368121835458,-0.029292998181056518,-0.048818206719815155,0.03167204264197945,0.030549356117469787,-0.0011226865245096852,0.13965916232676798
,,,,-0.04147436777549582,-0.0636963240244041,-0.03710433827160608,-0.06444713318603945,0.019406701497821182,0.019613430749337885,2.0672925151670688E-4,0.07843436418869015
,,,,-0.011821846457562062,-0.0503210685791638,-0.001992330831837844,-0.048856815101194696,0.038177459382146194,0.025309469256899815,-0.012867990125246382,0.11160891870244034
,,,,-0.06969157659344151,-0.08846269974373426,-0.05663541424338269,-0.08202757843147943,0.017314161660290362,0.019525583864037212,0.0022114222037468495,0.09484746863049878
,,,,-0.1082601132588719,-0.11738940613948944,-0.099619149296901,-0.11913846314680343,0.0034111403372898454,0.0066589618340475235,0.003247821496757678,0.04745400145823699
,,,,-0.09740982460746093,-0.12209986938692892,-0.09180220272153186,-0.12891677404912014,0.003663688655968533,0.005017063635326471,0.0013533749793579377,0.030640842068396727
,,,,-0.06748908385200768,-0.10734170684344554,-0.05663588629757347,-0.10741743735154226,0.006462223336846103,0.006560030717805467,9.780738095936443E-5,0.03292212176401616
,,,,-0.038050992079970834,-0.07101501042745959,-0.02732792127114512,-0.06638230905685165,0.01695535876236062,0.023871017776851914,0.006915659014491292,0.17049479146340024
,,,,-0.07975348770392986,-0.11088789728582019,-0.05858366343555646,-0.11328572908365052,0.008285738400060038,0.007828779814598227,-4.5695858546181166E-4,0.056241852623667425
,,,,-0.0978215977800123,-0.12550924665748267,-0.07418963174003002,-0.12108476211954557,0.004232314892324868,0.0069174177684119065,0.0026851028760870393,0.05083696727081314
,,,,-0.07846560401548712,-0.08979413958918153,-0.06444313865100926,-0.08202588861025645,0.0027129131099380287,0.004805500817941768,0.0020925877080037393,0.03334819396162204
,,,,-0.09681840493889599,-0.11517550882404734,-0.0820221847832329,-0.11328012684710964,0.002461671594539781,0.0052606530770912,0.00279898148255142,0.03909668029472941
,,,,-0.10141258561004753,-0.09434142004478535,-0.08201465682953289,-0.08397632209171733,0.002479446377744179,0.004018232634218495,0.0015387862564743158,0.024935085265511615
,,,,-0.06347089675942738,-0.060628539837333434,-0.052738408063095966,-0.052735133602524666,0.010684456469305126,0.011915216659101382,0.0012307601897962547,0.06436442057879374
,,,,-0.01504181091744943,-0.026577388357072858,0.005870855050456321,-0.009755015544110108,0.06326399900558376,0.050113886520221626,-0.013150112485362141,0.2394527580422711
,,,,-0.02057284466131296,-0.031438382462525866,-0.005847493761159182,-0.0175562519131068,0.0426941179704127,0.049716541959860014,0.007022423989447314,0.2885523718641042
,,,,-0.037280588117168265,-0.026985359213074833,-0.025370883538138586,-0.009756064794005651,0.016016237874171016,0.02082168654356811,0.0048054486693970945,0.13284873955239726
,,,,-0.07963045680575126,-0.07251043421005202,-0.07225551948505031,-0.0761836922762102,0.00988685422749314,0.017171087712419267,0.0072842334849261255,0.11468354130074733
,,,,-0.08923805135515617,-0.07632167024036479,-0.08400358146142546,-0.07229162879428842,0.00454939274108068,0.008210151575898205,0.003660758834817523,0.05507009924148333
,,,,-0.0933350762040801,-0.08778983316256596,-0.08788489970577278,-0.08397445930657321,0.008025069394043618,0.00815147930899608,1.2640991495246163E-4,0.047680386426651476
,,,,-0.02749438193551821,-0.05221970057573419,-0.009761935830257756,-0.0371277680212387,0.033630235710770076,0.027429205888421647,-0.006201029822348433,0.1632790071719303
,,,,-0.044176711632771835,-0.058918408068555125,-0.029289342266514806,-0.04881578243386486,0.025992345513382725,0.019866529069283143,-0.006125816444099583,0.09673212932196433
,,,,-0.04671234823371676,-0.06728685497487924,-0.03319393158800379,-0.06055485716194183,0.013238237510068173,0.016237273728409562,0.0029990362183413893,0.08505545150737226
,,,,-0.031328004632497,-0.029322364711019858,-0.01755706267515541,-0.005835429755391881,0.007977165951908552,0.012608657733461334,0.004631491781552781,0.08237195210941933
,,,,-0.081445897975341,-0.07646701692305245,-0.07226573643871852,-0.06444580308882171,0.006389503325801011,0.009551267555006971,0.0031617642292059616,0.0662922755140081
,,,,-0.04384707581945213,-0.05680770878793515,-0.033197080404766384,-0.048822619666834904,0.026385354984051174,0.02929210038302353,0.0029067453989723604,0.14631946454561653
,,,,-0.03042721714390172,-0.05960038613216401,-0.021471508178272886,-0.05273174701546476,0.02318702111928688,0.02030554509840728,-0.0028814760208796,0.10978432329160451
,,,,-0.03301058505994848,-0.061380165080550275,-0.02538290199209406,-0.05663418197159759,0.024534027178043344,0.021014291188111458,-0.003519735989931884,0.09189580354416478
,,,,-0.05104914078366606,-0.06216363748219158,-0.04492134083644013,-0.05663934326636716,0.015932434356120396,0.01736436479132142,0.00143193043520102,0.07954327978168162
,,,,-0.03368212476903902,-0.04392891103798985,-0.025391372241814845,-0.037106051939420286,0.02170168548211043,0.02248663646201641,7.849509799059833E-4,0.09042926124931115
,,,,-0.04369970970551719,-0.057833406715414905,-0.03320480005846076,-0.05274146757101624,0.012472766465586687,0.014289209315678803,0.0018164428500921177,0.06863989373465425
,,,,-0.0313721296928311,-0.03997715934027996,-0.021486680147035177,-0.03320674156761864,0.016472305024616253,0.026666799311236302,0.010194494286620046,0.17627855104382653
,,,,-0.025785190204363585,-0.06500043446866537,-0.009761146944271706,-0.060562434914600435,0.02081095154516771,0.017819814175105572,-0.0029911373700621385,0.08785277315769824
,,,,-0.03719379937168129,-0.06190708946844782,-0.02538796614501976,-0.05663878231552529,0.013497416249325305,0.016293343311832995,0.002795927062507691,0.09294639158440997
,,,,-0.07169874963948857,-0.07816449315560053,-0.060560038711132844,-0.06834048921118341,0.007585277871145397,0.010554155088779183,0.002968877217633785,0.06357709214951213
,,,,-0.05720524715428529,-0.055147779966019585,-0.04882239624454821,-0.04491928697967075,0.01474772604304518,0.01408554662760871,-6.62179415436467E-4,0.08275144423422533
,,,,-0.035026730560103456,-0.03836760217990217,-0.025384739863422184,-0.02928716237503183,0.024780084877193426,0.041434238104373494,0.01665415322718007,0.2644150162446378
,,,,-0.035760966555131425,-0.05007164182905703,-0.025383283147607343,-0.04490607206490997,0.015251984752569848,0.01798854860720435,0.002736563854634502,0.09735934495380026
,,,,-0.029923324949300334,-0.04472568704615922,-0.019498685526671222,-0.03710252617177086,0.012647732952334205,0.013843382898448716,0.0011956499461145116,0.08110863296891124
,,,,-0.044589749520872864,-0.05674452107531074,-0.033185517473421335,-0.048818438327240206,0.014170237316409507,0.016014267279214,0.001844029962804492,0.08195521333671284
,,,,-0.030977427651617897,-0.0349436647974026,-0.01757678882075622,-0.021451317444584377,0.036187720788289954,0.023105014904851277,-0.013082705883438675,0.1029460298563767
,,,,-0.03540518646456177,-0.03149181521941214,-0.02146541313485054,-0.017569612347400714,0.033194685004759125,0.0359853139827883,0.0027906289780291705,0.23455282458645363
,,,,-0.02494759975824046,-0.043976707872487114,-0.01364576401610567,-0.03711179433764715,0.019929232197544007,0.01607114803601445,-0.0038580841615295527,0.08256226799184313
,,,,-0.03664370909451453,-0.04819932372635135,-0.02929092516710077,-0.04100750779108358,0.017254574300124056,0.015278418524511702,-0.0019761557756123502,0.07214950167104013
,,,,-0.05061321128301905,-0.06337815301179854,-0.04492747660400157,-0.05663694031181294,0.013494681151644837,0.013384555093620602,-1.1012605802423423E-4,0.06978537967170997
,,,,-0.05225475583002095,-0.07702345018998626,-0.05272808377638815,-0.0722706120903755,0.01860328295235539,0.014235689204374605,-0.004367593747980786,0.0615663530990515
,,,,-0.008692775262657501,-0.035740906254336444,-0.005851514058026649,-0.02929208076174404,0.0628034186812379,0.023398786557458865,-0.039404632123779045,0.0330689520189564
,,,,0.012558400344398117,-0.013638408878089158,0.021484291873237183,-0.005858684457977373,0.1248345412057667,0.07475674030862946,-0.05007780089713725,0.18710502966248174
,,,,-0.01069464200505831,-0.029908673412309465,-0.003910027423530553,-0.021476191852186303,0.0784026826016085,0.05451505505862013,-0.02388762754298837,0.1662178856391858
,,,,-0.017716397141368044,-0.03756709714978774,-0.009757188801189585,-0.0253890281800703,0.043639313528571116,0.021594959448282623,-0.022044354080288497,0.07291210468970045
,,,,-0.016852909303692407,-0.0464734966012976,-0.005850380329998254,-0.03320177903867859,0.03185568359429866,0.014595112351900382,-0.017260571242398277,0.04531804825921046
,,,,-0.043887448231100794,-0.07128420951221767,-0.03319864202136978,-0.060547181369382065,0.01596565927833584,0.010476886287115504,-0.005488772991220335,0.052849637642216805
,,,,-0.03795423883903913,-0.0544545881781637,-0.029280543667960974,-0.041018486575798506,0.016787334817367938,0.012069551136539902,-0.004717783680828036,0.05519232610160512
,,,,-0.04119887167080074,-0.050900614744251074,-0.02929129323920739,-0.04100323292441434,0.014780693332110949,0.013722929357618747,-0.001057763974492201,0.0783181187278357
,,,,-0.0670110147250485,-0.050501943496195925,-0.04881040429609312,-0.03710511961511586,0.010679420618669149,0.016477817008483397,0.005798396389814249,0.1075845674217644
,,,,-0.03657730688489858,-0.044649805462064596,-0.02148660787008747,-0.033202016683051755,0.025435230531803046,0.020671865924768232,-0.004763364607034803,0.0854256515056126
,,,,-0.03902855939093731,-0.05161278424275647,-0.01756746907585176,-0.037102842158405,0.021253540948283318,0.014352122046128842,-0.006901418902154475,0.07443840395321834
,,,,-0.04052439076957859,-0.05227889609181461,-0.02537926171815161,-0.03707952318859838,0.011672588737123684,0.009889994348433209,-0.0017825943886904767,0.05554039331164734
,,,,-0.01917155383278636,-0.04864241657974827,-0.001995432574159418,-0.033189646182472846,0.03751785685239645,0.012973833161986982,-0.024544023690409467,0.04285944719567364
,,,,-0.04093166682616707,-0.056989711462760294,-0.021471676907649506,-0.04100954785977055,0.02760313682486735,0.010794018856866953,-0.016809117968000394,0.03868788717262173
,,,,-0.047210430769019394,-0.06638658927178258,-0.04101260686418749,-0.05663604687467438,0.029952979596717097,0.012193341451688577,-0.017759638145028525,0.033802141238110435
,,,,-0.06203276444987604,-0.06332231674586672,-0.041006246414252906,-0.050760755751199226,0.015506215964699121,0.013829800927266576,-0.0016764150374325426,0.07988352849829344
,,,,-0.07276392483692999,-0.09152653491585214,-0.06638701056834027,-0.09179466864532872,0.027754384614501852,0.029158984486982842,0.0014045998724809894,0.2007810136187555
,,,,-0.03299423922901043,-0.03272598213219711,-0.017570750977916792,-0.029304465046912438,0.09549214973359517,0.1027624929197425,0.007270343186147331,0.699529965948403
,,,,-0.059740753301941125,-0.10426657644294707,-0.0761785151120825,-0.11329046365815813,0.1300323455379174,0.06034818079172368,-0.06968416474619368,0.15499146356669136
,,,,-0.09303231001524442,-0.13106999693152532,-0.09960848022053298,-0.14258108848079593,0.01878614115297066,0.010413058047035377,-0.008373083105935286,0.04056735892756019
,,,,-0.08797553392342286,-0.10910003743453171,-0.09961055086994972,-0.11913987748634099,0.03919575121805232,0.021844855581896392,-0.017350895636155928,0.04822168742645228
,,,,-0.09490767321614645,-0.11202629887028412,-0.10351261155183043,-0.11522462899881614,0.024309105788649338,0.01647196276829214,-0.007837143020357191,0.04801924646606743
,,,,-0.050059356209066756,-0.0868165680153781,-0.05664760399331655,-0.08788238078244001,0.1266595450406358,0.07167678684952261,-0.054982758191113194,0.331430752193329
,,,,-0.04919267041958417,-0.09567532822778868,-0.04882364849683722,-0.09571078558386603,0.08165407027456459,0.04584096804592824,-0.03581310222863635,0.25399292292205466
,,,,-0.06284715882849072,-0.08181275169856864,-0.05663995561105913,-0.08399165228464735,0.05907429879901417,0.04766904910752208,-0.011405249691492089,0.28095812447956425
,,,,-0.07403557149532615,-0.09918239671933013,-0.0742212781164187,-0.10548158184013894,0.05700034760270033,0.04969613798551764,-0.007304209617182676,0.29044812538075115
,,,,-0.092670588939904,-0.10773952620116642,-0.09570960018705847,-0.10741370039275697,0.015739641299335992,0.012172503940977887,-0.0035671373583581033,0.055690145576189704
,,,,-0.0970257534507975,-0.12653831861543807,-0.10351123587293837,-0.13476997929029985,0.019344399138593673,0.014620057393807357,-0.004724341744786316,0.0572676653891586
,,,,-0.11174697885429066,-0.14240154926013965,-0.11913825146160596,-0.15429742421197157,0.009648087654427389,0.012480944201993582,0.002832856547566193,0.07182075572541312
,,,,-0.10000662312618284,-0.14169827276548472,-0.10743348249959687,-0.15821177736895903,0.017691255599533,0.015651240890899133,-0.002040014708633869,0.06835335420325404
,,,,-0.12880643623068175,-0.16773064123117584,-0.134761858821457,-0.18554502787666205,0.006227722058436647,0.007706345687129483,0.0014786236286928344,0.03987200131036742
,,,,-0.1271383347077602,-0.1657422978280626,-0.1347616236815903,-0.1855510879787077,0.011392565851728537,0.012637097663426687,0.0012445318116981478,0.05411954855386343
,,,,-0.09342160070378226,-0.13502772816604222,-0.09961998781254336,-0.15429061021085244,0.02991280381404658,0.02757746271226616,-0.002335341101780409,0.11863215159586624
,,,,-0.12422026693073177,-0.16560300416787974,-0.13086815939211002,-0.18944827502102538,0.008493775166258526,0.012944641865458663,0.004450866699200136,0.07679231871668789
,,,,-0.07749619147873615,-0.1470841462099759,-0.08789688019685411,-0.17384115934220615,0.04445367587067075,0.02644273655764288,-0.01801093931302787,0.09461211395927903
,,,,-0.07442108438774539,-0.13594349189431343,-0.08398675728237351,-0.15039658185293353,0.026777455710880204,0.02040657393692324,-0.006370881773956958,0.08157746842211987
,,,,-0.07564976309045893,-0.11954903190582859,-0.0800819187191937,-0.1308492972202749,0.03330696658524059,0.02717202008587833,-0.006134946499362267,0.11271599564382627
,,,,0.001711856554003412,-0.10023391667411545,0.0019328756421623974,-0.12304491216725316,0.16616991502482678,0.06087957342132813,-0.10529034160349862,0.09657276475427429
,,,,-0.04963177357749924,-0.12519453662732,-0.05663790470078694,-0.15039436114447527,0.06842238185599105,0.04109902118076506,-0.02732336067522598,0.16965374380017956
,,,,-0.005950173800441777,-0.07948569322760936,0.0038887486081779776,-0.082040883453537,0.20779837125602374,0.11903823698316128,-0.08876013427286254,0.26238513757245124
,,,,-0.00622392454134684,-0.08330522587993361,0.003895563276441611,-0.08986958352740207,0.15203742026374398,0.061684716988086634,-0.09035270327565735,0.16310346069699994
,,,,-0.006363323898392951,-0.10863983219492719,-0.00976758266625857,-0.13085405011971432,0.12795207278436455,0.0408272152873997,-0.0871248574969648,0.05622612085573942
,,,,-0.044918445608261276,-0.11915526146369843,-0.04882255967486543,-0.14258636131957914,0.07354285640343934,0.04164775173133687,-0.03189510467210247,0.1397542000682696
,,,,-0.02775420897328754,-0.09553070348760198,-0.02929593181916602,-0.1132831380494713,0.11263681778562697,0.0782937023518045,-0.03434311543382246,0.298924914638006
,,,,-0.1366986674317772,-0.17545468774422757,-0.13866933309631016,-0.1894543468918592,0.006352060584233156,0.008252195822180957,0.0019001352379478017,0.04146109586926611
,,,,-0.13599135728514267,-0.16073505098900254,-0.1386766617377181,-0.1738273844999561,0.006696412313342985,0.008686743594967067,0.0019903312816240805,0.040512616324028146
,,,,-0.13889257322989454,-0.1579476455486008,-0.14258017043083293,-0.16991415612773297,0.008918322580538504,0.009627133685432518,7.088111048940124E-4,0.03848388877888047
,,,,-0.12317738142058376,-0.1421010462439729,-0.12696187128248942,-0.15039383130280906,0.01895570750912295,0.01436416756541492,-0.004591539943708031,0.07008187356207143
,,,,-0.14160559193903158,-0.1573311244908152,-0.1464864190259173,-0.16992528228314813,0.00848970650694384,0.010003600129946472,0.0015138936230026335,0.04842269040351509
,,,,-0.11762673680292267,-0.11844411058188274,-0.12305417804766562,-0.11914551502308872,0.015121196444863667,0.022509782762913346,0.007388586318049679,0.11690581184161546
,,,,-0.09745972747340229,-0.08424368512468229,-0.10743189505677407,-0.0878980492004887,0.039441814583001424,0.0587002761068254,0.01925846152382397,0.29700024304389405
,,,,-0.12150153093666707,-0.14267901015885756,-0.1289090378078782,-0.1621130956989892,0.022355051214341514,0.028061161605388286,0.005706110391046779,0.12753312333060776
,,,,-0.1212945254976362,-0.14591548650099262,-0.12695397096041514,-0.15429117701297626,0.013968167987451608,0.019097953068048564,0.005129785080596955,0.10182568426002202
,,,,-0.10905614280512593,-0.15577284432613542,-0.11133423484402956,-0.1777453158649382,0.021959299664654396,0.01975342759210194,-0.0022058720725524534,0.07432084815584972
,,,,-0.09849834823724521,-0.1351323767972118,-0.10548463799626911,-0.1542900127589249,0.048455097191260496,0.03570797406038522,-0.012747123130875268,0.16447009252685635
,,,,-0.04643239194501422,-0.11684594879991102,-0.056642489907921985,-0.1367446936619469,0.1137029809821107,0.0535189500577997,-0.060184030924310995,0.1470813789123013
,,,,-0.09996219277546743,-0.11765302462846923,-0.10741464214700255,-0.13477481775898123,0.06224028225601679,0.05342966035869758,-0.008810621897319215,0.2727733070295886
,,,,-0.13777663874784027,-0.14920922183248736,-0.13867402416823554,-0.16602432884511414,0.011181801000463754,0.016100208217910375,0.0049184072174466185,0.0807625070174214
,,,,-0.13118603918005503,-0.15155882936975576,-0.13867413555974736,-0.16211267316703093,0.011481654239850122,0.014848944005289438,0.003367289765439318,0.06710912237844541
,,,,-0.1298526075856949,-0.11661356126717248,-0.13476571618772765,-0.11326539561494683,0.017767844283345373,0.02062949437427643,0.002861650090931057,0.09652561045195253
,,,,-0.16058882267505814,-0.16259479844175684,-0.15818989049640014,-0.17383168391757411,0.009121776797312625,0.012418329340925278,0.0032965525436126552,0.06477901829919594
,,,,-0.13661313207622158,-0.1368341050301529,-0.13672215564315088,-0.15237366358425655,0.02942217185240083,0.030476150337690966,0.0010539784852901294,0.18070652642301435
,,,,-0.11685793769525891,-0.16531690150159595,-0.10546750677337018,-0.18364135857672212,0.020645724688876505,0.022688177182812803,0.0020424524939363,0.10175853159484877
,,,,-0.1111954974326156,-0.15653935822638046,-0.10546928659938874,-0.1757837076265511,0.017089881565492068,0.020722852966865282,0.0036329714013732138,0.10404558951467524
,,,,-0.12219229068669417,-0.1401225813576014,-0.12110116576766962,-0.15236086898608706,0.024943545195579744,0.028641633420829336,0.0036980882252495933,0.16030493518095024
,,,,-0.1828055337613088,-0.15903777342070516,-0.1992346049043249,-0.17576374936626488,0.03423051339416118,0.0315083955218257,-0.0027221178723354864,0.18692403272989128
,,,,-0.1796738654986573,-0.15967074833896525,-0.17774568657359505,-0.16601289129345628,0.0062382522435499785,0.008948163681828783,0.002709911438278806,0.04274541568112288
,,,,-0.13106895432525312,-0.10962247242119876,-0.13476486681845987,-0.11522727141616777,0.0337784773639854,0.04643974007596578,0.012661262711980379,0.21018193131999818
,,,,-0.17198064668625349,-0.1634645900608858,-0.17773153470353137,-0.17385150653931747,0.011131073179870107,0.01344350018858517,0.0023124270087150644,0.06403371356916862
,,,,-0.13778362635025704,-0.10397860309290641,-0.13673851536879783,-0.09957668082622977,0.03747205643394073,0.042948693108357805,0.005476636674417077,0.29505973363352617
,,,,-0.1333342093791678,-0.15452089992024862,-0.13867589348020085,-0.1660172450649028,0.011713490846317414,0.015932553177302126,0.004219062330984717,0.0759025027640824
,,,,-0.10413658675363394,-0.08584220464050994,-0.08398212126659875,-0.07610336005309525,0.03904657155815164,0.05997653933779112,0.020929967779639482,0.46422431247081497
,,,,-0.16089234808242292,-0.12248738090795333,-0.15820931699580854,-0.13673919944647664,0.03196311008241479,0.04985524075887158,0.017892130676456796,0.3778526967810289
,,,,-0.15726918183413066,-0.1343990774786517,-0.15237364029833791,-0.14455132281822894,0.03701148077630264,0.030035490762790204,-0.006975990013512431,0.1503843336147174
,,,,-0.07536252079285091,-0.06706592472166069,-0.07617051556365861,-0.06447018055991129,0.019836188122936315,0.02431755165584164,0.0044813635329053235,0.12081986798875911
,,,,-0.09680900993913043,-0.11677491050299485,-0.10351398494492778,-0.1269578139162421,0.02131146640842473,0.02095848709994795,-3.529793084767838E-4,0.08605069792075652
,,,,-0.04956273391425134,-0.042180992583479585,-0.041015224567885665,-0.0331901019187866,0.030005547779328987,0.0301725040656555,1.6695628632651318E-4,0.15217574128348246
,,,,-0.08377515477412337,-0.10022740483562825,-0.08788262040240052,-0.10741553174725382,0.02376128099993223,0.02462350659532318,8.6222559539095E-4,0.1017665701608076
,,,,-0.09325167807144782,-0.139878688255846,-0.09959385279756779,-0.15430783036338858,0.02225279143223119,0.016946399938455016,-0.005306391493776173,0.049627398665764495
,,,,-0.10557705969312235,-0.15035216661147427,-0.113308297682404,-0.16992699453713955,0.026738432199653724,0.021426380010400096,-0.005312052189253636,0.05113234316873378
,,,,-0.10837806003740368,-0.14665657705966043,-0.11133728582444213,-0.1621179464802626,0.012035905845208876,0.013290293266309301,0.0012543874211004252,0.06251138130797296
,,,,-0.10328256931951439,-0.16629686343132685,-0.1035084257057728,-0.18556087914781483,0.012306867359653789,0.010676231839327852,-0.0016306355203259371,0.0450907873828019
,,,,-0.11350371091663111,-0.1489105664833643,-0.11523751196945889,-0.1660199377259685,0.01214433664719058,0.014052455849916396,0.0019081192027258168,0.05994481392006517
,,,,-0.11214267353431977,-0.15754001596224745,-0.11132460277482696,-0.17383504720992218,0.010275793312449657,0.010542340737808614,2.6654742535895905E-4,0.04142538137264832
,,,,-0.10529514551317398,-0.15428264700380986,-0.10741179951314675,-0.16992758597855429,0.013913948884424047,0.013085920743534315,-8.280281408897331E-4,0.04718203318519948
,,,,-0.10203874438501821,-0.16741012565539928,-0.09961141543827455,-0.18163867248922883,0.02399617682864841,0.014734157057338087,-0.009262019771310321,0.06672956416810967
,,,,-0.11259950900383216,-0.17369005973325732,-0.11133744801641075,-0.18555327792411583,0.01353014033069242,0.013343312754587467,-1.8682757610495308E-4,0.06261000215790699
,,,,-0.06785932102665473,-0.11609031889619621,-0.058593531442138726,-0.12695883010268616,0.07189117803020352,0.0510303393681286,-0.020860838662074905,0.30214753614095585
,,,,-0.06941634724522092,-0.07056420453697487,-0.06640620446268236,-0.06639125049092452,0.038232362614049754,0.0361989630717597,-0.0020333995422900457,0.14434092752431069
,,,,-0.1071988658088545,-0.1429135739856889,-0.08983163150507853,-0.1445217811194626,0.03169935437623693,0.029057129758606436,-0.0026422246176304944,0.17674518609743953
,,,,-0.0568809391464633,-0.05106113329463564,-0.05076917281734821,-0.042947604705297224,0.045786311935934514,0.054518326117942086,0.008732014182007558,0.2521019895178545
,,,,-0.06226349081484541,-0.08054332273514683,-0.058596187031172746,-0.08201940283024639,0.027976035132359387,0.02943559121729951,0.0014595560849401154,0.11899066271487227
,,,,-0.1094756197127237,-0.13407117791949807,-0.11327654119515691,-0.14647943107179429,0.00996559110576034,0.011127261540395767,0.0011616704346354247,0.04943553265605916
,,,,-0.12476171595901872,-0.15540136880606648,-0.12108456406667052,-0.1699218247404744,0.01233702351809651,0.010699296407059394,-0.0016377271110371166,0.03503124800312355
,,,,-0.08857273403738394,-0.09099921652862741,-0.08203920123648917,-0.09180874716187103,0.0322823295474348,0.032769513425938084,4.8718387850328555E-4,0.17122788145078682
,,,,-0.08931039693763441,-0.10743177600644092,-0.08984804192215012,-0.12109397361624082,0.07014140937292028,0.06758433924043392,-0.0025570701324863607,0.40328499584162836
,,,,-0.1149867179096694,-0.1592350243924774,-0.11328313987670595,-0.1777592180472322,0.013455746720801649,0.013182323082223658,-2.734236385779957E-4,0.0517438517135816
,,,,-0.049768084422873775,-0.04021557906101721,-0.03512738487535306,-0.029291967131065397,0.018316765619037095,0.022217854294222062,0.0039010886751849614,0.14300527109941816
,,,,-0.053034417659356604,-0.03459267485095377,-0.03710007514229631,-0.021477088997761948,0.023059787558080597,0.03409298354086596,0.011033195982785375,0.2336795762103218
,,,,-0.06063783828085636,-0.042939744050492445,-0.04493126823200555,-0.03318988944140388,0.01740286611553887,0.020501956602519435,0.0030990904869805697,0.12667245009374062
,,,,-0.038437471259957945,-0.018286092258304316,-0.021474379177457932,-0.001962199079168507,0.03617713152331681,0.050557335397124266,0.014380203873807444,0.29075869524520226
,,,,-0.0463981942025397,-0.04715937676940851,-0.025381963817884455,-0.03320786867106838,0.018732618677425414,0.016251627424486784,-0.0024809912529386267,0.09394224275060024
,,,,-0.05770121148711166,-0.049437747809602015,-0.041021112527393315,-0.03710033774319089,0.010924762268715428,0.01347231170484334,0.0025475494361279164,0.090083822387804
,,,,-0.04173383921298649,-0.030548238584168188,-0.021478233328701506,-0.01949322382039613,0.024111912707222145,0.028086829994104962,0.003974917286882821,0.19529952580826068
,,,,-0.03943441744770503,-0.022477898644741864,-0.011668122096661104,-0.005854527118733746,0.02654465594731998,0.041688020293102,0.015143364345782005,0.32505104852076633
,,,,-0.04853367498524107,-0.012450207019682939,-0.027305380628185393,0.005867647672064036,0.02729802688209229,0.05767719233480641,0.030379165452714105,0.4388944880099544
,,,,-0.03255511592277508,-0.03957805958651082,-0.013664259147117793,-0.013665562367488698,0.03999793634598507,0.028354902819782868,-0.0116430335262022,0.18230340024968048
,,,,-0.060151371841036215,-0.012015855333050293,-0.04099053709287919,0.009765562318272409,0.034277121148090076,0.07302932981396115,0.038752208665871084,0.5494205728413072
,,,,-0.023120884172050986,-0.006003041677410423,-0.003909504007603921,0.0136865839849095,0.05625196823674015,0.049036669658868756,-0.007215298577871396,0.31175499031499165
,,,,-0.06609545074662766,-0.04198597522370264,-0.0351221455600806,-0.021470784350986434,0.044895722802200715,0.03474643253504745,-0.010149290267153268,0.20928867241574003
,,,,-0.05799939871102275,-0.05265437803990499,-0.04491537788930203,-0.044915913461076006,0.014241894310540692,0.0150493837077696,8.074893972289092E-4,0.09470463043905658
,,,,-0.08699074630814267,-0.12934354484018235,-0.07419461546384541,-0.13675350078903153,0.011826328872771054,0.01240862426921509,5.822953964440365E-4,0.07271846925864126
,,,,-0.09572751469844526,-0.0805525198503653,-0.0820113495895251,-0.07616320778182753,0.012360258880227477,0.014207533390880328,0.0018472745106528508,0.09103322224993533
,,,,-0.1533302901892611,-0.13476424110205182,-0.14453474065496102,-0.13866556179443354,0.008186647822083754,0.007165415529586401,-0.0010212322924973525,0.03840856851635888
,,,,-0.10358908880985165,-0.12767225956293196,-0.09763837682282753,-0.12694580498129984,0.02087182878207083,0.016886022670578066,-0.003985806111492765,0.09523004216945412
,,,,-0.0971920220136623,-0.06707200917745233,-0.07417848003880227,-0.05856269520126235,0.008349740824427639,0.00872760784194851,3.7786701752087206E-4,0.0613845968959054
,,,,-0.0980579025196905,-0.05908116405592651,-0.08200844883669868,-0.04882715219029036,0.0035866086131545174,0.0053676789187606395,0.0017810703056061218,0.038505419397446956
,,,,-0.10753336396750617,-0.050839657580655014,-0.0898223527673517,-0.037098995058014866,0.004297216117341291,0.005695207472257234,0.0013979913549159435,0.04586324752516448
,,,,-0.11918559113523187,-0.04768117248119594,-0.09763993620344172,-0.03710211116500283,0.0025241922616194685,0.004681406961347636,0.002157214699728168,0.035333892028656694
,,,,-0.09088531098474813,-0.05187434044340982,-0.07422777967661154,-0.042929547941810135,0.006168167747226711,0.008073534262233978,0.0019053665150072668,0.05091064368633307
,,,,-0.10023758871057009,-0.07893669223183847,-0.08982304131386994,-0.0722708776426583,0.005703222167237982,0.007114006037176691,0.0014107838699387088,0.04211824619960422
,,,,-0.10288741929776758,-0.096444633108537,-0.09960553676855982,-0.09961934540672049,0.004903429249001511,0.006671931948320874,0.0017685026993193619,0.04485009107149887
,,,,-0.10694139172942592,-0.08789947709679789,-0.10350897494724462,-0.095706414340166,0.0042063954783807395,0.007020776196200966,0.002814380717820226,0.048419302357931765
,,,,-0.07086983031669425,-0.06685884799678089,-0.060549066483348776,-0.05663855218612571,0.013932745056325704,0.011238003911690343,-0.002694741144635361,0.0566771436320782
,,,,-0.06048006627013863,-0.06987254097807988,-0.044913961304480415,-0.0566284860984079,0.016137090317620402,0.013419221691986331,-0.002717868625634069,0.07921945052188592
,,,,-0.0794068036601607,-0.08446818337545474,-0.07226442015561314,-0.08398163526694061,0.009630634238487897,0.008132436557657602,-0.0014981976808302916,0.04197530318996725
,,,,-0.12062752114500355,-0.10255630163559348,-0.11914030255683275,-0.1113450503008712,0.003955634711081453,0.00515963211791284,0.0012039974068313868,0.03198739556697133
,,,,-0.11167353417272897,-0.05638585574681976,-0.10351110796077582,-0.052745364169010524,0.005971782270612273,0.012106596948122245,0.006134814677509971,0.08045999580968184
,,,,-0.08331316246491655,-0.0458300784856821,-0.07617249030665955,-0.03711966577830171,0.027892502594252275,0.04036479508267539,0.012472292488423112,0.20647178144035988
,,,,-0.0813699083671264,-0.03474735977977325,-0.07420913600837888,-0.019524790141741074,0.008961308187452978,0.014042264715100785,0.005080956527647808,0.08936360968184447
,,,,-0.08842193096787442,-0.04695154042985605,-0.08009171620939332,-0.037101800563015395,0.005537392533422818,0.008768486846359932,0.003231094312937113,0.05932534874750533
,,,,-0.007720129919424868,-0.05291480460511488,0.005869703548470702,-0.04492366457438163,0.019848520575732193,0.012476678133416836,-0.0073718424423153545,0.06233349700122185
,,,,0.013520997731227814,-0.015499463833600433,0.02931106227095966,0.003936181708900036,0.061443491889766576,0.018129843123763242,-0.04331364876600334,0.06786196230789378
,,,,-0.03471672855822339,-0.055224580409704516,-0.021463584498532758,-0.04491935994596019,0.008136395268180236,0.005434075923501816,-0.002702319344678419,0.028378464148498365
,,,,-0.046617425364958665,-0.07481551525375654,-0.03710786184237254,-0.06837097443036559,0.004866282204207715,0.00466173268268138,-2.0454952152633595E-4,0.027326467947763496
,,,,-0.04033452944715751,-0.07973659738083892,-0.02929650963697538,-0.07420832008302923,0.007804696173234285,0.008077122797444136,2.72426624209849E-4,0.044811625406475084
,,,,-0.05408741425911625,-0.07731953695283186,-0.04491773500632006,-0.06835335920533703,0.004127449117732194,0.00582955643898239,0.0017021073212501968,0.03318079949056897
,,,,-0.049936288233168265,-0.06651593632850422,-0.03709601354453536,-0.056613594706603924,0.007557874842167102,0.013332949921965443,0.005775075079798341,0.08719661850041291
,,,,-0.02834384619606596,-0.07132632912054843,-0.017569360333658236,-0.06055217064533512,0.011331030033194717,0.012580607314116535,0.0012495772809218192,0.062168993253160616
,,,,-0.03548096530804812,-0.07832262029833977,-0.025387260299899177,-0.07419753698975703,0.012576358022478255,0.013906629794238042,0.0013302717717597887,0.07090414543918228
,,,,-0.045853973410974656,-0.05347571913654541,-0.027352293874311387,-0.04492087608224212,0.026846585802182008,0.028858078786558862,0.002011492984376842,0.19043254467587528
,,,,-0.04959895887225711,-0.07351577469012041,-0.03513177504038673,-0.06640482402158282,0.006833702246602981,0.009215781588168742,0.002382079341565762,0.05504106180046654
,,,,-0.056065142847865415,-0.08692466575697025,-0.04295264922580328,-0.08203621211424626,0.007789403122926151,0.012203439048384378,0.004414035925458225,0.08226992782142323
,,,,-0.07013753070035585,-0.07389468294845682,-0.05856889723799097,-0.06445108707611301,0.003323751778901869,0.006500403790286377,0.0031766520113845065,0.04548466080759033
,,,,-0.08076510942739328,-0.07374081074737847,-0.05858002144724353,-0.06053277117461264,0.0052845296508725,0.008958828611643044,0.0036742989607705433,0.07319142044083352
,,,,-0.05765962778476536,-0.0758832996326014,-0.044921558337737776,-0.06053923488224629,0.003393467675448274,0.006557119434797265,0.003163651759348991,0.048624474660314825
,,,,-0.05027345411525373,-0.0796018019913978,-0.04099815984329432,-0.07225770186822662,0.010802915394413635,0.016370970229796736,0.005568054835383103,0.09218081455406142
,,,,-0.05772251330221717,-0.07810964774419826,-0.04490459723293824,-0.07226087616980612,0.006751324398216023,0.011788447162516412,0.005037122764300392,0.07602065518375563
,,,,-0.09115018966242375,-0.08612469890642259,-0.06833995364082456,-0.07421478723819162,0.002908034189728678,0.0069006515124388195,0.003992617322710141,0.05124058501665179
,,,,-0.06964108529620767,-0.08702176895950274,-0.0566278236830476,-0.0800879866751736,0.0025200339397745985,0.00546087638545956,0.0029408424456849602,0.04131600989865854
,,,,-0.10941775374907523,-0.10262347135367644,-0.09177894699720494,-0.09180755122782379,0.001132957295253923,0.0047451108446638765,0.0036121535494099536,0.040296967580997205
,,,,-0.11851690242645915,-0.0880048040698138,-0.09568687201954142,-0.0761578851304565,4.5505224706847696E-4,0.006039672817171245,0.005584620570102768,0.05770264528125133
,,,,-0.07599332542844349,-0.07895321809880043,-0.060539202959672814,-0.06835541882585702,0.002460647947002733,0.005906171836064155,0.0034455238890614224,0.045607966761625256
,,,,-0.0733048542416009,-0.09248918135168423,-0.050757543585177645,-0.08007694510332362,0.007138355193066112,0.01228064688317186,0.005142291690105749,0.08385294239487165
,,,,-0.029236596832887134,-0.0789737777133749,-0.01367035957862493,-0.07225729951319643,0.012875201087152876,0.01049645992077291,-0.0023787411663799677,0.062153924173622
,,,,-0.04397161727849508,-0.09380768783554601,-0.03709932092514772,-0.08788017400688707,0.0038558171362464842,0.006073203011500741,0.0022173858752542563,0.039970641524719956
,,,,-0.05631959832675744,-0.08404239153175624,-0.04492249255926387,-0.07616609824608396,0.004204719870429002,0.006756414649117027,0.002551694778688025,0.043176454491692814
,,,,-0.009913809812049071,-0.05216595504016549,0.005849197203805912,-0.03711003130769804,0.038507888581322036,0.012545702904882057,-0.02596218567643998,0.056839610717108385
,,,,-0.01613786628489539,-0.062534648581152,-0.0058574944766326895,-0.0507624069041947,0.02641239385566007,0.016414605058620812,-0.009997788797039251,0.09222297664331869
,,,,-0.027861359608515192,-0.08298903560636167,-0.017579324961458996,-0.07228002904607041,0.021768752692389794,0.01682428033637879,-0.004944472356011005,0.09741736684167693
,,,,-0.03759362557517466,-0.09018476639518871,-0.025392000453375724,-0.08008264841591944,0.005807489398785708,0.00825086247774691,0.0024433730789612013,0.06293775323217471
,,,,-0.012178560732054602,-0.07477716925363456,0.0019269729979186233,-0.06836373674335516,0.02429088960203709,0.01056064799931851,-0.013730241602718586,0.05639696081233589
,,,,-0.056785598100315124,-0.09714457970037989,-0.04294235598198595,-0.08787869823055289,0.007104274543552991,0.005929792136422739,-0.0011744824071302509,0.0412100740875682
,,,,-0.02785107408766411,-0.07022209068899073,-0.013659669284237615,-0.06054496246896925,0.009731363510060244,0.015889596714067245,0.006158233204006994,0.13035599533530878
,,,,-0.09315031989184466,-0.07784347993179695,-0.08007217263493312,-0.06835547439152471,7.724969886628699E-4,0.003749396428125627,0.0029768994394627573,0.032603845486177625
,,,,-0.0797135803227636,-0.05314393315284409,-0.07228281050530122,-0.04101514168384239,0.008567775900144356,0.005634901816859009,-0.0029328740832853485,0.04255618989130688
,,,,-0.08404457028176006,-0.045232931753495305,-0.07614404160651679,-0.03710518389146309,0.0017544820936869212,0.009567531380592124,0.007813049286905202,0.08575327477458201
,,,,-0.12183613171471538,-0.055598933121632235,-0.09960449138244962,-0.04099827569250331,9.053111883487251E-4,0.004709801122371647,0.0038044899340229222,0.042337230047070414
,,,,-0.09464817727955765,-0.09194595038448371,-0.08007836692445602,-0.08008397773327364,7.445160430297807E-4,0.004018592569956868,0.003274076526927088,0.035529424730117484
,,,,-0.09542949573050238,-0.09460607311246552,-0.07616472756387177,-0.08788273878468819,0.0010167565107922169,0.004146744417504242,0.003129987906712025,0.03436128547010921
,,,,-0.05402944681159332,-0.08117449804778752,-0.04101198569057029,-0.07225860567247537,0.006460190943505092,0.014468519521846789,0.008008328578341696,0.12146389285309064
,,,,-0.03924550526123905,-0.08002849260278452,-0.021470756243521096,-0.06836093959981134,0.013933620402355826,0.014688583141795192,7.549627394393647E-4,0.11041871058755945
,,,,-0.05563881032513316,-0.11466237044311056,-0.044913131588627295,-0.10742168229648319,0.004815395557614951,0.0054019586919536655,5.865631343387146E-4,0.03584758824873912
,,,,-0.030029623582503,-0.05286302911973727,-0.005859998937738354,-0.021468822318141755,0.05403939850399929,0.025312594902086375,-0.02872680360191292,0.1433625149877203
,,,,-0.04959470360175135,-0.0472002471785329,-0.021467585440427508,-0.02147285683993664,0.054163251695430584,0.0343793009264717,-0.019783950768958884,0.17641685179867733
,,,,-0.07323104105682958,-0.0965229766926135,-0.06053474334216107,-0.08790388926458605,0.0027364587165728004,0.00652110967421769,0.0037846509576448892,0.0461994851952228
,,,,-0.10109259025705747,-0.05834191845563926,-0.08396585506948638,-0.04489784019249481,0.0028083325888117673,0.007184149180226467,0.004375816591414699,0.05128928344183311
,,,,-0.09747753267098788,-0.04794383343339263,-0.08398314393199557,-0.03320779341106394,0.0028712817396928715,0.006321446109168446,0.0034501643694755738,0.04647391272067007
,,,,-0.09882252762426492,-0.05800743202613448,-0.0761441982029462,-0.037099644945843564,0.004216700708799352,0.007035637523995829,0.0028189368151964778,0.055566148948213996
,,,,-0.10599690706646149,-0.05677134891614178,-0.09176342800521081,-0.044915141246079815,0.005879314848105347,0.0071148170789100415,0.0012355022308046945,0.04421360621955602
,,,,-0.09309824272330831,-0.10505488947078176,-0.08395429672228852,-0.08789474317979011,0.003505883968855603,0.00524389667372968,0.001738012704874077,0.03293433701010303
,,,,-0.04463288819207145,-0.06488929101684393,-0.029285937755619107,-0.04491141621366981,0.00748283608951869,0.00872226108089131,0.001239424991372619,0.04430940125245552
,,,,-0.01914004731036976,-0.03552922929571252,-0.009802216381770791,-0.017594507483823553,0.06659318456740475,0.04045321363463577,-0.026139970932768996,0.18463751050991936
,,,,-0.0739981894814463,-0.07001929074683505,-0.05076718727202763,-0.04293806461218888,0.049149081724674255,0.0439037049174749,-0.00524537680719936,0.24986097524196332
,,,,-0.13706997207916036,-0.06311999394099203,-0.12305527422013189,-0.05273032919642145,0.002397068603684804,0.005297875589345276,0.0029008069856604718,0.038228737265281296
,,,,-0.15216332886307068,-0.06652462211625428,-0.13085292128955361,-0.060548210487175895,0.0018758754923122276,0.003788872824000644,0.001912997331688417,0.028398009892487672
,,,,-0.13138026622294136,-0.08259648329497851,-0.12111738342004884,-0.07226523493369477,0.004196298387825889,0.006399334794313342,0.002203036406487455,0.04032996118447595
,,,,-0.1340707274789197,-0.06065763381078345,-0.12109010784460639,-0.05273972000456995,0.005275154433330236,0.009139349449784473,0.0038641950164542372,0.05507671307347806
,,,,-0.14163820234605695,-0.0779507234703419,-0.14257423354053533,-0.07224970310410432,0.003537597865128172,0.007115261469973094,0.003577663604844922,0.04852943276491232
,,,,-0.12217998688033438,-0.07221703243702364,-0.11914208141971033,-0.06446238351607192,0.002761505203368368,0.00617009889105793,0.0034085936876895625,0.042526173021115304
,,,,-0.11040966651706907,-0.0438670834402333,-0.09766044825592893,-0.03320050000384316,0.005770358657753064,0.011185427686196577,0.005415069028443513,0.08259674789620107
,,,,-0.1118077180579227,-0.04631080356117331,-0.10352158382221816,-0.03710385377394089,0.0048690399504852915,0.00900056645692615,0.004131526506440857,0.05995759099606305
,,,,-0.11347328577318737,-0.035393860760703055,-0.09763462219419279,-0.02537829486583724,0.005250735011852484,0.010875304417161532,0.005624569405309047,0.07900338670775527
,,,,-0.08066672515276167,-0.026827966984172003,-0.06447580425286463,-0.01756318403274991,0.007801074274336595,0.014094920863720476,0.006293846589383882,0.09504432386904575
,,,,-0.10142578898202774,-0.07720830345194406,-0.08789353791146079,-0.06640783253980467,0.01602850123300256,0.022867542744129356,0.006839041511126795,0.12328228993231409
,,,,-0.011490348250570598,0.013287225033534864,0.035210997988873075,0.0351912947114577,0.10881103595221477,0.08100800074166521,-0.027803035210549557,0.5062028047613181
,,,,-0.08555687208657423,-0.05797428883508737,-0.058572746282198565,-0.04101001723055689,0.023235282629539722,0.026203397644752272,0.002968115015212555,0.18486000894923135
,,,,-0.03611352090134041,-0.019428219621597322,-0.013663685456053757,-0.0019451755931512015,0.059498871658944186,0.055710496594962584,-0.0037883750639815935,0.3637394871601461
,,,,-0.062056047273012546,-0.02026327731045099,-0.03710878678278585,0.0019831640556509426,0.031156612511240543,0.030774045125892886,-3.825673853476574E-4,0.22889809818830725
,,,,-0.09346540915366343,-0.028882241211863863,-0.06639535679171427,-0.0019500460333934098,0.03352044382532098,0.02729214097411457,-0.006228302851206424,0.16471564903254646
,,,,-0.1001413940556955,-0.07611857962562031,-0.0976735032746631,-0.07423150924791214,0.009211731013275253,0.012929381941592903,0.0037176509283176496,0.08426714230922785
,,,,-0.08413701893865388,-0.06679334530229546,-0.08399264093668561,-0.06836712866694501,0.01158270679320045,0.018237443159702285,0.006654736366501833,0.11775035274580953
,,,,-0.06126986396414457,-0.03278335716679243,-0.04882090669921196,-0.017578580503389347,0.031797024699821666,0.02004862036714557,-0.011748404332676092,0.09887752715348627
,,,,-0.1030283537473545,-0.09327367835127563,-0.10550027290391747,-0.09961215612685155,0.007315028863340087,0.00879292561802839,0.0014778967546883032,0.05035247983841593
,,,,-0.08478695387300463,-0.05717012806293154,-0.08400154319984776,-0.052722912739039486,0.015523378488795233,0.020372842461985147,0.004849463973189914,0.10109480839584771
,,,,-0.12143428515312925,-0.08825700008672666,-0.1289097865935174,-0.09572993488032087,0.0072010379387869574,0.011466573686431189,0.004265535747644233,0.06811190984960096
,,,,-0.11702005525977228,-0.09761867297043861,-0.12308903829628205,-0.10743562245619913,0.0070405414977918745,0.0097330875542286,0.0026925460564367256,0.05203446751729045
,,,,-0.0949245915998508,-0.051485367475281665,-0.08790914556075989,-0.04101512267577355,0.006041970759660435,0.007139489912898451,0.0010975191532380147,0.04624706966934869
,,,,-0.11054625233379815,-0.04173119246819189,-0.09569919337405439,-0.021470632205013326,0.007970647547775652,0.008917961771190277,9.473142234146246E-4,0.04984278742167559
,,,,-0.021199729472820363,-1.8312428886353886E-4,0.027414078401953812,0.03322580212212225,0.09902617736351782,0.06525470872386731,-0.03377146863965051,0.3900960954352794
,,,,-0.06177383700399973,-0.047745491659007835,-0.04100927764851521,-0.021470136018309285,0.0188251944043347,0.012796700962519185,-0.006028493441815513,0.06502397685085332
,,,,-0.10180329077331658,-0.06646054319477127,-0.09570799440732375,-0.06445357517447008,0.005198160281451027,0.007949758522947476,0.0027515982414964488,0.04997880223164392
,,,,-0.10373618270870812,-0.08623181287552031,-0.09961535518945434,-0.08787560601172986,0.00876518126951034,0.007889462403657645,-8.757188658526933E-4,0.034740800049332575
,,,,-0.09466517289613631,-0.07356352022971763,-0.09569505702046506,-0.07616233721804534,0.010480605210868505,0.01163356525395679,0.0011529600430882833,0.051351167263822585
,,,,-0.09547914961014492,-0.06787823541175776,-0.09766773107824465,-0.07423316250133417,0.005772877294849271,0.0082513732024622,0.002478495907612931,0.04727048353939139
,,,,-0.09170387311121572,-0.08002879869897346,-0.08789413896943742,-0.08203994848504637,0.0067963233949651595,0.008851467525480185,0.002055144130515025,0.047605826563581824
,,,,-0.086388508848857,-0.07359189315129797,-0.08007234304881343,-0.07424139286222772,0.015149218849600438,0.012931326463361436,-0.0022178923862390012,0.055372894459385556
,,,,-0.08442832853339903,-0.04977276001013292,-0.07420649165101054,-0.04100234757433187,0.02436857073487462,0.029577349672063095,0.005208778937188473,0.2093649924511333
,,,,-0.0906276711161547,-0.0784636594608648,-0.08200561247826053,-0.07420914196572818,0.013657977701640706,0.011787037897869933,-0.0018709398037707722,0.04971112361009689
,,,,-0.13041891639413328,-0.104764081518983,-0.12110812822600782,-0.10351784209822187,0.015573821538106273,0.012550430546099181,-0.003023390992007092,0.05267261494458011
,,,,-0.0777903054983821,-0.08325163252292567,-0.07227656734971509,-0.0839834850063596,0.011891808884868037,0.011932281016288735,4.0472131420697466E-5,0.046549006625682475
,,,,-0.1279757331053377,-0.08814504444838639,-0.1074219659361313,-0.0839800707374597,0.007445515314970045,0.008699581580417776,0.0012540662654477329,0.04894219560810009
,,,,-0.11060807522490759,-0.0871297975200658,-0.09960656301218195,-0.08397500366730085,0.008826348489351541,0.007940040159361741,-8.863083299897996E-4,0.03146129449180219
,,,,-0.09277149690713477,-0.08682456549267518,-0.0741955823802153,-0.08007619236964453,0.011400327264194996,0.011524699533495646,1.2437226930065026E-4,0.045387631981481054
,,,,-0.06337177418337918,-0.05244388622480534,-0.0488208847532724,-0.04101546548458105,0.010377624941770022,0.009431920420175693,-9.457045215943289E-4,0.047588378560438106
,,,,-0.08409584287980847,-0.07551644635180185,-0.08399556915250748,-0.08008086648592778,0.009782146088177849,0.00987366122235941,9.151513418155932E-5,0.04312162632905415
,,,,-0.06210025171801644,-0.05897110812763481,-0.05273271452983486,-0.048827455845783393,0.04210579902300694,0.02152536278636401,-0.02058043623664293,0.08999627943939612
,,,,-0.03946032542212556,-0.020539591972797127,-0.003928924350422498,0.0019593876725813894,0.08199825941369461,0.058979985569574345,-0.023018273844120245,0.3740306892878071
,,,,-0.042930037331544046,-0.039126366675912995,-0.027312505498369853,-0.02731488054390654,0.051214766599782184,0.04720783220212742,-0.004006934397654776,0.20532310893718905
,,,,-0.06313602407534197,-0.07317009119454006,-0.048816983843903664,-0.0644656908414588,0.01808347840632208,0.011959839539607765,-0.0061236388667143165,0.04323780928184729
,,,,-0.0477042872160395,-0.07182980316518807,-0.027330293292443193,-0.05856668649857291,0.04349986881994319,0.020125454158182,-0.02337441466176119,0.05169443449261573
,,,,-0.09148859721381614,-0.09620461506346409,-0.08201503380431814,-0.09569056773796761,0.010741805849528135,0.009714747055752666,-0.0010270587937754707,0.04168255682945056
,,,,-0.12247315873299762,-0.0908426330609732,-0.11132219778478103,-0.0878954175360271,0.010975322778394256,0.010349731851815909,-6.255909265783476E-4,0.0471924308779109
,,,,-0.05184041657618083,-0.07694989245608093,-0.033210414503093415,-0.06639417730189706,0.04090610621145926,0.01223235383933503,-0.02867375237212422,0.02861660894407437
,,,,-0.03902807943409878,-0.055070385672700554,-0.011694718810408818,-0.037115743731514474,0.058109522702681715,0.04343344398403856,-0.014676078718643123,0.1863109915631626
,,,,-0.040175513957733326,-0.05505572639128051,-0.011663657485392592,-0.03709642419315145,0.0649488412517675,0.02729944984303209,-0.037649391408735425,0.10555811707637487
,,,,-0.05225553397613195,-0.039413507563352004,-0.0038792467064873476,-0.011706432160524465,0.09161337033035655,0.06629697561664827,-0.02531639471370826,0.3469942621444457
,,,,-0.03700910799722666,-0.03457318430785862,0.003922078810885353,-0.00978864879413149,0.04693756490951047,0.025094989445855233,-0.021842575463655235,0.14547677755879446
,,,,-0.1236817683980766,-0.12423428800282862,-0.11327231722269901,-0.1210977906482214,0.01720611127375857,0.014445864413405852,-0.0027602468603527184,0.06854147212971831
,,,,-0.09549014488986328,-0.09998736606766079,-0.0800707373519717,-0.09179967999377305,0.023617716912946965,0.020704594940624495,-0.002913121972322473,0.10330935391305454
,,,,-0.07895259024243494,-0.09256458291494624,-0.07224794381778142,-0.09182414102889842,0.02291216354085063,0.021735123993784043,-0.0011770395470665897,0.09851598148413993
,,,,-0.08975800920883414,-0.11890790910770249,-0.08983070664623717,-0.13476458973329494,0.041841960368037515,0.05946081010459204,0.01761884973655451,0.3840725477034371
,,,,-0.113150732165265,-0.15327519808224638,-0.10545248240627139,-0.16601562894089522,0.01765939497693021,0.01726932325337997,-3.900717235502393E-4,0.1104285097095826
,,,,-0.12883565050032766,-0.15217419692188014,-0.1288989481805885,-0.15820482126278,0.023126138474695968,0.01568084082371422,-0.0074452976509817494,0.0652352367157013
,,,,-0.11661422326137932,-0.1010445875115879,-0.1054818286283562,-0.09179561829189925,0.011036879200192239,0.013638848599993755,0.002601969399801512,0.07621325335559125
,,,,-0.12202647211628397,-0.08187351690542952,-0.0976603875753113,-0.068363129641315,0.03869878230919558,0.041518281858125665,0.0028194995489300746,0.3232795303437472
,,,,-0.1064066689519382,-0.09951547285569551,-0.08984056594492539,-0.09569926797685986,0.0534850483940015,0.05249697773385666,-9.880706601448385E-4,0.3666002059102601
,,,,-0.1403916487836097,-0.13792487817204335,-0.12892450483156695,-0.1347823956240278,0.040477838072173505,0.025144038178732574,-0.015333799893440924,0.1451536779890539
,,,,-0.13600058175861557,-0.13314067879985775,-0.13866208277651385,-0.13475775490146535,0.024640172789115636,0.02066889936813172,-0.003971273420983917,0.1082698880753393
,,,,-0.07753042219256129,-0.09723046891759438,-0.06445303717712832,-0.0839781486272762,0.05527464839208906,0.05490065119934874,-3.7399719274031355E-4,0.3698801041053862
,,,,-0.11819933093520228,-0.09825600429605778,-0.08398368084135885,-0.07613534201891616,0.04461521576112919,0.04922473632626105,0.00460952056513187,0.3507866597938375
,,,,-0.07288036998750719,-0.06105004587391983,-0.06054554012679278,-0.05664736738186224,0.022656181876662573,0.026374638338953316,0.0037184564622907436,0.15665877409442325
,,,,-0.05327726181801624,-0.04894631636618023,-0.04491605753499746,-0.04295632467794425,0.029529111835042067,0.03793072827639907,0.008401616441356993,0.2154743992808075
,,,,-0.12589004004815904,-0.08978129494505131,-0.11913337288622634,-0.07226590026271495,0.03958873996520694,0.02385186126118863,-0.015736878704018305,0.14683552221096824
,,,,-0.08552713842060053,-0.07854198138579895,-0.052731792747114405,-0.033207561128777784,0.06103059337268793,0.06509066096183565,0.0040600675891477285,0.3902263903738241
,,,,-0.08984185569198122,-0.07503791974621084,-0.06835111319083405,-0.060516724025657165,0.02137332904631774,0.0330732566950683,0.01169992764875055,0.23367626024494537
,,,,-0.046715283969026314,-0.03464149738016658,-0.0253756048542625,-0.017570669604923508,0.027539134276432467,0.04354298941549378,0.01600385513906132,0.3304255017625962
,,,,-0.011159868292725547,-0.013328997116315848,0.0019260986296195145,-0.001958501662991398,0.03836509214326708,0.06279614711975133,0.024431054976484234,0.460454565180118
,,,,-0.030805761784539403,-0.03532167570762664,-0.021474045604203056,-0.02147105231946888,0.012543555776667808,0.01713076181466542,0.0045872060379976085,0.11658445488446771
,,,,-0.023728944800979167,-0.01423884142168669,-0.01168972301636312,-0.0058769911864791895,0.08246272743867386,0.11419142219307271,0.031728694754398865,0.573839080539314
,,,,-0.006852157339384826,-0.014666312900520463,0.0019217964235274968,-0.0058562001960070454,0.02042715626362446,0.027989640214619214,0.007562483950994759,0.1738264432029608
,,,,-0.013819086897855194,-0.029564983900008737,-0.005850736309750203,-0.027334478423772488,0.023930341025410595,0.020269895656127624,-0.003660445369282971,0.10112534055587528
,,,,-0.006146775320490791,-0.024387992151230168,0.0038910223484461665,-0.021482588175563495,0.05143038727570274,0.04494553564576873,-0.006484851629934007,0.1616441094271
,,,,-0.023363626454033313,-0.02560937730373435,-0.0214738413918595,-0.01952768548745363,0.030567603622064177,0.03359860026247061,0.003030996640406431,0.12803837797770468
,,,,0.012719018185611613,0.0074283467445753195,0.019530425087835465,0.011744194686371957,0.06358699347648374,0.0700590043170202,0.006472010840536468,0.3488713157021124
,,,,-0.005856571049746083,1.744651760151963E-4,-0.001992798425567578,0.0019341109331309223,0.053033992632305134,0.06616917685185991,0.013135184219554749,0.365001896832522
,,,,0.02066747507077944,0.01912056831564371,0.0273371342137404,0.01952726512060355,0.2165226867828246,0.2071689521457412,-0.009353734637083454,0.48913963707413005
,,,,-0.013664130428907864,0.0016797565395300768,-0.0039165917844746,0.011743618509305219,0.14059843751667792,0.1574104860758108,0.016812048559132844,0.44882450223545434
,,,,0.027641766205890116,0.03985360315688513,0.03514832763660967,0.04295519156225194,0.23330875837473802,0.27191565716720706,0.03860689879246898,0.7847120154438946
,,,,0.04803724535970782,0.06273468847905676,0.08206100797778122,0.0820583770144508,0.4087777766806755,0.4286627721215857,0.01988499544091015,0.8473702659486204
,,,,0.060911024759066235,0.05782105026710336,0.08204372055536782,0.07424516015514386,0.40715919904884823,0.3727878996201803,-0.03437129942866798,0.5990537114712179
,,,,0.03197800549703963,0.03455187413001503,0.04298707488347063,0.04298964588673207,0.22332163176807807,0.23893793400735003,0.015616302239271984,0.8068743115251172
,,,,-0.04970713091729974,-0.032460686666457995,0.003940051198563519,0.00393569755059016,0.0815556304688052,0.07341483609846088,-0.00814079437034431,0.46221293601108615
,,,,-0.09128587514100835,-0.04833040278083081,-0.05076541933014141,-0.019500411502097498,0.042725059400242286,0.048651234111886564,0.00592617471164427,0.3572375804508947
,,,,-0.04424917132173065,-0.027554199879119803,-0.003912150727206239,-0.009757763417471556,0.09284549847750491,0.07443476416271362,-0.018410734314791285,0.32038301444299866
,,,,-0.09638800705058344,-0.08159235981784965,-0.11329424517360999,-0.08986756419016802,0.06020308360843051,0.03148790919765211,-0.028715174410778404,0.07849834166098385
,,,,-0.08672751622125886,-0.06707139423900862,-0.08200330152581971,-0.05857710232367983,0.04153785537267373,0.039902194772373334,-0.0016356606003004018,0.14096476020756826
,,,,0.013427496626337358,-0.007037622801118387,0.021499714029731807,-0.0019673794716293645,0.07351161312558523,0.06721007082996322,-0.006301542295621993,0.42935041138129004
,,,,-0.014771134092590127,-0.03588070432496519,-0.005851394087856426,-0.033206821443946176,0.03651427091173806,0.02194830709415536,-0.014565963817582706,0.09411803647854755
,,,,1.3446344402686533E-4,0.003746034763344457,0.005861199902496252,0.0019332210928173798,0.06931125369891762,0.1014510389846889,0.032139785285771244,0.4655729563019507
,,,,-0.02079122321993022,-0.028815532092005738,-0.013673468014747786,-0.02928423327811222,0.06241253715653043,0.07802839400576081,0.015615856849230397,0.3117049449636178
,,,,-0.010264354648485033,-0.001885380622504202,0.011750394995693757,0.029278943544940657,0.09479336460360348,0.10457583479956342,0.00978247019595998,0.5170199575624461
,,,,-0.013534813096920797,-0.0336985534390347,0.005875297082676347,-0.009756940903394355,0.03957195391640247,0.02234718585243917,-0.017224768063963294,0.09929045058696373
,,,,-0.07168215084259266,-0.05729586816574621,-0.05075110156093587,-0.050753579377351185,0.02752795203793847,0.032677264093093274,0.005149312055154802,0.17923462631022002
,,,,-0.037266328602642854,-0.03776949593827853,-0.02928420276517278,-0.02930132031568674,0.02700183990846712,0.025836847121048653,-0.0011649927874184634,0.12365193620610311
,,,,-0.044524891018205705,-0.014677342859441188,-0.029287228922517613,-0.009755249352704793,0.06749454834894295,0.07675028172398032,0.009255733375037375,0.2300471377318343
,,,,-0.06253205706297396,-0.05022679124147012,-0.05663886708178683,-0.048838118040613686,0.029769431173521606,0.031036276060084054,0.0012668448865624498,0.09176878428593005
,,,,-0.042950450229774485,-0.01911262478483131,-0.04101668496445836,-0.013662553708133244,0.013598560949410548,0.016368595742018446,0.002770034792607904,0.062440422611591974
,,,,0.01475683272051547,0.006371287596898306,0.025393976439030755,0.017586084730527772,0.09289111106426787,0.05122660183563357,-0.04166450922863428,0.205485431986506
,,,,0.01385596326694778,0.004816054799106166,0.025399736064110463,0.017585750090459644,0.08074496936187865,0.04034430063829335,-0.0404006687235853,0.14268224081950612
,,,,-0.0039656009842774075,-0.0065131004031017915,0.0038760546752473406,0.0038997719750667264,0.05395033151536109,0.03968307144669981,-0.014267260068661296,0.15236644972049448
,,,,0.029777506963296507,0.03329403523544015,0.03711905857095961,0.04101905227968636,0.12382272822700277,0.2485940550480755,0.12477132682107271,1.7638738867610957
,,,,-0.013761325394893083,-0.005410542625566382,-0.005868398978994923,-0.004007495746451211,0.030356941794948213,0.01926423425640052,-0.011092707538547695,0.08708621918172257
,,,,0.009622639390901185,0.002278557329945647,0.017588942885848318,0.009780948732752119,0.03905170144881043,0.014694075477065333,-0.024357625971745102,0.051839637300068034
,,,,-0.0017534941306541784,8.001150931948567E-5,0.005881276896240089,0.013672294934032398,0.06313790387947732,0.08063225991696328,0.017494356037485958,0.5222517366047178
,,,,-0.010398389366933087,0.0018338063418329809,-0.005865408699922739,0.01368774991877883,0.07082730390372202,0.07077209158267322,-5.521232104881005E-5,0.37073625463792104
,,,,0.036148128819911536,0.02930503758066474,0.04101282876333485,0.03321214764879663,0.19438973878412513,0.15591369197267893,-0.03847604681144617,0.5819967069418199
,,,,-3.4325266145265643E-4,0.005977555035179067,0.009770859397248706,0.013679014378254617,0.07644851021537569,0.10433635269053075,0.02788784247515506,0.623751542958398
,,,,-0.0071773313485513695,-0.006596462734924438,0.0019144492508474196,0.005874914836630977,0.048661187517659805,0.03290670390361455,-0.015754483614045252,0.16828114891428084
,,,,0.036729046169824045,0.014297450400995875,0.048837295934596285,0.025410765549812968,0.1714983429292258,0.07407591912974591,-0.09742242379947985,0.22664671782076973
,,,,0.061771056882992496,0.0658724714738161,0.07226919436949172,0.07618071377339812,0.2983191303209783,0.3878916938414721,0.08957256352049375,1.9415940205713584
,,,,0.01236748439302933,-0.00747237610415168,0.025402530356521784,0.0058562996809208645,0.07534336043740697,0.03286441976541166,-0.04247894067199531,0.09533364521597006
,,,,-0.004169554763481816,-0.01400562197277767,0.0058548121517358,-0.0019698483325655616,0.06892552375117661,0.04925705821577257,-0.019668465535404044,0.18539187206264177
,,,,-0.027699000772670315,-0.022460346641003267,-0.021467676039564506,-0.011699687788552649,0.018023661627447923,0.024051738329028814,0.006028076701580891,0.14280088984496447
,,,,-0.0015915010132431123,-0.003511965866536959,0.009773175975514407,0.005863093566736991,0.03991738660821174,0.035064410885385464,-0.004852975722826267,0.22893579832069064
,,,,0.002192505501449999,0.015597837141614298,0.009778686025631632,0.025400740793794313,0.05528768574111487,0.0654002474705769,0.010112561729462042,0.44828432780324184
,,,,-0.0011417799227098455,-2.3896336999057186E-5,0.0058645580682051375,0.011749118153882914,0.05737944805713244,0.05596619080847068,-0.0014132572486617572,0.3532058719046907
,,,,-0.019805531775562765,-4.0902472586220115E-4,-0.011689551376389804,0.011734215775092777,0.040134197699667945,0.05072566986804176,0.010591472168373807,0.3207564886441189
,,,,-0.007103910173145712,0.016655489429526694,0.003895980429196103,0.0273865052544255,0.038435266877207455,0.04455030431680957,0.006115037439602114,0.27944485322672746
,,,,-0.008522651735727102,0.010197110170569856,0.001942565970764773,0.0254113640503037,0.008530278683698246,0.018487457190716546,0.009957178507018303,0.15149697977208293
,,,,-0.02725133680201678,-0.01238469144944334,-0.009754627628147064,0.00394656047505014,0.040377307094802785,0.04276376579486313,0.0023864587000603484,0.1657792720948157
,,,,-0.004637434985810334,0.013388631221569344,0.00587949700436414,0.02739674280136535,0.04932551506221281,0.06934662769230324,0.02002111263009042,0.4270169382017302
,,,,-0.006826048657267777,0.008587533510256377,0.0019266385087332364,0.0273937472198448,0.07348325449746597,0.086871292711502,0.01338803821403603,0.40187825893166274
,,,,-5.43650839042152E-4,0.003169191644840536,0.009778601622450573,0.013686599135317614,0.0661509024838275,0.0646960350390834,-0.0014548674447441082,0.3084864768174427
,,,,-0.023926838138733482,-0.01820239684287402,-0.003920805456762723,-0.0019617712617060693,0.09806121634761587,0.0648667186691361,-0.03319449767847978,0.26245691058459003
,,,,-0.039384481914091274,-0.02145606613976813,-0.009784505031592885,-0.005839786322093284,0.05772396630418833,0.060824881295700996,0.0031009149915126703,0.3309194159633581
,,,,-0.02583222693944379,-0.012015995478311685,-0.013657957912051667,0.0038956665016773133,0.13351099405824027,0.1508440516236856,0.01733305756544536,0.6289478355459126
,,,,-0.04509592308908012,-0.043551740247114196,-0.04102357117061943,-0.0410139950849637,0.016266743921108624,0.03417760823219011,0.017910864311081486,0.23720878185785757
,,,,-0.030990781232438213,-0.015187206752736394,-0.0253723641407975,-0.009761281747118341,0.03305965107538051,0.05994286472599936,0.026883213650618853,0.40861113849476344
,,,,-0.013939670137189717,-0.00945463471589799,-0.005847015300734134,-0.005847978816680743,0.0814580163973355,0.09190633145061278,0.010448315053277283,0.40184559216759147
,,,,-0.043571044570333485,-0.026280573842590624,-0.04102436018971213,-0.021481776247639715,0.021304909151953433,0.0339601374048708,0.012655228252917363,0.23029689762022926
,,,,-0.07532264547401975,-0.05308700243756017,-0.08009192437711041,-0.0585857238141072,0.04521256379619814,0.05167549426732445,0.006462930471126316,0.23098470159132323
,,,,-0.05593352173869097,-0.018456095121033914,-0.060564432780167654,-0.011714767696702115,0.0483622597130095,0.06167154088647498,0.013309281173465476,0.29932811105784923
,,,,-0.05631569794973785,-0.006881125677184101,-0.056645658843493735,-0.003930609714040036,0.0392298378655686,0.06312996264913837,0.023900124783569773,0.36493326198758724
,,,,-0.01075838185395576,0.006093621582030823,-0.001970517681825341,0.013677909161486567,0.037508666417005766,0.0811700387137593,0.043661372296753535,0.6269342917030695
,,,,-0.01820481320361201,-0.011380340169264586,-0.01367064321930905,-0.005852078359455548,0.03728951812386464,0.059057513373577,0.02176799524971236,0.4403351123157311
,,,,-0.010652731593019531,-0.009858747428344476,-0.005845414917753211,-0.002008610330683276,0.06380362554387908,0.06662257397274302,0.0028189484288639183,0.3846583386544138
,,,,-0.001397517253978172,-0.004359667734153372,0.0038959612409006097,0.003900765693358171,0.12383779211908494,0.10214935189950358,-0.021688440219581363,0.44354230822873847
,,,,0.010591267019324302,0.014787952835126638,0.017572922876817804,0.021491156210215124,0.12046050675292061,0.12566987418497808,0.005209367432057434,0.6313476828936885
,,,,-0.00230235978876411,-9.176428740694572E-5,0.0018995183509584504,0.009760683350678643,0.09704225450450121,0.08110387351554389,-0.015938380988957324,0.38943999432828347
,,,,0.021055140275499845,0.023075881783939493,0.04102924338481021,0.037116140467498435,0.1614122751870132,0.12072993464154931,-0.040682340545463894,0.5387815751499329
,,,,0.006453908377861105,0.006960485557910817,0.01758041914690524,0.017577025038661855,0.08449973976627316,0.05799981229042654,-0.026499927475846615,0.29600770723303305
,,,,0.03660241626302292,0.031697842562294444,0.044930722782863086,0.03710167453999572,0.1805771276650843,0.16570527818138733,-0.014871849483696959,0.8354270908392356
,,,,-0.03314257293426383,-0.021248565429462032,-0.003935172316436289,-0.005865206225219786,0.05738466182690644,0.07434182191620041,0.016957160089293967,0.4422478323993886
,,,,-0.011348632066781078,0.007920368611614832,0.019550549486777907,0.02736739002946402,0.14601282181238262,0.1722112551018555,0.0261984332894729,0.8688036064249595
,,,,0.0740598394666637,0.08864173260415152,0.08398928258251061,0.10743049773231043,0.39946433416458105,0.5354993988550432,0.1360350646904622,2.073074265691058
,,,,-0.027090693398367185,-0.003647582828601619,0.0195553484321022,0.027386267165824107,0.12790916754460643,0.11446276661239026,-0.013446400932216152,0.657653941761537
,,,,-2.6881302647321354E-5,-0.03298432238527777,0.017582091830832303,-0.0058443288644296895,0.08333657636340529,0.03850096795665067,-0.04483560840675459,0.16227899412174307
,,,,-0.03448535311435481,-0.08144062016666333,-0.029292640046553353,-0.08007533606339483,0.027587114020658703,0.025743854097024257,-0.0018432599236344492,0.11920868967766987
,,,,-0.019183143261350215,-0.045088598694396284,-0.009760014013668846,-0.029296745788574132,0.047431348488981666,0.020238027773070016,-0.02719332071591165,0.08067249848881498
,,,,-0.013970325072069559,-0.032841750864635914,0.0019556331625712416,-0.027329383498279156,0.05647026626867083,0.04173968614948296,-0.01473058011918787,0.18325260884187475
,,,,-0.018453781755086083,-0.013640054042352676,-0.00388614751832608,-0.011723630356210935,0.13313858000808998,0.11740346834592721,-0.01573511166216276,0.4265953824737978
,,,,-0.06949849900945029,-0.09617077570096913,-0.06444137818850812,-0.09766697955689513,0.008160741382851064,0.013843827760922184,0.00568308637807112,0.09251985712298481
,,,,-0.010497770315342983,-0.06377346621346265,-0.0020006925343374516,-0.060538677011485416,0.02283156408744228,0.017813137647327584,-0.005018426440114697,0.07807235523245008
,,,,-0.05336440297919022,-0.09545131424150494,-0.04491323845158629,-0.09180456524511041,0.01369676780003265,0.012513875952679727,-0.0011828918473529226,0.05803918512472112
,,,,-0.07931660730799434,-0.13123663790109055,-0.0800748623745047,-0.13866873080321648,0.011446789976725021,0.012974985791965066,0.0015281958152400456,0.07316042336887632
,,,,-0.10260683097773897,-0.14134586396504614,-0.10351049732490597,-0.15039755336467223,0.0051839615473461605,0.0049794150965851705,-2.0454645076099144E-4,0.026408441469966584
,,,,-0.08502214237666199,-0.12347926843592753,-0.08398612204409604,-0.1308566381160384,0.010840981193631355,0.013098338358117315,0.0022573571644859598,0.07408055215038854
,,,,-0.08452568275692442,-0.07102943918438356,-0.08398074904863592,-0.0742100490538932,0.033899555175142655,0.04126269836233067,0.0073631431871880185,0.17629359027335526
,,,,-0.05528633291685958,-0.06553536364020644,-0.048825533013061403,-0.06836447502267973,0.025833398638068772,0.041358384334982526,0.015524985696913742,0.2481287344025698
,,,,-0.0706620153895578,-0.036850623538994424,-0.07227331472899781,-0.04102059699505702,0.09220110544927256,0.119496450895032,0.027295345445759452,0.5197689799069628
,,,,-0.024890136240872846,-0.0652334763500494,-0.017575295973509677,-0.06445580168359531,0.03797305547385927,0.026512869775328768,-0.011460185698530497,0.11315782317766274
,,,,-0.01594281706092754,-0.058118189404516636,-0.0020055497690479,-0.05271970314110464,0.04299029884847896,0.02622712193857198,-0.01676317690990699,0.12784643764131629
,,,,-0.020741544776793026,-0.04596883327876039,-0.009771446611411931,-0.03514351177052041,0.02999921740338715,0.017955803452048835,-0.012043413951338315,0.09431288405251222
,,,,-0.055038962959625785,-0.07599979371774541,-0.048844423979563956,-0.07226053135619546,0.0048612043602250495,0.007024783003491383,0.0021635786432663345,0.03998045496010042
,,,,-0.07978194670980349,-0.09587282059018815,-0.0800624267419414,-0.0957079265944609,0.007720875504072867,0.010770610993179752,0.0030497354891068852,0.056196395930796804
,,,,-0.05074920574338142,-0.08912353314779507,-0.04492304693351809,-0.08399409290501049,0.011585209960672362,0.018833002669926414,0.007247792709254054,0.11235451508075274
,,,,-0.047684086535265034,-0.0934952012453247,-0.04101521879331719,-0.0995922902854801,0.029515845518327526,0.0282550076270731,-0.0012608378912544263,0.10420917852133162
,,,,-0.003604068962090237,-0.07415080452491207,0.003899934672738183,-0.08206478842018151,0.05292301459436016,0.037323146605494496,-0.015599867988865661,0.1492041090573406
,,,,-0.04118205911338472,-0.1529509038275345,-0.037100724834179956,-0.16209627938624754,0.01212638576525655,0.007640447171069102,-0.00448593859418745,0.026239852906257573
,,,,-0.0701873268216518,-0.13968754306497955,-0.06444305418609887,-0.14454507122039006,0.005925697734007908,0.006677031663245696,7.513339292377876E-4,0.03543630260796027
,,,,-0.07954542881052756,-0.11020246015922336,-0.08008157787489388,-0.11523066150339902,0.011959998633444923,0.01859491637447727,0.006634917741032347,0.10462408831298535
,,,,-0.02872859061545193,-0.11858182105052295,-0.02539111173815559,-0.13085672125399742,0.019002012534081913,0.014634077666705653,-0.004367934867376258,0.05714162924374475
,,,,-0.0192775905699412,-0.12672782064957816,-0.017583659705489856,-0.136745998466938,0.020567870668862842,0.013577887674950943,-0.0069899829939119,0.05107546301076085
,,,,-0.03800957580683498,-0.07685842148922781,-0.033204668720560084,-0.0800854432796409,0.01564612209859328,0.02144630386433128,0.005800181765737998,0.11597906264214436
,,,,-0.025629303365850717,-0.10159799538271444,-0.021481607818637408,-0.1054775310390523,0.014225135640188428,0.010294203027737835,-0.003930932612450593,0.04702682494350873
,,,,-0.0019085879218344866,-0.07894612976122142,0.005855817579730737,-0.0820412968188768,0.02721437952029668,0.01629209222231956,-0.010922287297977123,0.06191622340750293
,,,,-0.01771132025509031,-0.05153183401552787,-0.009762895740442801,-0.05860050245518539,0.024357837292988658,0.034747652763193,0.010389815470204337,0.18503005463104477
,,,,0.02978561861210778,0.07369762682296725,0.027326409437632763,0.07419303356447995,0.27279364277978174,0.4386410488170968,0.16584740603731518,1.7473223376660614
,,,,-0.027247246072388213,-0.04396938772620093,-0.021477789229084117,-0.042953795149763094,0.010627398922560604,0.015637014001397,0.005009615078836395,0.10869032324744987
,,,,-0.054211404927897,-0.03938204568755508,-0.035123614870915906,-0.04296507373512755,0.06429084863513357,0.08952739145409902,0.02523654281896544,0.41863214047876735
,,,,-0.02671059297700886,0.003647695258375917,-0.013669416153478713,0.0019115441488102341,0.11621024037003883,0.20433259605448734,0.08812235568444848,0.980041269620391
,,,,0.03269330322934506,0.095014959620911,0.05862715413366327,0.11331967951275859,0.34830070611344394,0.5693570616213122,0.22105635550786834,2.346142171887462
,,,,-0.06120644020101271,-0.1487753420644632,-0.05663193608229041,-0.15823092106758568,0.0042658232118931135,0.0059863040599843825,0.0017204808480912681,0.035409095823774474
,,,,-0.10256391307520256,-0.14380701887881103,-0.10351072993234003,-0.15043974756723938,0.004763491506092012,0.005570693896292293,8.072023902002801E-4,0.029383226571506816
,,,,-0.09544352042217265,-0.1569791274526892,-0.09569551959767969,-0.16991943062116385,0.012418899901701832,0.013697605924522092,0.0012787060228202593,0.06557891190101371
,,,,-0.08229640424509192,-0.13773309472874257,-0.08398226644738725,-0.14259322381363757,0.00953209873123771,0.010430039259252595,8.979405280148847E-4,0.05491742308954392
,,,,-0.06784043485388584,-0.10694725717882163,-0.06834396681046431,-0.11523215042833561,0.014506064964252888,0.019603399669500022,0.005097334705247135,0.11724638468504749
,,,,-0.07777508368626226,-0.047818216166893884,-0.07617578253988028,-0.0449199117786124,0.013024791001901096,0.02085393438658809,0.007829143384686996,0.12747084888134572
,,,,-0.06371643579908014,-0.03216921887441018,-0.06640549855555893,-0.041023555074114294,0.08612879614308419,0.10128989053368583,0.015161094390601666,0.43764214643160493
,,,,-0.09240453331821413,-0.0651367345821958,-0.09962147599975173,-0.06836144491457355,0.02210749045424093,0.03102129949627791,0.008913809042036978,0.14446706571129062
,,,,-0.09625603110597486,-0.08690951904527354,-0.10350410110111916,-0.08789994907565893,0.010471667063504565,0.0132041440811024,0.0027324770175978373,0.06980049005629176
,,,,-0.11512913328898117,-0.07679475976161436,-0.11914486621683071,-0.08009873334068375,0.007458676169315933,0.013641029143964103,0.006182352974648171,0.08580677236794525
,,,,-0.100571481046796,-0.10517032712358321,-0.09960258617607841,-0.10741591073166379,0.003542354545986517,0.0056912946325419714,0.002148940086555454,0.03365928194727917
,,,,-0.025671781611700938,-0.013256932720869384,-0.02732682808668439,-0.027357244442923548,0.11816983270373288,0.17147022282609992,0.05330039012236706,0.6360674590949755
,,,,-0.01079077447417242,0.037370353713313625,0.0038926371538037887,0.058617516270607205,0.22507673593741043,0.36634577898090503,0.14126904304349466,1.6206448682283083
,,,,-0.05792591979458379,-0.03751338383411396,-0.06054360295815668,-0.052745681503333246,0.07219969293100324,0.11893680390803187,0.04673711097702862,0.5671202820977319
,,,,-0.021631265128109287,0.017912143235506,-0.03517365264558152,0.0038615431721966387,0.18218944358976472,0.26927872577340733,0.08708928218364255,0.9413752319316266
,,,,-0.06082344007779744,-0.04330008691471584,-0.06055302890874768,-0.04491929414224022,0.021588022282185995,0.0369036088256952,0.015315586543509214,0.21327742332165142
,,,,-0.043119692950186805,-0.003159076408652927,-0.042984563621716085,-0.011759045891201294,0.1377489974267364,0.20517865167936056,0.06742965425262412,0.9674233556995829
,,,,-0.0708657637047937,-0.013592717836041048,-0.06639784822441731,-0.019555278179787344,0.11856202662968177,0.183210605799675,0.06464857916999324,0.9362656128607341
,,,,-0.035661349771972606,0.024832618885155415,-0.02735032842579369,0.042997388665873874,0.1980229403509146,0.3395386966213058,0.1415157562703912,1.6062432993656384
,,,,-0.05904426375859341,-0.005635238178440155,-0.05860506978701151,-0.0019538355647195,0.06698103135073137,0.08716197630748797,0.020180944956756635,0.3820035478173259
,,,,-0.0632323661652356,-0.003593599488211806,-0.06055445713563654,0.0058674117608431674,0.026375284895661117,0.06978094932389849,0.04340566442823737,0.4840528560185248
,,,,-0.03522684239137304,0.02573071950761322,-0.03320779773073177,0.03322043732027017,0.012413290573141571,0.07298753438063713,0.06057424380749553,0.6362077796707479
,,,,-0.007873618600867698,0.03536954147878936,-0.001996170992112406,0.04102347731462417,0.0422763548433416,0.1251027988241169,0.08282644398077535,0.919492635504176
,,,,-0.053170469562919855,-0.0031117493325465858,-0.05273742048053707,-0.001955782791827883,0.02944284727473267,0.054663466742469316,0.025220619467736644,0.30370920425113634
,,,,-0.038233798615725456,0.01895837060095531,-0.03710329128188999,0.025403520383176927,0.01972486943904246,0.0812266808425283,0.061501811403485845,0.6704399819589072
,,,,-0.029221273860235986,-0.006266484271126952,-0.03516104305843663,-0.01171914302641867,0.0877494797500276,0.12533763598518227,0.03758815623515467,0.5788971891522836
,,,,-0.034711311132086094,0.007241313266182263,-0.03516210937293162,0.011731965976087985,0.06630372939001002,0.11774536794213296,0.051441638552122984,0.697461130875365
,,,,-0.04479333025387505,0.012953139704792635,-0.0429606053281505,0.02148810265679235,0.026047959035627125,0.08508415190989331,0.059036192874266195,0.6534700186098813
,,,,-0.04085239519440313,0.02565759732197837,-0.03710697554006778,0.03320707661552804,0.05740650465105326,0.1355722380245836,0.07816573337353036,0.8951058649925472
,,,,-0.020071028305023383,0.03179905801487546,-0.009769984977623379,0.041022554846858385,0.09683988407732981,0.18989060530382185,0.09305072122649204,1.1122260928889578
,,,,-0.02308782226788468,0.024088598575564394,-0.017575227486246955,0.029301937613068343,0.01368795423925568,0.08109868258631854,0.06741072834706288,0.7111202952607685
,,,,-0.014151134922260142,0.02328282350649407,-0.009764697561887305,0.02930609740414765,0.049447824943342336,0.11773412134727214,0.06828629640392982,0.78204259475964
,,,,-0.004054501462922525,0.019143381831138315,0.0019109080917729968,0.0195557851682762,0.05461571822775763,0.1046852126658191,0.05006949443806147,0.6244191848536972
,,,,0.004577700687888548,0.026420831998136166,0.009780947533378288,0.03320581632194392,0.09105114213474015,0.09136880992590246,3.176677911622836E-4,0.35726281024629447
,,,,0.008039815104644266,0.03404977077710805,0.017593242114413224,0.03711142026820767,0.10732757158705199,0.1309469457383617,0.023619374151309717,0.5662183234173993
,,,,0.01204365470931378,0.03936471346207702,0.025399545720756183,0.05082236927151374,0.12847094489947222,0.2117346738850146,0.08326372898554237,1.080777640075818
,,,,0.023728194489707144,0.036177945934625734,0.03519677267512219,0.04299905132259847,0.09922244874544295,0.12403859359342298,0.024816144847980066,0.623304487093345
,,,,0.029444806816750005,0.030149070564914934,0.03710534117068192,0.0351723467738428,0.13759949421060227,0.14154087094556728,0.003941376734964966,0.5153010435982546
,,,,-0.00267572749955967,0.019214419294970697,-0.0019943688648473156,0.02149153040515858,0.11306385788958348,0.16183307969061791,0.04876922180103442,0.6850883497033801
,,,,0.008068959207155696,0.03237064372763301,0.009779475398547583,0.02930932951105707,0.07886488341547487,0.13591345139396135,0.057048567978486495,0.7269505033403248
,,,,-0.00901327518956528,0.021868763095014496,-0.005855319910532495,0.0254062654080103,0.04729886113157292,0.09700305143032889,0.04970419029875597,0.6140283824005256
,,,,0.00870479457301496,0.029049028873737896,0.013676734700070746,0.03321390715414178,0.07867877963600733,0.13622388027689092,0.05754510064088359,0.7644929705406939
,,,,0.021326595623468718,0.0447129817815826,0.029294083295474213,0.04884367971682049,0.1828534723034587,0.2299268324636385,0.047073360160179795,0.7847474156545501
,,,,0.008199151654847308,0.04147843660707684,0.017595171889724526,0.04493284228607434,0.20486819805904405,0.27980156232155984,0.0749333642625158,1.0071980401338405
,,,,0.013491532259751988,0.05651103363804556,0.021492452702764786,0.0605472937653294,0.16788179839506626,0.31734022768470116,0.14945842928963493,1.6907671843801162
,,,,6.109293903081128E-4,0.06157089343586891,0.009770797828300721,0.07422601596357713,0.181341473095249,0.36800220412907036,0.18666073103382141,2.019555852966775
,,,,0.013004416700727921,0.03370276926011553,0.017597386721385763,0.03321108201493517,0.127333187337455,0.18178149507172958,0.054448307734274594,0.7371271306778729
,,,,0.016590393739679767,0.04484883973105862,0.019550105170563357,0.04884381910952194,0.1628948684480887,0.24180486907917895,0.07891000063109023,1.0062624074734896
,,,,0.012788427984639418,0.02557504744900895,0.01759075268915629,0.029291901595462872,0.08964945265992864,0.13026360007066684,0.04061414741073823,0.6169725222024655
,,,,0.024105340336749156,0.03675575776486251,0.0332102489834699,0.04493479649231343,0.0752481658804924,0.11669727712722312,0.04144911124673074,0.7181237987143309
,,,,0.029636193300325693,0.04354957092579601,0.035182869044363727,0.052741564593416,0.11778284627116532,0.1622111148224248,0.04442826855125948,0.8329209606598311
,,,,0.010853270574399346,0.030862244840019187,0.025396449711595433,0.048842348946406565,0.15752325283948168,0.21613563753876544,0.058612384699283815,0.9614708764243358
,,,,0.01587306756673445,0.05311633328488401,0.02930522030559678,0.06445859964660566,0.15582619626414823,0.28876388965694344,0.13293769339279526,1.5904657414110044
,,,,-0.016447376700331598,0.036874976228856125,-0.005842057235415995,0.04493247379432945,0.12614680896297184,0.26277313799681123,0.13662632903383942,1.5387663796053668
,,,,0.01989141663574027,0.03361545789747543,0.025407366917959372,0.04103718208086712,0.12498184795600126,0.13662629665387163,0.011644448697870366,0.5662802741640809
,,,,0.014555181085239588,0.02082141826116765,0.021481491722135315,0.03520843572141668,0.09134561813468847,0.07563416126520253,-0.015711456869485923,0.31374822711995265
,,,,0.0077547454242131945,0.019825198758985228,0.013681985396410707,0.02930407525573716,0.08680161094049563,0.07541527493535238,-0.011386336005143272,0.31518275147092284
,,,,0.01540360988971602,0.007221440892721276,0.025388158277109607,0.017583230554264258,0.08329239835528116,0.03938776723185213,-0.04390463112342903,0.12785979787355337
,,,,0.029529115318293497,0.016764208137888044,0.03711318543143451,0.027362016910829165,0.0897721473769698,0.04146463284743249,-0.0483075145295373,0.1384802947846274
,,,,-0.03126232534637289,-0.009640721178317557,-0.017579095085363244,0.003919418551913641,0.1183896985086801,0.11071969100504173,-0.007670007503638376,0.3836546063440558
,,,,0.01224734023350833,0.02048107102651319,0.025404412442159442,0.035189299346835984,0.09768679986485088,0.08522678692546969,-0.012460012939381189,0.2849835051757807
,,,,-0.03438107280828178,0.0029168014861147935,-0.01948654351532333,0.027390087964605108,0.08408611791876186,0.13326101008549024,0.04917489216672839,0.6120688017445958
,,,,0.015039750062492308,0.02006239335048484,0.025394369563873097,0.029298846396194032,0.07364119436748308,0.08023281115004238,0.006591616782559303,0.3925386862320008
,,,,0.018173932720461677,0.029414494106350688,0.025394650686089114,0.037119027875404505,0.1034874143926606,0.10357160362264013,8.418922997952253E-5,0.4128988003573222
,,,,0.015360484631606958,0.025904298006967866,0.02149599995672163,0.033204237272485934,0.08310648252626189,0.08697081406017361,0.0038643315339117242,0.39017241766791594
,,,,0.03643657330435,0.0468851439757216,0.044925893026689444,0.056662581212738615,0.14200449727311532,0.16675361615291573,0.024749118879800396,0.7593727642110126
,,,,-0.005868095321778532,0.005058134925046418,0.009767825388874128,0.025411647813838263,0.10682205711370067,0.11584586217397534,0.009023805060274686,0.4594285272107505
,,,,-0.07566925825945366,-0.05586208314501181,-0.08986577875555928,-0.058587562547646535,0.05854890366767767,0.06094505205723195,0.002396148389554285,0.243111389219997
,,,,0.011470273454320971,0.019498111210527018,0.029302628868829197,0.03519228018124895,0.09490038998137015,0.09460552094764144,-2.9486903372874377E-4,0.48870361972330056
,,,,-0.008640436099731509,0.01930572253886603,0.009769626487240468,0.037111034104539975,0.06489309775009629,0.11681475436502026,0.051921656614923956,0.755838214312686
,,,,-2.1998956190298331E-4,0.008220587875387453,0.0019410629934226886,0.011737154394596517,0.09064906834314576,0.10478063289291455,0.014131564549768758,0.39958697830275575
,,,,-0.08985443417326625,-0.06269266180623197,-0.08986160607455941,-0.06446478472411635,0.07246769720784778,0.08255478275953694,0.010087085551689138,0.30016690141570257
,,,,0.017329971279654174,0.029193140628514327,0.04302324627694594,0.05081859716139251,0.2342599492560077,0.25013688901099057,0.015876939754982805,0.6457598384327505
,,,,0.04037237635116172,0.0450489419039161,0.06642286143029075,0.06641757639743764,0.3668709590177812,0.35225352843376295,-0.014617430584018173,0.5209431380833461
,,,,0.04704884330475342,0.0411068129852007,0.048831841822926374,0.037105562285851226,0.22026239230378875,0.2111457009643098,-0.009116691339478957,0.5331690327384735
,,,,-8.312597631756331E-4,0.03084183341296721,0.01955423988552942,0.04299410875516855,0.2222291917287282,0.26548704885284025,0.04325785712411214,0.824115489073141
,,,,0.04319755114444064,0.06580017899289714,0.06643567018947627,0.08205281491920312,0.354856020826934,0.42829292730464774,0.07343690647771361,1.1965694112902532
,,,,0.056692832970145,0.08131734070501216,0.09770457914979047,0.11332964544729057,0.47823808647765537,0.547446524291486,0.06920843781383056,1.0521263122255256
,,,,-0.047510764915644696,0.029254579591839483,-0.04492235814177941,0.03709040894033425,0.009013560754167519,0.1270181785617871,0.11800461780761956,1.2025103371094112
,,,,-0.016542026048513802,0.027026293903026567,-0.009763010041394609,0.03710030297784816,0.027851036516153855,0.14938437977834298,0.12153334326218916,1.2986501750639274
,,,,-0.02998630169348736,0.013904098633278952,-0.025382608562109523,0.025397929805132616,0.018116252974662506,0.11117481792476103,0.09305856495009852,0.9866530023564903
,,,,-0.03292570615010547,-0.0054055825444501516,-0.025382425974287408,0.0019313826641450382,0.02615890051928816,0.06508267735272638,0.03892377683343822,0.5129190559886744
,,,,-0.04281040824813358,0.0050094759919179326,-0.04102303787158275,0.013683197108438828,0.032569502473749984,0.06857875444476404,0.036009251971014046,0.4904981002213119
,,,,-0.022214183415428926,0.020811452567090088,-0.01757092284284666,0.02736322221869083,0.02750288229457605,0.11894782904351477,0.09144494674893869,0.9833789162708289
,,,,-0.03532614885942203,0.012162929221471408,-0.03319061596976542,0.01758395986793914,0.07256768256507631,0.10120566309216639,0.02863798052709007,0.48708292394057334
,,,,-0.044855713904579785,0.008714868608459145,-0.048837394679462465,0.00978284058507753,0.0945971927978135,0.14250890512657985,0.04791171232876632,0.6397209434213623
,,,,-0.05287961177521329,0.01748003298193947,-0.052739165031875014,0.025383044186059276,0.07989883521227423,0.1368231925285984,0.05692435731632415,0.6788458253097669
,,,,-0.04264973515721465,0.018561149860495226,-0.04101228048490328,0.02540083567001633,0.024257314343440757,0.09391814416380671,0.06966082982036596,0.7345141334548168
,,,,-0.03140137789271715,0.036696315572852675,-0.02539186312863718,0.04885429012390233,0.01388753254673003,0.14204679613616816,0.12815926358943813,1.3133968569785242
,,,,-0.047833077126879654,0.028082245632519858,-0.04491901551692117,0.03711597331317652,0.013177120661821294,0.1276491785589062,0.1144720578970849,1.169211538479415
,,,,-0.07318056524254674,-0.07237851894125152,-0.06639752430690138,-0.06640434178559511,0.04176903080379405,0.05701967589250511,0.01525064508871105,0.273378477585406
,,,,-0.050512360880201515,-0.040797415553624795,-0.05861129099099603,-0.050794335010449804,0.15171790427539214,0.17895234265682863,0.027234438381436486,0.42299134304678765
,,,,0.03929216258100724,0.07536965163104688,0.05862665573458745,0.09769232032555157,0.31664555403735734,0.49290421485896657,0.17625866082160924,2.0109050355456706
,,,,-0.05849171461798605,-0.043800813377763786,-0.07424184468129945,-0.058612330247383077,0.13357196786445208,0.18529751803569786,0.051725550171245714,0.591087828146604
,,,,-0.005420803570430275,0.01929665486528948,0.003865621688627029,0.03516552675071015,0.2804621501375166,0.3586876600114597,0.07822550987394299,0.9213501220982379
,,,,0.05791826850036857,0.09452496966686715,0.08207734294190842,0.12113583333000674,0.4214471957221535,0.5994014466407199,0.1779542509185665,1.9977506748219098
,,,,-0.002258463755980064,0.025548866889354906,0.027379056768125916,0.058631562466633674,0.2302639018548021,0.3523445036638966,0.12208060180909439,1.6013274026058317
,,,,0.006782813568588424,0.034101481479416426,0.04300001918785815,0.0742505475270238,0.2985407186245836,0.40493545251125834,0.10639473388667477,1.4379987140587267
,,,,-0.046102589786766936,-0.011935176086582379,-0.042978435599480204,-0.003934404335456911,0.192951929042205,0.2678891510398446,0.07493722199763957,0.9294260320628509
,,,,-0.031808523379776445,-0.0019611168805446113,-0.0038980333083156243,0.027379082715415694,0.14278022231810253,0.22914978146955714,0.08636955915145461,1.2095917903753663
,,,,0.027508264205845845,0.050754854167207215,0.06644966352819365,0.09772181123962995,0.34782262876751996,0.47704433437597665,0.12922170560845658,1.6576902577797705
,,,,-7.186679845261715E-4,0.022280935510880538,0.043005041747520935,0.06644785869161104,0.286693962290145,0.37851111594522663,0.09181715365508172,1.3786898790948943
,,,,9.511538880998753E-4,0.03148732321648464,0.05083081780861198,0.08208647555766703,0.34101434080671333,0.4607103282304101,0.11969598742369679,1.4084919729504857
,,,,-0.03641158406496249,-0.0062853053909477895,-0.00390833349319399,0.035191585337568304,0.24715604835490357,0.35786672461525715,0.11071067626035362,1.284943731398765
,,,,-0.002803346235168496,0.03020910053268142,0.043016085194039586,0.08207536433903603,0.2742079489522328,0.4312019901528954,0.15699404120066265,1.765810845792868
,,,,0.005730844849088908,0.016356346152331225,0.03518570038716361,0.05863425863743014,0.2973138225843546,0.36580419197082736,0.06849036938647272,0.9194014691997223
,,,,-0.09780562135903144,-0.07612309430853034,-0.12894254047271145,-0.09767279241069078,0.17127105025974004,0.23414299690493862,0.06287194664519857,0.773656280719865
,,,,0.03412479635410149,0.06603765599496599,0.06643562885502247,0.09769723925378994,0.32746259594515814,0.49673327198838435,0.16927067604322613,1.895495188092074
,,,,-0.012711346012354616,0.003391677369570371,0.017586880973653483,0.03321177067685157,0.24845685017888003,0.30063836915422065,0.05218151897534062,0.7476016005751227
,,,,0.020222949212912816,0.04135931918418637,0.06645721797514138,0.0898847874974522,0.3440735312947482,0.4462572481859211,0.10218371689117285,1.3350848299047502
,,,,0.026559923548178835,0.058751685914908175,0.05080688012796501,0.08989055279760337,0.26426342137783443,0.4563134736042407,0.19205005222640625,2.1962527708186657
,,,,-0.07409379625478181,-0.04561309945372526,-0.06639295835392502,-0.035148208943849325,0.1487970787637215,0.21173272176325095,0.06293564299952945,0.8534688965512894
,,,,-0.02845005461757408,-0.00798036273135199,0.0038904921939185867,0.01955830479697665,0.18984699943304892,0.2801931002590205,0.09034610082597157,1.1283461513461275
,,,,-0.021731341580968032,-0.007811374042242994,0.0038984753789267513,0.011735605250132366,0.2342082301187667,0.26365576709809807,0.029447536979331286,0.7934258587492231
,,,,-0.013283643582951959,0.012978673319050517,0.019568628425646183,0.03518982187116426,0.2581262271634987,0.3331801885240367,0.07505396136053788,1.0626721535314883
,,,,-0.030447353832135003,-0.020552880822326237,-0.01950980703046739,-0.01953265297045505,0.12025964146186044,0.12882098170180473,0.008561340239944284,0.5305778030674125
,,,,0.024968616791827263,0.008775752476091563,0.04299819127812616,0.03518223836424081,0.22991590115740973,0.2437839633391552,0.013868062181745397,0.9683123238723531
,,,,0.004681561357446154,-0.009521198748271693,0.035199725692867584,0.01174022760934477,0.27642900988876185,0.21392143890105633,-0.06250757098770551,0.4289307817195617
,,,,0.007178971387786639,0.010369419168127754,0.04299328987594209,0.03517950170961022,0.34727040858614994,0.34752394901639355,2.5354043024363186E-4,0.6290497485172485
,,,,-0.019507092030181278,-0.031655840837175625,0.003912966829394903,0.0038979804614106446,0.21706618980676815,0.22748727662394744,0.010421086817179348,0.6942787818165942
,,,,0.07898861041375307,0.10109700173974522,0.09770064903823195,0.12113503222269412,0.5017897600299512,0.6148005062646004,0.11301074623464913,1.4856035137846721
,,,,-0.020762782407201502,0.025014060541953962,0.003890416734721526,0.05862534079216572,0.22432841562090128,0.36549462422841833,0.14116620860751689,1.5526010523272755
,,,,-0.056114311127388246,-0.027105741166750644,-0.04293916793118094,0.003904983612268135,0.2052500627540347,0.29553877248834937,0.09028870973431474,1.0810775513229456
,,,,-0.11222974356416719,-0.08193407050642608,-0.14456436623055025,-0.09767061127689672,0.10002524278976473,0.14043814681072705,0.040412904020962294,0.552228778939794
,,,,0.006808602894515008,0.029687812220770753,0.0429978374872383,0.05863844482250473,0.29483496616217586,0.3563489600533103,0.06151399389113459,1.0717107906163719
,,,,0.07172171561213327,-0.07201548556882126,0.08985965427069087,-0.08987520009010982,0.4410023656548082,0.14778438027124627,-0.2932179853835618,0.16069303291113496
,,,,0.06897940778061185,-0.018910922711000103,0.09768294352028108,0.011750839508788316,0.4736358242587258,0.276379764825805,-0.19725605943292082,0.5690479226084304
,,,,0.05147685487213632,0.08614339018733452,0.07426846290033652,0.11332561463327397,0.3903829614779856,0.5594291351182894,0.16904617364030375,2.174457604196044
,,,,0.07166327131725982,-0.0419833562428032,0.09768457527659306,-0.03319012221290831,0.48159822804060654,0.26411519793410293,-0.21748303010650358,0.3166515232119797
,,,,0.07077303168733069,-0.03136419937517951,0.10552335555130908,0.019565415600775907,0.5162482745270396,0.28052366590486333,-0.23572460862217617,0.29370090238752444
,,,,0.04283089908825208,-0.007797988421114083,0.07424368189167171,0.03519048945117604,0.3987919501940086,0.27424804337413206,-0.12454390681987644,0.4477428727914363
,,,,0.11308836102946905,-0.022242690616801182,0.1367525285586852,0.003887509945544223,0.6569127493828824,0.32433898482701934,-0.3325737645558632,0.13392099137838703
,,,,0.059560308584328224,0.029006639111913417,0.08987921691531527,0.06643466344603906,0.4439968055685746,0.36437115135595965,-0.0796256542126149,0.6496107796354313
,,,,0.02810391684725978,-0.052447299930635044,0.0742565890929159,-0.021486241464588118,0.39781682793577217,0.2267994064647012,-0.1710174214710709,0.28366068059311855
,,,,0.03096491787288973,-0.05403643573770955,0.06643982956403427,-0.0409980076836434,0.3756379397068962,0.2399844100714815,-0.13565352963541466,0.5102166996800747
,,,,-0.03485625579553289,-0.00961447848843657,-0.019521805333507322,0.0038859271589114573,0.1919411831923705,0.26817290910144614,0.07623172590907565,0.984904772386353
,,,,0.046691275651696,0.08198296357812342,0.0664396644748033,0.10551237638192468,0.3493826695054844,0.5190787992733463,0.1696961297678621,1.9737416224923952
,,,,0.043387303341118406,0.07202030027477337,0.06644203893113969,0.0976925983224391,0.3510267364516163,0.4944613493316289,0.14343461288001258,1.8445524012842138
,,,,-0.04370312705173655,-0.0204978610799183,-0.01950852365746594,0.003900236884605079,0.1707131295775886,0.2514871486437968,0.08077401906620822,1.1302486512172776
,,,,0.021448282064497597,-7.630304964469629E-4,0.03518488405942358,0.0430128159563746,0.20046160762799134,0.25040584320622705,0.0499442355782358,1.2014454656840883
,,,,0.013930728185890773,-0.0048429580509563586,0.035191455082463526,0.03519284009059487,0.26418407366400526,0.28045964262583944,0.016275568961834325,1.040062350558242
,,,,0.05065412476167513,0.05682435719414226,0.08987641009856773,0.0977304976581812,0.43630985346289664,0.4999929008012252,0.06368304733832861,1.2952630082407002
,,,,0.050353108456350236,0.04793842048896809,0.06640424888245472,0.08207508918509317,0.2717202953595634,0.39168311066872796,0.11996281530916471,1.877180682012729
,,,,0.017790191750611622,0.040453375703011864,0.029299072007718426,0.050804456480870695,0.1226995438509689,0.1981120434492368,0.07541249959826789,1.3965002732826235
,,,,7.959294360175152E-4,0.021916322601469227,0.011725644648794926,0.03516785998466685,0.23545960361750223,0.31808302670463967,0.08262342308713749,1.175343812494456
,,,,0.019103645770374936,0.04296430999776562,0.027348451453956184,0.05079981125086691,0.19342639791277308,0.23010558399798547,0.0366791860852124,1.2408577104773078
,,,,0.028079332651424243,0.04008873379195478,0.0429896996922445,0.05079797914976672,0.2441422357288687,0.30816318525545455,0.0640209495265859,1.237370976132694
,,,,0.021609127370835042,0.03117995850389911,0.035159634641169175,0.035168678820850764,0.26718953101089216,0.27299906182517003,0.005809530814277812,0.714722445020021
,,,,0.015959137032188993,0.02426859777972035,0.035191445672693215,0.035176025225527485,0.23513630697601443,0.21293672796114868,-0.022199579014865713,0.7883419862897132
,,,,0.015425215352858589,0.019564167704559238,0.03517767132606569,0.03518131681789518,0.24977818623355513,0.24965729345902246,-1.2089277453265116E-4,0.7778741131742538
,,,,0.05438928072767783,0.05309527704563677,0.06642469515721261,0.07425349228282135,0.35008918007563244,0.3663068143392449,0.016217634263612127,1.222843671280373
,,,,0.06647862136293502,0.05602842364509444,0.08987477617400078,0.08207710129950087,0.45944226292393897,0.4158428615259879,-0.04359940139795117,0.7452237921507084
,,,,0.026821084687247712,0.009849684743478838,0.050817852977415125,0.05083413337245992,0.2977021638753884,0.3071818307021715,0.009479666826783039,1.0663021227160319
,,,,0.03512164508343392,0.05495584430617853,0.06643613674661851,0.08206987869432467,0.3879078754821436,0.42428576724916944,0.03637789176702593,0.8934753844856611
,,,,0.0016670573476539846,0.025579477853559945,0.01954136955068938,0.04299119790072492,0.30822155463413786,0.3407389143935496,0.03251735975941175,0.7787047073308505
,,,,0.07412043322225371,0.07340196918967073,0.09770498066392515,0.09769451445939559,0.5055102362975088,0.4951252093618049,-0.010385026935704025,0.9154253712100301
,,,,0.04030473705238675,0.05125509131870359,0.05079681029583322,0.06642566265095189,0.273129151573576,0.3410393957298379,0.06791024415626189,1.3853266460471858
,,,,0.03266915229158647,0.038562222040218135,0.05080666429788184,0.06644344350713974,0.2583731882297936,0.3217090595450794,0.06333587131528583,1.3414424374832632
,,,,0.04343299853125161,0.05567607529969421,0.06642028785087409,0.08208090910993852,0.29876013969659976,0.39403237181864403,0.09527223212204415,1.6444235086178707
,,,,0.057051454523630606,0.07277809230114958,0.07422919068742152,0.10551392764970627,0.3840891220541687,0.5197543178165709,0.13566519576240216,1.9808576818704577
,,,,0.08878704923378278,0.08502090953607232,0.11330968190918468,0.11333092184720066,0.5525930683579996,0.5913354985615877,0.03874243020358815,1.173229921531846
,,,,0.0240762648661181,0.04132656386957195,0.035166078203474144,0.05860987560471555,0.19470086961716904,0.27270726586491273,0.07800639624774376,1.34142373247183
,,,,0.08176991676315702,0.09608334661217013,0.09767659328373446,0.11331562653342359,0.48868757190026096,0.5809664549152124,0.09227888301495113,1.6989363896804426
,,,,-0.005547765434467062,-0.03285770619879789,0.02738257324437947,-0.0038758750157996394,0.2531054188221363,0.22746856132289975,-0.02563685749923648,0.6430703549681344
,,,,0.044822836723350724,0.03878719508487608,0.08987664338318736,0.08206718289869765,0.4657406623312368,0.4460410784059756,-0.01969958392526131,0.47289010579739094
,,,,0.01518492060013779,0.006374548484825162,0.05080797135172399,0.04299843519463326,0.3818198660579161,0.3499550218489966,-0.03186484420891965,0.5736544537855294
,,,,0.011248304081380944,-0.0016572741057905875,0.0430035300953956,0.02736990193882089,0.3234415413208944,0.2869925895885509,-0.036448951732343575,0.6243422362192427
,,,,0.034785057744092136,0.010846097985995756,0.07426250923213659,0.042998365029537106,0.4133601346736104,0.3320986896774462,-0.08126144499616421,0.40507572919518403
,,,,0.014036843228355307,0.0389882427823373,0.04299440271884817,0.0742701355326295,0.26028512082924943,0.3568478993082842,0.09656277847903486,1.5552554776821323
,,,,-0.019141774315046763,0.008707539138528744,-0.019547036062838394,0.04299176531608985,0.26175901584546923,0.3291781252373616,0.0674191093918923,1.1223333860688727
,,,,-0.07432445748089135,-0.0222801747549718,-0.06641507983748933,0.027392819597319568,0.14777100383177472,0.24406045893678896,0.09628945510501426,1.2220598236075868
,,,,-0.06797145707205993,-0.05698895547475558,-0.1055094370677075,-0.08206929367803457,0.18629822478701166,0.17980684937092556,-0.006491375416086033,0.3903552550160866
,,,,0.043990010555706276,0.031075717637252684,0.06642415688791463,0.05861983966387117,0.3852158787854864,0.3614301499677949,-0.023785728817691473,0.8225012764728823
,,,,0.020462643415320527,0.020431221453783364,0.050813301261415186,0.050806503864276674,0.3535612254971987,0.34027391358486364,-0.01328731191233498,0.5429429667276884
,,,,0.03294460209905016,0.04012093308032774,0.06643141224481883,0.07424833319885506,0.40257989362366225,0.41356260523138855,0.010982711607726294,0.6750813713625174
,,,,0.006256151937681636,7.420295612196511E-4,0.035186388345944564,0.027378537181382875,0.30253714416161726,0.2797384942786252,-0.022798649882992218,0.5806401535071164
,,,,0.009686903011525791,0.01127947734364732,0.03517957575506448,0.03518677275714924,0.32116012334755234,0.2994732002724355,-0.02168692307511692,0.5847455546379162
,,,,-0.04082439482753858,-0.04216770697172133,-0.058611477551477914,-0.050785363550498015,0.2586638641608849,0.24446153536690626,-0.014202328793978458,0.3435227010818572
,,,,-0.005714101642413557,-0.006560368126197634,0.011740782550029655,0.003891410322003079,0.2806525737526969,0.26210477855937325,-0.018547795193323634,0.5540014545658106
,,,,-0.004060406417930387,-0.03541069949948893,-0.01173938882032296,-0.058607390159255056,0.32653099205499364,0.256204767439349,-0.07032622461564463,0.1200853386682379
,,,,0.08203169811894927,0.052595247456601046,0.12893606177027672,0.10549348452942175,0.5678953642879189,0.5034557840019768,-0.06443958028594213,0.10332009703997258
,,,,0.11663464811756971,0.07751685384038358,0.15040289544529517,0.11331027862046898,0.6558330708649667,0.5469012840391977,-0.10893178682576886,0.054893568501587005
,,,,0.11364153019448056,0.06781471033329887,0.1445777944409393,0.09767468386982442,0.6292211044153314,0.4926941909644777,-0.13652691345085372,0.06991852204732185
,,,,0.08834742592235566,0.045675467899351965,0.12895256618992615,0.08204836385518033,0.5592894076417219,0.4549500061912402,-0.10433940145048158,0.09703804115619989
,,,,0.1229411606627116,0.08793157608910478,0.1524081576643684,0.12114473246870626,0.6829229569457704,0.5693234659543455,-0.11359949099142491,0.17857503928465385
,,,,0.010364132183814292,-0.0375432790046964,0.027353450530256285,-0.035144693507789856,0.37709771494236893,0.2653778248009632,-0.11171989014140556,-0.02448319628823569
,,,,0.013795373850881785,0.0113140615004212,0.04300370747527327,0.04300042108005436,0.3484536379163924,0.3643876872922248,0.01593404937583253,0.621210085761884
,,,,-0.10942068448971884,-0.1153585396398343,-0.13675650423256208,-0.14650008837859618,0.06697567708907802,0.0820461585552916,0.015070481466213608,0.25996799847575053
,,,,0.03214638343832878,-0.025929073198597285,0.07425304440557716,0.00390824739312051,0.43420631592391745,0.25111405748040894,-0.18309225844350854,-0.08752619603010044
,,,,-0.006707759085031118,-0.030963757676323974,0.011735236180516554,-0.019507892215710178,0.33179590711668167,0.27342348606904643,-0.058372421047635216,0.1713230288643083
,,,,0.043902092129543505,-0.021394300140381756,0.07226915706519077,0.0039014299428565533,0.4279092662948346,0.24877937529257005,-0.17912989100226456,-0.08853452794697483
,,,,0.009658477545968058,-0.04916953670069539,0.03516674497708672,-0.03514728518784139,0.368383163571743,0.21607439057137243,-0.15230877300037057,-0.02924514041254988
,,,,-0.08330000521277332,-0.0637614948426584,-0.11329890366833827,-0.08986219773831415,0.13186605325546477,0.17514098320394703,0.04327492994848213,0.5720526991729619
,,,,-0.048441589070382825,-0.05913948444813749,-0.06642889203608819,-0.07423376172137122,0.17789591557667647,0.14623446488897737,-0.03166145068769904,0.2255050812442837
,,,,-0.04741506111066242,-0.06985672272622541,-0.07617057307497396,-0.09768209157916502,0.216469215860922,0.15518964158431825,-0.061279574276603764,0.1413096812455578
,,,,-0.07671650138367227,-0.08045091874643599,-0.1133198882273136,-0.11331967895711877,0.1567303224295174,0.15350090953611334,-0.0032294128934041424,0.29919191850159876
,,,,-0.047737114079126446,-0.0014655013308610195,-0.03514127913132071,0.011736596756558287,0.1490867411662381,0.2740711349079868,0.12498439374174863,1.4245156290660796
,,,,0.03489935681046796,0.06048179980782298,0.05862822110453825,0.08206848346526838,0.29075613931366623,0.4265545680076579,0.13579842869399159,1.7767074136544416
,,,,-0.06831991378144552,-0.03743530597869226,-0.08205413792526656,-0.05080241794482002,0.140122608501147,0.23195325574570413,0.09183064724455714,0.9938771711028629
,,,,0.06255941973775808,0.09992650616567703,0.08207903079112387,0.12115012389295332,0.3969261838053137,0.609368139724542,0.21244195591922826,2.4292004983056965
,,,,0.06516284923070753,0.09034590268773167,0.08205194319886906,0.10549429195674646,0.3978400802998834,0.5397529486331403,0.14191286833325667,1.8613720065699664
,,,,2.522361773677026E-4,0.0403647656081685,0.027375309510843306,0.07425352962537111,0.25182454433194484,0.39972001739950147,0.14789547306755674,1.640655534837068
,,,,-0.050540891171189505,-0.005097504602372823,-0.035134201342779406,0.011731394445522403,0.10781426280612658,0.22288497123202156,0.11507070842589498,1.3191485848709106
,,,,-0.07967688031573786,-0.04524953570298943,-0.08204155199745741,-0.04296717262933878,0.10786950593490831,0.2001773424457454,0.09230783651083715,1.08115775840318
,,,,-0.03625700239799167,0.007836576859647828,-0.011690621224593604,0.03519389110739013,0.13738636227267328,0.2744168600316158,0.1370304977589425,1.5581501031326916
,,,,-0.060114502910777926,-0.03017925416255702,-0.03513798741801087,0.011738566532134526,0.2216025275831339,0.3220149422137552,0.10041241463062123,1.1889484744137466
,,,,-0.047028660645134696,-0.013635394861643672,-0.02733986198323276,0.01175662612321622,0.20673111050203086,0.31444079249521306,0.10770968199318223,1.2372116561192779
,,,,-0.03575321835917999,0.006114010065424599,-0.01169721941874955,0.035196429035759806,0.1340773289055798,0.287172177099369,0.15309484819378916,1.7023674144932468
,,,,-0.09567360590610861,-0.08120177856119112,-0.11331562145180571,-0.09769571208168865,0.05771017478045864,0.09659692075626239,0.03888674597580376,0.538113552175121
,,,,0.0027147990023671715,0.010426499077453579,0.003903208867724455,0.03518867031843599,0.06722354666607577,0.11876657281530727,0.05154302614923147,0.923355995239019
,,,,0.006852031471227511,0.015989866563603815,0.019533929454852054,0.04302959942996577,0.08239047074263721,0.18194382329881723,0.09955335255618,1.3502208377866125
,,,,-9.297054298413058E-4,-0.00399742354180871,0.01173562520747461,0.027381531945270016,0.06030906486458966,0.11890253218453245,0.05859346731994278,0.9077572758926364
,,,,0.007316372028773693,5.881192236774353E-4,0.027378406330086074,0.027367263563925975,0.11926442102524272,0.149745250227163,0.030480829201920277,0.9120924250823528
,,,,0.042343593641436986,0.03347914136461586,0.050804998789769934,0.042980226265466895,0.24206141736151304,0.19681301968283807,-0.045248397678675015,0.7527286337077123
,,,,0.019978340821931815,0.01764783943999432,0.033210661147784565,0.02736443002673215,0.112403772290166,0.09048947115203347,-0.02191430113813254,0.5222557292187229
,,,,0.02768499001521264,0.017530635542356544,0.04300029689123589,0.04298632375424922,0.22510090991666518,0.24601335102926658,0.020912441112601415,1.0464379444811007
,,,,0.040288295614922316,0.06069460396596585,0.05861487296080134,0.09771118934441647,0.3016413436357593,0.47679539669702176,0.17515405306126244,2.285150859589563
,,,,0.04113820070180336,0.05051024222263319,0.06642925507088195,0.08989425189661025,0.3862977515555531,0.4455418859373076,0.05924413438175441,1.3114679955771977
,,,,-0.00732792462147993,0.01203677773341082,0.011749844827877942,0.06646361576479888,0.23431834470406537,0.3557619071188412,0.12144356241477584,1.6646258987732436
,,,,-0.003148291103776105,0.015623393895384119,0.01172087378972322,0.03517303290124769,0.2799179133334608,0.30858912440661634,0.028671211073155574,0.7754925745309558
,,,,-0.013964844557368662,0.04432620891914758,0.0038969581194344596,0.05862011457713292,0.19791974736183582,0.2891698279528763,0.09125008059104053,1.2207103000591502
,,,,9.806067700978132E-4,-0.055389360859857385,0.035209660672077904,-0.05077413157542743,0.3547455334472638,0.24483479192215016,-0.10991074152511357,0.23142344372721532
,,,,-0.03758959533788454,-0.04120611772665093,-0.05079619607485548,-0.058620650705925446,0.21682374352482064,0.18517270918831258,-0.03165103433650803,0.22864689409214772
,,,,0.025590853847242873,0.0043513319349423075,0.04298135683410842,0.01954400794903815,0.3498854739335011,0.2689286948281233,-0.08095677910537771,0.27890550619336424
,,,,-0.03807073389406719,-0.030417248969571105,-0.050787164312573456,-0.04298421170152098,0.2216353633469944,0.21541193411953405,-0.006223429227460322,0.39197189144052713
,,,,0.07224698750723199,0.05906332918945762,0.08203224358563295,0.07422377790246847,0.4309177759678695,0.3501904264708104,-0.08072734949705909,0.5073323335782988
,,,,0.061690377663682176,0.06182535609981434,0.08203779894392654,0.0977148484199705,0.4160011524595574,0.4960000301916088,0.07999887773205147,1.5326962550058105
,,,,0.0636349566987381,0.07188594757578859,0.07422077413961886,0.09769807598724026,0.37382710527124774,0.49555555609555546,0.121728450824308,1.859228000668368
,,,,0.08535695518573376,0.09488514784415686,0.09765981368699318,0.11333100209292585,0.5013243572643071,0.5973317102444952,0.09600735298018798,1.5819938728824607
,,,,0.09708180247717015,0.10674833229394283,0.10547455021624155,0.12111279375987,0.5394778131708262,0.6405701292885305,0.10109231611770413,1.6327944454840309
,,,,-0.02300773536390678,-0.017311819343774373,-0.02736170991441253,-0.02735547696936823,0.28202128933605025,0.2741932551470657,-0.007828034188984487,0.4651126444052715
,,,,0.060182810366267575,0.06493098993814056,0.09768321523587555,0.1055143666725519,0.4907321723107242,0.5216583410078472,0.030926168697123044,0.8979358824297083
,,,,0.051083240299792596,0.03696566631771757,0.0820780609653801,0.06642532985729341,0.46029806111773314,0.40042541074373944,-0.05987265037399381,0.360023843473005
,,,,0.030058114567991377,0.006483101492206273,0.06645415291838809,0.027371866462406712,0.4189226378049944,0.3128726165018556,-0.10605002130313872,0.20268261922971403
,,,,0.05201980187054273,0.020598066125783278,0.07424445932919613,0.04299362572025335,0.43182542345566743,0.345981424606854,-0.08584399884881343,0.22563407832108012
,,,,0.03952308336758925,0.0063462554702607655,0.066427697257466,0.02735640532646638,0.42655337662879916,0.33067480169773006,-0.09587857493106906,0.21708609142263433
,,,,0.049277360853785,0.02523387437262856,0.07426240148151758,0.04298204134129689,0.42877349814856436,0.36292574905836605,-0.0658477490901984,0.35725026973727386
,,,,-0.022550984410598576,-0.05778159703563787,-0.027349013468159458,-0.06641865715064338,0.2401768149640608,0.1602007008913351,-0.07997611407272573,0.11629042261097199
,,,,0.06801643632726698,0.004736847863491782,0.10549777814920056,0.035181664792669584,0.5139077152749142,0.302643383309737,-0.21126433196517722,-0.11042693842216934
,,,,0.06161460108098343,-0.005793561932353067,0.08206063341098968,0.019552952479236742,0.4475155532181134,0.22564832038599414,-0.22186723283211934,-0.11975455896636482
,,,,0.022034755515393852,-0.0040393111390500695,0.03515140250083872,0.0038865886944739144,0.2522884943775122,0.16537862693918343,-0.08690986743832883,0.12607222134935636
,,,,-0.1032074583168425,-0.10203032390608853,-0.10543353858555064,-0.09763367460903857,0.11666470480803506,0.11347025775340155,-0.0031944470546335425,0.2989980110820302
,,,,-0.024311932620994126,-0.0242190769324147,-0.013669054710426348,-0.011697877042398412,0.11922508504790799,0.12418762967975915,0.00496254463185115,0.4090545444587618
,,,,0.008240316390575203,8.417068370077891E-4,0.025391064029330206,0.019580747633362993,0.11483508265188527,0.08256311767006218,-0.03227196498182309,0.4337033376967287
,,,,-0.023137031855064757,-0.007489995793842146,-0.013659433742766118,0.0038976444547491568,0.054249056850913586,0.0774256099830072,0.023176553132093602,0.4771529193779929
,,,,-0.03455479624904976,-0.03159685478345993,-0.009751899134658428,-0.01366902937744798,0.048476972985300334,0.07633750308416638,0.02786053009886605,0.4362863567939885
,,,,-0.020491772357103425,-0.008517354238219112,0.005883304478590131,0.01760262472136483,0.03910527381732124,0.0687589429020187,0.029653669084697458,0.4405289340628661
,,,,-0.03479964635141693,-0.03406670882729924,-0.021498484135039894,-0.01951280884901021,0.04465418588065084,0.06888071123364936,0.024226525352998515,0.3644619589669279
,,,,-0.0313005017444057,-0.027155332494529578,-0.005845452473176693,-0.005856634736357013,0.056649330982960655,0.09739436697012539,0.040745035987164724,0.5390838402921597
,,,,-0.09105042926958959,-0.08616021217892206,-0.09576355402938458,-0.09566092541614332,0.036315912881972424,0.04096394658048933,0.004648033698516904,0.1760203323378818
,,,,-0.11042492806732865,-0.11609745080074663,-0.11524880201007323,-0.12305659095887637,0.018611170936735706,0.01865009226510816,3.892132837245514E-5,0.0765545978061611
,,,,-0.10632929283094114,-0.10145600651986425,-0.11523086953100191,-0.11129391152615156,0.01822659886898858,0.02941208523985098,0.011185486370862406,0.15141177896981245
,,,,-0.04881580942251778,-0.06770286595611082,-0.04099980500058775,-0.06837167107205085,0.048876976846687986,0.051164032095149886,0.0022870552484619017,0.22465313152474903
,,,,-0.02340361013334805,-0.038361035186379094,-0.013682038581244295,-0.035154447426322497,0.11429109255903953,0.0927670032068288,-0.021524089352210736,0.33028622567072696
,,,,-0.0601276902025351,-0.04382397424575149,-0.05271488173255091,-0.03317466962320567,0.026732118379624772,0.05031658903667937,0.02358447065705459,0.32195609574521367
,,,,-0.020645342225159003,-0.01810278802097568,-0.009739384681217971,0.00188494078220885,0.07523754939696549,0.10633629706959197,0.03109874767262649,0.502658063654858
,,,,-0.0554905210258895,-0.046614435534615375,-0.04880849023830798,-0.048906913746564945,0.05942438034733499,0.08815866115553166,0.028734280808196656,0.4234545730969726
,,,,-0.07189571044782987,-0.06192698856259795,-0.07224416363054462,-0.06834066984847524,0.04523385229956101,0.07053343303352286,0.02529958073396185,0.34582350570125814
,,,,-0.012976448628971148,-0.006613472688441987,0.0018987982455711168,0.003876414107180952,0.06895067374618859,0.1055678676943131,0.036617193948124516,0.5280965545979281
,,,,-0.05020129591176161,-0.05672963248955439,-0.04486730388424313,-0.05266102536417224,0.03708937328330768,0.05742862142182278,0.02033924813851511,0.2868140796176775
,,,,-0.004813632157692812,-0.0019486848045448752,0.01366788717231803,0.017602300701950496,0.06166763222612908,0.10261225217244432,0.04094461994631519,0.5905916616090793
,,,,-0.019766005564061148,-0.020767323136251084,-0.005878350832718841,-0.009761673406693608,0.05534337820197991,0.08540646099903483,0.03006308279705492,0.4364342933649037
,,,,-0.009720696832899323,-0.014749777784483328,0.013684392636593566,0.003895511401971583,0.08607594686181484,0.10678922623752825,0.020713279375713385,0.5868491076204755
,,,,0.011611011422541472,-0.002817852793972234,0.025392144666710404,0.011760670658478235,0.13384833554826747,0.08302068373650721,-0.05082765181176024,0.36812586646365164
,,,,-0.03989120810611309,-0.058234869494119886,-0.02733012673568152,-0.050791221762352685,0.040016823722352025,0.04778539483357758,0.007768571111225551,0.2700103046989684
,,,,0.021857386814408238,0.026568200950387706,0.029286229359308576,0.03704280914682002,0.0717240908014225,0.10921412913403851,0.037490038332616014,0.5860553847269806
,,,,-0.011838670688302324,-0.00784827008207445,0.0019388216015525969,0.009794322870319616,0.031695561239590365,0.05847822028546381,0.026782659045873448,0.3697057685523187
,,,,-0.01729008624391102,-0.014315401030866093,-0.005851500585342686,-0.0019501086052896475,0.04504824282492854,0.08030475513848281,0.035256512313554283,0.4704250892413761
,,,,-0.0691901532582168,-0.06235697154340541,-0.0663695823594274,-0.06053777134307762,0.03399876308561667,0.04682706354754742,0.012828300461930743,0.24576814682965242
,,,,-0.022597953229302626,-0.01686607791740309,-0.0058457985781721076,0.0019343392176548752,0.05699287090122837,0.09015114487014349,0.033158273968915124,0.5282884591106275
,,,,0.01247824039824862,-0.007975016070320555,0.01171289702026785,-0.011713399965969854,0.3251422500591757,0.26644263852701794,-0.0586996115321577,0.13014572399107385
,,,,-0.0031906636316867873,-0.012565827340437517,-0.003989376107722482,-0.011724120958234604,0.29166269278479373,0.25207053106585653,-0.03959216171893721,0.27494169464482365
,,,,-0.04946109738688057,-0.07284847847313362,-0.04299238221805915,-0.06642843026356027,0.23240694713560597,0.1809141198368163,-0.051492827298789644,0.1924003172064384
,,,,-0.003115475650424121,-0.02030324432033517,-0.0039507530872657124,-0.02735450747716218,0.2879285354676061,0.24735568719263262,-0.04057284827497361,0.28638240080976074
,,,,-0.17113344085307544,-0.17521772607957115,-0.19923680428292864,-0.19921090784685763,0.07065033313054296,0.057611978153848456,-0.013038354976694488,0.10049758761907158
,,,,-0.08938333285973335,-0.10102259041526337,-0.11330577761914971,-0.12111364347415152,0.1484864810979139,0.12773023148957252,-0.020756249608341305,0.12304839902291935
,,,,0.022623231183274646,0.011340796527347397,0.03507946306524439,0.019505107952566457,0.38808298602614844,0.3608840698464352,-0.02719891617971333,0.3028750348021636
,,,,-0.017021781055578982,-0.04778517438050712,-0.011706856425552883,-0.05077821381348895,0.27446056115717055,0.195273578375494,-0.07918698278167656,0.12356518444925635
,,,,-0.10661175792946154,-0.14176072911280588,-0.13672243676549067,-0.17580369106787427,0.14293090741504907,0.09740320858643974,-0.04552769882860935,0.03731700941675185
,,,,-0.17413341765200616,-0.18309791008123535,-0.2148736565611334,-0.21486049850991643,0.07771170536828778,0.06694367540821217,-0.010768029960075594,0.0938557500046035
,,,,-0.14305062493125414,-0.16648072532040223,-0.18360979136210892,-0.19923428556121162,0.10558244669589188,0.07904432783962416,-0.026538118856267726,0.023728634838098724
,,,,-0.15189736338831217,-0.15782645572760232,-0.19145972880662715,-0.19141776660988433,0.10476332075829,0.09011214667620843,-0.014651174082081582,0.0922083060663614
,,,,-0.131910195374638,-0.12225593004158558,0.03523754570667995,0.0039391283532103595,0.20015811065810618,0.19382925694881703,-0.0063288537092893405,0.6440179807809655
,,,,0.07751296173478053,0.06493407086614686,0.08986404090845737,0.07423200886170049,0.44719685690088157,0.40283341796698136,-0.044363438933900295,0.7489727779463875
,,,,0.07039531446220873,0.05803542325677787,0.08989144471897081,0.0820803965553334,0.41746327542909956,0.3658809983451596,-0.051582277083940004,0.9910885706456029
,,,,0.07316093882799633,0.0630949709154708,0.08987760566176249,0.08206797425114014,0.4242960564386251,0.36829947359152787,-0.055996582847097257,0.9522464776149578
,,,,0.054524602970973036,0.03998447920365901,0.07422925083896052,0.05861121520425785,0.3557555887797654,0.2907145656989867,-0.06504102308077889,0.5780486591993065
,,,,0.08485296103381743,0.07485438904416937,0.105519040803297,0.09773531987396164,0.5472480200387625,0.4846358576741421,-0.06261216236462033,0.7758505594563511
,,,,0.06920276711796634,0.04853163647200694,0.0820445319472871,0.05861274308753157,0.39640765117005117,0.32972201948685265,-0.0666856316831984,0.7152278719959133
,,,,0.06856770264971757,0.056799753771610104,0.08206154745458204,0.07423886791758576,0.42133994465090474,0.3856250860298139,-0.03571485862109092,0.9473274587168381
,,,,0.05025490900667691,0.03182018326678009,0.06641728637281313,0.05080094401837472,0.34643598038969386,0.30897702918073855,-0.03745895120895538,0.6724519331840566
,,,,0.054915049968158026,0.03725117976132672,0.0664403561309749,0.05863259022630514,0.30728720659795283,0.28730004783922586,-0.019987158758726916,0.879830450149767
,,,,-0.0019694998272014944,-0.01491027191606729,0.04301800781659331,0.02739472806933301,0.2035741884750573,0.17948629285642356,-0.024087895618633726,0.6173593147225611
,,,,0.055034796613790085,0.03712023012650091,0.06644321261812923,0.050820609797986915,0.27403631950577706,0.17716258309325875,-0.09687373641251834,0.5037071345880257
,,,,0.006730921393434984,-0.025352886039869463,0.021492263908896154,-0.0038953863276706803,0.10324643363802406,0.05655513012712077,-0.046691303510903295,0.21513695012653758
,,,,-0.0021442248541041218,0.005243353197062012,0.013677737418439638,0.0253974114327989,0.191784209640735,0.1992385359240477,0.007454326283312672,0.7567303372830027
,,,,0.002033832628668177,-0.016304816275717934,0.009783588013067793,-0.005820516042691843,0.18364147558705257,0.13827932256252465,-0.045362153024527924,0.46744251382327656
,,,,-7.98622194033252E-4,-0.005007249542375925,0.011727784804388935,0.0038698211991053696,0.17265840454960105,0.1544148811346913,-0.018243523414909663,0.44077449716004247
,,,,0.04230439589133034,0.0331856469832448,0.05860574599261623,0.050799924892588035,0.3695867534377836,0.3296828198060988,-0.03990393363168482,0.39505006958219424
,,,,-0.004653632851679984,-0.006417878520747676,0.0019479739799072534,0.005874838215946901,0.18959761979245404,0.16232237240199418,-0.027275247390459827,0.5020386886881344
,,,,-0.01381768013186153,-0.01391219407264469,-0.011720561964330908,-0.003941349723351688,0.15945540410014464,0.13794855578548643,-0.021506848314658145,0.46990892634797793
,,,,-0.021639175510482146,-0.04337392546062541,-0.019530702786949208,-0.04296810152842548,0.12906916722102402,0.1146804255965288,-0.01438874162449517,0.3844865440871584
,,,,-0.04010725514034157,-0.06711939859359621,-0.033203451450889696,-0.058581529496905545,0.03922397191744103,0.03249592962320064,-0.006728042294240386,0.19461099824297842
,,,,-0.024045360944468252,-0.04339105468344154,-0.019507554280665442,-0.03515664526463818,0.053904572266357344,0.050403997507534264,-0.0035005747588230758,0.2599578064527245
,,,,-0.01726048644359466,-0.049434935924309545,-0.011719324508040458,-0.050776928829610844,0.11230699377047033,0.07424827684871875,-0.038058716921751584,0.21708583362074418
,,,,0.061455397252010914,0.054566499523368076,0.07425224431067265,0.07426544150300392,0.3591419237151546,0.3427673444722305,-0.016374579242924053,0.9428352116016148
,,,,0.05273612940072573,0.03928157669469648,0.06643881549565624,0.05863730610548385,0.33618838981950994,0.2870410834313861,-0.04914730638812373,0.8210764135142234
,,,,0.013017571357897563,-0.007033581110390697,0.019530947396660073,0.003876193911199724,0.20663110076140428,0.14764313582393745,-0.058987964937466844,0.36794910878217807
,,,,-0.03200366378561084,-0.04857467920740298,-0.027351808360638902,-0.042969316941774895,0.07448714627574274,0.045466975580098275,-0.02902017069564445,0.15107687717082827
,,,,-0.0035100716262771673,-0.023009847971113065,0.0038870665103569045,-0.01952020237891978,0.12391443438763862,0.09435964969709286,-0.02955478469054574,0.41364079434222917
,,,,0.058630604128541194,0.04898597856233479,0.07426552382612217,0.07427355665398706,0.3119030325806166,0.3072443834642492,-0.004658649116367314,1.1246109440530783
,,,,-0.017671576293109885,-0.04745739608424094,-0.011708704235102934,-0.04296322789956195,0.06436030743480842,0.03243843265978467,-0.03192187477502375,0.14506222288838794
,,,,0.015525219613406189,-0.0011182492087348445,0.0273562512840181,0.011722026944605666,0.2350991903519899,0.16748014192439126,-0.06761904842759864,0.29242491742845445
,,,,-0.003131377110859425,-0.03594513534466811,-0.0019572957765896085,-0.0351553813055329,0.1393809974464877,0.07491558543911003,-0.06446541200737764,0.1855006126903421
,,,,-0.01732344477649233,-0.040660531318429345,-0.013678709369450155,-0.03515716530451043,0.08112926993653855,0.04729378054619266,-0.03383548939034589,0.15888772398937165
,,,,-0.025366221059091077,-0.039450445676396405,-0.027338931586697507,-0.035146036286331304,0.05894640774809212,0.041916160662663716,-0.017030247085428392,0.20424654547175497
,,,,-0.027994033674191655,-0.04688364993032251,-0.02734900743889607,-0.04296445074906916,0.08350664770617407,0.06298302019141334,-0.020523627514760702,0.24910370214749167
,,,,0.0025146163616821494,-8.670488676919184E-4,0.0038990314201278204,0.0038830186255615633,0.15421058002069943,0.15977800616630505,0.005567426145605617,0.8363547450592308
,,,,-3.309902792693033E-4,-0.02496861280897829,0.0038978942267898125,-0.01951940418353281,0.1337170327365853,0.08117580144965243,-0.052541231286932916,0.30783495541269607
,,,,6.794262009579908E-4,-0.041651520615050834,0.0038936792245871594,-0.035150051925367555,0.13795925216027735,0.06591916224966186,-0.07204008991061543,0.18566292196516232
,,,,0.017910995627758435,-0.013935752357759762,0.027365549794030233,0.003902999796184878,0.17601722752818735,0.09916850862555474,-0.07684871890263258,0.3772648517079241
,,,,0.03273353418120993,0.03201109543306541,0.050792210844219005,0.050786216867673664,0.3586072624346812,0.34614894535705004,-0.012458317077631276,0.6312139826141268
,,,,2.86581223511091E-4,-0.009172443543295468,0.0038819941935426747,-0.003933763509814785,0.17746323412281417,0.15075788900538883,-0.026705345117425353,0.31256988554426374
,,,,-0.051112589721652994,-0.030130055680759465,-0.042952493295638834,-0.019522266379941613,0.146202032573195,0.16897346423141243,0.022771431658217458,0.7157086588770035
,,,,-0.0047373725879090445,0.003781669348849263,0.003896401091378456,0.01172621769815192,0.17747556054793803,0.18677424373980864,0.009298683191870544,0.8010497561877125
,,,,0.023536675663254743,0.02901977229430613,0.03516708670443393,0.04298184865905863,0.22923658080263556,0.24602101468182463,0.01678443387918908,1.0237262379011376
,,,,0.018664254015278263,0.01696469527591911,0.027356219325773385,0.027363603314718984,0.19318978949152688,0.22323110030134605,0.030041310809819137,1.0676204836103467
,,,,0.03788099295963842,0.014954004286186191,0.04297513148703001,0.019537913944948304,0.26677067206104554,0.21875007949731423,-0.04802059256373123,0.6942394025124559
,,,,0.0016580568836504692,-0.029637249446190315,0.01172492893669388,-0.019510108073795798,0.14438079109500182,0.08645071403712484,-0.05793007705787703,0.327938034414285
,,,,-0.01359275001570547,-0.03235887196510371,-0.011715455396292178,-0.027330526635290023,0.09936982392720399,0.08271022905238841,-0.016659594874815567,0.4306421284807898
,,,,0.013112090295860423,-0.014481005949577783,0.019550709348141557,-0.003942537056955695,0.17356507775680705,0.12681496078588733,-0.04675011697091969,0.47015123692012045
,,,,0.029560439318044265,-0.0080982755045499,0.035158303005085136,-0.00394717790616554,0.20844473514590633,0.1271026537208908,-0.08134208142501545,0.3436859325481753
,,,,0.03975221633150768,0.007873291098577003,0.050796548696109715,0.019546657392696676,0.22235210097569835,0.16393637678618897,-0.058415724189509355,0.7711833005766818
,,,,0.025881916549236106,-0.02267236659998094,0.03515660051924354,-0.011699482935443239,0.1952592561554625,0.09242124284161253,-0.10283801331384991,0.2924333410053217
,,,,0.03350933913105879,-0.017743696364087833,0.0429600398983098,0.011754804686342584,0.21574919582010207,0.13237726330512165,-0.08337193251498047,0.5186387955457333
,,,,0.008863148330358075,-0.03212708340171278,0.027381837412639016,0.003939056204194844,0.11654105277309351,0.07324990210334778,-0.043291150669745704,0.34487787009397103
,,,,0.02956449966567387,0.024435757272471274,0.042979284618060415,0.035181628559177044,0.18396543699927856,0.17381971822025438,-0.01014571877902426,0.612376315517777
,,,,0.012006668495379484,0.0017406944848160195,0.027371988991474167,0.019567256276393444,0.13799024641719163,0.10686455925907169,-0.031125687158119916,0.5555897965504374
,,,,5.354435871758777E-4,-0.0523281991923168,0.01955858146883671,-0.011661209286379154,0.12243046085417829,0.0878855878558993,-0.034544872998278985,0.37988355610454716
,,,,0.016020653432208404,-0.029825072484716077,0.03515685493029845,0.003933101258748917,0.19626188478364806,0.10907128397797855,-0.08719060080566952,0.2889645695926352
,,,,0.02626091874081312,0.02791622187201056,0.042964536891235076,0.04297159570733911,0.24880447124096666,0.23298778669654172,-0.015816684544424954,0.5416803850580736
,,,,0.028084589780021926,0.042917689956373316,0.04298023710735424,0.05860543750535282,0.26942370322398,0.3350676777891692,0.06564397456518908,1.6764283095489896
,,,,0.03707525937158823,0.02803109189367913,0.050802534553528345,0.03516244219121868,0.2027726223014203,0.2107362562792402,0.007963633977819863,1.0150668616596226
,,,,0.04210107737816273,0.024066702677800866,0.058611373955535395,0.0351673830247849,0.27781467031326634,0.25831108574812905,-0.019503584565137178,1.0635106868418158
,,,,-0.0026700573634709504,0.011347299694482643,0.003894861244063136,0.011734084480602694,0.17891605887735854,0.19222320358948725,0.013307144712128703,0.9643176746950257
,,,,0.035835737977365854,0.026142006572161848,0.04297359719707255,0.03516766475703174,0.30956818226261934,0.2676302940317451,-0.041937888230874236,0.6771034788490748
,,,,0.027173455401525555,0.024755728363791602,0.05082929436303247,0.043001732840626965,0.289861307530488,0.21639428933197005,-0.07346701819851793,0.2790354894884205
,,,,-0.01310849288812741,-0.0032313315422452474,-0.0039264892836003784,0.003890131983371151,0.15504505528770832,0.1393249872659844,-0.01572006802172396,0.3466550631100194
,,,,-0.07002460727306979,-0.04442278974940281,-0.06835121419973318,-0.04295791740540868,0.017067734802310226,0.016962975662373165,-1.0475913993706117E-4,0.09693410833929536
,,,,-0.01833925566444149,-0.019800501298278442,0.0038917865429196653,0.0038875692813426814,0.09394755388620821,0.1014866111480018,0.007539057261793588,0.44719973687180764
,,,,-0.01316208524440486,0.011589323142776652,0.011741965535513856,0.0273624134299203,0.08767391223715577,0.09898705974887269,0.01131314751171684,0.5666169727737026
,,,,-0.004902819228982554,0.009216225325912819,0.019558818872770264,0.02736702912028335,0.16536794903673518,0.15302476471380333,-0.012343184322931891,0.5458930178112507
,,,,0.03918530743870064,0.03919605200519979,0.05863374706783593,0.050808193505803845,0.2696417604884634,0.21524813149884894,-0.05439362898961447,0.6843498289297166
,,,,0.015818621818222012,0.029043753984805548,0.035191194084180574,0.043003799486199576,0.22598315300912272,0.20648941363789455,-0.01949373937122806,0.841826569714572
,,,,-0.008731800637473147,0.004485983340413733,0.011730801309681878,0.01957232434542183,0.12570140574583769,0.09980660043497624,-0.025894805310861423,0.395138329593145
,,,,-0.001873780859934151,0.003316684457425997,0.019541658803043697,0.019555274362660868,0.17346889570033316,0.13200159715331272,-0.04146729854702042,0.5324608371979019
,,,,0.003941031835035577,-0.007923847624074137,0.019555709812884618,0.0039004574451852697,0.21355561295757441,0.14065012514541805,-0.07290548781215636,0.4038728989943846
,,,,-0.023676537285822776,-0.029215332447811944,-0.011694095692626284,-0.019507789099756607,0.13091544956938833,0.09993499650015987,-0.030980453069228402,0.5408517274660428
,,,,0.005657657157627654,0.01021621281926944,0.019546386091211315,0.027360528202537995,0.1913961917313993,0.1545873215790326,-0.03680887015236674,0.6285100234196835
,,,,-0.029762597651318553,-0.0226087757806911,0.0038957705582034785,0.0117553871518649,0.11554251017489962,0.12018925854732554,0.004646748372425939,0.582918595083465
,,,,-0.047539068118163184,-0.051719591373560345,0.003922193096703747,-0.003946031477391165,0.0857583888759391,0.09120913313460349,0.005450744258664408,0.47672309015481457
,,,,-0.002311736861454832,0.02023046112427646,0.019564988739110736,0.03518563291587718,0.08546568944392133,0.11885420667405383,0.03338851723013251,0.7570607841311184
,,,,0.03174915252633116,0.03637165350870016,0.05081982817726012,0.05081475302866255,0.2562880634452326,0.2164158246780486,-0.03987223876718395,0.6809442538452659
,,,,0.051377620938963336,0.04154137212272294,0.07427878452115358,0.0664487965288146,0.35668397607605984,0.28152008989923044,-0.07516388617682956,0.5876724509591549
,,,,0.06856702189001081,0.046902738233052015,0.08990438248051431,0.06645982873219933,0.44513984685097596,0.33083837530684007,-0.11430147154413585,0.5225114976603301
,,,,0.025757876906881718,0.0011027899079930957,0.05863214204920281,0.03518771557501541,0.26979970548050436,0.18577895596871125,-0.08402074951179327,0.43829005592379583
,,,,0.06028749483494509,0.021011947750362296,0.0976765980597431,0.05862127132002741,0.4949733080810097,0.3121307763228461,-0.1828425317581636,0.17151566197400023
,,,,0.08993218297705997,0.05176509174855447,0.09765063061970285,0.05860352254163432,0.4860187495303813,0.3079177779724454,-0.17810097155793594,0.30735039819265164
,,,,0.022720441668357627,-0.008645387613135483,0.035167110799681774,0.011756604506263835,0.2526507520138809,0.14676506006060613,-0.10588569195327481,0.5348998003725884
,,,,-0.014285970600411948,-0.01727041221065992,0.011752244412558623,0.003920972061460432,0.17964237080232315,0.15829333847473515,-0.02134903232758813,0.8261942638111311
,,,,-0.019724356829280136,-0.024836838035518352,-0.0039194865825323754,-0.01170015661708034,0.17933747859792937,0.1539859310272448,-0.02535154757068458,0.6698277154959197
,,,,0.026760683747541203,-7.91063400462183E-5,0.04298876273028932,0.01172836577010947,0.2263001810173371,0.13284920499841055,-0.09345097601892642,0.4502638739841524
,,,,0.04340088875575815,0.01445215741751684,0.05861281734404014,0.035168650375609956,0.34299777813072824,0.23249928613870252,-0.11049849199202558,0.3687271553087469
,,,,0.034299357534005634,0.020618416246271976,0.06644154092195566,0.03516789946304175,0.35787577401059306,0.2595928983852338,-0.09828287562535902,0.6848859928593436
,,,,0.023480377229884913,0.018680482692032686,0.04299276087648122,0.03520684678083913,0.2120400746746965,0.19182062738809721,-0.0202194472865992,0.8671182435718452
,,,,0.015509386445263748,-0.006170019562022107,0.05083208917677235,0.03519660859550154,0.2914909764679163,0.23790623680730416,-0.05358473966061219,0.7322484034624503
,,,,0.010761073712388733,0.004671847691780254,0.04300739628117904,0.02737614106298681,0.3334348651532958,0.27500768366286854,-0.058427181490427325,0.7762876236786576
,,,,0.008883870740917977,0.008238339463639622,0.01758418913370552,0.019543745228171337,0.15123121972072445,0.1400711983205465,-0.011160021400177954,0.8149061843652571
,,,,0.027078235060447514,0.03558744245034791,0.0429930809103433,0.050827653206388844,0.24406685483559595,0.24242856434183307,-0.0016382904937629172,1.1463688829342351
,,,,0.031092108239749578,0.029715422432501526,0.03710387954872688,0.04299110112995832,0.2344212363821535,0.18859894534133895,-0.04582229104081459,0.8597491295926173
,,,,0.06507107720807889,0.03776015457494287,0.07227473605290514,0.05081415678878993,0.37638340172998885,0.21034002173507846,-0.16604337999491037,0.3969346299117661
,,,,0.02980009290973654,0.010983338041030844,0.04101966362920663,0.019543935632198393,0.24520344987356732,0.1473546121555079,-0.09784883771805933,0.6274075357313849
,,,,0.017853815996553373,0.0027902947342452774,0.029305905148584492,0.01173611133516979,0.17045153723729237,0.12144576754114095,-0.049005769696151454,0.5879642335677577
,,,,0.05919347295314511,0.03241832868228675,0.08205665724973023,0.05274320963575787,0.39164686111200103,0.25179531004300826,-0.13985155106899247,0.2675823633640933
,,,,0.0472532367469436,0.030299941303103053,0.06644994497782147,0.05084272381942056,0.30930541464159217,0.13947708768684072,-0.16982832695475145,0.17861459311625033
,,,,0.057199060287402084,0.03877096914011353,0.0761781992423994,0.05082977455838534,0.3851055560146853,0.2455484337715926,-0.13955712224309264,0.3095177541413572
,,,,0.01783045584236465,0.001091914224989391,0.03517743135108438,0.027366824928171066,0.2446416149465803,0.19081593925504073,-0.05382567569153956,0.5212655029271634
,,,,-0.029500107398688497,-0.039645251426388264,-0.003921262363726455,-0.019511194793236937,0.10311919516805104,0.06805034251479299,-0.03506885265325804,0.22071449962665535
,,,,0.0369101387432569,0.02085645720570723,0.05274516096546784,0.03519105055632952,0.1857370457053416,0.09682518607693152,-0.08891185962841007,0.23773906609767012
,,,,-0.002779154753258926,-0.0351775326161202,0.0038896320702026576,-0.027352737122208648,0.14808113934621436,0.04138081001510042,-0.10670032933111392,0.0019609420775267604
,,,,0.003568183477876655,-0.02377156178321269,0.06645798363451183,0.04302957605282851,0.2902597472334027,0.23219800146145872,-0.05806174577194408,0.5218631528550876
,,,,-0.24951238017277844,-0.27233939084282965,-0.08200147123036194,-0.08981804978985886,0.11399238765600866,0.06572716852908497,-0.048265219126923685,0.12831241422627954
,,,,0.024731580621969684,0.009188252821092095,0.04299802909445237,0.027381520027502198,0.2632894201177195,0.1596858200339528,-0.10360360008376666,0.19725495224401296
,,,,0.02920188781316989,0.03106104575705672,0.03515318709378515,0.042993426889161517,0.2414477029148241,0.2266202169424757,-0.014827485972348274,1.0400884968554935
,,,,-0.010874245283044327,-0.013883289083362905,0.019550915611070398,0.01955270811215299,0.23958008863302135,0.20619255516134838,-0.03338753347167309,0.5538894932441912
,,,,-0.04685258092103605,-0.04907038040774492,-0.042971151887427186,-0.042963158644623314,0.09355984213731433,0.06215941123795716,-0.03140043089935714,0.18388946031129683
,,,,0.009202792629163781,-0.008352049806306158,0.02735868569260375,0.003880711369542563,0.21678893214605002,0.1357018663825922,-0.08108706576345774,0.21780073588108265
,,,,-0.04028952511012643,-0.08717755996517412,-0.027344263262817456,-0.050735170260321316,0.041054506496806274,0.04299770780785684,0.0019432013110505686,0.22858879455900039
,,,,-0.06482561747317826,-0.0902580261424611,-0.06055335181956666,-0.08986208025166748,0.0198677820429479,0.021934175575849882,0.002066393532901979,0.14097487389992505
,,,,-0.1054962591586014,-0.11647418904039167,-0.10547068528114811,-0.11328338937762067,0.016276182556580303,0.017763531076375086,0.0014873485197947815,0.0845465364475918
,,,,-0.09863503357434679,-0.09728565206736234,-0.09765484368063009,-0.0976563263566717,0.0287471036184766,0.0379065081745295,0.009159404556052903,0.22207203653026372
,,,,-0.088829822014767,-0.09221016305971427,-0.0898504859566793,-0.08983551590152412,0.019012693330230597,0.025907115310175217,0.006894421979944633,0.16012518643991372
,,,,-0.04113359101834317,-0.05849424703197096,-0.027345803452225915,-0.027312769730626813,0.082152299575316,0.06530119778723133,-0.0168511017880847,0.2463425883178837
,,,,-0.10262986782219584,-0.10098266975626456,-0.10351533292853594,-0.09765829726980321,0.015377692880117779,0.02125719726483322,0.005879504384715438,0.12764958885555125
,,,,-0.10368360124977351,-0.10769509586048398,-0.09766905623237206,-0.1054894460139497,0.018264395898059258,0.025157426314159428,0.0068930304161001705,0.16055204091059846
,,,,0.0018690580299305782,-0.023397184560003417,0.011733557721999277,-0.019522796003786303,0.15776083661834883,0.11057498989363009,-0.0471858467247187,0.39932948109468897
,,,,-0.018765582047528383,-0.04640694853618338,-0.011702350308997531,-0.04295607003319877,0.08767158861897842,0.05242366976378637,-0.03524791885519207,0.2118659891499182
,,,,-0.02127174123567975,-0.030306168022343538,-0.01757854772634345,-0.0195241214004362,0.057921294094128294,0.04768186921801015,-0.010239424876118147,0.2583993332923053
,,,,-0.013915892515963257,-0.04189619906591661,0.011768524992603224,-0.011702659317788642,0.09813549775155953,0.0884536946458537,-0.009681803105705822,0.4715763029477953
,,,,-0.06292686430463128,-0.1026399828719106,-0.04294319750038458,-0.08203079860659246,0.03110189366059072,0.03278762927292819,0.0016857356123374727,0.19551746658425312
,,,,-0.06816529947453911,-0.07646854431544306,-0.0664064378061436,-0.07421440293823177,0.025659152282290234,0.02414714955289004,-0.0015120027294002018,0.12354350117751843
,,,,-0.07505329312247455,-0.10289506115570898,-0.07421109383400211,-0.09765984197801607,0.02978828389605251,0.021386761622834226,-0.00840152227321827,0.10233318026813508
,,,,-0.056462803333353025,-0.07296002193861431,-0.050776982882767836,-0.06640335801206439,0.06376467576925772,0.055108609225857995,-0.008656066543399716,0.23448681194772356
,,,,0.024637701154610878,0.009257731304666979,0.035155268238585786,0.01953807518337503,0.29569792157458563,0.24269505431676072,-0.053002867257824895,0.3998745610936168
,,,,0.011258474257013243,-0.015926269171915496,0.019539940426134154,-0.011721083234356184,0.22707357361702704,0.167625816703674,-0.05944775691335294,0.28346749572303176
,,,,0.032752705658042225,0.015613650596991132,0.04298236425806726,0.027347141463621587,0.3032578409563829,0.24745888477431952,-0.05579895618206341,0.4543864554422145
,,,,-0.009773989396231775,-0.02315918678049346,-0.0039519633381073505,-0.019539272050911546,0.1688088695013044,0.15635644217200279,-0.01245242732930163,0.4773034638704256
,,,,0.024734064585799697,-7.623069017926887E-4,0.02735623767004672,0.003847686696467576,0.2614169223695187,0.19500882037968234,-0.06640810198983631,0.2836751700011304
,,,,-0.0037057308351740666,-0.01665165285205666,0.003891217047262612,-0.003943614782761581,0.16211637210528768,0.1394908835161887,-0.02262548858909897,0.38507545269806776
,,,,-0.022512924858707227,-0.03422645611167905,-0.019534399637238336,-0.027352816997359662,0.13293450326072295,0.11113892939634529,-0.021795573864377662,0.2620446635744501
,,,,0.05022983339347694,0.039024596042365606,0.0586076909019854,0.050811451022454907,0.3179208202971411,0.2626112048385613,-0.0553096154585798,0.5380951712426899
,,,,0.06367748321026886,0.059435474340223365,0.074239187166154,0.07423094571337063,0.40661785709900883,0.37837436616583336,-0.028243490933175415,0.4196899986276151
,,,,0.05696398605258865,0.03871725200614552,0.07423585880343658,0.0507929989959391,0.3775830720728577,0.3153851172167874,-0.06219795485607029,0.4121010581693319
,,,,0.07963396045148852,0.07809416204569254,0.08986374097290172,0.08986710844818412,0.4731058575973905,0.46995590108151625,-0.003149956515874212,0.665842398674281
,,,,0.038546276805019354,0.044722784689490196,0.05078362999068455,0.05861149964298101,0.31652923825346774,0.31704130745077724,5.120691973094658E-4,0.7127184986929541
,,,,0.06856574812309067,0.03964907577161795,0.08204466322348923,0.05080629711662992,0.420754436962307,0.32521227639378353,-0.09554216056852353,0.3026525432511846
,,,,0.0421748511887682,0.03632205898783125,0.058604966986224465,0.04299342765178925,0.3409937337673412,0.2921849626780556,-0.04880877108928564,0.4097580728075218
,,,,-0.03631799983599297,-0.04797926843531129,-0.027333404182605405,-0.03515584883423726,0.0696176010226572,0.06749709787022677,-0.002120503152430415,0.34714852681026775
,,,,-0.033312549634435175,-0.03608667259002042,-0.027330313639575114,-0.02733114751761361,0.07895912671218197,0.08327554806622171,0.004316421354039753,0.3989088602379243
,,,,0.009833346670989274,-0.0010162426837483141,0.027369209698729604,0.01957227038573585,0.15205190694791576,0.13120663644305383,-0.020845270504861967,0.5641956902919507
,,,,-0.06314821916875045,-0.07586161674220797,-0.05077741281228079,-0.06641467416916084,0.03401357545133536,0.029854474365200587,-0.004159101086134779,0.17160971633953215
,,,,-0.07843752520600344,-0.08532059618676646,-0.07421924002501039,-0.08203295024111658,0.01665684860692785,0.021470114511440538,0.004813265904512687,0.13318186645758087
,,,,-0.11660741633901518,-0.12742294068954002,-0.12110773249452926,-0.1289285189416905,0.006451690106799024,0.009279531614848196,0.0028278415080491724,0.05764189092375771
,,,,-0.13116390526351013,-0.15559260216293322,-0.13673680887491657,-0.16799175337428063,0.004981678479260876,0.0061523457296996506,0.0011706672504387746,0.03476889597387976
,,,,-0.048516525644946205,-0.0779463826156022,-0.04882270418660569,-0.08204582929474118,0.05278900088299447,0.04267190368373307,-0.010117097199261401,0.06949660316740712
,,,,-0.013723909424872408,-0.04136223143260434,0.0038836125881149294,-0.027331863114337402,0.18377104562529853,0.10496337687748235,-0.07880766874781617,0.08935808593545276
,,,,0.06564593189076066,0.03394683011893387,0.08399631369892593,0.05080443301856424,0.41387602873791873,0.2402251953378014,-0.17365083340011728,0.14147010802741386
,,,,-0.01897839402990841,-0.037711414009554106,0.029298434777828102,0.011741978960922638,0.2509001044642919,0.1617798230204009,-0.08912028144389102,0.20332193667596768
,,,,-0.020001911575100072,-0.03074490403585488,-0.003877086769032894,-0.0039046832340359355,0.06753209076572358,0.07378362986820287,0.0062515391024792885,0.3641342812621576
,,,,-0.06144472951987588,-0.08731588741487883,-0.058588547921395825,-0.08203201208343847,0.018722423822524554,0.019374927646015026,6.525038234904687E-4,0.10059243416544317
,,,,-0.0035676325686638433,-0.013871347645500907,0.011729409076017407,0.003910885404978072,0.080467868495952,0.0880637582941781,0.007595889798226091,0.4568363010760472
,,,,-0.061651739748295,-0.08209011067317691,-0.050784874818861334,-0.07420650688884516,0.017219035666199083,0.022527886991242724,0.005308851325043641,0.1276587364699888
,,,,-0.007324006679598347,-0.030920763584406683,0.01956486498018758,-0.011690647424711143,0.14672516809157513,0.08714135274404461,-0.05958381534753052,0.1922240350541555
,,,,-0.04642541530059811,-0.05525267927343571,-0.02732573134252303,-0.027324645184849068,0.06714558007548867,0.06812807545993319,9.824953844445416E-4,0.3528384346077717
,,,,-0.02003879807060821,-0.025657540791195498,0.003913037929272119,0.0038755958523905604,0.15721656928910455,0.14834997829878463,-0.008866590990319903,0.4223722153508243
,,,,0.0011946168234578905,-0.01985286084365503,0.0117365853026234,-0.01171075641761708,0.14284829637699048,0.08756364644417787,-0.05528464993281262,0.271671683972571
,,,,0.0763351377098095,0.045461878452943624,0.09768639258017339,0.05862122366500022,0.4731942288495298,0.33893446700990065,-0.134259761839629,0.07165041857635114
,,,,-0.10470914626576255,-0.07917336967605028,-0.09764534987781405,-0.07422254893117058,0.022181064778022397,0.03572522396747338,0.013544159189450983,0.20892466944217053
,,,,-0.05841002403845441,-0.053947401145900624,-0.03514601325843738,-0.027338712362967543,0.1286730550314278,0.1372600111983707,0.008586956166942886,0.4250271432807527
,,,,-0.10719955820749845,-0.1024610435584478,-0.0976592514730192,-0.0898604737880463,0.051439378822488106,0.05832866936799534,0.006889290545507242,0.27250408947515026
,,,,-0.06541555906203508,-0.07512643219053057,-0.0664116818769732,-0.07421737650953869,0.04711358313267981,0.0363606951195169,-0.010752888013162896,0.12737011710472998
,,,,-0.009052458064639796,-0.0507791044316557,-0.003936190769182158,-0.050782759382845245,0.15216945356055342,0.06670812026566428,-0.08546133329488918,0.007218319391983647
,,,,-0.06765212022413813,-0.0743607986966393,-0.06642028704448356,-0.07422699056419671,0.050227660915499676,0.058046695181939,0.00781903426643932,0.2341982385194158
,,,,0.027111434418584927,-0.0350689409780519,0.04298943234196582,-0.02734872974163657,0.2562943007949373,0.09849075347178345,-0.15780354732315385,-0.09417836216604593
,,,,-0.06434680172204672,-0.0657907984191852,-0.06642252811857483,-0.06642596878193964,0.05057985789542036,0.055387316618352396,0.004807458722932058,0.24507657442975422
,,,,0.0389959385538526,-0.008121907682256225,0.05860935684481204,0.0038909081026268734,0.30158568939789165,0.1433856772744703,-0.1582000121234213,-0.05828820972621462
,,,,-0.01707173809817271,-0.019060359483364403,-0.011709709340183805,-0.011709113149334566,0.12242873488012279,0.11732979406646983,-0.005098940813652992,0.3682256001325334
,,,,-0.06850503216499737,-0.04064757110275731,-0.06641058890902278,-0.02733171555389259,0.05320168139292597,0.07447360541333803,0.02127192402041206,0.4166830456636769
,,,,-0.004801599504216882,-0.0066352049871371,0.0038956364029260047,0.0038799950375760345,0.14301443161508798,0.11472833968994132,-0.028286091925146625,0.4472133454230714
,,,,0.07558616033460902,0.03767862393575085,0.0839872606456617,0.050805751863943635,0.41639361953415777,0.2460406602889272,-0.17035295924523045,0.1363986152344184
,,,,-0.028749685444755396,-0.03837704944014469,-0.01952016078998583,-0.035159368426833607,0.13482103208817542,0.08141106476033143,-0.053409967327844,0.16083083276886065
,,,,-0.09488510626449938,-0.05587976839690601,-0.08201516677396259,-0.042973473473540094,0.025225654022631418,0.05796990305556742,0.032744249032936004,0.4332309041934494
,,,,-0.016666339077455423,0.007309565492994863,0.0039057768974676823,0.02735783377332261,0.11321872831473669,0.16613607405681674,0.0529173457420801,0.8095356604537013
,,,,-0.0625795837750475,-0.054914226982787,-0.0351391267732434,-0.01950880160027573,0.07158762243658935,0.09362140411051317,0.022033781673923804,0.5043379683891432
,,,,-0.06843146135109719,-0.03350104670935573,-0.058573206862906756,-0.027348578289227984,0.030595987251782544,0.06431570117875898,0.033719713926976425,0.4385527375697303
,,,,-0.08569238736009122,-0.0588649895993948,-0.0820344072125207,-0.05859507199327665,0.025766680811226655,0.05245487792505704,0.026688197113830397,0.39376223620191037
,,,,-0.08766622940395825,-0.0846879507153492,-0.09180328970966574,-0.08983709981600496,0.020913701167286854,0.02489536189164239,0.00398166072435553,0.14663913390852826
,,,,-0.11162625614833192,-0.1296281595188275,-0.10353149073639907,-0.12110027226744385,0.05882742290436943,0.03754353980809795,-0.021283883096271487,0.06754791496286497
,,,,-0.052295042196583284,-0.06203249909582213,0.0058616917467092826,-0.019513910609112346,0.2856086267005927,0.18579855594501618,-0.09981007075557657,0.1342078869503745
,,,,0.012720082705256585,-0.01768600093355811,0.03517180964122407,-0.003928141251766296,0.2806226375088028,0.16843170938038451,-0.11219092812841827,0.06381298048195475
,,,,-0.01862773620750824,-0.044743136769762035,-0.019545279573633514,-0.050786728939571646,0.14276299465603923,0.08185637633879235,-0.060906618317246926,0.10578754929641028
,,,,-0.07520807601452076,-0.06698887522179918,-0.07617402637992375,-0.0683595393981354,0.030737690287632787,0.03395005003463153,0.0032123597469987494,0.220138691292047
,,,,-0.013582446864907139,-0.007201340581838826,-0.003921248144590989,0.003870893242470857,0.1532842512379045,0.15302406549140748,-2.6018574649705803E-4,0.5137428222459645
,,,,0.046062064103270815,0.04138811387191742,0.058598154695300025,0.050795309958577846,0.3259378221019044,0.28313484938568667,-0.04280297271621776,0.6078180731776676
,,,,0.02696858106023338,0.02626881610082141,0.035166765071630204,0.03516195432291175,0.26586230136808375,0.26677111717538043,9.088158072966298E-4,0.8698644130755852
,,,,0.00734886991541254,0.008812676400107616,0.011722885700538302,0.011698972887115919,0.20856101320448472,0.22015589804690297,0.011594884842418262,0.7921973707580062
,,,,0.02690202300114856,0.022187735360349133,0.03515525856173209,0.027367511768239185,0.2804895776504213,0.2572947223450781,-0.023194855305343244,0.6246070237473893
,,,,-0.012773259368133916,-0.026338555137926937,-0.011716662859679185,-0.019524120687889727,0.1400848738372326,0.11530280592955727,-0.024782067907675356,0.44874504138187316
,,,,-0.05629201129790158,-0.038114645285968564,-0.05860043246985993,-0.03516902295367388,0.0413852964479983,0.03833481144976147,-0.00305048499823683,0.19062693964565736
,,,,0.043460957011008106,0.04492106326988609,0.05862242939685793,0.058624515306275646,0.3150168272251212,0.2967971913941319,-0.01821963583098929,0.8393650922483363
,,,,-0.025332303867639957,-0.018714907750484493,-0.019529668012606815,-0.011703193247762467,0.08146194988789207,0.06544043789147658,-0.016021511996415504,0.31785730634444836
,,,,-0.013309092577626575,-0.03066568485385813,-0.003940579022606921,-0.02733911853481345,0.0792010386994493,0.04554724859940249,-0.03365379010004681,0.15160237576031058
,,,,0.009729493297954904,0.03547564571938772,0.019535207319001612,0.050785673339465924,0.2390009515337561,0.32514849155409276,0.0861475400203367,1.7768905645421054
,,,,0.016468439340288014,0.014560825384465799,0.035175805154847,0.0351383133944787,0.18258601910706618,0.23649205871648088,0.053906039609414695,1.3090516326762147
,,,,0.01762188428960489,0.019832387021921284,0.02736542367227435,0.02734179603200113,0.1395165216988642,0.16105396401229033,0.021537442313426153,0.9089621746456109
,,,,-0.02831692829169243,-0.005655782803147271,-0.011685289120330808,0.003867598490411016,0.035204623912479686,0.052927056158711246,0.017722432246231563,0.36636106485350606
,,,,0.010542365222387075,0.014937608707653333,0.02737410938173369,0.027367948716586585,0.20470548557810767,0.18197211901606244,-0.02273336656204523,0.43099097533794006
,,,,0.10075720261837595,0.09233785659987641,0.13679048071291947,0.1289586021852994,0.6687069081611985,0.6327397146439133,-0.03596719351728498,0.5789497525119753
,,,,0.05465454623908429,0.04077212514202743,0.08208261350860452,0.0742686738986917,0.3910407653633551,0.32167510464901616,-0.06936566071433892,0.618158980517029
,,,,0.07984237813829599,0.06638499889352983,0.09767378069270774,0.08986358630753619,0.48924492291130295,0.43376119747904457,-0.05548372543225843,0.6127101152360868
,,,,0.053902502349854456,0.0262776816086447,0.07426040886838496,0.04300638395922467,0.3437595540029603,0.23920990794320168,-0.1045496460597587,0.35807797984140044
,,,,0.07151067968523686,0.0426650467149704,0.11332027382494235,0.07425068256689764,0.5291627833855235,0.3856460172658734,-0.14351676611965,0.1998341514384849
,,,,-0.02736282382202615,-0.039691498002292984,-0.019551615785112258,-0.035175249457060215,0.2218037197624026,0.17608502993748665,-0.0457186898249159,0.5300089608285056
,,,,0.025434262295008638,0.012014863042939751,0.050785514063432985,0.02735471949594527,0.35486301779723073,0.29977027739433765,-0.05509274040289298,0.8027608258591051
,,,,0.006878106787122084,-0.0026268387003169132,0.027344271407530485,0.019561632465953303,0.2950104034094899,0.24876508423567062,-0.04624531917381924,0.7608780430746162
,,,,0.05158747086464522,0.03165010385968128,0.074232637380426,0.05080942405602659,0.42055800399475735,0.3124355190552292,-0.10812248493952822,0.3318221176752306
,,,,0.011778246807057559,-0.0022121767890690936,0.019547524658786033,0.0038661362171205846,0.2566142531132867,0.19760900221713065,-0.05900525089615609,0.1973754920658148
,,,,-0.004715319353723718,-0.019954165933070964,-0.0039387109791041985,-0.011722956100020443,0.20771408167344302,0.16213732016627042,-0.04557676150717265,0.24215404080102915
,,,,0.04842168234653499,0.030504314786829464,0.05861069198566399,0.04298320473793049,0.3543671649465884,0.2608139865771927,-0.0935531783693956,0.3168024804158755
,,,,0.021877691536884687,0.0086213807065151,0.042980896382896865,0.02735691358950108,0.3178611798238952,0.2554889239711278,-0.062372255852767344,0.2891711648110857
,,,,0.03299066237766243,0.015346679199439318,0.0429773093971266,0.027361277394254813,0.30510091653742416,0.2428172080168179,-0.062283708520606294,0.329251145611359
,,,,-0.013424227373802966,-0.018087161298085713,-0.011725657104731325,-0.011717235783735597,0.17263864200905268,0.14754254604809253,-0.025096095960960154,0.3225295692044857
,,,,-0.010538823450446145,-0.02296407408555475,-0.003920775780298223,-0.019531086483151553,0.18486609163621548,0.15790108788329077,-0.02696500375292466,0.33657025423330533
,,,,0.056012284481004086,0.03768509697054477,0.06641060230546643,0.04298171418488536,0.3917815525728592,0.3157183430461889,-0.07606320952667028,0.28189703254063214
,,,,0.0326812364349266,0.009388953140633994,0.050817938269997254,0.027388825144860292,0.288871256396784,0.19544642813204882,-0.09342482826473532,0.17246790084303712
,,,,0.01867459593059479,-0.0089258146064722,0.03517870396611966,0.00386804945516755,0.2550582264156407,0.14270877594983755,-0.11234945046580316,0.030315314970601314
,,,,-0.049361135230361716,-0.06024577628526815,-0.04295672362393339,-0.050775614548381934,0.0696879922599936,0.06731490730466064,-0.002373084955332937,0.3203147648922124
,,,,-0.09122460003014234,-0.09421111791747822,-0.08203695794510028,-0.08982201555394802,0.010158966099037625,0.018920137097420898,0.00876117099838327,0.12375899834425806
,,,,-0.09343972310870888,-0.08496352496512632,-0.08984794921820113,-0.07420837123734447,0.01055605384618784,0.01771552960800305,0.007159475761815212,0.10829575862529155
,,,,-0.09170261090397598,-0.04256658919231963,-0.09180311777526408,-0.027322470280444006,0.009170870187622667,0.019574918083066824,0.010404047895444158,0.13148159590387895
,,,,-0.10463048972676665,-0.047631595673905985,-0.10548028828030452,-0.035135741090091606,0.013853008427244686,0.02451088231323031,0.010657873885985623,0.13721140678526564
,,,,-0.10269032826650804,-0.03100810143834387,-0.10351492892931699,-0.01951125841384415,0.008204893186724857,0.029252282169219303,0.02104738898249444,0.22725004680846195
,,,,-0.09057522759427836,-0.021830521858846066,-0.09766152399483723,-0.011712015977967042,0.014981086397086625,0.044569723385980274,0.02958863698889366,0.3425776316599132
,,,,-0.10042663653729075,-0.04769752168766089,-0.09766020263560946,-0.03515465896781826,0.012258322392461364,0.024190094860161205,0.011931772467699841,0.1719227550093592
,,,,-0.11800901919295377,-0.07984317297768818,-0.11913811791300534,-0.07422190629954255,0.02375006496877172,0.04512744200679974,0.021377377038028018,0.2962405976493841
,,,,-0.14712199468635576,-0.07473169055971005,-0.15821662978012857,-0.07421249582760264,0.010189497982898536,0.01991314174077045,0.009723643757871915,0.11401447541467745
,,,,-0.1254871383973208,-0.010157265334755913,-0.13673368192408364,0.011767845500934062,0.008614390775019106,0.021245243469567854,0.012630852694548753,0.14811246295302624
,,,,-0.1085455057241835,-0.025045820813280315,-0.11330150088542229,-0.0038574047924310414,0.014030803983497674,0.029502801061372874,0.015471997077875202,0.19442648504685056
,,,,-0.16963572085643772,0.012119505070948122,-0.17579133565681743,0.03519357339633111,0.005548802636013085,0.053326382812804246,0.04777758017679115,0.48770942450069055
,,,,-0.15137162386854314,-0.001423740132395497,-0.167976739967382,0.003890069572475795,0.014276774525927275,0.05902670109740935,0.044749926571482086,0.47907806731971375
,,,,-0.15204632887667202,0.007336204401798366,-0.16799482688823011,0.027388229963843283,0.014340978978080727,0.047670747871085675,0.03332976889300495,0.37390272324524854
,,,,-0.13844631245577874,-0.0029229939872009746,-0.15235100618074623,0.019619597953559227,0.013647073635187822,0.036102976054175055,0.022455902418987223,0.24959330219456113
,,,,-0.12132976792525321,-0.02747541789946556,-0.1289290411626517,-0.009756688081631014,0.009735086065733162,0.028004740265461875,0.018269654199728702,0.21311961711853458
,,,,-0.11910105736714072,0.00561940661712895,-0.12893146909827197,0.02741480075466575,0.01792935025424137,0.0648210094704623,0.046891659216220925,0.5143108971951722
,,,,-0.17003565198510928,0.005186572895763178,-0.18361104380746146,0.01174136331513466,0.009920181784266062,0.05086225558830399,0.04094207380403793,0.43302981274553365
,,,,-0.12637509207764094,-0.010819081218492886,-0.136741991497435,0.01176394145225154,0.01705291669854088,0.048166745600377536,0.03111382890183666,0.3669169567654747
,,,,-0.12855652619023414,-0.02707086499487978,-0.15235863606566558,-0.019530969535966416,0.03443382723274048,0.06312002138460893,0.028686194151868443,0.36569523736669957
,,,,-0.14730288948520098,-0.04660278020320055,-0.16799821512734164,-0.03512627999651841,0.0210607178376063,0.03205967966122819,0.010998961823621891,0.19277602812387862
,,,,-0.11336268455982175,-0.05296780064661041,-0.12696931993077434,-0.042960520708415335,0.019492241070480917,0.03105612563398573,0.011563884563504807,0.1996084585253864
,,,,-0.10429710575429627,-0.027941039445160198,-0.11329453402020694,-0.01951251909179817,0.03369322981923712,0.03765973379736508,0.0039665039781279585,0.20891041819814898
,,,,-0.10747407499917576,-0.00903347533478127,-0.11916305708781748,0.003882596288458713,0.020353025019102345,0.051638542318339344,0.031285517299237,0.3877858743938808
,,,,-0.07525799434088688,-0.01280558701002873,-0.07422392382743002,0.0038874898578020478,0.02870615782162612,0.05863376946636738,0.029927611644741243,0.4116658442306544
,,,,-0.03792012840637991,-0.004495557428629638,-0.0253920146302208,0.011744105667937862,0.07567279671943701,0.06483926224123021,-0.010833534478206784,0.36494573337490954
,,,,-0.13312272501349184,-0.028653714632715554,-0.13672718448503282,-0.01949948071466075,0.020219730282473293,0.03936177411620611,0.019142043833732816,0.250694989016088
,,,,-0.11431746405146032,-0.02067231803865582,-0.12892126166595352,-0.011705766630038372,0.027361323194912787,0.05013375883455447,0.022772435639641687,0.3361086294234727
,,,,-0.07751777067461453,-0.02970673231017416,-0.08008177107239033,-0.01951427739615267,0.03426915550499944,0.03305872885938227,-0.0012104266456171781,0.16282114288509725
,,,,-0.1538400620544022,-0.04155816706136222,-0.1758004347179398,-0.035125034915927854,0.01818323855380398,0.030093737279265776,0.0119104987254618,0.18620161717756634
,,,,-0.21955031285471924,-0.13316784702151702,-0.24614088392323805,-0.1445564229370351,0.00932197862419253,0.012172432783416407,0.0028504541592238772,0.057877745070924545
,,,,-0.16765287972939205,-0.055655580051682946,-0.18360068541501307,-0.05077368854547493,0.013650624874849322,0.022574121675076136,0.008923496800226811,0.1236847623644036
,,,,-0.09194361426271529,-0.07202251664257846,-0.08202778404326987,-0.05856561418879011,0.032567149881522504,0.024207832837778092,-0.008359317043744416,0.09923100474215518
,,,,-0.07661198571061015,0.005467529575567392,-0.07421645915815178,0.019586882156506405,0.02890121280475357,0.04149322263130941,0.012592009826555834,0.2674898066962491
,,,,-0.08045045376728197,-0.037036721992782434,-0.07420762805747914,-0.011686524022753077,0.03802118787281218,0.03598280480551877,-0.002038383067293405,0.17844231684845965
,,,,-0.1381941304491291,-0.048432291441471965,-0.12887395444478433,-0.027318020411967597,0.018217886590615004,0.019984231215714656,0.0017663446250996526,0.09771047490631406
,,,,-0.125542788452488,-0.04453231482218109,-0.12106178615731053,-0.03513973362586974,0.06390052266027693,0.04784425390578017,-0.016056268754496762,0.15407396174145221
,,,,-3.915911421558489E-4,-0.022054210475677904,0.01172671114728123,-0.011698963804961302,0.07849251971704785,0.03669233819817611,-0.04180018151887174,0.10362003845334482
,,,,-0.0015742386053244398,-0.014505510438925078,0.011727071497053368,0.003913487258466661,0.14730744836822154,0.08564543433722054,-0.06166201403100113,0.1716042462316193
,,,,-0.09518839420981663,-0.03448086470142974,-0.09765545778179027,-0.027336804193879582,0.029772681804900208,0.04192613380231644,0.012153451997416234,0.25975881239755494
,,,,-0.06074595585444556,-0.05265239213588403,-0.050767716589332594,-0.04295705079887108,0.04838350742563043,0.033698183176226346,-0.014685324249404084,0.11259560577214568
,,,,-0.02906081866138735,-0.04268946409874027,-0.011706281160056916,-0.027315371000546665,0.05939638332361201,0.030275197812591442,-0.029121185511020577,0.09756869181312243
,,,,0.04266134667019765,0.034508907230303726,0.06446603210031443,0.06649130065150224,0.2740665050804875,0.22909046676101588,-0.044976038319471716,0.7461014945695252
,,,,0.0720954663504187,0.06372848602325021,0.0839985422945348,0.07619055369924074,0.32895786921060155,0.2229558007952828,-0.10600206841531878,0.7014651593118209
,,,,0.09358087717918216,0.08333251667572167,0.10744780741006162,0.09572002459330112,0.5649661726495782,0.44380196021041574,-0.12116421243916235,0.6344519982673047
,,,,0.0600527106787111,0.06656998249023531,0.06837039274982797,0.07428862458874168,0.18666617559664245,0.1971013735960052,0.010435197999362796,1.1144277310081814
,,,,-0.05912413015328978,-0.04321050700413244,-0.058596601937046376,-0.03513902372317583,0.050035113176452324,0.0442734118640892,-0.00576170131236312,0.1871409182178569
,,,,-0.03955211014033592,-0.017452438944366207,-0.027332240434216185,-0.0039103409081808135,0.06801873450509899,0.0545518093992886,-0.013466925105810382,0.2443611923418491
,,,,0.00798396759984926,-0.006906221046986322,0.021492301108345775,0.003880459811255005,0.11160308546522338,0.07449091746638695,-0.03711216799883644,0.31230098073052176
,,,,-0.0030096965795915463,-0.017486658634650407,0.0019437724884436855,-0.011701328762990893,0.09015338543542785,0.053439286669413485,-0.03671409876601437,0.15734942718282494
,,,,0.0180994477043441,-0.004490525432589122,0.029303162404602408,0.011747944258659732,0.1277719952017842,0.06005236593169622,-0.067719629270088,0.20282477018824974
,,,,0.043317438309484535,0.02553624522849022,0.06056687791670398,0.04301281472958254,0.25243534256798167,0.13308256732316312,-0.11935277524481851,0.3861158846312806
,,,,0.05233507330817003,0.04548620478088837,0.07428829566864642,0.06644962767001308,0.36538441818702516,0.27826890355762995,-0.0871155146293952,0.6840712021063858
,,,,0.0763441567737019,0.07576223181793117,0.08988952646981467,0.08992522775199727,0.3732158680327536,0.3972772878920019,0.024061419859248232,1.5436895454391508
,,,,0.07446035853888605,0.06919771049485968,0.0839912347095491,0.08994484442633689,0.37890104266070485,0.3948778724378047,0.015976829777099858,1.4834673781473806
,,,,0.07932065261926462,0.07680160554313449,0.09180894479535383,0.08991261721132814,0.42965550695711097,0.4242902435932808,-0.005365263363830178,1.41791754063795
,,,,0.07015206436627004,0.06840475843552686,0.08400359658058479,0.08992826423915604,0.3665772984438603,0.4012138868650609,0.03463658842120049,1.5513565060308037
,,,,0.06076886127471656,0.06781332323399643,0.07618753239368013,0.08996095579323497,0.3020859984937294,0.43912836126341864,0.13704236276968923,2.1878129942082736
,,,,0.04002527121895149,0.054906644419670116,0.05274725583285941,0.0683795225187458,0.19675442390435666,0.2686728391122573,0.07191841520790067,1.609341833896666
,,,,0.014165645460074225,0.005489290450698723,0.029297243172050437,0.01954121335569029,0.13066507988495174,0.1279361823186359,-0.002728897566315804,0.6448386389679782
,,,,0.06269939053452914,0.05484721172532909,0.07618753480850426,0.06837028104651267,0.3425977733197825,0.24711367452230823,-0.09548409879747417,0.8674847018264125
,,,,0.03885955567657207,0.03550686335785351,0.04882400143306921,0.05080813072562713,0.20586568509645237,0.24224128910842743,0.03637560401197511,1.1862472198668483
,,,,0.01174075056217326,0.013461752461663114,0.025397576737237533,0.027373933107707044,0.09450715945940484,0.11194062145424863,0.017433461994843774,0.7181406884771162
,,,,0.04849593824338702,0.05661458833484281,0.06055808308590762,0.07227971085180317,0.22444792244939074,0.3000931085665728,0.07564518611718206,1.5989530656135658
,,,,0.019736400061011867,0.009143225421756199,0.04300271703514598,0.035197911875815106,0.15102191583520164,0.09170722584350764,-0.059314689991693995,0.41913677228406976
,,,,0.0527469256594133,0.03581159142676676,0.064465122652569,0.05081522018617732,0.2722509122250012,0.15719902407476063,-0.11505188815024056,0.46090856140412884
,,,,-0.019494113870119033,0.012626938642211764,-0.013671020082110146,0.01955612857603881,0.04495283145781307,0.057956014751847904,0.013003183294034841,0.354047235524824
,,,,-0.01371678870395426,-0.0079877782289524,0.003912081786595457,0.003885134963514155,0.05045317998276936,0.0744680090679383,0.02401482908516895,0.45365009973838616
,,,,-0.05624141012636306,-0.023106131601242818,-0.05664351299226011,-0.009763565891211577,0.03051910109778045,0.04212756878048778,0.011608467682707325,0.26975940228742756
,,,,-0.08306961894040574,-0.047316164559670366,-0.08203970578339055,-0.035137316791079884,0.017733427129291036,0.031144936173800798,0.013411509044509756,0.2227377892130689
,,,,-0.04730638334186663,-5.322653344238869E-4,-0.03514772027959303,0.019564125455142793,0.02492695320420664,0.0456406593560092,0.020713706151802555,0.344183344088647
,,,,-0.07302179770753298,-0.009987158765310004,-0.07616738055690105,0.005864137399380337,0.022133265729462396,0.05408747312611309,0.0319542073966507,0.41438101633057045
,,,,0.0699468176098178,0.056883529759035024,0.0899018953605801,0.07427924256536513,0.399822803428404,0.32481028296927367,-0.0750125204591304,0.8121841748135277
,,,,0.055676604737935176,0.07619211394918779,0.06446191034732929,0.0899055305104694,0.19238163081841497,0.3376514610218882,0.14526983020347323,2.2350313637663604
,,,,-0.34721998454068326,-0.26810189084124186,-0.26951591392826735,-0.1757669173282073,0.05293246749563483,0.1801141710258038,0.12718170353016894,1.4337929833077192
,,,,-0.2720206055807006,-0.12855955528946775,-0.2539252173160743,-0.07419569899492977,0.016428468788033616,0.10458755016997573,0.08815908138194213,0.9337708771718655
,,,,-0.197841578358946,-0.11634846558233894,-0.19139124659405582,-0.09764232954438136,0.013514930784159624,0.03815509406704724,0.024640163282887623,0.3290884192868609
,,,,-0.1199517364331796,-0.11322354313075898,-0.10546387470181527,-0.10547831538904222,0.01517501623650952,0.01528065613404325,1.0563989753372911E-4,0.08041335761570441
,,,,-0.16865467297653947,-0.15165851062901672,-0.1679625873262714,-0.15233783425223077,0.01370467365832902,0.019428119958325756,0.005723446299996734,0.10148455308031584
,,,,-0.16158350072948416,-0.13921485157911592,-0.1601568921436927,-0.1367390022325334,0.008111170015287739,0.014217908892350589,0.006106738877062848,0.08734107567773093
,,,,-0.14565665472738787,-0.11167394907581034,-0.13672009122911338,-0.10547177122857399,0.008658815941787973,0.035609500729222615,0.026950684787434634,0.3007661104469213
,,,,-0.16118333360584014,-0.10031318036435027,-0.15233174074338707,-0.08202351563868246,0.041101891280381546,0.08528312578889512,0.04418123450851359,0.6143059237391452
,,,,-0.2863882589038816,-0.2231550149023195,-0.25391685988533963,-0.1289099289537676,0.053066719157607384,0.14714250640168122,0.09407578724407381,1.126195809821863
,,,,-0.3207550523823765,-0.23979825456299766,-0.2617086325550788,-0.11327559844261703,0.04550563916376958,0.15935540883855606,0.1138497696747865,1.308465001097222
,,,,-0.13496981622027202,-0.11193008984520296,-0.14454313400249774,-0.12110107567550941,0.012229160216069956,0.018808546301934768,0.00657938608586481,0.11021786071214157
,,,,-0.12528733617914697,-0.09534957446773425,-0.1445619789129438,-0.09764889275103586,0.02080977198209594,0.01845936807687236,-0.0023504039052235828,0.09757770225658975
,,,,-0.11388653508097342,-0.10047949865250531,-0.12113275609257941,-0.10547413838780131,0.01871479691915999,0.02202448490241756,0.003309687983257568,0.12417630058722359
,,,,-0.12995921235694222,-0.12168043523360701,-0.13476499446032067,-0.12892514914217576,0.01048739684933878,0.018485332672502804,0.00799793582316403,0.12237734097047834
,,,,-0.13946298245231628,-0.13901367636620787,-0.14648233503029492,-0.1504001347312938,0.006385728641228085,0.009471373442723667,0.0030856448014955815,0.04983195147447236
,,,,-0.1722272561212422,-0.12267308839440769,-0.16797736112543357,-0.12108727130982624,0.005675951281368115,0.03540419371130271,0.029728242429934604,0.31483844377859255
,,,,-0.1891148684941433,-0.10569033796500701,-0.17577648687261294,-0.10545312297688084,0.0069044691498355015,0.08754828167974052,0.08064381252990502,0.8148475662968451
,,,,-0.14190603580380715,-0.124574610357158,-0.13671888600491855,-0.12110749323932775,0.010650569025576042,0.017506611677862625,0.00685604265228658,0.09946795665961086
,,,,-0.13730961714496087,-0.1274037661355376,-0.12890277720526824,-0.12104887710265352,0.00841197387501269,0.014751669345403543,0.006339695470390854,0.08969577731499202
,,,,-0.1342824850721188,-0.12706029928362778,-0.1347635584587332,-0.12893175406365082,0.00657013795118848,0.009639177953786106,0.003069040002597626,0.05376565039892653
,,,,-0.17384394008456475,-0.1659568906474932,-0.18360661755866234,-0.1757866405995539,0.014214517317527568,0.014865993027227686,6.514757097001176E-4,0.07967987770632706
,,,,-0.08661012005117007,-0.08289764489463007,-0.07617014028997585,-0.07420880254952204,0.01721185131995533,0.016455618643162796,-7.5623267679253E-4,0.1032648688415872
,,,,-0.1516815848236456,-0.13792543598962229,-0.16800949133768842,-0.14453826074189108,0.011023390636818899,0.01075241612935086,-2.709745074680341E-4,0.05412018672239051
,,,,-0.1658645700715246,-0.14952286900889572,-0.1777349307611289,-0.15237651350398126,0.009421614328053617,0.009227447746049468,-1.9416658200414769E-4,0.05182276261797297
,,,,-0.11630076896062448,-0.1181278251246625,-0.1132792246673189,-0.11329021952105524,0.017972975081812708,0.021374764485656794,0.0034017894038440907,0.07989918332534064
,,,,-0.11724734347876417,-0.11481253135288272,-0.11915840228144363,-0.12112840074999864,0.02073747814410343,0.0212160257680753,4.7854762397187055E-4,0.1097748826252605
,,,,-0.1266675701522048,-0.11946509204902546,-0.12695172425600726,-0.12111058199167951,0.016272573107338092,0.018297600663990363,0.002025027556652268,0.08355291531271565
,,,,-0.1317827791739666,-0.12685118498853756,-0.144564186710133,-0.13674395878523818,0.020888917599689992,0.018476877649291658,-0.0024120399503983394,0.09571863667246241
,,,,-0.15960775346316883,-0.11244179063407246,-0.15234360504674335,-0.11327111057517178,0.009985487174791651,0.06708030757699553,0.057094820402203865,0.59076061360702
,,,,-0.1843931523272583,-0.13401938445102646,-0.19143062380265796,-0.14453885983800033,0.0053889880652249955,0.047481921306866355,0.042092933241641366,0.42909917533481917
,,,,-0.46521317480816693,-0.41903860290816647,-0.4570024459028066,-0.45703312779684585,0.011556959329663717,0.08585009107156358,0.07429313174189986,0.7665596773671015
,,,,-0.31917414049648235,-0.35056357856983666,-0.20701630360625456,-0.3320125528148259,0.08436175258086022,0.1241049230194665,0.039743170438606264,0.6788024875050682
,,,,-0.3575423667390121,-0.5549618247742037,-0.300778941315563,-0.7226881818279213,0.12432341972386517,0.04901519045395098,-0.07530822926991418,0.20116556074536476
,,,,-0.30299093865566334,-0.3753608278672883,-0.1679440929588856,-0.4101552554007677,0.109893143028552,0.0929333373226061,-0.01695980570594593,0.47901801708927766
,,,,-0.4060982476925917,-0.33023992466063207,-0.3554478759393246,-0.23043378093152891,0.01008090731108712,0.06165207493355738,0.05157116762247025,0.5561521116248082
,,,,-0.4136725179996719,-0.31173818580074664,-0.3476366871612968,-0.2070115516543149,0.015391874483914448,0.08320641641151828,0.06781454192760385,0.7217014516301126
,,,,-0.35635849789518553,-0.25689960592369226,-0.30078406256408774,-0.16015372946213527,0.020709313846241195,0.1042471078464139,0.08353779400017275,0.9072646314620927
,,,,-0.270182176125186,-0.1478792786697294,-0.261737395082388,-0.11329489960530373,0.016515671524173197,0.09550033870338966,0.07898466717921648,0.8409865573621229
,,,,-0.12390794341413432,-0.09234037681071303,-0.10547056630155012,-0.08204307928883754,0.050897987459882485,0.04582668388836467,-0.005071303571517827,0.25373663769852084
,,,,-0.14395150221766959,-0.08570986094895323,-0.12888273901261474,-0.06639463391444979,0.08066252725888393,0.09144382593799297,0.01078129867910904,0.5277764355053988
,,,,-0.1758513178906289,-0.127632531173904,-0.17578716317913315,-0.12891398959315808,0.007546345918974102,0.032538579999649514,0.024992234080675413,0.2649927341021531
,,,,-0.1630241433187468,-0.14740989499826518,-0.16013691483320722,-0.1445370238575891,0.008180537173747636,0.014835811191610648,0.006655274017863009,0.08592833780463939
,,,,-0.1424136701218896,-0.14101517449767828,-0.14456196819776884,-0.14454358233121858,0.007733243569889277,0.010138172372438376,0.0024049288025490972,0.0513692575005464
,,,,-0.11007745048665006,-0.10311868008310576,-0.11133100784008051,-0.10549056678623622,0.015286217440718916,0.025826187747505707,0.010539970306786793,0.15203239023387446
,,,,-0.13041660209507666,-0.11249899383273958,-0.12891418430199134,-0.11327360923835168,0.008606765667594721,0.015333775031845286,0.006727009364250559,0.09947477172460856
,,,,-0.14975479175249595,-0.13323658333947513,-0.13670173411406747,-0.12107670255478685,0.01292868918359226,0.018902444276487407,0.005973755092895148,0.08638703558054356
,,,,-0.12969771255368445,-0.12335253104429111,-0.13476273128530933,-0.12892576274676856,0.009194592694186687,0.012061063043035782,0.002866470348849093,0.06718943608216586
,,,,-0.14347188173482273,-0.1301246413968339,-0.13477050297150955,-0.12109801783927349,0.005497598874503274,0.00797198361194162,0.0024743847374383474,0.04665409912222652
,,,,-0.12639378496489215,-0.1133240393753983,-0.12303559755704159,-0.11132735488936742,0.006138187170806659,0.009345896514515017,0.003207709343708359,0.056899422311600105
,,,,-0.09839767303724131,-0.08845286885506579,-0.09766547651324892,-0.0898312450870931,0.02346322634824393,0.036858271180192984,0.013395044831949041,0.19186331682990176
,,,,-0.13173835398298486,-0.12030541292532536,-0.12109335048762816,-0.11327383598263809,0.013486655312713234,0.025168837473621482,0.011682182160908251,0.15086610009030949
,,,,-0.15338700150376036,-0.13270961264257441,-0.14454383252974085,-0.12890681176084878,0.011809252839749427,0.027056829589188116,0.015247576749438696,0.20139622258039544
,,,,-0.1745334336024817,-0.12319027491526126,-0.17578555065329507,-0.1132748021660079,0.011472543278485141,0.025033629058973703,0.013561085780488567,0.18752219908868362
,,,,-0.19067950484996748,-0.12718559739616078,-0.19141777395526602,-0.11325902138176182,0.010600190037570255,0.029421912263448254,0.018821722225878003,0.22831915435920308
,,,,-0.18661316405753903,-0.15965850374765403,-0.1914041301146514,-0.1601435431176119,0.008244922745856663,0.018580650557589062,0.010335727811732403,0.1258362334515092
,,,,-0.13251390073752284,-0.11952262641221995,-0.10544122744417428,-0.10545325101380738,0.026459777554288702,0.03311653807095851,0.006656760516669801,0.15481298236953053
,,,,-0.10027713088611538,-0.11752516678904112,-0.07418115353697399,-0.10545204653756574,0.04567184247334156,0.027217111720199232,-0.018454730753142305,0.08351672522150308
,,,,-0.08551531807142175,-0.0852674315257684,-0.0839862430735045,-0.0820314338235106,0.026638064460692994,0.03395724382007314,0.007319179359380146,0.18930136594872257
,,,,-0.12585337434128643,-0.11390860933367804,-0.1230450236461619,-0.1132866510951483,0.007354377469161448,0.012595050354384352,0.0052406728852229046,0.08675187594416979
,,,,-0.17382063498887268,-0.15979950736828147,-0.1777554675810734,-0.1621075421049653,0.0048280467546924135,0.0067830405903984495,0.0019549938357060342,0.03855670174735627
,,,,-0.11175429826740164,-0.10678868801672455,-0.11132807734963926,-0.10546404208451031,0.015431832195175247,0.0249782196883294,0.009546387493154155,0.13464828633454706
,,,,-0.17956656126789491,-0.16786640800992755,-0.17381901557749085,-0.1699295923500942,0.004268728680464317,0.008204941405059934,0.003936212724595618,0.051162633434883906
,,,,-0.16374936424266048,-0.14425373501147618,-0.1621159157117087,-0.14257698017430315,0.009092046945568017,0.01563408803252728,0.006542041086959261,0.08973920164068375
,,,,-0.11136944662076143,-0.11179578667723436,-0.11522511690672003,-0.11328371229452698,0.012092111968810987,0.011989292444423115,-1.0281952438787068E-4,0.05838383491534043
,,,,-0.1971213744793025,-0.1774712838686485,-0.1972573452440184,-0.1757888558001919,9.85536024743103E-4,0.0027566082601827506,0.0017710722354396479,0.02053427072384791
,,,,-0.12146418640503667,-0.09948614654309898,-0.12110622005019384,-0.08983619636204736,0.009358322751165877,0.012404460532956253,0.0030461377817903768,0.0778385808478685
,,,,-0.12936224696308107,-0.12261712743141608,-0.1289032542862384,-0.12109370244747443,0.011076645223409268,0.015978570427301306,0.004901925203892035,0.07917913670253893
,,,,-0.09203287812135966,-0.08116489805658314,-0.08789116011864355,-0.07419322363414657,0.00827789808125319,0.016317627773245524,0.008039729691992334,0.1145507974686705
,,,,-0.09049137488203118,-0.06942232247607145,-0.09180756950337768,-0.06835822102529303,0.011548083638910247,0.021127900510561126,0.009579816871650885,0.15295718572109596
,,,,-0.13589492507155224,-0.11936551010024345,-0.12889813172246814,-0.11327271286958003,0.005664447456162363,0.010645535505558261,0.004981088049395897,0.0669657076755571
,,,,-0.1321381436538042,-0.12008588111705529,-0.1308584083163911,-0.1191386527733323,0.008186917898875538,0.008690120093505126,5.032021946295874E-4,0.0468688411196158
,,,,-0.14659264362658445,-0.1308979329227098,-0.136720097321095,-0.1289272759898824,0.006189708197695592,0.00884630455283388,0.002656596355138289,0.06278719552315973
,,,,-0.143125909763728,-0.1419737388051368,-0.14452590288280556,-0.1445301881169084,0.009061603749877903,0.014605981818307578,0.005544378068429677,0.09365950670592771
,,,,-0.0923446172423502,-0.07399455474135773,-0.08984605160085156,-0.08202043162486072,0.026608900792148654,0.04405248296607625,0.017443582173927597,0.22727346218938538
,,,,-0.10705942608590559,-0.08916652324860126,-0.10351410124781478,-0.08398302412493533,0.005698467867282596,0.015612399905413951,0.009913932038131356,0.11370772160844962
,,,,-0.12941193941889362,-0.1272029280118698,-0.12109495786579738,-0.12108594481303254,0.007052297525898322,0.011735603962744241,0.004683306436845917,0.07268209952514709
,,,,-0.10682614615039276,-0.10185368135087859,-0.1054685542807726,-0.10543655305519302,0.026867013047608617,0.03163680080734722,0.0047697877597386,0.11878930883395383
,,,,-0.16631051482700024,-0.15157731963665197,-0.16601766929485948,-0.15235274680364588,0.005398605705736102,0.007755920413258293,0.0023573147075221924,0.03834241115683427
,,,,-0.1176416352404669,-0.10628847416973547,-0.11327494858023976,-0.09764910415019402,0.005019955319456872,0.01034551113719134,0.005325555817734469,0.06569214509823115
,,,,-0.11680301876958368,-0.0973836092949936,-0.11131412704689578,-0.08983287380374712,0.020057738642774832,0.03440186544845457,0.01434412680567974,0.18819141044463059
,,,,-0.17184950312166555,-0.1529944875732084,-0.17580203307052167,-0.1601634289823562,0.00526800971744647,0.008339426154783386,0.003071416437336916,0.05072391180744083
,,,,-0.18550132471279704,-0.17150769838126306,-0.1835771319411595,-0.17577837424944412,0.004369262890338757,0.008916593012946688,0.004547330122607929,0.05471253159480611
,,,,-0.14815014499464282,-0.14491541626391868,-0.14452489277403438,-0.14452178430121365,0.009719084280425469,0.015449234650963836,0.005730150370538367,0.08696895081590787
,,,,-0.1320956523908965,-0.12949380171890534,-0.12108823069848906,-0.12890737074649583,0.008729334839988974,0.015748049880993188,0.007018715041004216,0.10526078316692532
,,,,-0.14745652669750275,-0.12940613068139978,-0.12889963020124903,-0.12108694652694003,0.014347307766770045,0.02744692181674918,0.01309961404997914,0.1680885352753515
,,,,-0.1202324681947295,-0.099000268499151,-0.10545044809611154,-0.09765724674824741,0.03123334185983891,0.053905982852599746,0.02267264099276084,0.2795447929731652
,,,,-0.14724362546590747,-0.14662021808733516,-0.14452251306104988,-0.14452237031864085,0.010947425484746798,0.012136145775887019,0.0011887202911402208,0.05160247631930844
,,,,-0.09581696336009994,-0.0786609080376674,-0.08200587220715307,-0.06641149112129402,0.033002633553791835,0.05858956263762001,0.02558692908382818,0.3091708766998914
,,,,-0.14949551747141718,-0.12336496001896718,-0.15431520132811535,-0.12112584036765836,0.011420202542961229,0.012999150061434017,0.0015789475184727862,0.05837608045973939
,,,,-0.18310240895322094,-0.13592286164699408,-0.19142026317654845,-0.13672760976346834,0.004942666977592296,0.0143738189180568,0.009431151940464498,0.10961167482566814
,,,,-0.1884215785064885,-0.14892581605805794,-0.22269353787285953,-0.16015303852883506,0.020830324307442364,0.028649454901510097,0.007819130594067747,0.1647879341799129
,,,,-0.12277421931932182,-0.10392328865678928,-0.12110300358024134,-0.10546254186968171,0.021706126860162094,0.027759344650249443,0.006053217790087354,0.11705716583565066
,,,,-0.07192379892485304,-0.0732711005896005,-0.058591901511790244,-0.06638105670091257,0.04467546216079574,0.05192270254821807,0.00724724038742232,0.20476412985500395
,,,,-0.07719646964587201,-0.07995039692976984,-0.050768219311779106,-0.06639959726710122,0.048719421782798394,0.06875565886508933,0.020036237082290943,0.2887646018146624
,,,,-0.21599948385071524,-0.11323169003603208,-0.2148410953698949,-0.08202209285892642,0.04047736665760844,0.10623636087810573,0.06575899422049729,0.7857046115472706
,,,,-0.17804508863462376,-0.13999321536400874,-0.17580042674123544,-0.12891679402413192,0.01514825766882878,0.0162756982495663,0.0011274405807375218,0.10743566888379316
,,,,-0.15518346677944814,-0.1327617538369674,-0.1445341852457692,-0.12890994566075942,0.015535976179718504,0.01838148458220516,0.002845508402486653,0.09558839556039778
,,,,-0.11195147952235607,-0.11962644059183342,-0.10547260937854282,-0.12111446950894887,0.028702895504596357,0.0235000607100977,-0.005202834794498657,0.09593630574233387
,,,,-0.1593109881608386,-0.1336923979533056,-0.16015442755982565,-0.13671691531058053,0.011587852193113616,0.02333291790834532,0.011745065715231711,0.1440295487845987
,,,,-0.12748519508349657,-0.11483942108660672,-0.11131535606204689,-0.105460678463274,0.01599228920184506,0.026755655132881747,0.010763365931036686,0.15190039758422852
,,,,-0.1045272977341799,-0.0848010377119362,-0.07419331660503461,-0.05855878429530031,0.06253732442154003,0.06941429657496695,0.006876972153426914,0.2775335395506465
,,,,-0.21053286154769388,-0.14654424793596127,-0.23049259513229628,-0.13671604167794543,0.016336909547840884,0.028854478035244577,0.012517568487403695,0.19381204325365772
,,,,-0.16862252098246447,-0.12642409192599416,-0.1758070720301599,-0.1211023409569901,0.04245221740895304,0.06552422217672126,0.023072004767768207,0.3315847238145789
,,,,-0.12274194382884086,-0.10043241241403814,-0.08982592063188034,-0.08202379765084275,0.06126422238299577,0.0632606233752831,0.001996400992287335,0.2427470650143758
,,,,-0.19142646887773632,-0.11797250481121,-0.20705554198763346,-0.11327416524281234,0.024219076779140272,0.036220355752070735,0.012001278972930464,0.2294473027775171
,,,,-0.16203905673093388,-0.11163168031214536,-0.15234145379948127,-0.08982908604430283,0.028756951015637786,0.03170829896961306,0.0029513479539752772,0.17581136929928348
,,,,-0.1474619848251947,-0.08183199176467325,-0.13668469639954867,-0.05854812741701227,0.025276577136239025,0.05039416626710661,0.025117589130867594,0.3699487667614128
,,,,-0.1137392527555158,-0.06903992212330962,-0.08983554234519116,-0.042936603612208565,0.07454923202654987,0.08556304485287147,0.011013812826321627,0.4168148724968031
,,,,-0.2994286189246744,-0.1362774126350748,-0.29300381685744165,-0.08983294965551143,0.019526338267120733,0.12479037992193732,0.1052640416548166,1.1062187951894304
,,,,-0.3842053118545223,-0.20273280769114688,-0.3476622248336044,-0.09766612585696732,0.008467064004222986,0.1731647293853332,0.1646976653811102,1.6542469077487294
,,,,-0.280499437552028,-0.18425160872091534,-0.17575527263948582,-0.027310804775980684,0.11402725686068742,0.1835892145764468,0.06956195771575938,0.7256457937631947
,,,,-0.35624482856614736,-0.21452040276839376,-0.41795463920653697,-0.03509506966948378,0.13490649970214494,0.2256985685316725,0.09079206882952756,0.9626721272735465
,,,,-0.3985212265339342,-0.2917023215125228,-0.4648387390185354,-0.20701476688625756,0.05561472245723275,0.1448361713453791,0.08922144888814633,0.9462524231825399
,,,,-0.32189119126095433,-0.21934514025767432,-0.27732997607354604,-0.12891542693261807,0.06828343005190544,0.19957680249563742,0.131293372443732,1.4298513978199345
,,,,-0.3825502124481016,-0.2693533735276681,-0.3476502671568647,-0.17577071402974298,0.03255697665130721,0.1048742622154573,0.07231728556415007,0.8141147480646632
,,,,-0.5392871235023791,-0.39359673026532344,-0.7071247088395406,-0.48829095863923677,0.0438134670046508,0.15085408193597272,0.10704061493132194,1.0940349021454159
,,,,-0.18446758609450098,-0.19997428846567256,-0.19141052169867648,-0.19921912873757788,0.015332200676806719,0.03659011290556366,0.021257912228756944,0.26788557469508656
,,,,-0.17261837278361708,-0.1702120115319786,-0.16015579647320227,-0.14451569645457257,0.02113862652230511,0.07211537399121137,0.05097674746890623,0.5923514511257134
,,,,-0.18175788795819456,-0.3374396868670615,-0.18179541535834126,-0.345671048368659,0.0028547770369278533,0.0,-0.0028547770369278533,-0.0028547741821536715
,,,,-0.21086689115179233,-0.17971447743629437,-0.21483641701634018,-0.16016382255473754,0.005133600819114608,0.05695597145340304,0.05182237063428843,0.5352224094100768
,,,,-0.15381122554453544,-0.223048015073354,-0.1210778304157447,-0.13667631886024223,0.024742156004089334,0.04042107347503275,0.015678917470943413,0.31508336535931925
,,,,-0.06769820758276257,0.013632122808653613,-0.05859398536854509,0.027346428513805286,0.024403528826246808,0.13367985157626333,0.10927632275001654,1.154633933572692
,,,,-0.13833753483426187,-0.16382920637710965,-0.11327697448095311,-0.08984404478296039,0.01923506603301117,0.06342311324111873,0.04418804720810755,0.5231364865273118
,,,,-0.04376908882121439,-0.02130359246633839,-0.027305660119780813,-0.003896330714912044,0.047668232293012314,0.06597333462561672,0.018305102332604403,0.36895783609689625
,,,,-0.06262132730985594,-0.013933474982908606,-0.05859052024881338,-0.003911115337147373,0.030487632137931868,0.05496895230124661,0.024481320163314724,0.3515155671010476
,,,,-0.15133587549618824,-0.19930232317785895,-0.1289021339404515,-0.13671458388563162,0.014476840772266865,0.02538459573914324,0.010907754966876368,0.20229500854343668
,,,,-0.14155763623225137,-0.08733837855751164,-0.1288880304393659,-0.06639540888451693,0.005995723087280613,0.021170996273667513,0.015175273186386897,0.1720632116245744
,,,,-0.17079879512459986,-0.13573224996697722,-0.16795856827029962,-0.10545307472056996,0.020929655535154357,0.050252320103331985,0.029322664568177618,0.40429320870271
,,,,-0.13206116720082606,-0.09536975272358918,-0.11132394818587608,-0.06638833579702733,0.0012671585824095353,0.009689295922659134,0.008422137340249599,0.08728904866482358
,,,,-0.13165084133535934,-0.10760031279501776,-0.12890946778305806,-0.06639153859188877,0.018125675599632702,0.057049949873483864,0.03892427427385118,0.45942389124285665
,,,,-0.16601092729179198,-0.12183132742115718,-0.16014273612827978,-0.10545667725928472,0.0027733518129574785,0.013141076428426915,0.01036772461546944,0.11017274360440564
,,,,-0.06663769499567458,-0.01996387116919885,-0.05663624617240302,-0.011704649152332207,0.021793115699235227,0.09579610180060158,0.07400298610136637,0.7609263764731705
,,,,-0.0798652986873648,-0.01612084758739778,-0.06835883915039287,-0.011735122431450808,0.028104859592771845,0.14231122454186196,0.11420636494909006,1.1578591773999454
,,,,-0.11189879410282781,-0.09568978062543843,-0.08982361298886435,-0.0741889818433003,0.004652605100869054,0.009217807696171825,0.004565202595302773,0.0614980562960481
,,,,-0.1120719135070635,-0.08263448440434573,-0.10545646478853082,-0.06639435192018603,0.01600524161221419,0.05559998831264404,0.039594746700429846,0.4361735687814977
,,,,-0.12940011995379297,-0.11929382361632167,-0.11523277988592003,-0.09764673585084652,0.003709158361147321,0.006628656267509284,0.0029194979063619617,0.03826306431447618
,,,,-0.11589152910694625,-0.10358877471709042,-0.09762784539162367,-0.08202358105790603,0.013379206995796927,0.027089731905395712,0.013710524909598785,0.1600457486326326
,,,,-0.0949681100487251,-0.08602350239526256,-0.08201391326158779,-0.06637952471353518,0.016780585144820167,0.02645945746184183,0.00967887231702166,0.12198181463864669
,,,,-0.127685145368744,-0.11326355406383633,-0.11324812394228365,-0.10544234655055162,0.004948432322768188,0.016569192835681888,0.011620760512913698,0.136933330043619
,,,,-0.12869687685762018,-0.10200485918543384,-0.12107356198847026,-0.09764611853563873,0.011896605294993236,0.02731029728684741,0.015413691991854174,0.195777655465772
,,,,-0.18973036203404361,-0.11240246838953205,-0.18361783531772513,-0.08201342721353179,0.019187558485330707,0.06636785438953652,0.047180295904205784,0.5399646428758372
,,,,-0.11331646354827767,-0.06615364081034047,-0.12110959808257188,-0.058581197425788774,0.020617285407716412,0.026501110953062224,0.005883825545345812,0.1516808142325325
,,,,-0.11080029634948337,-0.07438234252684388,-0.11524129915316395,-0.06836233939054752,0.01531823973316034,0.019071198138548455,0.0037529584053881087,0.10821589758553496
,,,,-0.1320500420934905,-0.06175516805064016,-0.13672721381003303,-0.042940228264138784,0.03803296416548416,0.0825270313470743,0.04449406718159013,0.49950040974259713
,,,,-0.16726625324860706,-0.11371430143861565,-0.15234574521265234,-0.058563011975881755,0.005509384817630203,0.05505825974000113,0.049548874922370936,0.5118785307630103
,,,,-0.10029621972621285,0.008218681551760124,-0.09765985179442073,0.019543472265231523,0.013196237202003105,0.13844169272022475,0.12524545551822164,1.2830313241218938
,,,,-0.12346917064096259,-0.036854406315722524,-0.11325469563220608,-0.011695079960816148,0.017828111061551025,0.10126869783165796,0.08344058677010692,0.8622588672610936
,,,,-0.1766915973577044,-0.14591871259496247,-0.15230947325582941,-0.09765146382980755,0.0020514026772450286,0.02865614483024686,0.02660474215300184,0.271332005589742
,,,,-0.1800163647400607,-0.10337811202479569,-0.18358860481951306,-0.08984013754237766,0.004935108421723396,0.05603086929018563,0.051095760868462244,0.5200666061996232
,,,,-0.19804301385575787,-0.14762221603526526,-0.19922202305187128,-0.12890475553657227,0.010882148996702036,0.0653663747358618,0.05448422573915976,0.5581563300799729
,,,,-0.150870857130375,-0.18790980407202645,-0.1367277308301766,-0.12890476060747597,0.019673922228785376,0.059785025814747025,0.04011110358596165,0.47196007478513874
,,,,-0.26834228484588857,-0.2179090379630875,-0.1757655847759588,-0.12888000531893942,0.021629899040797096,0.04191119350684322,0.020281294466046117,0.25218957523272384
,,,,-0.14816461278250567,-0.1755883955285946,-0.13670623818706054,-0.16015555295354755,0.05624739733082133,0.07180138464389123,0.015553987313069907,0.37615600239178754
,,,,-0.16391374346353832,-0.0713699202008433,-0.1445370460748135,-0.027330121842446,0.012352100790874863,0.07066924346099568,0.05831714267012082,0.6232665628774904
,,,,-0.25849439170697724,-0.21850342683123822,-0.2533069115559586,-0.24250584398981315,0.0,0.0,0.0,0.0
,,,,-0.13396523981416691,-0.08571559051278158,-0.12108852173192605,-0.05077113919464125,0.04590510439515359,0.09900198737425062,0.05309688297909703,0.6158675899606404
,,,,-0.1334543648060659,-0.09632412488737825,-0.12888833265327568,-0.058542118601964024,0.03733935182423156,0.05181487709909384,0.01447552527486227,0.24486675915186487
,,,,-0.09764682148230865,-0.030399484450941178,-0.08984417432312522,-0.01955357957871086,0.06406133177886035,0.1452948468811111,0.08123351510225078,0.8616023241408372
,,,,-0.24700683860588188,-0.2009307596203434,-0.1757743074128872,-0.13670483042329765,0.02663983405976043,0.07428723767702265,0.04764740361726222,0.5341575645555303
,,,,-0.08769268843539019,-0.02075758300849121,-0.07421540255955567,-0.003954948376676601,0.06547059125657649,0.16452398626594938,0.0990533950093729,1.0703324566512789
,,,,-0.06105773929194715,-0.03558345901541964,-0.027309629647194,0.003925902073208335,0.0684627847540872,0.09127440438558247,0.02281161963149529,0.5376940939067673
,,,,-0.03892369489706877,-0.008259772231458646,-0.019512017260779967,-0.0019866904331596706,0.07045644572976117,0.051916332541006624,-0.018540113188754554,0.19308019560751877
,,,,-0.1546601496964118,-0.10524778671657646,-0.13672245582217626,-0.07418414537616357,0.02989546640166912,0.08032013783902939,0.05042467143736025,0.5927376224496368
,,,,-0.08661520949810657,-0.04566402487031241,-0.07422911915106105,-0.027303223274640565,0.02342461522081621,0.03335147316378173,0.009926857942965522,0.21313393424329866
,,,,-0.1652290624240897,-0.12090448421361769,-0.17580552835020463,-0.12111344489528085,0.01838874597283072,0.032523193148299503,0.014134447175468776,0.2090841256455887
,,,,-0.3096407322281943,-0.25135309977257414,-0.2226437894322387,-0.17576785749084853,0.02627302563795169,0.059425352498935394,0.03315232686098371,0.3948208087284747
,,,,-0.07926182120542695,-0.04512295501296612,-0.07418918323617137,-0.03711280205398555,0.06912660287506202,0.07923412328428237,0.010107520409220364,0.3378365938026725
,,,,-0.08873606094416861,-0.06298271025895814,-0.07422316644143795,-0.03515377732267504,0.06030036481585396,0.06253244504402275,0.0022320802281687677,0.303046764155697
,,,,-0.145422643910403,-0.1367180004773323,-0.13674684423071515,-0.12109885078584279,0.036498075698782224,0.05396986125875656,0.017471785559974334,0.33489267197998196
,,,,-0.16219166147685002,-0.17116890131126417,-0.15234762767122864,-0.15235222238245646,0.026284862523928174,0.0709903524361022,0.04470548991217404,0.5240138202661734
,,,,-0.11572873904465168,-0.08533568091762873,-0.11326372158262063,-0.05856471915293231,0.033786023238277056,0.0497013105442925,0.015915287306015435,0.35615774010281576
,,,,-0.11911380211999066,-0.07355913495748694,-0.12890978868812253,-0.06640348731386782,0.04089222729723149,0.05269138394761119,0.011799156650379677,0.3101386708767712
,,,,-0.0876379318606098,-0.027979859920919385,-0.08394889138515553,-0.013729361600526005,0.036954472674297675,0.05631302723706051,0.019358554562762847,0.37559195828765735
,,,,-0.10627463053398944,-0.2254911123177974,-0.0820132159190402,-0.13671006705019906,0.07434805318235735,0.05851071211044693,-0.015837341071910416,0.26665904666965873
,,,,-0.15243071580278383,-0.12000170478098862,-0.14453606870942862,-0.09764083363695726,0.04955622798854651,0.050680928482137316,0.0011247004935908097,0.2651762216703474
,,,,-0.13391423932656862,-0.10059481386278075,-0.12890319538377318,-0.0898157902047094,0.08047061799801404,0.0824042663669324,0.0019336483689183475,0.33209395968857447
,,,,-0.27359976404172803,-0.1330235760926139,-0.26172955124278324,-0.09764555506307263,0.01240262557121892,0.0997492144920107,0.08734658892079177,0.9069822492467082
,,,,-0.24835722349042935,-0.1794052100369515,-0.269561804740103,-0.17578621618499443,0.006203114455329362,0.030974601835964326,0.024771487380634963,0.26734988481985067
,,,,-0.10901011053021493,-0.06813672343469668,-0.0898153791031572,-0.027314817630882456,0.027892432097307445,0.09781230994073505,0.0699198778434276,0.8114474684881985
,,,,-0.12709752110351893,-0.0934111588439598,-0.11326034622752101,-0.08202821850150498,0.014202340034657767,0.038770126797554344,0.02456778676289658,0.2947385269638823
,,,,-0.2051734455496419,-0.13554408480443056,-0.17576556945959848,-0.08984455529894647,0.06756648358739129,0.10638068552081031,0.03881420193341904,0.6343544148451374
,,,,-0.41837204720946347,-0.37488685891293516,-0.3827375936365769,-0.31639657482120137,0.03965002865617494,0.0564283789162382,0.01677835026006327,0.30948521363432
,,,,-0.2246954750405864,-0.21421930847919274,-0.19138587228654427,-0.16014521439879206,0.014199472877677652,0.022097670128572562,0.007898197250894912,0.13633748494619338
,,,,-0.3605338597378432,-0.33572686743805163,-0.308604641263129,-0.27734449776381565,0.09155943508880422,0.11367034436992336,0.022110909281119136,0.6439341944458389
,,,,-0.09991359317433857,-0.09815929629797307,-0.08981847990909615,-0.0820203537792909,0.009584226514967565,0.0152012722955646,0.005617045780597039,0.08791128391356202
,,,,-0.11373371878733228,-0.0916351177676209,-0.08981915879680669,-0.07419007472002954,0.006182566106746981,0.021798520627036317,0.015615954520289337,0.17362303200679066
,,,,-0.15670869374629434,-0.12271777729757001,-0.12888515653558222,-0.09763256845008653,0.0035210367105221814,0.027766450393003978,0.024245413682481797,0.25077034867454895
,,,,-0.11862683098811681,-0.11205405629607937,-0.11133015451156433,-0.10547150368253641,0.0061397824185972245,0.011308010696989746,0.005168228278392521,0.059448803824413414
,,,,-0.12362677964046534,-0.10294061479888225,-0.11327498837466193,-0.07420231454450152,0.01912217154983137,0.051886767893151726,0.03276459634332036,0.4070841887395255
,,,,-0.1252437152119152,-0.11672034515405008,-0.12108893037380794,-0.11328567922862683,0.00895902588882852,0.014800356791815007,0.005841330902986487,0.08305978121261454
,,,,-0.10483609772145919,-0.08593892394830961,-0.10548644596003842,-0.07420816196089969,0.018477452182715466,0.026463720337635933,0.007986268154920468,0.13447401407705703
,,,,-0.09775569747155094,-0.08369762269414989,-0.09766365670159063,-0.0742002191959824,0.017368485771899377,0.023947202466856304,0.006578716694956921,0.1345948112101496
,,,,-0.11857099346190264,-0.13219989574778954,-0.12305456853666281,-0.1543115020858957,0.005686987638708856,0.009960159963987743,0.004273172325278888,0.06694752352707767
,,,,-0.09480156437107268,-0.10470742696033432,-0.09961729508516518,-0.11914344502463435,0.014064487964637327,0.02014101391287396,0.006076525948236634,0.12420583045600204
,,,,-0.08220790249465028,-0.06767150908955975,-0.07420992442742294,-0.058591828003917726,0.03246107828666718,0.0463437407507051,0.013882662464037906,0.25884390644664673
,,,,-0.07229094666143585,-0.057857292376126475,-0.05857985838588638,-0.042956094497133404,0.023626347594969906,0.042585906193098086,0.018959558598128173,0.25651464313356886
,,,,-0.17648265482873673,-0.23544698425972382,-0.15233430533269515,-0.16014802085677418,0.035653784049650195,0.033123394174546704,-0.0025303898751034867,0.19475181086330842
,,,,0.021344138111770355,0.05267732398688031,0.027343448640619293,0.0507555719646537,0.2511276407506744,0.3506704123696784,0.09954277161900399,1.2344581936618533
,,,,0.018534428360569104,0.059692934758726904,0.027351344402183824,0.06641951290102807,0.24600875924231833,0.36431356975267326,0.11830481051035492,1.4872669384759758
,,,,0.050566266948649644,0.07397214603341158,0.0742367134897019,0.0898872773907965,0.41218792858468295,0.4639164919786181,0.051728563393935154,0.9972188182220176
,,,,0.03451512609155207,0.0642810687265038,0.05860185104428643,0.08206269307331987,0.31021741198025304,0.4131141935323573,0.10289678155210417,1.4393683545733071
,,,,0.0033460738305227423,0.050131165835906356,0.019540347836780127,0.06055131284018999,0.15912212341840884,0.3155809217589216,0.1564587983405127,1.8170650602329665
,,,,0.03808268642321073,0.07304768454889167,0.04884189627035652,0.07616289993555653,0.27846647226340304,0.3939763362380984,0.11550986397469533,1.4687974307578044
,,,,0.008592142306990869,0.06355147396791344,0.0175785652768405,0.06444559243812822,0.172760280009033,0.35955127320698044,0.1867909931979474,2.022314468786338
,,,,-0.01216418763277698,0.034098989118790696,-0.005859609309471302,0.037118589191093565,0.10258413213541503,0.22492759888298589,0.12234346674757082,1.3388139647920672
,,,,-0.006487387105039302,0.03492335601202337,0.011731661439973074,0.042959460339949455,0.1662069725896693,0.27951252139644867,0.11330554880677936,1.3300552567186046
,,,,-0.017528865129671636,0.04841667978957619,-0.0019723930550387715,0.060548803508543976,0.12551560421030072,0.3569571215397752,0.23144151732947452,2.4450086367787383
,,,,0.011843774878457992,0.059259022444768834,0.02147715594888899,0.06444184221468467,0.1528707033077439,0.32363168636983014,0.17076098306208623,1.8979968875168058
,,,,0.0044372063400386855,0.057587675597441275,0.017586167137206794,0.060543476988716066,0.15453954280117482,0.3292121490466946,0.17467260624551983,1.9695239086143879
,,,,-0.09209110032661602,-0.034410400495305256,-0.09765210359817503,-0.03710952214591911,0.06071093915758357,0.14862410568302606,0.08791316652544252,0.9620686065535269
,,,,0.011707695199887933,0.06586058553304265,0.021485161998668314,0.06835941397879794,0.17881828863924332,0.36745721733465064,0.18863892869540738,2.048051186397711
,,,,0.018012073106130344,0.07007174362430858,0.02736341837509232,0.07423479532447991,0.1913879072495919,0.3904426205952395,0.19905471334564762,2.1592090595256828
,,,,0.03344984769888139,0.07726059667255236,0.04490899963779193,0.08787025870893046,0.27403460062210244,0.45038879628225603,0.1763541956601536,1.9772418426678287
,,,,-0.05630979460460268,-0.002879517722109954,-0.04294429434864456,0.011739557571731712,0.08668270283718206,0.20883908858888994,0.12215638575170784,1.3607927562405142
,,,,-0.02186308679732611,0.042081269516539746,-0.009760361027853194,0.05664623025730214,0.12192650046795084,0.3394855979969488,0.21755909752899794,2.2989001737494577
,,,,-0.11486759736066499,-0.07192621161487475,-0.14457706213754493,-0.08986704860388499,0.0720641441509616,0.13166336038918156,0.059599216238219954,0.7053907341857555
,,,,0.01594130749654302,0.049145922650650514,0.035164529264041657,0.06836142389944723,0.27600468494023617,0.3775594499588057,0.1015547650185694,1.2472401914757703
,,,,0.0038808663186611016,0.04646137494524321,0.017574612707392648,0.06055577205695163,0.21436730763859874,0.3577217238767294,0.1433544162381306,1.5773611000358383
,,,,-0.05748435048982629,-9.232831517793943E-4,-0.0683722356064855,-0.001969357786079564,0.0929294784584748,0.21890970010985505,0.1259802216513803,1.351094501152657
,,,,-0.0574501735311251,-0.011634594489881096,-0.06836223720098714,-0.011728079212455401,0.11923941853029907,0.2060349153157592,0.08679549678546016,1.0136179985922422
,,,,-0.004451103927836053,0.03183485320606316,0.013678097098368184,0.052738149252617154,0.19562502081878236,0.31997620258213466,0.12435118176335236,1.4284786861888936
,,,,-0.024481439428145322,0.022325724900668604,-0.013667158075924047,0.033194927154426956,0.14978095169176447,0.26118901898876157,0.11140806729699716,1.30012116648548
,,,,-0.011167320829263363,0.023157055648029848,0.013678545389412607,0.044926831771315234,0.10320533525605509,0.21747021378364256,0.11426487852758747,1.3355973090146551
,,,,0.018949232183428835,0.03967165832016085,0.04302289942472051,0.05664500013922296,0.13913335274419117,0.2330238677795519,0.09389051503536071,1.302441926087322
,,,,0.010373711479219318,0.034447441199425756,0.02737247537063562,0.05274741186745154,0.19699345504686358,0.27837189861912875,0.08137844357226516,1.0638515287736467
,,,,-0.03473280526753332,-0.0069606798007682364,-0.019518622056139103,0.011721642198022521,0.152434935263942,0.1869835456371971,0.034548610373255115,0.6580335546563465
,,,,-0.0714658731132433,-0.04146048826101355,-0.089874709557577,-0.04492736894521535,0.1311000316136919,0.16469264839219042,0.03359261677849854,0.5802087642217411
,,,,0.0376996892404187,0.06864143826595738,0.0742799928586154,0.09571691276975733,0.3851747984592124,0.4786289355617314,0.09345413710251907,1.27851637087449
,,,,-0.06832255804723224,-0.0448017891959542,-0.07226491742108634,-0.042978693254719334,0.06381568041207357,0.07552714160138324,0.011711461189309675,0.275313746624994
,,,,-0.05527970965906051,-0.030990974210709298,-0.06644366812517298,-0.03320585235962082,0.1260319985737352,0.16315458581004139,0.0371225872363062,0.5956951695329941
,,,,-0.0367324821460121,-0.019837567617847267,-0.04299381710827919,-0.019557090369233924,0.16342398041442663,0.20376402167010954,0.04034004125568287,0.6826053260704376
,,,,0.05587075299806511,0.06879267750839232,0.07425584446511178,0.0820507292148724,0.33974863118303456,0.4011008664980294,0.06135223531499483,1.2088922094823553
,,,,-0.03555705650914907,-2.0285167617286364E-4,-0.011686160460379432,0.011736498419645101,0.16962407638710356,0.23451196056583012,0.0648878841787266,0.9345747500586797
,,,,0.017350820384384878,0.03009564861283276,0.042992676440387706,0.050819050142460055,0.28253779770410425,0.3145767930564682,0.03203899535236387,0.7653061486515452
,,,,-0.011736312080090766,0.010291555810727836,-0.003917486546772475,0.019566920372931902,0.18167380295751975,0.21355123142772092,0.03187742847020114,0.6787668532256481
,,,,-0.00851892242253745,0.02419358887397753,0.0038861729906406175,0.042990573795859605,0.21259645182451256,0.30321918738064363,0.09062273555613104,1.1083597708478947
,,,,0.07465345815422886,0.10006894399284905,0.09770100829354438,0.12113834405434207,0.49721010634358936,0.6231768632803977,0.12596675693680823,1.5652865229545048
,,,,0.07537442386899335,0.07703564339312784,0.09771351945171455,0.09770538281251046,0.4893571288868356,0.4758054294859488,-0.01355169940088671,0.6828787545676199
,,,,0.0741330487484412,0.09503679928665136,0.09770392487435708,0.12115097295633993,0.4676425643812471,0.5927142080976591,0.1250716437164119,1.6361926219796548
,,,,0.056285556485255066,0.07765303659146268,0.08989450546287203,0.10551512719233136,0.42599584204279173,0.5402426312539756,0.11424678921118392,1.4583172582654076
,,,,0.06716341954261913,0.0766580030320002,0.08790164107504803,0.09571113298428388,0.4289043269101414,0.476332613828303,0.04742828691816169,0.9374014278087868
,,,,0.03509738615323958,0.044382583621163076,0.050814436366122685,0.05861714488779723,0.2537262362209939,0.3045231285315809,0.050796892310587004,0.8893988132283319
,,,,0.06555309100799046,0.08456528699619285,0.0898783702941865,0.10551152870518571,0.4541263180498522,0.5427217854397172,0.08859546738986501,1.3050091995789024
,,,,0.04477246606475514,0.05149535894286469,0.07618022376276436,0.07425079407219068,0.3809259711464201,0.3807562361850157,-1.697349614043042E-4,0.6305858083089692
,,,,0.048116199202909375,0.05414994230847162,0.0742616118619271,0.08207457545638905,0.39185765483592677,0.39789989091314926,0.0060422360772223425,0.646272570105702
,,,,0.03310522133003775,0.04227557424699425,0.06446013398217115,0.0664321827767913,0.324501519418408,0.34865991886086706,0.02415839944245898,0.7629346880731537
,,,,-0.03601407523957894,-0.01679416874621647,0.0038909257516503044,0.019563133040111615,0.19598080538150994,0.23581302575190083,0.039832220370390845,0.704538174139924
,,,,0.050366759335431575,0.07597926445640567,0.06643448504312692,0.08987600494427744,0.3548996745570226,0.467022380822526,0.11212270626550351,1.571006230026977
,,,,0.038020765865978606,0.0578228434566116,0.058631210766594964,0.0742424482880291,0.2796363677305271,0.3730960609331754,0.09345969320264827,1.4365687717573001
,,,,0.03871952618951305,0.05876752272953564,0.05860563718594656,0.07425254203431571,0.2575046367630022,0.3766569156600498,0.11915227889704748,1.6901902157550126
,,,,0.04221578129036806,0.053510531606392464,0.060555346415011715,0.06644000770156927,0.28084732079793706,0.3406004949978852,0.05975317419994813,1.2523517792616796
,,,,0.07257963798714737,0.09635213076128135,0.08986540158992481,0.11332808243415178,0.4475617787312777,0.5805511762729638,0.132989397541686,1.70696638925631
,,,,0.055586436917901744,0.0747485097020947,0.07425366894460103,0.09769252675994065,0.3809104783232454,0.4844392215952374,0.10352874327199198,1.352802382528941
,,,,0.06444937146783299,0.08157110466104514,0.0820624222586438,0.09769926878554099,0.4066588782081779,0.5001694623993629,0.0935105841911851,1.3015584564325156
,,,,0.0633712483017369,0.07199362483245579,0.08206830991934469,0.09181978324300791,0.37874560716901917,0.4542710300811931,0.0755254229121739,1.2117184192524282
,,,,0.03690032049897817,0.05077286037540221,0.05273971021822499,0.06644105455449341,0.24565311826070413,0.347354876307628,0.10170175804692387,1.4313222868514173
,,,,0.05771436911088234,0.06370936482128262,0.07425709137102604,0.08207163906094894,0.35969259361408334,0.41075295494784114,0.05106036133375786,1.1025183873125401
,,,,-0.011693829907422128,0.00529550965914781,-0.005856831028814862,0.013672825663843386,0.013870387924424715,0.03449915588804658,0.020628767963621862,0.24480133041611896
,,,,-0.02374534007789544,-0.008210607643727311,-0.01756815455623971,0.0019405022995024161,0.01234653660213375,0.02611007452104177,0.013763537918908015,0.16341979446462992
,,,,-0.018893533168925072,-0.016743096839527367,-0.013668334551035007,-0.011718031737062824,0.12569201373701028,0.13123171684303894,0.005539703106028645,0.3742294959053192
,,,,0.00400425359706037,-0.008125697068615993,0.009773486196123886,-0.005863281389423503,0.05194590066593686,0.07810108547716214,0.026155184811225293,0.4262648433416751
,,,,0.03943432479663495,0.034113681305456826,0.050795293532011475,0.05081879311813461,0.21843582448004553,0.24718830030487057,0.028752475824825013,0.8963375995034533
,,,,0.016889849216004504,0.004729680045401493,0.025398736426519936,0.009760926042547287,0.07061443340034741,0.08715796921635144,0.016543535816004054,0.43049531838959765
,,,,0.058181615245225776,0.0518550704184954,0.07423429337221801,0.06642219915433133,0.337103018872088,0.33802898693914896,9.259680670609231E-4,0.76468576021188
,,,,0.05807120294665947,0.05009536485894979,0.0742445691606088,0.06642289662750786,0.34658329662295134,0.3233769430194631,-0.0232063536034883,0.6563965000507027
,,,,-0.05975789808126546,-0.05926255794263822,-0.05857987534310019,-0.06641256438277822,0.11364215197980691,0.11134868854754258,-0.002293463432264323,0.28658898538719835
,,,,-0.11083614769628646,-0.0799426517073343,-0.06637434637885299,-0.05856023409171597,0.04398853122194821,0.047080292006067434,0.0030917607841192303,0.32498052620716983
,,,,-0.05985825577551418,-0.0539535902140439,-0.056628454719402005,-0.05076257097713014,0.010830378716617468,0.02723883442443078,0.01640845570781331,0.20197697664103126
,,,,-0.05331524553586059,-0.049995900921427375,-0.04491402773154084,-0.042964078674354526,0.021652335759984803,0.031828729408771114,0.010176393648786313,0.19928632442757754
,,,,-0.015141111536017765,0.0062202809660839055,-0.003908108715947707,0.019568166452609108,0.07185641477502032,0.15120976264901692,0.0793533478739966,0.9143920545556412
,,,,-0.03890042855583299,-0.0197823837208433,-0.033194621021050474,-0.011709046555329524,0.04484017164365244,0.09798526419555355,0.05314509255190113,0.6573155835167268
,,,,-0.099122434201849,-0.07226935714694661,-0.05857190235195976,-0.04294320597664938,0.040058237912083634,0.07081977226576942,0.03076153435368578,0.44649953653901586
,,,,-0.020771324232118537,-0.009838476668655668,0.003920064523717395,0.011748271079435423,0.10900321858408508,0.1801416948989074,0.07113847631482233,0.9742537511444811
,,,,2.954889551526553E-4,0.021519343456816047,0.005875591999314129,0.03320440593910782,0.08372019259454237,0.16028949615132698,0.07656930355678457,0.9549762338428244
,,,,-0.01615688578459098,-0.029918132161329828,-0.013671086646747483,-0.02733851786757249,0.07665972299274286,0.12867702511791218,0.05201730212516934,0.748474672382745
,,,,-0.008062227572896137,0.006082496263080694,0.005865165799308508,0.019544137862091946,0.11002346924095881,0.17460936967968835,0.06458590043872955,0.847222725552154
,,,,-0.0024394006822398397,0.016981258830439834,0.011723432113179433,0.03516797001022512,0.15526855432034498,0.23189699691070623,0.07662844259036129,1.0058307612256927
,,,,0.038341970468242705,0.06875325285809146,0.050792482190926094,0.0820635760040622,0.23459300388121723,0.4024577792059712,0.167864775324754,1.9224622597549457
,,,,0.007611100902977759,0.03442992468327478,0.027357160004241564,0.058632746155893374,0.14321937653843164,0.32144769645947335,0.17822831992104174,1.9447479153932632
,,,,0.02427813701167486,0.0390234479473906,0.03516381472160978,0.05079346575809264,0.17394530996279267,0.2662576621524895,0.09231235218969688,1.1801047843778092
,,,,0.04623133217275893,0.058755972569496245,0.05080652128164317,0.0742416571161002,0.24896412662231734,0.33624216457651107,0.08727803795419375,1.2164653364994393
,,,,0.004710372897620494,0.019842653173687445,0.035202485663413705,0.04300463711678148,0.18378604185749572,0.2494807211012808,0.06569467924378511,0.939208817029636
,,,,0.012276935471980777,0.024677004472078743,0.03520280453981959,0.050814518549222074,0.17005100190961173,0.2518217316197586,0.08177072971014694,1.0531762982553214
,,,,-0.03543926740779365,-0.010749222249995836,-0.009748814145934393,0.011732396043430793,0.07982060095487498,0.14989841720735442,0.07007781625247944,0.8691574833129092
,,,,0.013199959090338814,0.034240758589285984,0.02735799488003484,0.042990858380418225,0.16380929809826872,0.23862312812230524,0.07481383002403653,1.0113510726990385
,,,,-0.005335238566020178,0.010293715711347066,0.01758841173669358,0.02736299615235771,0.12235553908073489,0.1729708398194666,0.05061530073873173,0.7550226361491856
,,,,0.011304574290474387,0.02289691298974866,0.021494044914522996,0.035166210209586025,0.1676067200361902,0.20835675960567848,0.04075003956948825,0.7156505428093456
,,,,0.019543765193715805,0.04722431430863126,0.02539958646270871,0.05076052671780537,0.23067855753502328,0.312537528168122,0.08185897063309872,1.1820997167073368
,,,,-0.040644206044851396,-0.029445685356955992,-0.02732715425262448,-0.019522765604720927,0.06467398189163817,0.08457980881328246,0.019905826921644294,0.3590083602395765
,,,,-0.021253505519545836,-0.012544716745276232,0.003901533154537456,0.011723878599454647,0.1280782926287143,0.16287208567440417,0.03479379304568985,0.6135916191742983
,,,,-0.011524172859359319,-0.0027904520855039487,0.013690583755196342,0.02148549624719684,0.17694797909235097,0.2001302606618026,0.02318228156945165,0.5768433789133877
,,,,-0.0031783302299562837,0.02192885292692176,0.011718007723178513,0.027341766332192773,0.11841020359372909,0.19594271566167462,0.07753251206794551,0.9791567203857183
,,,,-0.01718475884657686,0.0024761647882232,-0.009758357378047517,0.005863352506107433,0.17387429319832434,0.21405158469955476,0.04017729150123039,0.7004295652643077
,,,,-0.06448301655109243,-0.04616844091525602,-0.04295190656619479,-0.02732098331990986,0.11550272570409709,0.13290743844185085,0.017404712737753774,0.4444163002366682
,,,,-0.023148318696637884,0.0048859106156592955,0.003884886253838538,0.027360123144457273,0.11799512621487754,0.17531734198672064,0.05732221577184312,0.8106523984988854
,,,,0.010991626367172045,0.031138294483533887,0.04300100081254778,0.060554591468815616,0.21687318832991664,0.3006766774711796,0.08380348914126294,1.1694284627463
,,,,0.014037421719288986,0.02565911213404618,0.03518543799944161,0.04493335465393379,0.18752840306392837,0.2297283757163829,0.04219997265245456,0.7840430043570539
,,,,0.004733320728601952,0.02005248396119832,0.019567154991238084,0.03518545355709105,0.10217831823412134,0.1676088228184803,0.06543050458435895,0.8758545494003673
,,,,0.02893857269264322,0.039882096653477944,0.04493893033690744,0.0586282284125461,0.17941005013539696,0.2538069204927575,0.07439687035736064,1.0525228680212293
,,,,-0.056924950272159325,-0.04975674100000536,-0.019496591762503433,-0.01951961740048303,0.23224540816504038,0.244628273916246,0.012382865751205596,0.5334125302302817
,,,,-0.14602593998165214,-0.13946626871531376,-0.197278031704663,-0.1914571544606643,0.08178115862368507,0.08897150788544052,0.007190349261755444,0.2615249971695614
,,,,0.013936026883452898,0.034012934314269015,0.050843679888116076,0.06645116980852632,0.21946956097312512,0.3342522286764931,0.11478266770336794,1.5333359465498857
,,,,0.045046397603170585,0.05133242388031079,0.06645023547524145,0.07226694293575642,0.2451523034918474,0.32603213333452175,0.08087982984267425,1.4501884355636827
,,,,0.06850273762361968,0.07639349256736097,0.08208368452481644,0.08988917438097856,0.36677375884894636,0.43867505481182806,0.07190129596288172,1.4407779597802155
,,,,0.036762415105348806,0.038477192894608596,0.06836698246434778,0.0742674126508582,0.28025523202907443,0.3354136682975177,0.05515843626844324,1.2082584127679556
,,,,0.05300232982209456,0.06491264172080453,0.07424663945057888,0.08207600480652223,0.285923103220045,0.3843816896962419,0.09845858647619694,1.5265519074243372
,,,,-0.04624665380026431,-0.059295775620140385,-0.021483621114616297,-0.041001194002584174,0.06628668645182911,0.05044041330565661,-0.01584627314617251,0.18212602693040414
,,,,-0.07130925396970146,-0.07778587761812503,-0.041006275539046906,-0.05855948397661165,0.04912866372277924,0.0599593025560904,0.010830638833311161,0.3260944655591032
,,,,-0.03792040744573434,-0.052500224430432896,-0.01171496636723248,-0.03513464922834271,0.1153432764798094,0.07143138135379284,-0.043911895126016516,0.13773604112134258
,,,,-0.05997730828915154,-0.07570464934795688,-0.02148264814556982,-0.052728567101587805,0.1259946494956931,0.08805880637661373,-0.03793584311907943,0.15435533950747216
,,,,-0.00905245616475216,-0.014859486772221707,0.03522080054366302,0.02740042863041541,0.20667497972221552,0.18320546418759937,-0.023469515534616233,0.3967209951738845
,,,,-0.08080461844398262,-0.09966816583467285,-0.07618050694433925,-0.10742053885615997,0.12522913675422828,0.06963641701529287,-0.0555927197389354,0.04535625163747893
,,,,-0.07998946474714126,-0.09590962406908937,-0.08397356385761358,-0.11914589789047227,0.14712816170249232,0.13399235781339086,-0.013135803889101428,0.2338902465679565
,,,,2.582376907283409E-4,-0.029887520678547788,0.02739123982625669,-0.0019917022984291912,0.22148283454850531,0.13521429820449865,-0.08626853634400669,0.15721550090007372
,,,,-0.048904207466012914,-0.06646614187253211,-0.029301779042283475,-0.06055766602977388,0.13735851073844776,0.1192250470270796,-0.01813346371136813,0.2742583047825453
,,,,-0.009903077720735495,-0.034641370196106074,0.01957523728990568,-0.013671246159263684,0.20348651917422933,0.14333055675255837,-0.06015596242167102,0.20110893233055552
,,,,-0.06210202235285509,-0.08762120879540711,-0.04294790705876152,-0.08007593924093263,0.14601741146564495,0.11210750138738781,-0.03390991007825715,0.20842019588097171
,,,,-0.02011734085355819,0.03949271845767891,-0.003924584553795644,0.04297492008236966,0.13559521138304517,0.25681915049775716,0.12122393911471198,1.4455337164818498
,,,,-0.01259937238199322,0.033056443156105085,0.005881533115824063,0.041026588385855524,0.11885556148759659,0.23700152882965547,0.11814596734205887,1.3712597043420012
,,,,0.018135462002141438,0.05482102440357515,0.027360129544896916,0.05859165301698001,0.2217258041795324,0.3404609360502645,0.11873513187073215,1.4601114402084787
,,,,0.014786878581963822,0.060967392028052944,0.029294491610257403,0.07226358563397486,0.21788707993879952,0.35614933240519464,0.1382622524663951,1.6097765551599688
,,,,0.02543493690445108,0.08006179856466503,0.041025570457489446,0.08789139449085911,0.27052313625136143,0.4460034081462415,0.1754802718948801,1.9381002097826874
,,,,0.029911516889103856,0.07148792286754745,0.04299297081172349,0.08008721745970754,0.25730947576455954,0.4115316289062469,0.1542221531416874,1.7895559406675199
,,,,0.013830000799059874,0.061374328566611555,0.029308762427036995,0.07617482672322376,0.21440022526927616,0.3985286855117357,0.18412846024245957,2.0087577345506347
,,,,0.0043368425509699125,0.053354418316296184,0.017586033471025466,0.05078177395487817,0.14999840810223142,0.31065831176607916,0.1606599036638477,1.7652415612683012
,,,,0.02506716401197905,0.06440566815997333,0.042995162498796737,0.07226625687458149,0.2635574658335947,0.39017030327323615,0.12661283743964147,1.5155770218474707
,,,,0.011558061795988847,0.06894550462337445,0.019540871370839923,0.08203608452794468,0.17788726762133047,0.40457804000890085,0.22669077238757038,2.3754728173129047
,,,,0.012946677660905223,0.06288287737181236,0.025400151585008173,0.07227342276375065,0.19919457937056087,0.3793666448157914,0.18017206544523057,1.9980477771311451
,,,,0.014861095474645139,0.050210917471256285,0.02538730071377859,0.06055125969159276,0.19758703073068065,0.3224819605637635,0.12489492983308283,1.46174502672809
,,,,0.004393787871176361,0.04592792251067503,0.011725735132780713,0.05274990703673753,0.17265413481613348,0.28179502236641635,0.10914088755028291,1.3281977919498278
,,,,-0.023269919353512462,0.023609786333784386,-0.02538861692929736,0.02930032187440858,0.14574486389965818,0.2662024669443983,0.12045760304474017,1.3414377953222658
,,,,-0.006188526526281486,0.03748739472765075,0.009768700986133687,0.052737413068666576,0.17035486698892388,0.3043850706094228,0.13403020362049894,1.5072417281290034
,,,,-0.012412500947224701,0.025806631065289083,0.001929464962684382,0.04492817778900616,0.17102666197130792,0.28981736112514395,0.11879069915383621,1.4105440146772001
,,,,-0.015401806490985154,0.017077498813398897,-0.005857936409797935,0.02539679250233578,0.1335004540529282,0.20964158995461377,0.07614113590168557,1.0932281493296676
,,,,0.017539466757449173,0.05249243659148676,0.02537597937255954,0.056643375198943,0.1811329908702623,0.2900376817663352,0.1089046908960729,1.382705214016651
,,,,0.008322368746506062,0.05211124702151598,0.027353277411627505,0.06641708216289043,0.22343643688042159,0.34401001851454227,0.12057358163412076,1.4896880201448885
,,,,-0.038204626734434255,0.027183082700091638,-0.027325729163017946,0.04299935910684933,0.14672022671518894,0.3224469666633798,0.1757267399481908,1.88879373869904
,,,,-0.021739790006469348,0.022094480865251884,-0.0019818713717479446,0.0410287653538867,0.15434296629436373,0.29705146725958526,0.14270850096522153,1.6101824044727089
,,,,-0.14343323620471415,-0.09857876648477129,-0.1914675398368826,-0.13677044533323202,0.06591372019869579,0.131192863273472,0.06527914307477621,0.7166026193605839
,,,,-0.0962816667988557,-0.07543425307107036,-0.10547339542793906,-0.08202954084165906,0.18740056220403428,0.2500211366337046,0.06262057442967037,0.7595119816413454
,,,,-0.1729675380688684,-0.14252070187800572,-0.2070707211879497,-0.18363752010152887,0.0500103130373892,0.09852382413332135,0.04851351109593215,0.5224068089804098
,,,,-0.014803373606654131,0.021622122843785074,0.01956484665674815,0.0586347552082276,0.1755357146840204,0.3161828440992129,0.14064712941519247,1.5608420195076462
,,,,0.0356752536534351,0.07681098399010543,0.07426484032928662,0.10551621684537342,0.37689569606106416,0.515751715162627,0.13885601910156287,1.5672330518065842
,,,,-5.897898968225056E-4,0.03395668104449879,0.029300502840992664,0.05663749707409577,0.2575464931470916,0.34924197643356325,0.09169548328647169,1.1703882420941367
,,,,-0.035938496422457125,-0.0033066683089606926,-0.029292133197943666,0.009768408824693733,0.19526516714537645,0.26670119874075093,0.07143603159537446,0.9495180500717161
,,,,-0.04372102389126926,-0.0045112903792612034,-0.027337333888817525,0.00976973108884607,0.1450392002397332,0.2430375017808188,0.09799830154108563,1.1338964586263038
,,,,-0.036041441196721896,-0.003754111554766086,-0.02735399350172879,0.003890048853481322,0.10248547033599731,0.18837197184791798,0.08588650151192069,1.0476828530823719
,,,,0.011890956962053908,0.025621218415494813,0.05082185805490586,0.05080949459215552,0.27193410756876163,0.29238400558556193,0.020449898016800295,0.7681158462285724
,,,,-0.0013213970641860915,0.009272183319361022,0.027388360769959756,0.029305977456572836,0.1841925719641395,0.2008619328750147,0.01666936091087521,0.7035940626904614
,,,,-0.05590997822800989,-0.039488803595754386,-0.04295555255027887,-0.027339580837587335,0.11264369890447314,0.1580487649903432,0.04540506608587007,0.733375020390312
,,,,-0.06957658497392959,-0.037147524439856985,-0.07422564741273519,-0.035161008298381057,0.11599586243461188,0.1820211546612035,0.0660252922265916,0.8066443778121898
,,,,-0.026323041978388823,-0.005568209212321858,-0.0038979503804245073,0.027397800229692487,0.17324910860590623,0.25332173739108854,0.08007262878518241,1.0521059932819292
,,,,0.03467377365374873,0.04724999383522247,0.0644777997609836,0.07424058998526592,0.3444196021274735,0.36488839966776154,0.02046879754028802,0.7876269932682078
,,,,0.04983446791660919,0.05957684582152593,0.06834503641230852,0.07423874146763333,0.3645494784992705,0.3857929752412504,0.021243496741979964,0.7392345688535851
,,,,-0.015480544044585083,0.004589034362613502,0.011742476507058716,0.027350151208498322,0.23994112508710363,0.252233704105199,0.012292579018095358,0.5552601238700499
,,,,-0.02694090192458645,-0.014697297052550063,0.0039006278677980034,0.011780775197799706,0.15084344671748232,0.2029355741514005,0.052092127433918195,0.8322201024982164
,,,,-0.0352175359498387,-0.0060987986772651865,-0.011692129917086621,0.011742584798454627,0.12215707219606502,0.17821398749207965,0.056056915296014614,0.8452561831330854
,,,,-0.02051126561127622,-0.0013375003735002565,0.0038834756706335708,0.019569049771233,0.13371361830311992,0.17347614956705298,0.039762531263933074,0.7930813110816053
,,,,-0.040775028525797986,-0.002818251019641267,-0.01952245982349973,0.011762155391647247,0.17654599203828034,0.25714787315193166,0.08060188111365134,1.0215000188739547
,,,,-0.050246733575525934,-0.015173044746874805,-0.035147371962455196,-0.0039180057652854474,0.16805239116368206,0.2235325976662624,0.05548020650258033,0.7847291208749217
,,,,-0.058264537253611234,-0.044999638721188936,-0.0507916488774988,-0.03514038771036252,0.13186236609229257,0.13821263461903965,0.006350268526747083,0.39690504429164974
,,,,0.01985690387895322,0.037982714027746355,0.04492700915230851,0.05665659301474108,0.23879585829693067,0.2765399514625631,0.03774409316563241,0.8242687321925606
,,,,-0.02964130568318562,-0.005331251416602491,-0.003924610420497629,0.011748646939211372,0.11890194971743216,0.17464637752982068,0.05574442781238852,0.8213103329105875
,,,,-0.010355633996725556,0.007127792641740265,0.01174732322810387,0.027384441100776966,0.15563272381555138,0.19648526114081585,0.040852537325264456,0.7328987706670148
,,,,-0.015525037966351204,0.015575671495872865,0.005876968284750389,0.037107753592148046,0.10076268007581202,0.1867074004796803,0.08594472040386827,1.0567361975019534
,,,,0.013591024400052505,0.03300394784007958,0.04102389858656151,0.05865408886536037,0.15728228382752416,0.25650597790790897,0.09922369408038478,1.33422891985091
,,,,0.00216365670080969,0.021244467280049778,0.01367386760103385,0.02929669153066841,0.12964913561580255,0.1743241361867425,0.04467500057093992,0.7802364619066869
,,,,-0.013553062726698843,0.004499893492270661,0.009779315991156397,0.027374501236968465,0.10577136059315852,0.17110981445131135,0.06533845385815282,0.922796728002055
,,,,0.04342162081956821,0.05229331764572986,0.058621521448706276,0.06642809577419667,0.2500502670810179,0.31155774053868157,0.06150747345766363,1.2206875579692362
,,,,0.05015964500683977,0.04998418874838461,0.06642227890904148,0.06642854761099035,0.31588790787285675,0.3144323234860807,-0.0014555843867760595,0.8433691763801603
,,,,0.03990109685453007,0.04798259151983404,0.05862554944448113,0.0664385934512571,0.29479684693880676,0.34327048604238897,0.04847363910358225,1.0550555860452249
,,,,-0.01673232018349102,0.0023613713595832873,0.005871475677536893,0.019558108371280112,0.20553973946822962,0.24276801353176797,0.037228274063538284,0.6853040982474274
,,,,0.008732505222196969,0.007786676055393305,0.04301343771277564,0.03518705030745641,0.2862381338673567,0.2624673692485947,-0.023770764618761927,0.43067611631406005
,,,,0.04267722482780191,0.04179055075657206,0.0664546830242329,0.06644761093014076,0.3406182696268486,0.348711733555603,0.008093463928754393,0.7510061506532456
,,,,0.03271956326989495,0.026591312611814633,0.06643661924687247,0.05861849295533583,0.32951300434890607,0.3378852446184321,0.008372240269526043,0.8366446475975668
,,,,-0.0033133938507678004,-0.007478813576559249,0.03518764520178046,0.01955417804074981,0.23641143446122123,0.20989728673511968,-0.02651414772610158,0.3855012707042295
,,,,0.04270229671179602,0.035155912127909986,0.058621095880452556,0.0527382178826648,0.3090442559511521,0.2649851992213521,-0.04405905672980005,0.4929231709118306
,,,,0.022184163893568365,0.012019904410973586,0.0508234833881626,0.0351907009779663,0.29553700966235497,0.2587836226904313,-0.03675338697192362,0.39416733163863277
,,,,0.0631580806631143,0.06943512075765203,0.08207200967333494,0.08990080482332642,0.39952289108262273,0.4546976906100257,0.055174799527403,0.9993722979275964
,,,,0.06447323252361566,0.06876034413466293,0.08209231319878314,0.08989735304899331,0.39489797841083557,0.4530330706284802,0.05813509221764457,1.0593861493145464
,,,,0.023501452085421697,0.027475319051637227,0.05863580352814108,0.06644652691498858,0.3049376235780726,0.3302917774158428,0.025354153837770187,0.7449615943381775
,,,,0.06579198529829128,0.06358051844102074,0.08399497350423386,0.08206969847326642,0.4068300477320916,0.41024164713088607,0.0034115993987943777,0.6797858760580144
,,,,0.07628894141818802,0.07649998418285117,0.09181712806504962,0.09180252126754423,0.44534426244996483,0.45711091412691657,0.011766651676951626,0.7848467918741882
,,,,0.06499805256975091,0.0498671269581229,0.08988527685852343,0.07425581327131027,0.4273406156966948,0.3777689696945097,-0.04957164600218508,0.45367474444526273
,,,,2.0016762662482528E-4,0.021729802380556752,0.03520371592309173,0.05082517969635863,0.22002665373428693,0.3052249758855301,0.08519832215124319,1.1854724395488734
,,,,-7.902581787840522E-4,0.03631265456925055,0.01755982451042846,0.052744283706223985,0.21559376519120535,0.31315807842073656,0.09756431322953119,1.2683384954038825
,,,,0.026973650037081635,0.03975056691921716,0.050815450420151495,0.06643717193102845,0.25912018192858793,0.3248208184931056,0.06570063656451776,1.1307186696525606
,,,,-0.036869906986066556,-0.019688204449980255,-0.0039040930360478014,0.011740949637471037,0.130555606179722,0.20117724694873843,0.07062164076901642,0.9721862784445942
,,,,-0.052998223911965806,-0.05197406948337743,-0.035146058928146866,-0.042965873769444524,0.09072442659512919,0.10572047624708752,0.014996049651958344,0.4009279330631233
,,,,0.030017195351130017,0.01716388400313886,0.05082505847416618,0.041021606257208125,0.25440462617758797,0.2455647086351842,-0.008839917542403816,0.6219856106616507
,,,,-0.027411970790727675,-0.012760866971139076,-0.003908516722020624,0.005879612968354221,0.11766516096689517,0.2043360401644375,0.0866708791975423,1.0641616094577075
,,,,0.05009592040687647,0.052935955376294294,0.06645730742424423,0.0742739782471158,0.2559996406567547,0.34570918886596785,0.08970954820921315,1.4473838589500632
,,,,0.022509857927863124,0.012586374107336167,0.043003865577006445,0.035187560385085366,0.23999810081677003,0.20992311435320524,-0.03007498646356477,0.450898083818597
,,,,0.03789278734930901,0.052018702983756805,0.050798002932529146,0.06643787553650238,0.17317698974724183,0.3003438440542039,0.12716685430696203,1.6180101799570228
,,,,0.03923982596433683,0.03968532257909286,0.05862444425400058,0.05861250483576001,0.24866411620399737,0.28209387174842604,0.033429755544428695,1.0230665649736879
,,,,0.04536428522954954,0.056416170143982834,0.05864827452745607,0.06642595988940728,0.22853968823722023,0.3282985864001351,0.0997588981629148,1.4859180054681274
,,,,0.005510152431562801,0.028040619895464438,0.035216334317259804,0.042993573021233626,0.17746554439836645,0.24560126021131137,0.06813571581294492,1.1000125159046779
,,,,0.04064624202516813,0.05072553480877467,0.0664579867455754,0.07426921145474703,0.2626572067168534,0.3620285368412802,0.09937133012442671,1.4924259816018823
,,,,0.0066531907863693574,0.0045001730069306935,0.03521329441499509,0.035176513607862545,0.1713058990825105,0.2080456875415563,0.036739788459045734,0.9098372461739626
,,,,0.060299245179605505,0.05908927472062227,0.08399332491422554,0.08208004230879504,0.39879398155051865,0.4175717436331739,0.018777762082655445,0.8508903177804584
,,,,-0.0037986470281025355,-0.01428190326273772,0.01955485156037128,0.003893751930581999,0.15004556061487498,0.16883280719288252,0.018787246578007517,0.6721749099288629
,,,,-0.034905490919541295,-0.03380513655338161,0.0038942358649506903,0.003893010369170366,0.11147437010390777,0.19354751268758097,0.08207314258367321,1.0860581593582372
,,,,0.03824759605148411,0.036122035301640744,0.06646313577359,0.06644345231168444,0.3436304240015568,0.35834897906603724,0.014718555064480405,0.794956741400017
,,,,0.021647300289058192,0.02562275331416124,0.050822273044495145,0.05863353545252422,0.27208133014241154,0.3394795945307327,0.06739826438832107,0.9966549426037286
,,,,-0.031149715402780772,-0.03559574854697688,-0.009756121035162562,-0.01171051804325033,0.178133656892884,0.20428898255120304,0.026155325658319094,0.5238446705491605
,,,,-0.024998254973695667,-0.032180497831206106,-0.003924458462561865,-0.011689692493823825,0.14119859873812016,0.16690049695123832,0.025701898213118256,0.570109495952506
,,,,0.0051180354451369385,-0.003121456746650001,0.02736204877867296,0.019564023653188014,0.18894869594198016,0.1843038412174922,-0.004644854724488027,0.47945995050433693
,,,,-0.08911339132889132,-0.10900731229705338,-0.09765963098868849,-0.12110445966687149,0.06650481038933437,0.0751469847655252,0.008642174376190848,0.2947445697428897
,,,,-0.08150794733079668,-0.07314938247852872,-0.10551286269354057,-0.09768473536542728,0.18334347854447727,0.2074343037865818,0.02409082524210448,0.45217663891848314
,,,,0.010055171693693386,0.02210556583665869,0.05866178750221358,0.08210327046302407,0.2955047185523809,0.39626676251595694,0.10076204396357595,1.3494038958161163
,,,,0.0672655958933004,0.087131776135578,0.08208877346888394,0.10552330628395663,0.3868132823885387,0.5413567441174497,0.15454346172891095,1.904646425150658
,,,,0.060322292060513705,0.08039520445317586,0.08209218172080791,0.10551444939762224,0.37205961377699337,0.5145514185061022,0.14249180472910897,1.8070758837802712
,,,,0.04373979493439666,0.06657550218111408,0.0664456818402884,0.08987818266746685,0.3121289418607056,0.4561790669374851,0.14405012507677925,1.5934742378522533
,,,,0.0503329507345064,0.06961568106567874,0.07427020470333345,0.09770017337059993,0.37542929485667154,0.5028735615041608,0.12744426664748934,1.4735095703981347
,,,,0.03849266094024029,0.06714787560267911,0.07427551508127123,0.10552671335467277,0.3160221267967883,0.5192779264235159,0.2032557996267274,2.1896322632659126
,,,,-0.04543686908967427,-0.029781598613889647,-0.0038983259482111084,0.019579402441034347,0.24655410134566197,0.30959558367441653,0.06304148232875462,0.8044391296318097
,,,,-0.0448793285812993,-0.03248902767520119,0.0039291689496361165,0.01955881298808018,0.256781677638784,0.2827204943628831,0.025938816724099045,0.5896507761272248
,,,,0.01083579673150759,0.022814914666735322,0.058622918586383646,0.08209096819901937,0.33679169224552696,0.41953479071275385,0.08274309846722687,1.0661895241297887
,,,,-0.00883482025242597,9.711410656448815E-4,0.027373247540893025,0.03518952070192228,0.23112623077096098,0.29930893249709223,0.06818270172613133,0.8850831376091564
,,,,0.01822142742785216,0.029826183500060513,0.04300830873339338,0.05862744890196419,0.2538969843453972,0.353719045331511,0.09982206098611389,1.1832769741602756
,,,,0.029280183660946528,0.04741835908723451,0.058631897840278314,0.0820738521062166,0.3088036132033957,0.41711662416387363,0.10831301096047764,1.2688292969469834
,,,,-0.008408087528698758,-0.004173648517109144,0.019563334459978307,0.019536693261574464,0.22135161295341219,0.2599463295709322,0.03859471661752006,0.6776732607537815
,,,,0.0030720092519591117,0.018528757711469702,0.0430039045462773,0.06645863778060124,0.27927506388607387,0.37287789697999607,0.09360283309392209,1.1335084058719513
,,,,0.033686720582982194,0.04599238962719867,0.07617854649409718,0.08988277698257886,0.38142947735266775,0.4635833910736818,0.08215391372101431,1.078401513351327
,,,,-0.010355379394821874,-0.005063509348446557,0.011737340699349792,0.01954604944141112,0.22865306573420904,0.23055426088332362,0.0019011951491146018,0.3585539605703507
,,,,0.01626139844814584,0.01743597021357732,0.04300828202705578,0.04300083666515679,0.28642956185956997,0.3129296672979206,0.026500105438350414,0.5787175488017872
,,,,0.007682376069421285,0.02406347093084133,0.029305472637896596,0.05081630470014052,0.21545750669219885,0.3216403649886275,0.10618285829642865,1.194654552190783
,,,,-0.035651004236237106,-0.029954202351906198,-0.021490439365524725,-0.011693529491397873,0.1534567903410983,0.21418105579521943,0.06072426545412117,0.7464016640684785
,,,,-0.06151252599747789,-0.048458531047161295,-0.050772819935911824,-0.04101351805953764,0.12090392090062542,0.18095415619898672,0.06005023529836133,0.7185913699973259
,,,,-0.03696193227571929,-0.03221386453899438,-0.01950896273049576,-0.011704663058394309,0.1483448058835091,0.21079231536841653,0.062447509484907425,0.7786234900626592
,,,,-0.03209231402758488,-0.013650189519430601,0.0039061056145479824,0.03518881437678235,0.15521651272941545,0.3024184820280486,0.1472019692986331,1.5774712901584653
,,,,-0.12299710900779535,-0.1211075313618992,-0.14456943181333407,-0.1523654810542351,0.054535406124191665,0.08411590089266496,0.029580494768473277,0.3965486307826872
,,,,-0.11316145874671317,-0.12106974995626084,-0.1367339098976612,-0.15238060956146005,0.07036024469154896,0.09486968742990692,0.024509442738357978,0.37803600641039237
,,,,-0.007737862944677499,0.0037527541056209626,0.03519356927549916,0.05864366930290357,0.22151383968994734,0.3389770150385142,0.11746317534856678,1.3660421515314907
,,,,-0.06871738405482271,-0.04677374034393473,-0.05077485085634583,-0.027331236436543387,0.14151084518093285,0.20823550189464454,0.06672465671371167,0.7797205526893564
,,,,-0.11200520450766761,-0.08741298696444857,-0.13673058085578574,-0.11332058634814378,0.0636074691981686,0.10984791356264342,0.04624044436447479,0.5327387470043841
,,,,-0.05949058336056311,-0.06001699205500528,-0.04294227195708421,-0.0507878232322258,0.11477478563215608,0.1532471648341984,0.03847237920204234,0.5726576393305437
,,,,-0.14029142396753472,-0.13029972031616482,-0.1914926127175807,-0.17584418947138591,0.06524525422302668,0.09249695702772401,0.027251702804697308,0.37114250051081704
,,,,-0.07158884664482779,-0.06281281686979287,-0.08985472820053364,-0.07421512464565204,0.13767276865706812,0.12774352918043264,-0.009929239476635468,0.24039033926898867
,,,,-0.1182327522969066,-0.08489064507845669,-0.1523829489023294,-0.10743081255837003,0.06692325406861381,0.10713181014103235,0.04020855607241855,0.479385018991184
,,,,0.01840082731981443,0.010897465383023285,0.05082449339537541,0.043003149523366195,0.34582428960906436,0.28888448539610534,-0.056939804212959015,0.17399090467314263
,,,,0.04828120245916425,0.06407555441197992,0.06646709273558707,0.08989438481097523,0.30241993513246435,0.42295808582846367,0.12053815069599928,1.4908507111821931
,,,,0.07722478201963871,0.07347116253719282,0.10554142160001848,0.09962375484882863,0.5219210191471022,0.486523059387393,-0.03539795975970922,0.3642766530936827
,,,,-0.014036377672056592,-0.01942415438747401,0.03520830626956687,0.021491309851655115,0.31404624076780524,0.2577483164883264,-0.05629792427947876,0.11656233590410416
,,,,0.050372902899678766,0.06548235645313742,0.07228366089635607,0.08987451111333761,0.3406480057167747,0.41662154079412145,0.07597353507734672,1.1966389401477113
,,,,0.039191092684510716,0.028051841982627404,0.08208232134030498,0.06645647868754995,0.4223986273306649,0.34490302503547027,-0.07749560229519474,0.15958777036571883
,,,,-0.024224735401230952,-0.03281893814029077,0.02150985339457583,0.0038959274723260624,0.3208526415048212,0.27072005199222604,-0.05013258951259514,0.12974345450569794
,,,,0.024196818663802903,0.013848798889744128,0.0664525911545168,0.058642674327158716,0.37663588310209845,0.3238874900311261,-0.05274839307097221,0.25787728641604196
,,,,-0.09180179816603955,-0.10184157453436331,-0.09765928779715212,-0.12110569869179351,0.0892568703615038,0.10758800110874193,0.01833113074723813,0.384331252016334
,,,,-0.008793039845672285,-0.004360057687636703,0.035185439466230546,0.04300188597725167,0.24365047599810313,0.3191929971153467,0.07554252111724372,1.012945175186214
,,,,-0.08456463676664572,-0.07942572445273732,-0.06638123773282556,-0.06639112389825956,0.0447290316007083,0.049873511173406306,0.005144479572698,0.24182907613248972
,,,,-0.03552669583539668,-0.021874208101938023,0.003918102146935607,0.011759261779773317,0.058262208467634635,0.14911155363340792,0.09084934516577335,1.1064787335888935
,,,,-0.025352916711646675,-0.012610077851750135,0.011759706434708387,0.02739117166026685,0.12038400523076978,0.1967211746348368,0.07633716940406707,1.0854299335680881
,,,,-0.058120618453300826,-0.0496414570246145,-0.011658270566615118,-0.019486751897868256,0.05306473641188866,0.09398163774410787,0.04091690133221919,0.6216577513126149
,,,,0.004270119056523011,0.004492487873542824,0.02737063688987013,0.019567533889005714,0.13474130807528956,0.13772921651403894,0.002987908438749356,0.4601823594582067
,,,,0.008618913185830952,0.009750277220414983,0.050836592865993874,0.05081665339543841,0.2799590041081802,0.3030779827277432,0.023118978619562976,0.6465812234659899
,,,,0.04940318489637934,0.05157831818454634,0.07618975765483454,0.08209614795240465,0.34108208697136233,0.35862959093489505,0.017547503963532777,0.8354910874315247
,,,,-0.00944714683996188,-0.0017053873663582595,-0.0039501585710732265,0.011719643391272117,0.22686822498533707,0.23510283784623104,0.00823461286089404,0.6775607428292982
,,,,-0.00760579159376087,-0.013151305457041003,0.003882719139981921,0.003880405867544031,0.16906637626245333,0.17587337383539864,0.006806997572945318,0.6575892796891648
,,,,-0.057615293686581644,-0.05648295481871168,-0.0586000752103252,-0.05078072950427914,0.14016158940864742,0.14090351314154537,7.419237328979879E-4,0.42597970476633906
,,,,-0.003400978495876626,0.0015449901600126737,0.0038747262570232306,0.0038656721480486746,0.23620681206560065,0.2515597295485559,0.015352917482955176,0.6803506550544365
,,,,0.017821310798571834,0.02598713480625334,0.035166745470124466,0.04298169133136911,0.31087007022117435,0.3313507887994261,0.020480718578251813,0.7826467082804267
,,,,0.02886128879443075,0.04469569812494047,0.035153903590487735,0.058593818488478416,0.267269422995169,0.33691981894374784,0.06965039594857889,1.2113004393757019
,,,,-0.05540604946531595,-0.054800059635596005,-0.05860566358449402,-0.05078479755342978,0.2504740219532521,0.2590277996948463,0.008553777741594134,0.5822617816426816
,,,,0.0787177229181827,0.07514213259298892,0.09766075690850827,0.08986029565373607,0.4772322073850703,0.4569811628104224,-0.020251044574647933,1.0687290775534775
,,,,0.05960086147200567,0.05519323533381597,0.082051027618249,0.07424156327952645,0.41960417666676997,0.4067944110831496,-0.012809765583620444,1.0867980913219621
,,,,0.06572841896182191,0.05145721444690137,0.08204162963334266,0.06641282074281725,0.3917759554668619,0.3431011930651702,-0.048674762401691815,0.7841577923782678
,,,,-0.027338542088437202,-0.037842754411743056,-0.019523788628122145,-0.03515790171432301,0.15470078475458743,0.15709745728345695,0.002396672528869527,0.504579091193868
,,,,-0.026352457153947895,0.004035523012460235,-0.003938625099215374,0.0037608444713800016,0.2322407918311277,0.25590153674194527,0.02366074491081751,1.0157155344003754
,,,,-0.016620837049784797,-0.025299490427913476,-0.011718530098957222,-0.019528443878949812,0.17556701617456233,0.16510857224669281,-0.010458443927869536,0.6641965183331251
,,,,0.10440242687810679,0.09214082477011291,0.12111580575526366,0.11331012248807583,0.5971809970756315,0.5486732625109015,-0.04850773456473003,0.9607142231624016
,,,,0.05567406715087648,0.060279226741218855,0.08990342139086913,0.08207731753958603,0.4612946761588601,0.4384276011544563,-0.02286707500440377,1.0709187550364543
,,,,0.12899605885919926,0.11810376484646412,0.15237028362211696,0.13676948716745188,0.7236450253196317,0.6819912333633589,-0.041653791956272626,0.6692409003087593
,,,,0.04376784172060134,0.040103650467560883,0.06643234239420985,0.06645452551189794,0.2842706229215878,0.283695797500624,-5.748254209638162E-4,0.9845117380274716
,,,,0.03717375931202804,0.016782886278733748,0.05863746755694558,0.043003421736776216,0.26487139396300574,0.24609335759362516,-0.018778036369380687,0.847730108925083
,,,,0.05348862765406936,0.055991752161123204,0.07425550896469829,0.08208685710970604,0.3525622931788193,0.38116418407516434,0.02860189089634501,1.3014213646763353
,,,,0.09058610900041748,0.08671380238423039,0.11330669140349599,0.10551003918121458,0.5599886884575741,0.5411744886124437,-0.01881419984513052,1.0400958308364665
,,,,0.02855387934155134,0.01584167806289223,0.05082144875991027,0.0352053268714547,0.2096824910014158,0.17217553392005056,-0.03750695708136531,0.5943840111892581
,,,,0.1047058943561612,0.0958874677540665,0.11329186398762675,0.11330256369170276,0.5890143894191249,0.5513785232691866,-0.03763586614993852,0.8513332120507716
,,,,0.07052815039039295,0.042908942534142576,0.08207357058894758,0.058642067606965366,0.37740664047126266,0.274192961460895,-0.10321367901036758,0.7119346666054125
,,,,0.08624495533761259,0.07664375941126454,0.09768137612778167,0.08989639203165332,0.49429931453875053,0.4408832783942435,-0.053416036144506955,0.878853052569582
,,,,0.0893432693380461,0.05712861557929596,0.09766608808219178,0.07425503083795613,0.4985290783648294,0.40052628520713834,-0.09800279315769124,0.6704800461942112
,,,,0.12600541725400533,0.0996769046928117,0.1445473184406404,0.12112418964968168,0.6900059834000272,0.5711844499213429,-0.11882153347868442,0.5022256110110727
,,,,0.13363171772958646,0.14391382078703044,0.16018788188040406,0.17583159975808318,0.7665779499462962,0.7686591970724586,0.002081247126162492,0.6108433411384793
,,,,0.02986373370022915,0.025291381524819807,0.07426188583630146,0.07424653536367792,0.4265526300875979,0.43017306989255744,0.003620439804959566,1.0141268426312826
,,,,0.10503229360999423,0.09096067546068104,0.14458131697403068,0.1445897465108914,0.6778930629787079,0.6368597365877827,-0.04103332639092508,0.7985730896359682
,,,,0.05564087707377922,0.05625903310057668,0.11332351295491545,0.13675991405486207,0.5577341676002059,0.5875957189378382,0.02986155133763241,1.0771969308094065
,,,,-0.044688656940785415,-0.047273601733658834,0.02740892528198671,-0.0039039363774498923,0.37696306502282556,0.3838904084499032,0.0069273434270776335,0.6562472379173486
,,,,0.16116589545206372,0.1441465050416408,0.17579964020896255,0.16019749307480366,0.8656059883724759,0.7934913888654175,-0.07211459950705877,0.32033797349493437
,,,,0.17051318715558253,0.16447962803261193,0.17581407843889663,0.17580831520200593,0.8694077970050221,0.8166151443540681,-0.05279265265095387,0.368386694233495
,,,,-0.03624685630425286,-0.034855042750815746,0.04302637793584324,0.03519735672062187,0.39097605993356066,0.4021502419213327,0.011174181987772041,0.6026829562500011
,,,,0.08720420527787866,0.07538065598865078,0.13676577930134423,0.12113875902646336,0.636903963701798,0.5753312478415525,-0.06157271586024542,0.553809589545839
,,,,0.06532389632613968,0.06005225682507646,0.0742324317443055,0.0742195274973969,0.3756303400346775,0.36265936830033635,-0.01297097173434117,1.385083555162182
,,,,0.13130710162322332,0.12270671854986505,0.14455789484049525,0.13674828304347214,0.7203749996480374,0.6925018595924136,-0.027873140055623868,0.9971264704073568
,,,,0.1404344451418016,0.14604160087190154,0.14453592742267868,0.1523493857022576,0.7393804608780467,0.7679791877836354,0.028598726905588682,1.1998647861121101
,,,,0.162284336211744,0.16079836457457272,0.16798505160651223,0.1757881196007834,0.8212281528902102,0.8248096419806723,0.0035814890904621627,0.776808767784148
,,,,0.13307034407458126,0.12492439061962855,0.152366861084197,0.144556066491563,0.7521979955030995,0.7158153523526302,-0.03638264315046955,0.6377754497507997
,,,,0.11610024975512082,0.09715667296081404,0.12892653327378664,0.12110872009771825,0.6178709863052179,0.5589608761740053,-0.05891011013121248,0.7418613982195317
,,,,0.09346187933987285,0.11641141089452325,0.0976641110046376,0.12893008251096666,0.5044984817573334,0.6381664773839109,0.13366799562657763,2.311142289920474
,,,,0.11947084863929608,0.11133669039660937,0.1289028695770685,0.1289167939669713,0.6336650003159626,0.6248041466756901,-0.008860853640272618,1.285062975368352
,,,,0.09932681806067788,0.04985454904751822,0.11330187403675848,0.058607619832049825,0.5426358924249365,0.3681094979606977,-0.17452639446423884,0.39914747490059793
,,,,0.10882425742027506,0.14197918765918655,0.10546340775208773,0.14453392921037023,0.5398348090240723,0.7335353101128603,0.19370050108878792,2.731745637657212
,,,,-0.20039488853297494,-0.19766629888995013,-0.2539630225072952,-0.24613438167070123,0.08763619181872954,0.07890655322054439,-0.008729638598185178,0.10715697889178519
,,,,-0.21006591977277494,-0.21366502903163817,-0.2383034760141032,-0.24611737555704746,0.04459873400902661,0.04727040479007706,0.0026716707810504636,0.09859111475459095
,,,,0.0034470235041752836,-0.022516889225346677,-0.011733369352276991,-0.04300167565834968,0.2570082962936515,0.19643646417305757,-0.060571832120593916,0.30769879028800795
,,,,-0.13222537846262336,-0.16476467251089835,-0.16017096333599112,-0.19144457132310377,0.07645669308423939,0.042620266781649756,-0.03383642630258964,0.002447820966821623
,,,,0.010321940364696186,-0.051202850133444826,0.003868882805097901,-0.06641535472488856,0.26878958623649185,0.14805223069073467,-0.12073735554575712,0.07221229483558027
,,,,-0.12231209136949744,-0.16952596664978237,-0.1445403713900454,-0.19925717939304904,0.11027656922160749,0.05540175707035922,-0.05487481215124824,0.01589186544360768
,,,,-0.2063841267760428,-0.2185864921062381,-0.25393664698204454,-0.261749639784828,0.07256806489701664,0.057170643395125384,-0.01539742150189127,0.05236431339997667
,,,,-0.18538404466665934,-0.20673619904612225,-0.24614725922629754,-0.26177075756664303,0.10017086857423556,0.082391302842239,-0.017779565731996547,0.0775726545169389
,,,,-0.13185777577545824,-0.1769178461215644,-0.16797767713768985,-0.22270958438630623,0.11412228886623633,0.055109089863286526,-0.05901319900294982,-0.009489100867576703
,,,,-0.2047745917290198,-0.22982466515120048,-0.25396749861302753,-0.27739493470964127,0.07480706332542453,0.05541373447271874,-0.01939332885270581,0.029983941479706604
,,,,-0.11733727900643585,-0.1474442638045165,-0.17581689498367215,-0.2148874707026997,0.17988526640658078,0.144981412494808,-0.034903853911772795,0.09233473001585299
,,,,0.1096557064243344,0.0828165443484115,0.12109528691315673,0.10549192141644502,0.5746698131398538,0.5282665040879917,-0.04640330905186206,1.100632144505252
,,,,0.1485466986662986,0.1474624431464048,0.16017561064134292,0.16017651601162175,0.7373925113139025,0.7374886045435602,9.609322965769902E-5,1.1806485018426587
,,,,0.05908952993099598,4.920889944618095E-4,0.08205246912455265,0.019541319676713666,0.45140487196546314,0.30344271960456665,-0.1479621523608964,0.4352593834330813
,,,,0.1389454188487845,0.11151923770214968,0.1523538699912387,0.12891020340976245,0.7147376590799149,0.6124773937648844,-0.10226026531503056,0.7574171839106941
,,,,0.13645837196044822,0.09583596275077698,0.16018929192982093,0.12112059417732421,0.7191612137316361,0.572167678949208,-0.14699353478242827,0.5257639795073473
,,,,0.11024896609192701,0.05670829427261839,0.1367554603059947,0.08206821523950003,0.6232174022583157,0.44813832843519114,-0.17507907382312443,0.47528788897307145
,,,,0.09786963430069671,0.07434282943201058,0.14457788880231043,0.12113390488759838,0.6491553705030172,0.565369706031197,-0.08378566447182018,0.5890370933319052
,,,,0.11612620445432177,0.09722701995439914,0.16020590328305598,0.136755941672379,0.7076947587071971,0.6350249589364754,-0.07266979977072181,0.5461252831222032
,,,,0.09726622856097628,0.0763645816037972,0.1524165314410723,0.13676975071174927,0.6671846847536473,0.5929647761045058,-0.07421990864914142,0.4879561212491645
,,,,0.03796722776690315,0.023851117058238166,0.09771598255823732,0.08206554937157723,0.4954466672896386,0.4424750689520374,-0.05297159833760113,0.47698489105875774
,,,,-0.00943451756807248,-0.021882356805976635,0.05082044571630792,0.03518703743652194,0.3890993785859609,0.37457590789882367,-0.014523470687137099,0.7315518750066669
,,,,0.012482702827599066,0.015486578742301341,0.050813303043176085,0.06645640614795054,0.3064592195303273,0.35880518553070806,0.05234596600038062,1.3397364487945018
,,,,0.13823831676466686,0.10092457569914809,0.15236410051651544,0.1289357480138948,0.739152934336011,0.5848223227944374,-0.15433061154157343,0.2220676625611583
,,,,0.1829502019638029,0.14666660005534074,0.19140586168374002,0.1680148595344523,0.9008830194638204,0.7713595396358128,-0.12952347982800766,0.06944881148093357
,,,,0.1523335741418798,0.11708205691613016,0.16014010206260265,0.14458568516642495,0.8240677457935816,0.6812160044911842,-0.14285174130239728,0.1746302535233496
,,,,0.16475921080853112,0.13648021637016872,0.18359850696042226,0.17587246862420478,0.835997091650292,0.7245099865439585,-0.11148710510633374,0.2661587383987974
,,,,0.1414282652102915,0.10705599235674963,0.16798695683906084,0.1445541480358528,0.7140898264589657,0.6068713741657001,-0.10721845229326542,0.455861445126881
,,,,0.08492826108864046,0.06100265107472999,0.12111515444874171,0.10550210325489154,0.5704874011132699,0.5096736346412875,-0.060813766471982285,0.7270107667850606
,,,,0.0946274907438928,0.09768811661344005,0.12110851639204254,0.12110728127060334,0.5602430665247806,0.5717324830368161,0.011489416512035345,1.0748619280937834
,,,,0.1054919860987854,0.11511799752621835,0.12110284879941413,0.13675736186186388,0.5926514632145742,0.6386935792336662,0.04604211601909178,1.4069071944158145
,,,,-0.10102133085103986,-0.12805977458215703,-0.12890731335737715,-0.16018040865320582,0.23340385286497942,0.15081456823852743,-0.08258928462645192,0.1912517302785958
,,,,0.1546281562965085,0.12174076915010432,0.18363725372635487,0.15238185391950887,0.7873706930060126,0.6759355248635506,-0.11143516814246202,0.34368061955200313
,,,,0.18848476902878109,0.12981147458283288,0.19920264803745596,0.15235928363835538,0.8754290869549408,0.6688557809194806,-0.20657330603546026,0.011873972182707778
,,,,-0.008871350542815001,-0.062334308464391606,0.04299698664791028,-0.05077209850933435,0.4097691941650416,0.2692348876906871,-0.14053430647435453,0.14241472605516917
,,,,0.04776698522415376,-0.01830777091951022,0.10549888592542817,0.0038828900459992504,0.5098084363304619,0.3393725328319688,-0.17043590349849302,0.07616310589439178
,,,,-0.010912631779830241,-0.0724747888963682,0.027351903795905897,-0.07422946163311779,0.3722705969258736,0.22840456272977894,-0.14386603419609453,0.027521379992598464
,,,,-0.093611694106653,-0.14067076345887078,-0.11328775387161913,-0.18363651644363513,0.18886768322042125,0.10931816870170007,-0.07954951451872119,0.09646900499199276
,,,,0.010634418398267191,-0.07371925296838963,0.035159838983137674,-0.08204517246927595,0.36445770973029756,0.19224953972183734,-0.17220817000846012,0.09696491524630108
,,,,0.044066200150713615,-0.05623034979601163,0.06640371337406141,-0.06641798323957059,0.4251029112470782,0.2205678397775762,-0.204535071469502,0.0687151496601182
,,,,-0.09859591161812024,-0.13612486883559496,-0.1132947204760123,-0.1679937207521789,0.14993774281241662,0.0877270513298937,-0.06221069148252294,0.15603258678062845
,,,,-0.15137290622876198,-0.1948701625233563,-0.17579560214382037,-0.23050379805157584,0.07168082222668885,0.036677568980243255,-0.03500325324644559,0.040532783209504424
,,,,0.004316159868102773,-0.07227059468547323,0.0038557927576859875,-0.09768444597848852,0.33544339432441095,0.20491804881457718,-0.13052534550983372,0.018305164944329502
,,,,-0.06890996963609017,-0.14672110474998157,-0.0585806129384825,-0.15232005514673955,0.16428643705831716,0.07474516508391954,-0.08954127197439765,0.015029953935053741
,,,,-0.14167981325441334,-0.18264611026365407,-0.17580886147410407,-0.23050869190493717,0.10201801673770605,0.06196754111339014,-0.040050475624315914,0.07762905940390022
,,,,-0.07938092522519521,-0.1346172978117133,-0.0820223588766335,-0.14452996818133648,0.13522387084426213,0.06561717519510116,-0.06960669564916096,0.08512739578158572
,,,,-0.17122464858888242,-0.2107162909055287,-0.20706105632046057,-0.24615301836356104,0.06285525754567076,0.027235029146973993,-0.035620228398696795,0.027010743600204966
,,,,-0.17998755982784903,-0.2155286166368756,-0.23051534449893538,-0.25397384024338177,0.07624206101117374,0.026326724738771883,-0.049915336272401856,-0.028416432251756493
,,,,-0.19222345932906956,-0.22805987667712005,-0.22268533092001785,-0.2539521514412528,0.04063714297750479,0.016782490769015952,-0.023854652208488827,0.0034598529206406195
,,,,-0.13735899382007927,-0.18264696512610934,-0.15236685094141683,-0.20706511499210759,0.061953257767625176,0.03271697528918899,-0.029236282478436192,0.04811137103567544
,,,,-0.020806598425231384,-0.0627954683867528,-0.011715915304779247,-0.07423889451775864,0.2860252581464749,0.22128575263126074,-0.06473950551521415,0.2995169549018819
,,,,0.07785798337490595,0.0772097958767961,0.11330727071306641,0.11330629493091239,0.5292871458504722,0.5402623347966452,0.010975188946173152,1.0430027023213149
,,,,-0.11244261394676866,-0.1399677731965526,-0.14455150950403128,-0.19144945644899014,0.17842193543354187,0.14538380032241238,-0.03303813511112949,0.22927828197937364
,,,,-0.17443353814492416,-0.21187176809578825,-0.21486968009913848,-0.246138265219947,0.07637880894391565,0.02723528642309573,-0.04914352252081991,-0.004863386124298447
,,,,0.06434555907116823,0.08832002644057471,0.09768920998435357,0.10547710901312414,0.4915850911304573,0.528479441860628,0.036894350730170784,1.0658381678647486
,,,,0.11898812607359034,0.11506021537089746,0.1445782254988867,0.14456367239642415,0.7047232015059965,0.6546834762186707,-0.05003972528732594,0.658839808786057
,,,,0.13265416503038086,0.13080321401799627,0.15240579850921143,0.16021674619561718,0.7461102526244039,0.7144027489379177,-0.03170750368648646,0.7245925736763583
,,,,0.11976306614570462,0.10631614286411728,0.1445742359740855,0.13676058738441801,0.7086706499223612,0.6304404543876538,-0.07823019553470706,0.5587816888780578
,,,,0.11216846893419423,0.09085264379416903,0.13677661580135952,0.12112782811199627,0.6838924922777339,0.5749624749913842,-0.10893001728634971,0.41806699035481143
,,,,0.046171440048666815,0.02651278077839333,0.08206083038635077,0.05079710111780428,0.425853964450399,0.3536019150899526,-0.07225204936044634,0.5517730887556359
,,,,0.020192672143588705,0.0060563808191004065,0.06643644373654896,0.02736080078490037,0.39175432344404804,0.31391955820783746,-0.07783476523621058,0.4725986248775838
,,,,0.034118143738156685,0.054405526884252174,0.07424614744606624,0.06640943647365562,0.4386365765355344,0.41937374291183566,-0.019262833623698634,0.6333273580419281
,,,,0.007516622789260189,0.013337118607031892,0.04297294368240452,0.019538865931219673,0.3931740933795354,0.312391531722794,-0.08078256165674136,0.23951358777372606
,,,,0.080629460958536,0.037345951385683133,0.11331134842865864,0.05861189262437197,0.5433752878172904,0.35715412131187263,-0.1862211665054177,0.20741858322943232
,,,,0.06947889329239226,0.047202479867419274,0.08985348457476638,0.0664179172147437,0.44091428969034513,0.35952259550682103,-0.08139169418352406,0.6564216008350212
,,,,0.06704644198411687,0.052490358740827525,0.08204361314522621,0.06642328313402202,0.433675859021733,0.37954563844434586,-0.054130220577387166,0.7040716192478335
,,,,0.04702625955560165,0.03014973760813728,0.06644216507053932,0.050813378835584136,0.35326920393487987,0.28445476803638037,-0.06881443589849946,0.7563837035203489
,,,,0.08413928479423222,0.06126516940810458,0.09767869941327652,0.07422986501854831,0.5045165407812103,0.39872358935055574,-0.1057929514306547,0.7856192380048604
,,,,0.012633591935690004,-0.0019491582804410437,0.04298528636104103,0.011712774188874661,0.36171034727975926,0.28709467966015517,-0.07461566761960407,0.409827617328115
,,,,0.06568797844726727,0.0632754572868296,0.11332506767384631,0.08204447554263879,0.5319439079607478,0.44121337880879585,-0.09073052915195172,0.4064424148129925
,,,,0.033303448157082596,0.012916101555679457,0.06644168119462313,0.03517736505968004,0.3972228016761228,0.3268144020000143,-0.0704083996761085,0.47768428609318553
,,,,0.02341247758527338,-0.022996936714558346,0.05079467420119444,-0.0039378221220025674,0.38367531471392907,0.3018041115869773,-0.08187120312695179,0.3330177061527972
,,,,-0.001983761444836912,-0.036497951609833997,0.0038504096420256197,-0.03516503937347998,0.29055397328949617,0.2239656879169691,-0.06658828537252706,0.30516836674120357
,,,,-0.014260625540921168,-0.048426092919284146,-0.01172579220451472,-0.0507810968388558,0.23621508225558868,0.14618453415459548,-0.09003054810099324,0.22223491980767793
,,,,0.018713527931285327,-0.006783635391064037,0.04298673533801044,0.01173400413131123,0.3228227776635258,0.22055471520247327,-0.1022680624610526,0.3792026435005971
,,,,-0.18280548295645366,-0.21043404689252385,-0.2305076986756093,-0.2539527942616628,0.06985020026817705,0.03484244387274536,-0.03500775639543169,0.027354197177750086
,,,,0.009784146699655816,-0.010107975906526602,0.058616503874122934,0.027353066797062935,0.4094120240891721,0.3552563998484349,-0.054155624240737284,0.5075705377699289
,,,,0.07077855913149093,0.09743546049708371,0.09768424622477806,0.11330017094227923,0.48921330059272927,0.5529294899114067,0.0637161893186775,1.3558814671031787
,,,,0.08635589454636902,0.06269630732737703,0.11330694886779548,0.08204152289815346,0.5393621025549634,0.44453498383703033,-0.09482711871793316,0.6058165232511387
,,,,0.00692621612952681,-0.030369994329444334,0.035169989280796544,-0.011716300086846857,0.3740821698403446,0.2879983535834595,-0.08608381625688517,0.31492645580903983
,,,,0.08645048812579448,0.04181084418211234,0.12893780678359837,0.08204849182521726,0.5824667941914219,0.44516847940024645,-0.13729831479117519,0.3777232467175725
,,,,0.08492167689058319,0.05037761192310697,0.12111398348600573,0.07424943969899135,0.5622517004854927,0.42786065086030767,-0.13439104962518492,0.35072476617670745
,,,,0.004713477496863754,0.01591920832456666,0.03516191895276893,0.01950938099754896,0.3549142025887132,0.2748564335164747,-0.0800577690722386,0.39326322040691236
,,,,-0.08587078189875605,-0.14562249686414613,-0.09765438838598034,-0.16798453788213316,0.1474997863754901,0.08062791682119842,-0.06687186955429168,0.10229026573689963
,,,,-0.1668283436918365,-0.21927770850656436,-0.19923354379843972,-0.25394792742328137,0.061437559654626606,0.02909447689230564,-0.032343082762320945,0.04349648461297277
,,,,-0.2117828444184153,-0.2470536076962569,-0.24614347197921524,-0.2773829067433451,0.027222687084393595,0.011993840863924762,-0.015228846220468835,0.017099782685800563
,,,,-0.21324151564954164,-0.2482211393375724,-0.24614143218876094,-0.2773767842234371,0.02947700315848176,0.015533288087652123,-0.013943715070829634,0.03738970441987595
,,,,-0.24675931147426686,-0.26621885855506056,-0.26174762574647215,-0.27736408072887014,0.010914145383654447,0.0061948124346244155,-0.0047193329490300305,0.015287674078996408
,,,,-0.25311262687208724,-0.26841029023146035,-0.27736836734685727,-0.29299281777175235,0.014774462177663289,0.005910548931318918,-0.008863913246344375,0.007283502047416252
,,,,-0.16799484272079776,-0.20065624823424313,-0.21488366839853526,-0.24614319971188395,0.09634514922738933,0.051942355687155696,-0.04440279354023364,0.05606127791827836
,,,,-0.17667868194582992,-0.21281963106217813,-0.1914270368253923,-0.23048820546057242,0.025527172554034475,0.013746899387560862,-0.011780273166473617,0.026441115830445484
,,,,0.08448139885755358,0.04139431654656468,0.12113110156166242,0.07424092462909662,0.5558759956037731,0.4391389848569156,-0.11673701074685752,0.4260090257152317
,,,,0.08600549740645792,0.04992293075801314,0.12112375118232613,0.08205761828859227,0.5589916650649315,0.43906715311062533,-0.11992451195430616,0.4394277837334327
,,,,0.06645612298675298,0.028414619535409722,0.10550050043598055,0.06642361386034773,0.5208244399547131,0.4037393048959063,-0.11708513505880658,0.34365987314690893
,,,,0.060581114358429895,0.04538769278732209,0.09769040348530597,0.07424062326582838,0.49359156033281415,0.42788250028503183,-0.06570906004778233,0.5059521964247532
,,,,0.02910218726120922,-0.011371284509024348,0.027326738664475044,-0.027363482862650907,0.3298577384591576,0.2496974598151483,-0.08016027864400928,0.3333847569815224
,,,,0.07898209327584302,0.04217529682729025,0.11330197420207856,0.07425152067393244,0.5321059021364857,0.4355198488700868,-0.09658605326639878,0.4738171446994475
,,,,0.018595385961822655,-0.018759085984532426,0.05081040080272969,0.011737467791668937,0.34663008881332735,0.2437712771464773,-0.10285881166685008,0.5068482328852119
,,,,0.09245312013282621,0.04943746910648522,0.12113455121325734,0.0664182059023398,0.5547830901488167,0.40586028799249496,-0.14892280215632167,0.1685383950790624
,,,,0.04304774862087508,0.004823476279819736,0.08207196203993963,0.03516554754387753,0.44976924050040895,0.3250348695737235,-0.12473437092668545,0.3204299173201915
,,,,-0.07830985955884255,-0.09052648338687741,-0.08203942199249399,-0.09767902630916976,0.1353914065358618,0.11632523850074646,-0.019066168035115356,0.45593287833714324
,,,,0.005341197704440809,0.010129520650681591,0.027354263718406165,0.027355672043710096,0.23636175730086664,0.26377061652338984,0.027408859222523233,0.9559848689966738
,,,,0.04373962870377501,0.044666165483885856,0.05864060874893798,0.06645836265761622,0.25950294840905325,0.2987267852292618,0.03922383682020849,1.3277485892473317
,,,,0.07722815172404571,0.06878378710089178,0.09769416314162294,0.08989041156664292,0.4604247481460121,0.431340627006409,-0.029084121139603326,1.0580200008850327
,,,,0.0917772755054393,0.09494186088257275,0.105500413422216,0.11330433677247034,0.5335613392359253,0.5649989344877566,0.031437595251831506,1.2541978471996253
,,,,0.13338878529774598,0.10360562056826594,0.14457147011730695,0.12112149762000807,0.7625319009414494,0.6214088607141393,-0.14112304022731026,0.5062793120350617
,,,,0.11317673960284587,0.09708665379048446,0.12892207227996869,0.11332524188604876,0.6687942205972203,0.5914130439760028,-0.07738117662121767,0.7678069597365023
,,,,0.05438570201742124,0.038044742262350786,0.08206737445714675,0.06645243380826511,0.4057552129298148,0.35046897718620745,-0.05528623574360726,0.8227892999335025
,,,,0.006265436758518887,-0.017855129918079447,0.07426732283240561,0.05081727009204775,0.44071890456564317,0.38119270017984597,-0.059526204385797275,0.471558745552307
,,,,0.053648876252114897,0.04218533754207649,0.09768427799522565,0.08987031994160731,0.4985064653314395,0.470418461308734,-0.028088004022705414,0.861504967684325
,,,,0.12411131658443993,0.10300266149654567,0.15238739014404834,0.1367473954302658,0.7308422752213398,0.6502375451789473,-0.08060473004239231,0.5504171356560946
,,,,0.12537374025720027,0.07375300573810799,0.13674559252803453,0.08203035436762805,0.6925407003320375,0.43050102217941116,-0.2620396781526262,0.17753999837671028
,,,,0.11572110428088964,0.07682515969356417,0.1289377028293814,0.08985908640600046,0.6540925544058853,0.4641923877374445,-0.189900166668441,0.5352004634688419
,,,,0.128429905241413,0.10205703253017823,0.14455631022488255,0.11329283761156582,0.7048645700849414,0.5795214099321495,-0.12534316015279187,0.7736778949042126
,,,,0.14016772252195508,0.08008235731833206,0.15236698750818126,0.09767312891089844,0.7693886359740822,0.49527805641939454,-0.27411057955468776,0.1222837008079108
,,,,0.13164266429093296,0.08022251749319345,0.1445576642298564,0.09766621072688246,0.734444377681224,0.4814559198910611,-0.2529884577901629,0.2735400085892026
,,,,0.13002883630792536,0.09930380940753412,0.14457393534645388,0.12112430615729107,0.739845407025784,0.5847378840711333,-0.15510752295465063,0.39301314152197725
,,,,0.11099525147351498,0.09355288692835789,0.12893680827458381,0.11330433673547163,0.6385344409265525,0.5484996131599783,-0.09003482776657418,0.7232178606174096
,,,,0.16373482666486297,0.1340563205041893,0.17582645200436126,0.16019836341451515,0.859642172319913,0.7177335550014551,-0.14190861731845764,0.20117243084136352
,,,,0.14950368880080955,0.1471875135610541,0.1680245919336698,0.16803498105334697,0.8109757765581413,0.7761378507609219,-0.03483792579721963,0.7303358580970759
,,,,0.14143281955880707,0.13185369098770824,0.16019808011999287,0.15238533523900658,0.7653179820913038,0.7134814417400569,-0.051836540351247,0.8085055131520147
,,,,0.14876058075517154,0.11480489855951484,0.1601930312408927,0.13675577401531214,0.8068392443047541,0.6398781017567404,-0.16696114254801367,0.30875661728442677
,,,,0.10610740697109002,0.08502851815438954,0.12893318487892122,0.10549154782672503,0.6131308755567537,0.5341067515078091,-0.07902412404894457,0.7534374781917319
,,,,0.10422532074446443,0.09388822753485146,0.12893411284446554,0.1211241769875228,0.6149407929054972,0.5769066391273531,-0.03803415377814408,0.9937421073678644
,,,,0.1117284159020629,0.09963086316683822,0.128938796916882,0.12111064873160239,0.6325097648530649,0.5727663336974862,-0.05974343115557869,0.995458135085193
,,,,0.10695372443060716,0.08499324198936829,0.12111229131267195,0.10547747506843697,0.6078812212226203,0.5120341136175948,-0.0958471076050257,0.9756147054383738
,,,,0.08658342593380525,0.04596788267601736,0.1055020156970389,0.05860859639282155,0.5340041490437546,0.36244154647410176,-0.171562602569653,0.29394569426513006
,,,,0.05636715624051086,0.030866967550108003,0.07424056941589749,0.050790454967587065,0.4082108613715033,0.3146844270124763,-0.093526434359027,0.428001079326473
,,,,0.028780101926747046,0.0016826852137033028,0.05081349610702229,0.011734313320958313,0.35111239092276125,0.22365935285598523,-0.12745303806677594,0.2683677252947592
,,,,0.04834105196933708,0.029283031991339706,0.06642721646058518,0.04299235399127425,0.3721030640332234,0.2954932192394855,-0.07660984479373807,0.539384894119961
,,,,-0.14957923497186953,-0.18855427233508246,-0.19144646541290847,-0.22269422155805077,0.09439342348096533,0.064525818512957,-0.029867604968008325,0.06261157967440739
,,,,-0.15872474676433077,-0.18506209501829116,-0.1992710709815523,-0.22269852642323895,0.07158543679474916,0.052924058000787186,-0.018661378793961965,0.05289348475777597
,,,,-0.162091481893896,-0.18462831153237527,-0.20708778658416524,-0.21488937171362024,0.06434292482307834,0.04356050375995351,-0.020782421063124838,0.05399923126632373
,,,,-0.13865655505459246,-0.16017097176778497,-0.1445355433179244,-0.1679685247823109,0.052205027693441756,0.0427767315318814,-0.009428296161560379,0.11209186458886451
,,,,-0.20581125344755158,-0.2269121476372491,-0.2305115397952104,-0.24613676287574077,0.022425411568491645,0.015018262936306264,-0.0074071486321853775,0.03984805535879274
,,,,-0.19927408643085748,-0.21797557949274582,-0.21486155671674192,-0.2304854021372319,0.014436473034884056,0.007898643397691025,-0.006537829637193033,0.028087094725766447
,,,,-0.151883503991473,-0.16657882213984157,-0.15233621753520998,-0.17578725461620948,0.02573442860200991,0.01608046003413591,-0.009653968567873993,0.041173178619116985
,,,,-0.21771892342250165,-0.22065145657843716,-0.2382988334117147,-0.2382913399344501,0.016739747189191127,0.017321100591422806,5.813534022316713E-4,0.06771868420462904
,,,,-0.2387374026419106,-0.26061311967043166,-0.25394402027676705,-0.27736301027674737,0.008543121584740744,0.007950331742509769,-5.92789842230976E-4,0.02629694109351263
,,,,-0.24542211531483543,-0.2597734574952035,-0.2695600142390796,-0.27737238267469194,0.012795596363629088,0.01178712635242648,-0.001008470011202611,0.036263634903335486
,,,,-0.21900464761893304,-0.23106330231537062,-0.24613592238358525,-0.25393927812147604,0.019534440763811,0.019173711819139468,-3.6072894467153375E-4,0.05942516215014988
,,,,-0.18050153301496505,-0.19380766444249975,-0.2070607765206553,-0.21487162382363711,0.033336664205926896,0.02539157324513205,-0.007945090960794862,0.07285433532777989
,,,,-0.2197545087254479,-0.23129789232105763,-0.24615127512482435,-0.24610874431715757,0.02269822202508451,0.01661819809671793,-0.006080023928366577,0.04890253157075512
,,,,-0.16028086826104207,-0.18158338158061502,-0.18361800559149363,-0.20707343951328097,0.0351367823847743,0.020401041552262664,-0.014735740832511633,0.053314740784003715
,,,,-0.17675821648441403,-0.2065993144111083,-0.1992246365888338,-0.22265490476888064,0.04365050068416982,0.022297968739815415,-0.0213525319443544,0.03294751528624164
,,,,-0.181187885780487,-0.2075673724587899,-0.19141284401690423,-0.22265359776552204,0.026830919207415375,0.01592969651613843,-0.010901222691276935,0.03934812874953974
,,,,-0.20483837453942813,-0.23647363740414454,-0.2226677156827602,-0.2539159673555512,0.04040668701708994,0.018163218785122837,-0.022243468231967104,0.028232090580118524
,,,,-0.12156371497437239,-0.16220088122097362,-0.14453296256286147,-0.18363466215394084,0.08472408778629284,0.03324389044735269,-0.05148019733894013,0.028845519616127257
,,,,-0.18406385161358452,-0.2040859435742077,-0.2148685664303429,-0.2305022615873775,0.04597659780764582,0.022475724532052495,-0.02350087327559334,0.03380340467531027
,,,,-0.12568952955003063,-0.1389546163413545,-0.14453667021801714,-0.16018613439021004,0.09696334336544725,0.08081506372247248,-0.0161482796429748,0.14926701220415647
,,,,-0.1433308632937685,-0.14275485007860625,-0.1601592230514399,-0.16016506690732324,0.05978238771183248,0.06733057404447194,0.007548186332639454,0.23240835239086308
,,,,-0.1515435217057815,-0.15992366348869555,-0.18364405962433888,-0.1836201507659646,0.06065237768183359,0.054243818516654746,-0.006408559165178852,0.12930848653830468
,,,,-0.13426170335463108,-0.18721094199941302,-0.15236345490011644,-0.19923641596493302,0.07763358528728516,0.026265982534194533,-0.051367602753090616,0.006890412359026515
,,,,-0.18889396786672477,-0.20900131313994036,-0.19142265746453563,-0.2226589088958127,0.01769829906653887,0.019737612848736555,0.0020393137821976947,0.09289759795568779
,,,,-0.1649420535576869,-0.18942938883884197,-0.1757842671339077,-0.20704853953654415,0.03818757361858108,0.02711799587870153,-0.011069577739879552,0.07547645969969949
,,,,-0.1717334066024293,-0.17707747403570062,-0.17580216023345493,-0.19141425652911948,0.012441936932769326,0.018672485495195137,0.006230548562425806,0.11125156799846714
,,,,-0.1730882723585841,-0.19262385709464852,-0.19141334199489102,-0.2148575930656289,0.036564813210619815,0.032826536355149746,-0.003738276855470082,0.08405237062196808
,,,,-0.15179234652932225,-0.15798532816078276,-0.17579784011012145,-0.1836338615228528,0.037080939012861705,0.034937551610854975,-0.0021433874020067253,0.1345350739524509
,,,,-0.13712186105085492,-0.15039976933460408,-0.15236866682219985,-0.16798569329846297,0.048023250153560786,0.04604053631152749,-0.0019827138420332882,0.13443766221713382
,,,,-0.17067886071622348,-0.16944786284564697,-0.17579461437076818,-0.17579396243383463,0.021643354213650073,0.027647409685695134,0.006004055472045068,0.12326800153324263
,,,,-0.19744013577556724,-0.17383793305867595,-0.21481420489899508,-0.1914462524753202,0.05268545886499654,0.07330427306151878,0.020618814196522242,0.2912313523104036
,,,,-0.13870089107974745,-0.1276937960708857,-0.1445268498758027,-0.13671878728124437,0.06669756014407908,0.08679221599587167,0.020094655851792584,0.3566781368073841
,,,,-0.18789206472355746,-0.1839673398766786,-0.21491326902367522,-0.20707419801598623,0.01879464562092452,0.01923326080338476,4.38615182460247E-4,0.08762302525920719
,,,,-0.1716728541495948,-0.1705210216485626,-0.2070612995319394,-0.20705899355057888,0.058388617689487096,0.06867742670517464,0.010288809015687517,0.20608709414301749
,,,,-0.18727993842416682,-0.19386509616322714,-0.2304979903602963,-0.23049426393131695,0.0747474764382859,0.0635485875099401,-0.01119888892834582,0.1180090918937996
,,,,-0.21949228811156712,-0.24983505369731349,-0.25394601646640574,-0.2929994180071649,0.03277743194458144,0.03549435887278083,0.002716926928199399,0.10996862825061574
,,,,-0.17036860349742203,-0.173017016474574,-0.20707186229508362,-0.21487469707393603,0.053950878136054224,0.07006520477828893,0.01611432664223471,0.26681825954066335
,,,,-0.19438473048552204,-0.21953734216211415,-0.2305144097391972,-0.2539498595741847,0.03730550793963496,0.034998746626539935,-0.0023067613130950317,0.11764884259813678
,,,,-0.19114006174459458,-0.18129027648093438,-0.22272621234390585,-0.2070789541540015,0.016536177598678935,0.024203031451017546,0.007666853852338601,0.12102337379785803
,,,,-0.21562210989891403,-0.20000394809040248,-0.23049961195908897,-0.21484511618469201,0.008265129955057154,0.023399639214589308,0.015134509259532155,0.19243080253717496
,,,,-0.19485128401737026,-0.1759867688492404,-0.21488169632523604,-0.19143616692932983,0.01713757731767759,0.02755899230341911,0.010421414985741511,0.16181390812716412
,,,,-0.18684581665260716,-0.1704634551182179,-0.2070816977519617,-0.19144341959106936,0.014125858298540272,0.01919294541823647,0.005067087119696192,0.09975709370727981
,,,,-0.20762597337631225,-0.20928921298770425,-0.23052675006012396,-0.23833332308516794,0.011095834782536342,0.014485968588175814,0.0033901338056394692,0.07609497581552922
,,,,-0.24021448862603187,-0.22117653393443637,-0.23827623848726098,-0.21483116869383828,0.009426687960902508,0.014083947248906855,0.0046572592880043525,0.07227109790703783
,,,,-0.17836226565023713,-0.151667473914374,-0.18358800914980664,-0.14451421613399373,0.04689172155691273,0.06794080097206168,0.021049079415148945,0.34176897323048655
,,,,-0.27139089333306915,-0.2540597001369447,-0.3008482519862746,-0.2852105179679291,0.007986654039931635,0.011504087788651005,0.003517433748719367,0.08521715140050772
,,,,-0.20931338777105798,-0.19315979051490725,-0.21484968221982104,-0.2070442403584687,0.010927614534986625,0.01936665147154081,0.00843903693655418,0.1276266273423099
,,,,-0.18221724009289342,-0.1678339020036858,-0.19923062178143416,-0.18361506387169155,0.011386183727143114,0.01700057676863759,0.005614393041494484,0.09349622273005942
,,,,-0.17762805557649194,-0.16435863654313404,-0.19141593808379395,-0.17579025518818844,0.012743621082554954,0.01535362047710263,0.0026099993945476766,0.075016771410263
,,,,-0.18770815487425493,-0.17499936625411697,-0.19926619267333792,-0.19142744814185678,0.01510646513227534,0.018709271950264655,0.0036028068179893152,0.08067648027327905
,,,,-0.20010749948950612,-0.1844754827357582,-0.22271033173388746,-0.2070837885716062,0.010796121783694615,0.01607856915518224,0.0052824473714876245,0.08825468408061253
,,,,-0.2339515240658837,-0.24653956894704276,-0.25395720141021255,-0.2695668341644882,0.014558396426278219,0.023806524519930802,0.009248128093652585,0.12838110680121445
,,,,-0.20264294372137603,-0.2050046419818385,-0.22269583169078463,-0.22268554004474764,0.018166611107565026,0.02096792631489425,0.002801315207329223,0.07905175648445947
,,,,-0.18601632788261593,-0.16347518671204075,-0.2149070397109685,-0.1836394839875848,0.014403612767016126,0.02296696814292281,0.008563355375906684,0.1345893262498235
,,,,-0.1732543088394447,-0.16365877011864627,-0.17579217663486288,-0.1679707443387809,0.014611885722332756,0.017044787357481803,0.0024329016351490483,0.0814199120628696
,,,,-0.17333283179490777,-0.16400519888853476,-0.1914494161397478,-0.17579654075351275,0.013737898976134743,0.014203115328183052,4.652163520483098E-4,0.07143096635673199
,,,,-0.207272371420171,-0.20987010884013782,-0.23051792749626793,-0.23049451819719935,0.015827673660766886,0.014088472727272478,-0.0017392009334944124,0.05437839434580762
,,,,-0.1781489162413651,-0.16197477306266644,-0.20706409600832773,-0.18364448795245605,0.015597689153321296,0.01588974298627573,2.920538329544279E-4,0.07559743854501275
,,,,-0.14556095396842023,-0.14248812923138865,-0.16015840040178053,-0.15236425050133345,0.03206647695444546,0.03396962385956214,0.0019031469051166902,0.12921579951106993
,,,,-0.16373152497132287,-0.1644557564525367,-0.18360844721274105,-0.18362720222832882,0.01789387722861841,0.016962920257631946,-9.309569709864663E-4,0.07258439839793294
,,,,-0.22376907978715657,-0.22620960943286483,-0.2539903252290179,-0.2461342552445111,0.011376436250475672,0.010701004622239493,-6.754316282361808E-4,0.0494751395710388
,,,,-0.11795987602166379,-0.12446534559580007,-0.1289136658831905,-0.13672871548004684,0.05453801442467635,0.0615371417673619,0.0069991273426855604,0.2352669109742208
,,,,-0.21174443583450078,-0.21189278533508374,-0.2383523316937979,-0.2383207797927975,0.014022246386759928,0.014019058210702463,-3.1881760574665924E-6,0.04841477360241378
,,,,-0.26704635050291253,-0.2716550602968594,-0.10141835483039961,-0.13669506335133136,0.22862238622593292,0.2088903443426206,-0.01969519392151203,0.36441898153105157
,,,,0.06169194757180332,-0.06735117064399665,0.08987376088695265,0.058670511891548524,0.44282010404130756,0.2969177117273711,-0.1459023923139365,0.010994713554619765
,,,,-0.20365435853290564,-0.2869385484465731,0.027415677064455413,-0.1601454091159382,0.28078210725427166,0.20684700220697705,-0.07393510504729456,0.23339050391337934
,,,,-0.06009804675541233,-0.10401634696193325,0.05862370956921375,0.03521346277770654,0.33019149055564195,0.2844974602094148,-0.04569403034622707,0.4678786081908823
,,,,0.019324248828323246,-0.04159709109387037,0.09770432524966462,0.0742988383695085,0.4748427813871345,0.37475348986842244,-0.1000881492598396,0.19561396172749393
,,,,-0.24204309086309225,-0.3288089004966493,-0.07012925554334405,-0.2617202940555405,0.18917238785217444,0.14535698374835807,-0.043815404103816374,0.21535052436139654
,,,,-0.17557739845245277,-0.3643766446491004,0.0117831250621987,-0.3789089732093893,0.20612678665722842,0.09142280269032642,-0.1147039839669021,0.05536828719521635
,,,,-0.1035276654455756,-0.08286032959695891,0.04300861636930257,0.04301332750162886,0.3245001857655413,0.3252784638066161,7.782780410749373E-4,0.44650244689287205
,,,,,-0.16918998965145693,,-0.19730956744330386,,0.017082818746512237,,
,,,,,-0.10652649668147378,,-0.07996758564405375,,0.004552170863121449,,
,,,,,-0.19488313157019427,,-0.20110886628422908,,0.021415006396310672,,
,,,,,-0.10929941578532741,,-0.10733411036752466,,0.008181191481894638,,
,,,,,-0.16912746655980448,,-0.17772933747585512,,0.027074860131926108,,
,,,,,-0.22377977698902016,,-0.2401634631365839,,0.010270561095751543,,
,,,,,-0.2505326954825189,,-0.2715717801155721,,0.014293910488935795,,
,,,,,-0.2676091695762878,,-0.29099320621956914,,0.008308931807590738,,
,,,,-0.35687682296715184,-0.34328345068898514,-0.3808707757874847,-0.369161601151854,9.401811292742907E-4,0.0013838483026965378,4.4366717342224696E-4,0.009372623211350942
,,,,,-0.32269938162256634,,-0.3925908174398591,,0.00672993322238766,,
,,,,0.16708533859822539,0.1104116438643405,0.18556298982911446,0.12892514255527268,0.800797336259919,0.5942844343097317,-0.2065129019501873,-0.12132682101783802
,,,,0.13685930448522945,0.10320072365320986,0.15239452025215297,0.11325504653023546,0.7233166882125409,0.5327068401637809,-0.19060984804876005,-0.11476831124676694
,,,,0.06905943268790299,0.022737349139336286,0.05858036701883282,-0.003983152421102618,0.3540632220877696,0.22643976198594565,-0.12762346010182388,-0.055572488943259
,,,,0.07043002976415347,0.003893136579716422,0.06641419042323773,-0.019574514463074778,0.3766140898905861,0.1409827566655508,-0.2356313332250353,-0.19733829995850882
,,,,0.17326224342791327,0.16181233429468925,0.19928301340350588,0.1993339359807228,0.8531267841289408,0.7610885890005347,-0.0920381951284066,0.043725146601855384
,,,,0.05309216086005186,0.003775334304363974,0.06446298784696311,0.011743340315783633,0.1546032900264624,0.05903771823987495,-0.09556557178658745,0.12227309739459388
,,,,0.04182061796009659,0.001547707373086901,0.05274741876691249,0.011749615609165221,0.10544470792845909,0.04709745147652443,-0.058347256451934656,0.16024196989229358
,,,,0.06674981683694192,0.021061711241800493,0.08206922096803229,0.02736147387163554,0.31402129175220506,0.14418932457191028,-0.16983196718029467,0.060963754197909094
,,,,0.10971707883184706,0.06620711881997023,0.1054329734252145,0.06640394776172683,0.5419609703013233,0.3923278505143746,-0.1496331197869487,-0.01888667705093799
,,,,0.08036032540010274,0.02950280441640525,0.08789565386713971,0.035179702064761495,0.4543880511144636,0.32431806997103374,-0.13006998114342982,-0.014440755452018466
,,,,0.09603469362312891,0.037550124688287966,0.10547324347227457,0.04297138508794834,0.5351657129023579,0.3060941126566817,-0.22907160024567635,-0.11880327746982769
,,,,0.021500823797990072,-0.0251065951887031,0.03712360642929537,-0.01169842851685768,0.06459804999290562,0.031271160618010184,-0.03332688937489543,0.13786008384737208
,,,,0.04145809270481918,-0.027203388471058777,0.052746029790035225,-0.011694325131942396,0.11535502964861835,0.029386247169066213,-0.08596878247955216,0.01897416198303195
,,,,0.07133919834786374,1.6139141678720004E-4,0.08399485182994594,0.011765380022724575,0.3296916058479993,0.03843186026497198,-0.29125974558302736,-0.18771125519411436
,,,,0.04522286886423111,-0.018226576552490072,0.05665848930580306,-0.0019819806350941907,0.11376995809795662,0.02459545400076633,-0.08917450409719033,0.02455188918122954
,,,,0.06873319223691664,0.014719271639948463,0.08988651182397157,0.027358997819670834,0.40943980757545473,0.1375588537722594,-0.27188095380319527,-0.08371208884336719
,,,,0.05737516050504728,0.002908575932590885,0.06836720766666594,0.011731857729840705,0.21301105229963677,0.05563536482557382,-0.157375687474063,-0.044653291200479936
,,,,0.07500135793309137,0.013873237475506964,0.08399577236716026,0.027366758975482085,0.35295063649869085,0.055905814009568504,-0.2970448224891224,-0.17019299416515749
,,,,0.059770571839241414,-0.013158748613465257,0.07427141183230183,-0.00393221830028122,0.25521977338239016,0.03252738274383016,-0.22269239063856003,-0.1353376274931514
,,,,0.13568987950641226,0.09359307128025866,0.14450133703704462,0.09763139299190932,0.6759904087950728,0.5011410711351528,-0.17484933765991995,0.018827253293623183
,,,,0.05471370101575737,-0.02273326960474589,0.07425486837043692,-0.019510423433666213,0.36399551152181103,0.10948275172145154,-0.25451275980035953,-0.19207638200577612
,,,,0.013230572157855393,-0.0785589905681936,0.019550534596661107,-0.08985374630498584,0.14693460681284973,0.05300480504525823,-0.0939298017675915,-0.03638908458478684
,,,,0.03556319493996127,-0.06690859917557958,0.03712119122878388,-0.08396316890611909,0.24728705842566842,0.0887228828960386,-0.15856417552962984,-0.10018719840623931
,,,,0.07426483731230289,3.708964813215637E-4,0.0742382459441358,-0.003951492788010737,0.3647834302251603,0.144378658675255,-0.2204047715499052,-0.14125179121998704
,,,,0.02803481945219983,-0.05266612308513134,0.05082533047742011,-0.04295063158785405,0.11425426703505466,0.015833282123792872,-0.09842098491126176,-0.043072422654472836
,,,,0.06998984172305384,-0.005263721827878371,0.08988800526942153,0.00387713725009629,0.4138204219203055,0.12081377913246322,-0.29300664278784216,-0.17263055346183168
,,,,0.058846594362487306,-0.026078924311918276,0.07426924291364115,-0.019498049566111203,0.23271661665969093,0.01764773985858052,-0.2150688768011104,-0.17303414270375764
,,,,0.14399449919270998,0.08058216223622285,0.16018500529619845,0.08983774656863856,0.7689735621132963,0.4655928525401271,-0.3033807095731691,-0.16770685302986482
,,,,0.149635877215739,0.10050140027979933,0.17581808902164742,0.12109476291117142,0.7530988801904573,0.547731675563272,-0.20536720462718552,-0.09885389024138293
,,,,0.0668154435317469,0.006576515628408498,0.08204489990616196,0.011733210023004106,0.42109720968093584,0.21747081788450198,-0.20362639179643402,-0.07595368305178439
,,,,0.11082680614217252,0.05427352859059566,0.12894305940151127,0.066417366631466,0.6574791213037154,0.31799373197401376,-0.33948538932970185,-0.20303747347151105
,,,,0.13663338666553634,0.08633443685529645,0.15236754749759618,0.08984335616313745,0.7053752862958109,0.48015794439291076,-0.22521734190290033,-0.07638949209963579
,,,,0.11691149689180633,0.06085516391733682,0.12893398128046427,0.05857399501166903,0.6470500051501401,0.31913656439214516,-0.3279134407579951,-0.0925829548730191
,,,,0.12871242383719111,0.08626206167801792,0.1445657544847406,0.0976637440454727,0.7080807055509492,0.48308981901752185,-0.22499088653342722,0.0013452373427276872
,,,,0.11861210137032577,0.08982403460583104,0.136748297432377,0.09767743285946216,0.6587090238938722,0.5048997484642789,-0.15380927542959338,0.23921923207055734
,,,,0.10194335542169507,0.06696188933520822,0.1133042280790571,0.07422284503514623,0.5808775348738333,0.3749004141695558,-0.20597712070427746,0.06035753547442226
,,,,0.09459678910365871,0.0682573624831144,0.10548878142731347,0.07423362647499165,0.5372217937140032,0.36081539677563995,-0.17640639693836338,0.2156206876396783
,,,,0.10304905317229236,0.05893646831361476,0.11329061944868156,0.058591780450073176,0.5649655094385926,0.3143921374443969,-0.2505733719941956,0.008245930029049425
,,,,0.09383023537446873,0.06894186620794737,0.11134515534676656,0.0742273759401047,0.5549959509620517,0.3606832352221901,-0.1943127157398617,0.18364356461468256
,,,,0.09232623548468506,0.06786286696153615,0.11332275581623061,0.07423803615665883,0.5578593594259196,0.35175242015387126,-0.20610693927204823,0.21053576406146965
,,,,0.08392177844718625,0.056309386773236096,0.0976871724690805,0.06640840105395489,0.5025974181838725,0.3076246080535142,-0.19497281013035808,0.15254448507439008
,,,,0.06794370633140372,0.0688466785291528,0.08206646101304868,0.08206294105537325,0.3442683428792984,0.3625567407758432,0.01828839789654473,1.3392296879126784
,,,,0.06796756441406615,0.052047672267517296,0.08008566192993094,0.06055511374920978,0.3489548839148095,0.26083957579328776,-0.08811530812152173,0.6763363046949976
,,,,0.08666984614471401,0.058538948969055586,0.09767870855017961,0.06644621031619743,0.49739244554402745,0.3059932381650141,-0.19139920737901334,0.2544273374607169
,,,,0.06904235759034003,0.023574659618971153,0.08009111553379394,0.02736780964957525,0.3784485734954872,0.1783280426414078,-0.20012053085407938,0.060041616527674736
,,,,0.05792267981248463,0.030699599265189153,0.07424805137399161,0.04493233538515242,0.34175963990497077,0.19110287297432635,-0.15065676693064448,0.33243893878557107
,,,,0.08533060125416311,0.05904876204644451,0.0976898751623897,0.06641077926729794,0.5081570648925035,0.32217355559872857,-0.18598350929377494,0.30725720824085107
,,,,0.0862880480268997,0.06819895904911691,0.10551361635591786,0.08204401559037777,0.5406285676357512,0.3899601731171541,-0.15066839451859712,0.3998350849266331
,,,,0.0718540833770511,0.05202043433847238,0.0899186297795647,0.058579139885128625,0.4521621122420111,0.28090661644872106,-0.17125549579329008,0.3946704367285957
,,,,0.08676513182940299,0.04236169465016954,0.10554370713349953,0.05080590618258433,0.5518432675601574,0.21320458725119995,-0.3386386803089575,-0.09945604706977434
,,,,0.10502277815939925,0.10402810456487581,0.11328155121813499,0.10546966873787851,0.5497998972306236,0.5207915447954472,-0.02900835243517657,0.6166265232664874
,,,,0.1169050337929639,0.10420199523349533,0.1269528992843631,0.12111137627685473,0.6208031179294434,0.5664670650478558,-0.054336052881587646,0.5188832644546981
,,,,0.034338328838212785,0.015268178452727571,0.04297282854941961,0.019548317399179654,0.2957225347265606,0.22985010110210766,-0.06587243362445298,0.3950796714827941
,,,,0.1113212458357763,0.11164161175089725,0.12890488212070916,0.12892000945144907,0.5930404940292515,0.5697219496707825,-0.02331854435846924,0.4980841137164891
,,,,0.04852023723133701,-0.014117914009820518,0.060559502273117606,-0.011715096123372565,0.2410716543750791,0.08159446705998691,-0.15947718731509222,0.006495826554045409
,,,,0.07173014871032198,0.02151656265209572,0.0820636240584986,0.027326078636303396,0.36511640146767,0.15556321213455607,-0.20955318933311406,0.15570790621182834
,,,,0.10720817567970178,0.08048614284978314,0.10546016908020779,0.06640191811236351,0.5299352245233914,0.3629676674900154,-0.16696755703337596,0.35102106485308654
,,,,0.1197969005292278,0.10058902635556564,0.11324116917149492,0.08983726705176177,0.5612931305856418,0.47778667318513235,-0.08350645740050945,0.3495471509689363
,,,,0.14838917506498037,0.13138290856443632,0.16798710891479246,0.15237036013666796,0.7078456430965022,0.6221910707378585,-0.08565457235864384,0.14226980552958937
,,,,0.12759303510364947,0.12512520717196257,0.12889970441409193,0.12889166949112646,0.6127815370297488,0.5811211075097922,-0.031660429519956686,0.5084497222758062
,,,,0.07292686017997381,0.03324651825732341,0.07424883033924633,0.02731922345677243,0.34801156796076804,0.21914895336001253,-0.12886261460075543,0.34937519376112264
,,,,0.0551966243539804,0.019459289655338455,0.06836933423385393,0.02148001229239275,0.2730525765228484,0.13144643982907958,-0.14160613669376879,0.33904111033622
,,,,0.0939418019397646,0.06771475023110346,0.09570253566635294,0.06641108186271141,0.4691539687474758,0.3500788009090371,-0.11907516783843873,0.34975329399309774
,,,,0.09050363954231774,0.06482434873371126,0.09179595234887107,0.06639846595898376,0.463838933503568,0.36687087395678714,-0.09696805954678084,0.3007384272111275
,,,,0.13008663835370757,0.09892597188469614,0.13477863214597322,0.09763854132325833,0.6780707810649208,0.4954041906604049,-0.18266659040451622,0.06792062698727579
,,,,0.06984236691880545,0.04193749302376112,0.07226402689743919,0.027286689847839527,0.34483913186972437,0.2654893907495837,-0.07934974112014057,0.37990324857785424
,,,,0.06176537093067639,0.03654129351226032,0.06639037448169571,0.03511733116249743,0.3326311016286034,0.2588536186088792,-0.07377748301972416,0.3038770855213384
,,,,0.07545054574406503,0.05487787900929643,0.08983712452797114,0.05858747025662665,0.4342706097288783,0.3124389637281932,-0.12183164600068523,0.3733685618217782
,,,,0.08762648870894016,0.08410508701322987,0.08982373854088269,0.08201422085885393,0.4641344763225372,0.43508124114678776,-0.02905323517574948,0.5190913256163243
,,,,0.06804686161232254,0.05144653275517253,0.07617207448128907,0.05077285601531321,0.3992357867736878,0.33814892795216983,-0.06108685882151787,0.45938942661446835
,,,,0.07091426306783916,0.05708049118618162,0.08008587148277367,0.050766235875917526,0.4119835834549034,0.35019493346757236,-0.06178864998733095,0.4929138136799136
,,,,0.12195798256473353,0.10025201673328867,0.12109874732731844,0.09765518786927307,0.5944109140583202,0.501392466507412,-0.09301844755090799,0.46870960542560386
,,,,0.09836598781198676,0.09014897662179491,0.0976627778244518,0.0898446687555132,0.5039079914303445,0.4590108547738313,-0.04489713665651318,0.800548453253455
,,,,0.13794559807417367,0.10960200475684614,0.14452362388860754,0.12891381178156333,0.6416839808478483,0.5590612696428479,-0.08262271120500053,0.35641713771816197
,,,,0.07848766888121703,0.0364401183116254,0.08983714839227692,0.04298347633498844,0.4426535645540278,0.20923972930239373,-0.23341383525163412,0.25753713126489275
,,,,0.1111777917014799,0.10274118018369684,0.11327914603400349,0.09765531778800844,0.5636497640032644,0.48926838287239466,-0.07438138113086983,0.43908134907561175
,,,,0.10217555846762413,0.1058049530241328,0.10543024422426092,0.10545049876887044,0.5110439944670557,0.51731945781085,0.006275463343794428,0.6655728007636063
,,,,0.14716471200466325,0.15163068281331624,0.15235229936577527,0.16800120642885635,0.7281436956229855,0.7174455177225217,-0.010698177900463951,0.6968802998339605
,,,,0.047808572725976,0.008298780985345252,0.05080949757410328,0.003851624357125974,0.2453099296030319,0.15331349994000704,-0.09199642966302492,0.19965709459356354
,,,,0.06533254962755213,0.07274201558550478,0.08204464469407363,0.07421335896366589,0.44487593121970037,0.43224865428392745,-0.012627276935772855,0.6559817703746286
,,,,0.05354757665825107,0.008084265246605792,0.05861216981734999,0.0038881508231056283,0.28254744295077544,0.1564409003304415,-0.12610654262033394,0.07878141988209632
,,,,0.06727345941348334,0.028994167779667353,0.06640885964733399,0.011696278243495038,0.351393330640792,0.2639156318664434,-0.08747769877434855,0.1621697438618456
,,,,0.04944757062383383,0.03733252928134052,0.0585989403415734,0.03513527946749957,0.31783516215175683,0.282141518039936,-0.035693644111820945,0.49425038993462067
,,,,0.023554438190759582,0.008111074788172757,0.027348186047556032,0.0038879200325281716,0.1664965179105487,0.14288164998907585,-0.02361486792147287,0.39093288826144884
,,,,0.009345137331221939,-0.03406721509689194,0.01954509395688734,-0.027347523552160084,0.11736699999517232,0.05827583379052927,-0.05909116620464304,0.049232930811510055
,,,,0.034370517633675844,0.028089091689927754,0.03320778444253891,0.019535531723915516,0.21347132576488234,0.21293173298482843,-5.395927800539417E-4,0.40891491853636514
,,,,-0.0833790824665873,-0.055790449995327736,-0.035130506439251176,-0.03513142548106723,0.12197602982267901,0.11914810630609748,-0.0028279235165815,0.4243086342155672
,,,,0.0448711314505154,0.044885899540701206,0.05859534448251358,0.04295770090729834,0.29599725438473207,0.28266815973379167,-0.0133290946509404,0.5867458639675783
,,,,0.003309435480616061,0.0042502900586812355,0.011737691588829067,0.0038811672476790175,0.15486371632323961,0.17728102186479203,0.022417305541552433,0.5169150795920145
,,,,0.0266569356679975,0.050288154794939297,0.033207801145479,0.0507746957508269,0.24266708130180012,0.3294359508137295,0.0867688695119293,1.1662825512185273
,,,,0.048632658760152034,0.04586023485630051,0.05079332254093602,0.0351435217922682,0.2502015854870343,0.25261477163810814,0.0024131861510738907,0.5578353402169716
,,,,0.035017003115750296,0.042388543737489986,0.042985063607972,0.02733222184902025,0.2680310257400103,0.28385429394946887,0.015823268209458508,0.7699216260924895
,,,,0.021245007795968524,0.013671255055885836,0.03320748594702745,0.01955300308830392,0.09093434014835793,0.09255402924816455,0.0016196890998066032,0.5366183893940684
,,,,0.07459697685068126,0.10001405835628092,0.08985706289533363,0.1133309568679227,0.457323820004289,0.5575691044500258,0.10024528444573676,1.4149313737666367
,,,,0.04935553933212298,0.06592408294905605,0.05076709846279855,0.05854636830151287,0.3040955054724326,0.37478266007728117,0.07068715460484867,0.9520020809758616
,,,,0.0236768151950059,0.0320995710369848,0.027341897440353178,0.027352967246308653,0.16517242018009903,0.19508121019968347,0.029908790019584405,0.5579769838933567
,,,,0.01828715367743557,0.010818512132965407,0.0273625684628667,0.011733754601118748,0.15471456489131707,0.1356527404403687,-0.01906182445094841,0.40303861414683884
,,,,0.02385569952025127,0.01603050203920712,0.037118198020242306,0.025400067771739834,0.09842211052330321,0.10275829084691719,0.004336180323613957,0.6290779993038049
,,,,0.07819012626782296,0.09003655925765844,0.07224924951226998,0.08195002045844932,0.422228596692662,0.4641301870297202,0.04190159033705824,0.679864377509493
,,,,0.015502266724649268,0.02512576771097236,0.027353927206617393,0.03516680848413449,0.22161035960937953,0.24514164496257806,0.023531285353198372,0.7682043496103396
,,,,0.012578186724857134,0.022117963088067422,0.019547257407145788,0.027334461479436002,0.20896813886688137,0.22613995339339762,0.017171814526516286,0.6840535200064942
,,,,-0.027258310195276577,-0.0055531349967048,-0.011706107269069772,0.003903142754016071,0.18304799121604215,0.20833374789116915,0.025285756675126923,0.6563936766004923
,,,,-0.017878130577129937,0.018072667106920015,-0.011694391314049354,0.027343369663098353,0.16359257389319978,0.26944748709730776,0.10585491320410811,1.2280256273553833
,,,,-0.01876717425605889,0.007387367590953986,-0.003916132084586154,0.019537478200674297,0.139770123198053,0.23374389305557924,0.09397376985752626,1.1622642904956435
,,,,0.10071887404128933,0.09491613945203903,0.11327895126886277,0.10545492483524933,0.5332867617565807,0.5067911159424056,-0.02649564581417511,0.5494787201335145
,,,,0.12947668841638557,0.12670973361985027,0.15238600436794378,0.1367348634517149,0.6921894022781265,0.6630483962938657,-0.029141005984261045,0.7103640006193482
,,,,-0.019065322760640102,-0.015322506652712786,-0.01758143268326153,-0.01171220759189344,0.08510209512213296,0.07163584697478853,-0.013466248147344418,0.2234402602259497
,,,,0.011096287486857382,0.01744964131134072,0.0038705524890763746,0.01951952756052526,0.23087905073790546,0.22090537602198237,-0.009973674715923137,0.3562064665481574
,,,,0.05812286863933147,0.06830519614262093,0.08984315985278586,0.07420585049889068,0.4779682445533142,0.4526182043135837,-0.02535004023973065,0.244388754653008
,,,,0.039292597732104875,0.046393998159318287,0.07422403642580551,0.050776479288745166,0.4359663587017177,0.38008755062965505,-0.05587880807206261,0.22437219549212814
,,,,-0.06660493387285024,-0.05207922925399959,-0.050782259771745566,-0.04295310182381489,0.05881237905283277,0.047291953581931695,-0.011520425470901074,0.09681294751847157
,,,,-0.07169443963340912,-0.05304976180683536,-0.050771652285792224,-0.04293973568190687,0.11407504336250747,0.09197804545868779,-0.02209699790381964,0.14233363841575736
,,,,-0.03311899705596861,-0.016783686746731225,-0.02735326066269455,-0.01169319588232793,0.15893680871451357,0.12387567586960518,-0.03506113284490839,0.12303136967962147
,,,,-0.05793651072625287,-0.027825813989683854,-0.058598923642045164,-0.019524571368312888,0.07695070816001498,0.06487083290355633,-0.012079875256458646,0.13744947709612265
,,,,-0.0488148499680747,-0.035166814691889564,-0.042952461833450584,-0.02732877451608463,0.0466607908088796,0.036594410664687736,-0.010066380144191861,0.13479096316797184
,,,,-0.04102972096107223,-0.023623847426480445,-0.042957884734578185,-0.019521423454774305,0.10292490171899768,0.07400132995667401,-0.02892357176232367,0.07797968649225306
,,,,-0.012125054235218584,0.011205230902434334,-0.019550199603803508,0.011697601612991894,0.20010151308768798,0.1655456047953069,-0.03455590829238113,0.18823473217073283
,,,,-0.01688057517348088,-0.011473262857261027,-0.013663358396559156,-0.0039317279528519045,0.09653258482995028,0.08462996387366352,-0.011902620956286785,0.3219412631080426
,,,,-0.03424613722715175,-0.021574414235174023,-0.027332983977957297,-0.01170995329582671,0.06544756096677981,0.05356733507174483,-0.011880225895034945,0.16172541309873084
,,,,-0.04423513425534131,-0.035772464485409584,-0.04297986451386658,-0.03513576035908591,0.08884132815028113,0.060309427071933874,-0.02853190107834728,0.07045690465800374
,,,,-0.0505611972775268,-0.030521809745377798,-0.0507673335010191,-0.027322505566450373,0.06705511283039838,0.052045274946544956,-0.015009837883853419,0.12174289118482298
,,,,0.026255762876893143,0.03801099467879368,0.05081572669891218,0.05079314111212608,0.31778097400646965,0.31067429504789856,-0.007106678958571062,0.6038947427767759
,,,,0.034512207664864694,0.056843449777415574,0.07228181830272516,0.08992586141745766,0.366307177640667,0.44456876183977867,0.07826158419911163,1.217108020529626
,,,,0.04112954467442235,0.05038462287929426,0.07425220166508971,0.07425266638715061,0.38736994533059044,0.38801175987780134,6.418145472108624E-4,0.605658630390277
,,,,-0.01688878418989668,-0.016936894246283474,-0.01952762330827171,-0.01952386110873507,0.15257600659435258,0.14057129255021683,-0.012004714044135707,0.24857201157873599
,,,,-0.07048824711009032,-0.056513768220867164,-0.06639129570685286,-0.05076360265556503,0.01972161431311359,0.02042540456131312,7.03790248199531E-4,0.1147994035799119
,,,,-0.068134364647456,-0.04630904554782505,-0.06640475110856942,-0.04295618490567201,0.03247757725603279,0.022362923262776304,-0.0101146539932565,0.09677633632029999
,,,,-0.052471046800768924,-0.02592698331054614,-0.0507786324425364,-0.019512824400842548,0.03298537320168022,0.026125705114630377,-0.006859668087049847,0.14704988484980983
,,,,-0.07042126666892323,-0.06163540883443715,-0.06640438952853615,-0.058588559201211414,0.02402892791927227,0.020788315505898058,-0.0032406124133742176,0.10568912847925274
,,,,-0.011841984306219118,-0.023668101924684267,-0.011701463894664208,-0.02733871930730925,0.11224828466858207,0.08291945679992474,-0.029328827868657315,0.18824683642559742
,,,,-0.03456970594535557,-0.05703732434154068,-0.027335749717838337,-0.05077937897147855,0.04245401168895325,0.03210695451157809,-0.010347057177375173,0.13779342591503144
,,,,-0.03959275541044511,-0.0621548771744923,-0.03514280865788358,-0.05858002310853834,0.01961312644997151,0.013318965617053513,-0.0062941608329179985,0.0789634283696206
,,,,-0.01886822057462834,-0.03772975735792332,-0.013669436986206953,-0.04297473038033594,0.1146066041710601,0.09617431785465581,-0.018432286316404325,0.1928772051674963
,,,,-0.005990103948837354,-0.03381449387704564,0.0019031544598688173,-0.03515710457677351,0.11926289564839401,0.06710995138967038,-0.052152944258723584,0.15521008692511554
,,,,0.0444263412391263,-0.022590425138201458,0.060559211582165415,-0.019522762838403193,0.2873200404272561,0.03673066515602107,-0.2505893752712349,-0.12948066438663203
,,,,0.02981707523594876,-0.032364650684276845,0.04492567316299643,-0.029287185364438004,0.2022333261388039,0.030230083037289513,-0.17200324310151446,-0.07748925396570569
,,,,0.012185013675645243,-0.015654175316083735,0.021487871131484846,-0.01953223782101484,0.14838918429409126,0.10058261951395997,-0.04780656478013131,0.2232858155422559
,,,,-0.007669614347662607,-0.030161423381284455,0.0019026128234553403,-0.035166212334211445,0.10101531008616776,0.10510350716136005,0.004088197075192281,0.3905412426100055
,,,,-0.018989430610483807,-0.03624186889283901,-0.011674983783110885,-0.035135401946361625,0.05905236235975984,0.04660542811255439,-0.012446934247205452,0.21926067439547675
,,,,0.04425398026544751,0.040555974272292745,0.044924373587747514,0.03710100650448239,0.29674186168508687,0.31325133307171743,0.016509471386630427,0.7359145509345302
,,,,0.0686514992061962,0.06329479808784798,0.08399041916946577,0.07423377172619107,0.4469224904595922,0.4235848625006781,-0.023337627958913917,0.6870152027755887
,,,,0.07244495955248702,0.08421454022077018,0.0820390127577796,0.0976729892986058,0.44438233232212704,0.496342650193353,0.05196031787122584,1.1265698083021047
,,,,-0.014390782615115056,-0.014588622886933455,-0.013673432657932784,-0.021484010405536772,0.1075700367074135,0.15243431509128266,0.04486427838386912,0.606634212045399
,,,,0.02391717027073795,0.023580447228982834,0.03517628398049173,0.02736340990668499,0.242691982094292,0.20407391557841742,-0.03861806651587457,0.47784255513282575
,,,,-0.022459724321332794,-0.0357657739656331,-0.02733666904650625,-0.04296737908089855,0.10044497217541264,0.09537262917993627,-0.005072342995476374,0.1975974580346061
,,,,-6.40064705649453E-4,-0.015306425859448407,-0.003954399765456175,-0.019530845852880858,0.21431184957604343,0.1715981258801306,-0.04271372369591283,0.14799307692459757
,,,,0.014254127471605853,0.014505234177090381,0.01952398883933055,0.0038403907274589992,0.18266423729734682,0.21667732779261123,0.03401309049526441,0.7132641510460969
,,,,0.03932095306173691,0.02327921323640835,0.06054925104141533,0.04299200708797292,0.34210082934214225,0.31266605882015697,-0.029434770521985208,0.5163663403167066
,,,,0.01706604513490055,0.008787774874478313,0.02735864726774579,0.011703444499226926,0.27282070669363906,0.23775779779009013,-0.03506290890354899,0.3061446859758707
,,,,0.03532141522275878,0.031150739598943007,0.05864161336640188,0.05083094424639968,0.3166745470590359,0.2678041073150401,-0.04887043974399569,0.30191163535565346
,,,,-0.031883791320469014,-0.04676024501183222,-0.027345585775678683,-0.05077130824079535,0.1006163350685122,0.11151173477383834,0.010895399705326079,0.39112079843744535
,,,,-0.02422797046829261,-0.0309106197497497,-0.01952082950858237,-0.035152805498237044,0.11693128515434968,0.15714462584890912,0.040213340694559396,0.5861490350451803
,,,,-0.02203299588268956,-0.03751996164702003,-0.011707614965667914,-0.035148691915507554,0.039436875003503596,0.04185905297195251,0.0024221779684489007,0.2043843700407893
,,,,-0.027072622029037128,-0.03398015118755541,-0.011705193869209249,-0.027316001762721163,0.026786257555942366,0.03819451923527101,0.011408261679328641,0.28688561203075863
,,,,-0.010759766462089896,-0.043059877638665825,0.0038797336868370575,-0.035147453590961115,0.032627501862258074,0.029370018687713818,-0.0032574831745442586,0.19342085564477
,,,,0.011132004300456114,0.0036861629385208207,0.019548746953980276,0.0038819670955414776,0.16163265227558649,0.18067662443466154,0.019043972159075058,0.658767579719982
,,,,0.020848653893973983,0.03532118493290434,0.02735699959713661,0.058605026691565504,0.25303890445249744,0.3844333607285663,0.13139445627606905,1.5400199170849067
,,,,0.023752348893329903,0.014467341074843479,0.019502464398299325,0.0038140729363906347,0.27696563412798436,0.3179328756420843,0.04096724151410006,0.6948330801587645
,,,,-0.004208873310973317,-0.010727908627946094,-0.003986773606563067,-0.027351965734824697,0.18758382190530437,0.22935655946688083,0.04177273756157659,0.6338998066733568
,,,,-0.0070934025737164,-0.023055703693606756,-0.0058636655296149505,-0.027346412479154685,0.16618122672310306,0.1905054623773427,0.02432423565423972,0.493635870618541
,,,,0.029833985287092666,0.012503854864462174,0.04491581498034875,0.019510773992808757,0.25667641574400013,0.23813252891590347,-0.018543886828096674,0.45438626322907083
,,,,0.024856730818623343,0.010276368631485545,0.029293717468360347,0.003843307294944842,0.2812278355419592,0.27126777532830165,-0.009960060213657565,0.3936834355325444
,,,,0.005582149369386013,-0.0010993358255488364,0.013672253188981394,-0.003936301280796492,0.1947331242106162,0.19051719153631178,-0.0042159326743044555,0.40683106871934843
,,,,-0.00793164871078989,-0.028364621983654817,-0.005861673129196502,-0.02734549796176683,0.15647340633820467,0.12806936532782043,-0.028404041010384223,0.21445527025295194
,,,,0.07922168245293035,0.08181780100266314,0.09962725669498741,0.11335355378676773,0.5056599130676054,0.5441189874506225,0.03845907438301719,0.9300789914068681
,,,,0.07423106976413686,0.061389218933985426,0.09571986535371266,0.08990037235082705,0.47522466793379864,0.4542381655008739,-0.020986502432924728,0.5792873490184484
,,,,0.017178304075731482,0.009750589533383754,0.050824212082347615,0.027336938598196088,0.31998225792205004,0.2825279583767548,-0.037454299545295264,0.2940526184802137
,,,,0.09802700028092355,0.08442817448950862,0.11332995360602514,0.10550025457357584,0.5915444145234434,0.5197285748364522,-0.07181583968699141,0.35043783551349483
,,,,-0.005247733823936076,-0.006924858813222567,0.0018819857254205245,-0.0039814125543394165,0.18983675188510485,0.22934660199856763,0.039509850113462815,0.67680195199715
,,,,-0.040122256701239666,-0.04519136464152852,-0.041020792025389205,-0.042945072861228464,0.1063877075685829,0.11595818339587144,0.009570475827288538,0.33014624133015863
,,,,0.030105504660655157,0.00890760857293071,0.05274147608974234,0.019517973702022923,0.3057830047364952,0.2783746506620707,-0.02740835407442458,0.3728685266816502
,,,,0.030259170458067055,0.029532666437956982,0.05863546974790854,0.05862849960838781,0.34323866109716294,0.3741537634779618,0.030915102380798937,0.8068752338675056
,,,,0.07062859290953755,0.05582479031533212,0.08790510213148385,0.07617808604420977,0.4286645104074043,0.3871222079472031,-0.04154230246020113,0.523236559895901
,,,,0.07119704991192648,0.05641268842017118,0.08790225595325724,0.07423861055336312,0.4426623697148393,0.41138386692618956,-0.03127850278864943,0.6316036098558573
,,,,0.08066543862143609,0.07670804748019455,0.10352214798094227,0.10551715582085978,0.5136626414260317,0.5259667192968231,0.012304077870791378,0.8124094683304895
,,,,0.006037775628876207,-0.007801276530680259,0.01170695386233121,-0.0039356348685642304,0.2082156611681097,0.12453277816310307,-0.08368288300500662,0.10133564623504436
,,,,0.011989408982760814,0.012413141942525654,0.019509151417834047,0.01953291163886487,0.2921523288515519,0.1936051122624437,-0.09854721658910814,0.1402008872377183
,,,,0.03241070297321722,0.005745326173583536,0.04299357668833595,0.011728783863580013,0.27859106997868194,0.1535835845994052,-0.12500748537927667,0.08247869905253503
,,,,0.026489448814864685,-0.01669156932133692,0.0351790090527835,-0.011708600261947505,0.19423146939089533,0.08356388687679046,-0.11066758251410479,0.07856619230187868
,,,,-0.034823705487666674,-0.03624269552239289,-0.029293131233728925,-0.027337858218146445,0.05709973517709071,0.02846499699755995,-0.028634738179530765,0.10399200147303486
,,,,0.033865176120162,-0.013567218647598127,0.042979024692460704,-0.011688081816303587,0.2440527218694816,0.07753945001398438,-0.16651327185549733,-0.03504300371674698
,,,,0.04356784466750089,-0.0063227767384659034,0.05665270869530413,-0.001980712325395385,0.2855179643279997,0.05979141661173577,-0.22572654771626388,-0.05637441273161457
,,,,0.12482987028617208,0.08999673077274956,0.1269490526729111,0.09766583563529461,0.6787542419309526,0.4743733748453438,-0.20438086708560863,0.2798521081699769
,,,,0.09093648982465732,0.04617146657713495,0.09766725202439507,0.05075671195220681,0.498303001196309,0.2799098780488471,-0.21839312314746198,0.29774285907036135
,,,,0.06721239978440968,-0.002738570586589337,0.08205800420418338,-0.003930298218894483,0.33898526700364573,0.08035052317039333,-0.2586347438332523,-0.06453442110848252
,,,,0.08598570208265413,0.01877467060540685,0.09770176900993241,0.01167847911177923,0.48546989116442457,0.13981395666621083,-0.3456559344982139,-0.1488648537879193
,,,,0.07005166260531005,0.0018688145639865067,0.08790851025914698,-0.001966161542732541,0.40513332129980073,0.09861758936920458,-0.3065157319305961,-0.13589401915006094
,,,,0.07729759917127478,0.004448514487107441,0.08990273283383594,0.0038903306059584054,0.4367294669468283,0.07689920035821059,-0.3598302665886176,-0.2282154815085068
,,,,0.06888250402189917,0.01806580079888088,0.0761739539742029,0.011677334709109512,0.35462656206847565,0.18571076441229742,-0.1689157976561783,0.04506923245538301
,,,,0.050644389849510835,0.014081496472334937,0.0722788106908911,0.0019382362234192287,0.3120380607370891,0.15823640610475595,-0.1538016546323331,0.37203266145209746
,,,,0.08305203056694317,-0.002995069396325237,0.09773031097472125,-0.003951100417205414,0.5055241246233223,0.057832485801506524,-0.4476916388218157,-0.35045234613912435
,,,,0.07184130312005371,0.002215734920599461,0.08990618390970931,0.003900441189833509,0.3964178303159058,0.07853791222449036,-0.31787991809141547,-0.2140632741470065
,,,,0.05008611779325727,-0.005427531258419274,0.06446055533651872,-0.0039404627939045025,0.2864424281314284,0.1259636855153479,-0.16047874261608044,0.034553027743220985
,,,,0.045254380650462035,0.008002888672915646,0.05861313397726384,0.003879386576582817,0.2878311313640398,0.19702946733430052,-0.09080166402973913,0.1800622914732652
,,,,0.0331111827991022,-0.004689341258436555,0.04102593477647019,-0.003924201245980373,0.190415743943374,0.10499287028756529,-0.0854228736558087,0.09595118550027365
,,,,0.04363836259212858,-0.023143508271657794,0.05864616151626725,-0.025385342539288508,0.2741043278534087,0.07779671969473197,-0.19630760815867662,-0.10564717249728822
,,,,0.04426955793586895,0.011582661546646769,0.050803365417749595,0.00977537065108367,0.24806514875831884,0.1311961339727453,-0.11686901478557357,0.11296771803068344
,,,,0.0555798386116219,0.026780691844655927,0.06445188708356756,0.01951379480654207,0.3450111677368124,0.26054607052307854,-0.08446509721373388,0.3762305772560622
,,,,0.08126777872667634,0.05492841931154405,0.08201961958702061,0.05076107666422753,0.42984086481665557,0.3292635788126019,-0.1005772860040535,0.1001793946307274
,,,,0.010180283765885314,0.011054792039075185,0.03519527370335118,0.0038704043126896537,0.25229249208900245,0.16839113521642693,-0.08390135687257551,0.09328500393300869
,,,,0.032636710182081606,-0.003631921990502509,0.03518790900922389,-0.019537404632941676,0.2516384118651539,0.1736993577416724,-0.0779390541234816,0.012848683338968067
,,,,0.013034509334083103,0.016781968735644907,0.03521124634399243,0.011710403465049044,0.25931906054664283,0.17626282724031392,-0.08305623330632901,0.05249954464608062
,,,,0.09132963840151406,0.036001472695448615,0.08984181968520726,0.019505543757399175,0.4360831119772802,0.26768444590078094,-0.1683986660764994,-0.05455778485183482
,,,,0.05791604845460368,0.027486176797243536,0.06446131787286709,0.01949403875685672,0.2960453769647844,0.2198214344160734,-0.076223942548711,0.4836291426234136
,,,,0.06014208532181856,0.02739560109960519,0.07227453899460622,0.025391561040324223,0.30656191002821803,0.21215324638697505,-0.09440866364124306,0.49865939506541945
,,,,0.09143102832898407,0.04095000388648288,0.08984010809756549,0.027321614974406896,0.4617380908441876,0.3024945915292705,-0.1592434993149169,-0.056057360788061554
,,,,-0.03776850201474627,-0.06542674966282602,-0.0273278608358941,-0.06054270794032024,0.0466729036165484,0.009148019247577821,-0.03752488436897057,-0.004665913765419399
,,,,-4.00165842009002E-4,-0.025654848940903058,0.011751063035467293,-0.027348893455984957,0.1787943209102059,0.12542330031021504,-0.05337102059999079,0.091331150221584
,,,,0.053969204095591035,0.032095692458097444,0.05860303592748222,0.019511987410456583,0.33129114365791335,0.2679107275981985,-0.06338041605971445,0.3042671841100028
,,,,0.009339505032505076,-0.017730314973074784,0.017590217126957512,-0.02734483594995403,0.19422982168763597,0.11654217654774071,-0.07768764513989525,0.0775835289463
,,,,0.09725421017053636,0.09839295805193156,0.10550089575301275,0.11331714868232529,0.5310891239859603,0.547544787906759,0.0164556639207985,0.9235363043434606
,,,,0.07715296772139837,0.09311137953793087,0.08987221976585665,0.11333736018070602,0.4434009435413861,0.5467403469429153,0.10333940340152929,1.7223557781674699
,,,,0.03666207958882505,0.039524099853879675,0.04296739811570645,0.0429593240161075,0.29503197546030147,0.3011849857506448,0.006153010290343312,0.7716339324907165
,,,,0.10997096464927443,0.09493187152284487,0.12304738248976058,0.10548165639909769,0.5911284796826693,0.5089891779111285,-0.08213930177154086,0.3482342427106435
,,,,0.06926559061414457,0.04008545241871797,0.0820564066977951,0.05079144182798859,0.4366462268782118,0.3223703931404462,-0.11427583373776548,0.24992675344296397
,,,,0.09782288870128747,0.07294475881324115,0.10548152178258885,0.08203382505695647,0.5369714420996937,0.4225437443838341,-0.11442769771585966,0.3146495658875909
,,,,0.06499088481311625,0.058487747810521906,0.0742375959218846,0.06641267287928945,0.3782224034369718,0.39509189364023745,0.01686949020326555,1.0719271939233594
,,,,0.056102602507043645,0.0404397625993451,0.06836141431092443,0.04297045283638232,0.36809617764075303,0.2994686881647644,-0.06862748947598876,0.5675682978572156
,,,,-0.011982506129492674,-0.01501917785189243,0.00586864536437517,-0.003925528589911117,0.07486317247102695,0.055913594116921504,-0.01894957835410544,0.16064790430072498
,,,,0.02602954314327821,0.025692947107203403,0.033201375664796716,0.011704449839955661,0.31438718351566597,0.29967862526435196,-0.014708558251314119,0.22899552787642163
,,,,-0.04966447150515896,-0.04112767581088197,-0.04884043851447087,-0.0371026754015292,0.06198058395644362,0.03729636533362347,-0.024684218622820144,0.11467229956147938
,,,,-0.008558373825949907,-0.01750152686052767,0.01957183164440329,-0.011711421716410094,0.1891609187005092,0.12726042130674176,-0.06190049739376746,0.25380207301736435
,,,,-0.030607098037963756,-0.030699863139779297,-0.027338086078452218,-0.019529130009439663,0.12289730232953937,0.0213133340950002,-0.10158396823453919,-0.0181176858343348
,,,,0.07681667061087427,0.07227997446216078,0.1035191988357554,0.08202857209632929,0.513096269555542,0.46169907355218565,-0.05139719600335622,0.20657659750288057
,,,,-0.03676895730491397,0.0057822725503610265,-0.04296589049047645,-0.003937333686669097,0.1904255800537446,0.1648437925420513,-0.025581787511693283,0.1564774533030514
,,,,0.03069330176973545,0.019591075409451316,0.05081165299611212,0.019511481670680297,0.2962086286804886,0.2347648806662483,-0.06144374801424031,0.2768694991244345
,,,,-0.040192354843804824,-0.01881264669496203,-0.05275243427644585,-0.011691971024155588,0.09988289521484106,0.03815432818636961,-0.06172856702847143,0.10880276462858925
,,,,-0.047182299691080905,-0.008539130831638004,-0.06646802161367207,-0.003910206119687933,0.11792208952873735,0.03683189688355691,-0.0810901926451804,0.03175675844530889
,,,,-0.01360522246327185,-0.017805520085430807,-0.0136686671070933,-0.011692808749552717,0.13074679511862428,0.05001626944402897,-0.08073052567459532,0.0512870738099886
,,,,0.011753270051961124,-0.022923901395187057,0.011733404142527614,-0.027323741806378744,0.2059792690378345,0.11327954834115576,-0.09269972069667874,0.005709060288076073
,,,,-0.010097931653154757,-0.026462659473584064,-0.003946977784925066,-0.027328783744322818,0.1628334663740821,0.12371073560413563,-0.03912273076994647,0.17181861937998583
,,,,-0.03451723834323205,-0.02755193899207083,-0.03711556863806475,-0.02929218642708429,0.06317211969205577,0.055698875990634784,-0.007473243701420994,0.22631238742910767
,,,,0.060158803096832955,0.04603952471801381,0.058592049865350604,0.042947639640779495,0.34119618259381984,0.2896171570568371,-0.05157902553698279,0.3428424743172987
,,,,0.07940625551771376,0.0716936668094482,0.08201638199166301,0.06637656373002797,0.430569812735161,0.39804940782691994,-0.032520404908240985,0.4984968258381107
,,,,0.023108308533837142,0.02757328802170851,0.04299981997401595,0.03516587639866704,0.2666440502731076,0.2324861355590326,-0.034157914714075005,0.49425445050141825
,,,,0.04877847462162263,0.04685827432851679,0.05078442599256965,0.042966315453633164,0.3196625774520286,0.30298185036188807,-0.016680727090140436,0.5426433259045013
,,,,0.019546262349093343,0.021660219195419383,0.0429850397428912,0.027347552842938078,0.2684259195485725,0.23092135641437145,-0.03750456313420102,0.38681945537044404
,,,,0.0679979594259829,0.05505901758096503,0.06640735845759828,0.04295228936463896,0.383354715034319,0.35105780964067396,-0.03229690539364521,0.46562319275284464
,,,,-0.01724514527378095,-0.02860472457113186,-0.0039135207300195676,-0.02734262788642429,0.11801462498273654,0.10387472847297265,-0.014139896509763914,0.3458082478258315
,,,,-0.049566160908418755,-0.07825986832763857,-0.05075796837967179,-0.089866919430315,0.07968852849836613,0.06217071673525479,-0.017517811763111325,0.13266100827916008
,,,,-0.03653101886371757,-0.07274655151276965,-0.01950578713919049,-0.08204992245458959,0.09018152143885401,0.05912905209548357,-0.031052469343370418,0.12143017932341606
,,,,-0.06020911622875263,-0.10363117194925081,-0.05663486789179101,-0.11328308397185358,0.03985724718691546,0.036522138672245574,-0.003335108514669887,0.0620503981483652
,,,,-0.03634795844870304,-0.05855234700679285,-0.042964501987473175,-0.07422373639654747,0.13025405163743028,0.13613871070001657,0.005884659062586215,0.3292750914393299
,,,,0.012123945618141225,0.012281606072640047,0.019539886690123014,0.011698684444289712,0.24888322942879243,0.26189307107463466,0.013009841645842011,0.52840805549465
,,,,-0.04322912300694483,-0.05676749461469768,-0.04295553352108857,-0.06641775933887249,0.10365260907167603,0.09274577484359912,-0.010906834228076912,0.233222154709906
,,,,0.0554846230492351,0.05033560117519207,0.07423876677086438,0.06643142323502106,0.3976872558628979,0.3763856237788094,-0.021301632084088345,0.6382022782321054
,,,,-0.025634818789374677,-0.044218398099554045,-0.03515348357908095,-0.06642814085747635,0.14974742736081095,0.18001278354324798,0.030265356182437,0.4906419616677506
,,,,-0.031359379358651754,-0.044396226534103835,-0.03516143231632197,-0.0507738199195984,0.08196178353704643,0.0676189966513739,-0.014342786885672533,0.13638426136876905
,,,,0.034640684949296105,0.03355116988312385,0.027323585112836044,0.02732785807402705,0.2984567016432886,0.3501857210553946,0.05172901941210605,0.8196401872169594
,,,,-0.009728870005482778,-0.023568305028056114,-0.003943623252118261,-0.027333630006989764,0.10728291472929204,0.09369778692256397,-0.01358512780672809,0.35729792148945416
,,,,-0.02588863069975685,-0.039604800013199604,-0.021470982280695446,-0.0449167680803102,0.11368225627727549,0.08701140061394921,-0.02667085566332627,0.13978139422596994
,,,,0.04148312775222569,0.057304723796123586,0.0742628299189619,0.08207205525636825,0.3681065998942111,0.42579614576818003,0.05768954587396889,1.114780717098568
,,,,-0.02066351887470286,-0.008377888319500199,0.01957467798649163,0.027381593361668025,0.23372640222343743,0.2827771655522952,0.04905076332885783,0.8580534100632198
,,,,0.056040838586036326,0.06700723843389413,0.07425021863397681,0.08987116577900775,0.4074558906020355,0.4394535475028401,0.03199765690080464,0.894350398550763
,,,,0.04039715497683323,0.060928008746204375,0.058593907754188414,0.0820468405648877,0.37780643830682187,0.44057538659750695,0.06276894829068486,1.0030469383711706
,,,,0.012458420369468532,0.0309408968440327,0.01171739247325363,0.03514717079197956,0.1989219070376407,0.25918824449772215,0.060266337460081434,0.8719314413028573
,,,,0.036103320522075245,0.04119625063790086,0.05079771005943849,0.05862708956094596,0.3169860288380625,0.32407665734984653,0.007090628511784127,0.6962546905435476
,,,,-0.010098798691470531,-0.00841497804085325,-0.003933247962857531,0.0038895066196399193,0.24322970164117985,0.26820349231012913,0.024973790668949378,0.5900673485946799
,,,,0.04374637350062054,0.033921573968673985,0.050795765292783075,0.03515509588931503,0.28913664230582015,0.26235314012667527,-0.026783502179144922,0.5145278673891489
,,,,0.06874809851948303,0.053694369029704064,0.08399384808088496,0.06642881653271487,0.4267045465117434,0.37494377829298936,-0.05176076821875413,0.455976612803883
,,,,0.06394075096396677,0.05419551223462627,0.0722723555508851,0.0664294668838051,0.3767800780976018,0.3811746066904649,0.004394528592863134,0.876113910185394
,,,,0.11773310116190634,0.10656611938702246,0.13086285372191492,0.12112326514578943,0.6259791062421115,0.5894509151747325,-0.036528191067379215,0.5346456033672803
,,,,0.014247826193677935,8.800101107918208E-4,0.02737870529508487,0.0038658221596925067,0.1795228569021747,0.16020698203503544,-0.01931587486713934,0.5137429285914196
,,,,0.07452313040454406,0.05636606275610691,0.08986378758560627,0.074231058798486,0.45781093784403687,0.3983765951377275,-0.05943434270630962,0.4146375720002208
,,,,0.07106027458629094,0.07026820086961147,0.0800806058703995,0.08206495795302261,0.3949709977753598,0.44830673951574135,0.05333574174038161,1.1471316732268082
,,,,0.07116435712118954,0.050419058643176785,0.08398866257895239,0.05664698097621791,0.4129495778314654,0.3526638068356009,-0.06028577099586455,0.7648795327169734
,,,,0.017792594548253785,0.010040648048122316,0.03518355265123279,0.01172022097809018,0.20138878338320088,0.2173920695541592,0.016003286170958385,0.7762907800817044
,,,,0.05198819366881141,0.053006304699901696,0.056648867229969084,0.0586009596279146,0.30413939564400644,0.3433906835174941,0.0392512878734877,1.0238570931150501
,,,,0.024636334927696703,0.05594180468985362,0.03320388004434328,0.07425181590820798,0.24469084381447287,0.3952119970719275,0.15052115325745463,1.748575775896051
,,,,0.034099447336156635,0.054209944695373845,0.05077802696678547,0.06641021805022686,0.267593386578793,0.34970557267486885,0.08211218609607597,1.363368197432274
,,,,0.06868509676616687,0.08314280559374485,0.08789816585711815,0.10622629041695998,0.4466615261929228,0.5260677815915389,0.07940625539861591,1.261374290148246
,,,,0.1055618310295777,0.10200873160557304,0.11914873195134922,0.11331434453322155,0.5703692264749974,0.5726478122369101,0.0022785857619126324,0.7862438126189187
,,,,0.050190402776925616,0.056970556800978296,0.06640267705860342,0.07423898727639147,0.3688679534647482,0.4189724465989162,0.05010449313416788,1.0639900453596278
,,,,0.05989557061046243,0.06990403415018161,0.08204592788725612,0.08986892340571342,0.43207658422754636,0.4551317634337943,0.023055179206248066,0.873521512399526
,,,,0.06360083818826062,0.044302802886760716,0.07227423938553941,0.05075482493873383,0.34857776779608535,0.29575938651162026,-0.05281838128446509,0.5605047856122312
,,,,0.02894350989856968,0.032328592055001916,0.04300765724251677,0.042992908873918635,0.21507261654307108,0.22226308185049581,0.0071904653074247446,0.8426519009297112
,,,,0.041277298158076625,0.030570324811225947,0.05080953745589418,0.035160797065017506,0.23479603864182677,0.22229452737522204,-0.012501511266604655,0.7297862707586215
,,,,0.02927563382242008,0.05749191440036687,0.03517172764391373,0.06640643675702095,0.25033767719242295,0.3502256641505243,0.09988798695810132,1.3710364682940372
,,,,0.015050531281477708,0.03961889333807714,0.019529241333666188,0.042966677320217216,0.20549013472168007,0.273702205784241,0.0682120710625609,1.1023810969563232
,,,,0.018140787360995624,0.030495153239881726,0.027362503614271273,0.0508145248408643,0.19304512536629015,0.26783170393352745,0.07478657856723726,1.1968424389114534
,,,,0.07173612361324255,0.057563016635302555,0.08204882377186888,0.06641835549934179,0.41373141133796765,0.35356830754854573,-0.06016310378942201,0.7799800352056255
,,,,0.036514401101460196,0.036432747313505015,0.04297880513758446,0.05080709885598879,0.24468785625809739,0.2729310591835721,0.028243202925474633,0.9232997540065139
,,,,0.026355798808342833,0.016954445694184136,0.03517386930939963,0.03518784193915181,0.21278192452015718,0.21092191500197272,-0.0018600095181844434,0.7185765992545373
,,,,-0.022224726251137278,-0.009806688545992122,-0.011701416791344626,-0.003924528094524181,0.12214474631792827,0.1552639155197721,0.033119169201843796,0.6677340140800526
,,,,-0.06121878182870488,-0.0548780386939255,-0.0742347130777823,-0.06641778748023039,0.10637856976179684,0.1315016203105162,0.025123050548719418,0.4870150624923498
,,,,-0.033317871681997555,-0.03593950698065656,-0.019512569471025115,-0.027342345725085294,0.1517340838356074,0.16947094911546437,0.017736865279856975,0.6264342916321963
,,,,-0.019624006691516815,-0.007762274946377876,-0.011710368124200276,-0.003934489541534785,0.25446075815220254,0.3313923550145646,0.07693159686236202,0.987863257606191
,,,,-0.020471628250030162,-0.008647290388752444,-0.035184482138907326,-0.01954587897439731,0.21432502541959217,0.26627704005388064,0.05195201463428844,0.7172198535522554
,,,,-0.06451464640114032,-0.06595725439416027,-0.07425040649084587,-0.089883128379205,0.1284735356477157,0.13122504278135277,0.002751507133637107,0.4812565704864577
,,,,0.08862216018436059,0.04850682236704937,0.09765710895645854,0.042945428283031606,0.473536233657744,0.29702043262387223,-0.17651580103387168,0.18030064322934497
,,,,0.11804258314030165,0.0657741477941412,0.12890293454725046,0.05074930045055503,0.6066366782999243,0.37180618938992066,-0.2348304889100037,0.024366856141127432
,,,,0.05279199413329821,0.02989867039344257,0.05861621302435454,0.02733556729287399,0.300891436228764,0.22460997611059771,-0.07628146011816635,0.23013356397552207
,,,,0.0528191525800138,0.03366020723119596,0.060553551837119746,0.03711585086386705,0.3070591735577703,0.23632510342072569,-0.07073407013704466,0.3678113532658529
,,,,0.07053356184265899,0.037833024662813144,0.08204527171762199,0.03710807051813097,0.3744434412309974,0.22747440661825688,-0.14696903461274055,0.12710493351413835
,,,,0.0978802206339271,0.06258487453315598,0.10742340400322722,0.060527024071455424,0.5464480673903962,0.3010703277687748,-0.24537773962162135,0.30137436993127165
,,,,0.0680116704939851,0.03050296900736296,0.08009693027031606,0.03517996910115538,0.40468423134642595,0.23366267824832843,-0.17102155309809736,0.18349163906296792
,,,,0.10837216453112644,0.062453784148746895,0.11327614705745871,0.05075575311515292,0.5678356077516553,0.2953896606014275,-0.27244594715022774,0.0384607298759238
,,,,0.10945317392449903,0.08478608634284618,0.12890326338300967,0.10547459862185976,0.600990107614892,0.5044152893576929,-0.09657481825719919,0.20606228163289966
,,,,0.07493268468595728,0.03218946494236091,0.08789115446852229,0.03514380947007731,0.4176310109845737,0.18862048784221191,-0.22901052314236187,0.11238610787869592
,,,,0.09435508138018153,0.039691831494662724,0.10546496192497878,0.042938445518777624,0.5248321271908298,0.17360593672814326,-0.35122619046268666,-0.009675185920418996
,,,,0.0706222835275985,0.033798413674056386,0.07423115780676086,0.02732818322504482,0.35560745420823603,0.2176289370185808,-0.13797851718965518,0.2149562600927188
,,,,-0.02990607699235826,-0.013061028346068796,0.0038954889978997046,0.0038741577799496526,0.20166757394428259,0.21957211942055926,0.017904545476276765,0.7109357307016093
,,,,0.037214949650853334,0.04076373255698265,0.058622563970847516,0.06642998398004206,0.315523068881879,0.35768389385156574,0.04216082496968658,0.9161541782557013
,,,,0.021903111309373557,0.049197024715966015,0.04299062220634521,0.07424086779907128,0.2787013745077795,0.402015197663007,0.12331382315522739,1.498284226785315
,,,,0.0552382114057889,0.07569676084427307,0.08206596589067304,0.10551794058880154,0.43211810326712324,0.5250191888199831,0.09290108555285978,1.222971714171422
,,,,0.08626144251091258,0.10563441327284313,0.11331455326560642,0.12896866980680083,0.5460869274836325,0.6355654457260914,0.08947851824245877,1.224789322310521
,,,,0.022113718848403227,0.0548597188616694,0.042978161262214605,0.07424580682114416,0.2637689032113376,0.408565409977287,0.1447965067659496,1.6649187611740632
,,,,5.68898589692354E-4,0.03846234010343712,0.01173427191781714,0.05861232288184258,0.18736978990611253,0.33822551077570984,0.15085572086959725,1.6629440036093575
,,,,8.483601531685951E-4,0.02555185752667657,0.02737516752845828,0.05861564560300283,0.17792739403238736,0.3160885499396244,0.13816115590723696,1.6504183127959446
,,,,-0.004813187837143669,0.00855300708334646,0.011745808051639578,0.011721785354876058,0.12119256974460943,0.18156746738630666,0.06037489764169723,0.8924330109772607
,,,,0.019152259078245377,0.04558039169571782,0.01367182809572304,0.035134006517626805,0.21781034660993503,0.3218586460654698,0.10404829945553476,1.1873496988457517
,,,,-0.0145348033638448,0.005889854205372651,0.003886871380506261,0.011726940235077699,0.14970172352210628,0.21415106466400863,0.06444934114190229,1.0402278567818817
,,,,0.003723846389457839,0.034622101119242035,0.011726806202406306,0.035151122002960195,0.16776359401215438,0.2780366122298655,0.11027301821771106,1.2913137149131226
,,,,-0.01162842071056295,-0.002760760441563028,0.019559739817947175,0.011740800253771175,0.193262978015094,0.20209886048639253,0.008835882471298554,0.7375638708940703
,,,,-0.07374881936491619,-0.05533669869104925,-0.08986487457380817,-0.0742388018245526,0.13918636568673826,0.1730244666143485,0.03383810092761024,0.5036950308316841
,,,,0.019842913742403625,0.06165318240614313,0.035176606059912026,0.07424270399816602,0.2585920219641745,0.38534595560896,0.12675393364478552,1.5730898501586539
,,,,0.01629176501362339,0.0406236043363625,0.03518671395311104,0.05861436277143251,0.24889435105839208,0.33109864837589664,0.08220429731750455,1.2141889871312812
,,,,-0.00862363680897134,0.02046020991344075,0.019557045600594215,0.050810950157970526,0.2023731350669914,0.30973078861693404,0.10735765354994263,1.350819142070809
,,,,0.03302692951042894,0.042942669001497895,0.050814938322640016,0.05861274520827262,0.3246721157011313,0.31463670514641784,-0.010035410554713447,0.555165469399022
,,,,0.018104396804944932,0.027286206663052873,0.035154113612221066,0.03514808500753745,0.3097554272528614,0.2823603159160292,-0.027395111336832083,0.3543462934369399
,,,,0.07612737718002141,0.08225457056711676,0.10553984947688994,0.10550125196509191,0.5199464630675592,0.5174417012842544,-0.00250476178330489,0.7000204077097997
,,,,0.05115001072451218,0.053913099912810826,0.07427717134587154,0.07426031037598707,0.4056808746917103,0.3796236799723682,-0.026057194719342067,0.6147669506156744
,,,,0.06044286694103694,0.05457829272970781,0.08207504138379035,0.066439953558096,0.4014983928452786,0.3479268951502319,-0.05357149769504671,0.518368755311727
,,,,0.07602278613095627,0.05903604290315393,0.08986180401431929,0.07424195665417525,0.46454883799677443,0.38740366245748586,-0.07714517553928867,0.4481769579815909
,,,,0.08260518323046877,0.06473597518953632,0.09766281732964201,0.07423112566721904,0.4875453764487342,0.4133714548100429,-0.07417392163869124,0.5039935456164802
,,,,0.08721750119129339,0.06870346262216992,0.10548916993366605,0.08987550945664777,0.519991005075328,0.4411766360357381,-0.07881436903959012,0.3294026025063795
,,,,-0.07930503282232026,-0.08787096930853439,-0.07419541338486421,-0.0820075306149419,0.1638550720198801,0.13181443992599673,-0.03204063209388341,0.11399098555815758
,,,,0.12667667319855647,0.12709162951719571,0.1386820111043151,0.14455469515554034,0.6479514984671706,0.624757715231776,-0.023193783235394505,0.4626643492327842
,,,,0.06138315373062966,0.04052377568047616,0.06445123784830814,0.03513910762309446,0.36393228896231583,0.3102360829424884,-0.05369620601982741,0.2902666534655136
,,,,0.03005124950510265,0.017405537096488614,0.042960009965722384,0.011710212441032946,0.32856742580448023,0.3117375939198097,-0.0168298318846704,0.33834571535394764
,,,,0.0244072400306793,0.0015968262608330875,0.03320970193086976,0.0038759403103881484,0.2366449886795296,0.18624276137862528,-0.050402227300904275,0.22033008046001865
,,,,0.009487845104031755,0.0019506490588697514,0.05274215385092237,0.0664376954541607,0.3915122787693002,0.4312294522785583,0.039717173509258144,0.6783675150806271
,,,,0.07071958708315679,0.06299918577180068,0.09766851579640272,0.0976667922351937,0.48850408762556374,0.4851655058968638,-0.003338581728700309,0.5213941661411234
,,,,0.09470014299555624,0.09366033440029592,0.12113512947844852,0.1289446930380427,0.591514181316279,0.5897295131030033,-0.001784668213275842,0.5703712190648418
,,,,-0.004856895090475131,-0.003310309568213392,-0.003962435130719847,-0.003955378103656568,0.228520553359973,0.1779011247749009,-0.05061942858507199,0.10617818395515881
,,,,-0.027707127811768668,-0.03100042063011252,-0.019517805641106983,-0.027339542257023508,0.11223682191368556,0.07284632222784773,-0.03939049968583778,0.11494371350420844
,,,,-0.02463200489392908,-0.003856771768378347,-0.029298087820180185,-0.003945595912922372,0.13829872328385184,0.1018216140826844,-0.036477109201167514,0.15913566365192286
,,,,0.005765029243241489,0.00784029663147205,0.011715872852521167,0.003850631623738539,0.2557458296935828,0.16236613097195637,-0.09337969872162638,0.0779893057606839
,,,,0.0814021005563681,0.021947370927577113,0.0898510073154311,0.027371017010327032,0.4394664867221953,0.16216278219516256,-0.2773037045270327,-0.14114870621799874
,,,,0.10569379274855356,0.06658456483086429,0.12110414954248439,0.07422886084595462,0.6060193982358293,0.39077212537826683,-0.2152472728575625,0.04516349739126883
,,,,0.10597408844576581,0.06461791648989212,0.12113362641534531,0.07423786071922278,0.6118813497161691,0.3646051312847593,-0.24727621843140948,-2.336749733738013E-4
,,,,0.05296129065887342,0.025791979549682657,0.07425566490213738,0.04299944060804016,0.3605734654051993,0.2184825810439717,-0.14209088436122774,0.08518917144685934
,,,,0.10882175605311362,0.10029684035405942,0.12113148716772522,0.11330479543920352,0.64711086608239,0.5831016454927803,-0.06400922058960956,0.4607652526954199
,,,,-0.02691365692832562,-0.03933441032247991,-0.017579142467497005,-0.03515715513903142,0.14002804631267202,0.14000712508564675,-2.0921227025219877E-5,0.4637611709521213
,,,,-0.03718478346697741,-0.056289916938069624,-0.027352509149091802,-0.05077511372026881,0.12739741724546874,0.1395424327170811,0.012145015471612371,0.3673441240574022
,,,,-0.0017528167819063354,-0.02103773051132712,0.011744563939471528,-0.003941394222918368,0.1742695601321219,0.145769106678552,-0.02850045345356988,0.3595164511505006
,,,,0.047564829326269834,0.0306354878432969,0.06645354294920822,0.050830257462714044,0.35893552455117506,0.24826406737269197,-0.11067145717848302,0.2597946443983931
,,,,0.011725360499533702,0.002589902749742882,0.027351378680767438,0.019524197251361335,0.2744717131914157,0.2863440545520939,0.011872341360678008,0.539584576841117
,,,,-0.004592945884003986,-0.01120157315374401,-0.003947308467277715,0.0038738256552585445,0.14653231586134582,0.14196715403430726,-0.004565161827038605,0.37260086249279256
,,,,0.05379601730766244,0.045359790103822975,0.07427298641619645,0.06647482029846827,0.3571517312697803,0.3122312751232336,-0.044920456146546515,0.511914491703476
,,,,0.035312286749904914,0.02586427654939695,0.05863550228711042,0.0430033617802197,0.32781768134790873,0.30215381901702615,-0.025663862330882574,0.4299973088261469
,,,,-0.01645233970676883,-0.023586216816281414,-0.02736264601892876,-0.027343712122017805,0.20627752106537037,0.24247467416953333,0.03619715310416296,0.534048395180659
,,,,-0.03719643151215636,-0.05930824426169495,-0.029295447635423702,-0.04297259546322486,0.16905906591733674,0.22312860748122,0.054069541563883224,0.6578032752648633
,,,,-0.09567853203968511,-0.11134846777282512,-0.0898592175922447,-0.1132769374921026,0.24049117059492953,0.25775616727075673,0.017264996675827267,0.3387932099142235
,,,,-0.046388565349647984,-0.04678392562906383,-0.03516394866946241,-0.027329708295752375,0.24626857393381094,0.24996898350248986,0.0037004095686789034,0.31779314810823756
,,,,-0.0064984587194078245,-0.005692137476791473,-0.0019847695232513038,-0.00392624765153671,0.1863629624421285,0.19883132278704188,0.012468360344913413,0.4256573236871767
,,,,-0.01513550305095833,-0.024641305109696404,-0.003907674799344376,-0.01953277049529957,0.168783038965756,0.1750569035510647,0.006273864585308713,0.4079403820146494
,,,,-0.016793207180286537,-0.028236298209772755,-0.01953754582980562,-0.027340004918888036,0.15194754696052545,0.16099561260574743,0.009048065645222004,0.3385595543912536
,,,,-0.03140432087405396,-0.035678457323824776,-0.042983488537929576,-0.04298132424132726,0.1374051952843408,0.1456205324886384,0.008215337204297603,0.2997165337675145
,,,,-0.04785167239421134,-0.06593617579510383,-0.048823088195457366,-0.06640288873865263,0.055136175598768884,0.061853545278059516,0.0067173696792906384,0.19372268442871135
,,,,-0.0382271620234056,-0.04180391450483193,-0.03516872446346023,-0.035148242426076816,0.08128093706032699,0.08353821546098288,0.002257278400655906,0.23723101260478638
,,,,0.012712584368179689,0.009025673706217749,0.021484253857541876,0.011705866404894377,0.28788178925853747,0.28610830039652874,-0.0017734888620087896,0.4074637831271192
,,,,-0.02102294557461521,-0.024264662950701964,-0.033215561503697984,-0.02734557494814275,0.19142652718787959,0.19509984700285798,0.00367331981497843,0.28595291126323025
,,,,0.0034005327908411217,-0.0019649634981782874,0.003856427550804193,0.0038633484018483584,0.213774247786111,0.22770609069499664,0.01393184290888566,0.5413589720207993
,,,,-0.04074148030480559,-0.032356569609473876,-0.05079651647403485,-0.03516152010656013,0.12220779480214775,0.13660363078837268,0.01439583598622496,0.38153049379511217
,,,,-0.016858411144477257,-0.0046948352983924736,-0.011725843102645819,-0.003951894365445944,0.20653409674913079,0.23776675789347948,0.031232661144348743,0.6139020540391148
,,,,0.0020215747550534017,-0.0136935236431664,0.00586665971292934,0.0039046112162638568,0.20919300133192836,0.17196399148193625,-0.03722900984999208,0.1611388173989731
,,,,0.01248199449028298,-0.00864345094171231,0.021490065368766464,0.011773469621675851,0.1884544388995225,0.17612010176963255,-0.012334337129889907,0.27388133044343393
,,,,0.010894018443880346,0.009624416251945565,0.02540076837599316,0.027402976233622162,0.11968333011888811,0.07473945390963459,-0.04494387620925351,0.2784149650734508
,,,,-0.03871222653397441,-0.03166626960116927,-0.0371073540050914,-0.011668874750769508,0.054893100564643416,0.03962450796566292,-0.015268592598980495,0.12139018876943847
,,,,-0.04542014742043727,-0.037406380693279076,-0.044927540985738625,-0.0194996839840503,0.04881680604533389,0.050585384393788006,0.0017685783484541167,0.1932259154470047
,,,,0.006093926881764699,-0.001674938985807022,0.019546576033649034,0.011745082851542953,0.214207248624139,0.19983515978476515,-0.01437208883937375,0.4166585279605091
,,,,0.06787328455918436,0.051746969503593525,0.08987740097563307,0.07425489217879919,0.4429656979909518,0.38444201203392125,-0.058523685957030225,0.4704594363297155
,,,,0.06140844899035257,0.06822469069225102,0.07426003360329092,0.08205908520566871,0.3661111766225458,0.38416744609070946,0.018056269468163817,1.0006737812628594
,,,,0.04802897948024174,0.035490743192329546,0.058622939847266776,0.05082120473926454,0.30283813182490116,0.25522328446029025,-0.0476148473646108,0.4882374167011129
,,,,0.026266870730385323,0.01678691576593477,0.03516617728671227,0.027362086333546805,0.2323085548616638,0.20571225551307296,-0.0265962993485908,0.3844656302287706
,,,,0.002881466813499251,-0.009572539799931862,0.011733021992580151,0.0038518988342315813,0.18835927647331302,0.1866696999492734,-0.0016895765240396584,0.4994867249677594
,,,,0.03892700338667801,0.028121335897381902,0.050813486644304386,0.04301170910280065,0.2431666728330735,0.21594019707083084,-0.02722647576224265,0.5966501618100901
,,,,0.05273102780824852,0.048728507384279696,0.06643245506612931,0.058621956859138485,0.30442475342479874,0.280509503864519,-0.02391524956027979,0.6427038388803336
,,,,-0.018778888977040095,-0.03968808460695103,-0.005856718117909138,-0.00387542865952505,0.04586369200840705,0.030957211918112737,-0.014906480090294312,0.09050293230269227
,,,,-0.015298132311086165,-0.01201774547209784,-0.001971163903704251,0.019625488041048186,0.05666829948334412,0.06414826056182935,0.007479961078485218,0.2854565834343361
,,,,0.023999531946143668,0.020603814977343773,0.035179078431113016,0.043026316805164354,0.17697435189595925,0.14611067005126488,-0.030863681844694367,0.6080134606214217
,,,,0.03138886055032398,0.025272856260086237,0.035175032731975954,0.042998620393005685,0.1953543246681634,0.14647489356081533,-0.048879431107348055,0.46731402754410295
,,,,0.025793885138575102,0.012646613156739258,0.04300597295032071,0.027394562521986843,0.18057712140697055,0.08292574899238081,-0.09765137241458974,0.17159964588743867
,,,,0.07280441954052108,0.06965269892744282,0.08986327005805297,0.08986968381576506,0.45594375709852186,0.4600392480066969,0.004095490908174993,0.7063958124613589
,,,,0.06093873907314009,0.043979145380608625,0.08205596236688563,0.06645294572906936,0.3986409044083239,0.3031024090565282,-0.09553849535179566,0.3663325590139255
,,,,0.06478655774483214,0.052261423273576524,0.07423924693650642,0.058611047796672575,0.3915900452745775,0.3275263881874339,-0.0640636570871436,0.4423043344231039
,,,,0.06908278989201287,0.051860941693352404,0.08790416408605786,0.06645007660026736,0.41846923468878205,0.31786546774643937,-0.10060376694234256,0.5377022856597294
,,,,0.035961967779484245,0.015013695947848998,0.05081211160268529,0.0351819474438426,0.2397568045653801,0.13119495775277001,-0.10856184681261014,0.2614014183335586
,,,,0.07853803624583897,0.06843299804139508,0.0957153826992721,0.0898659642487428,0.48430531636643875,0.43531144528508453,-0.04899387108135427,0.6735198203081599
,,,,0.05239990987357912,0.03751002873182339,0.06446189030208366,0.05081373522000925,0.31560051566960035,0.22093466261518857,-0.09466585305441175,0.35511410348590317
,,,,0.050879120043783053,0.045368293295657856,0.0664492096039727,0.058630852376045185,0.28881806104874375,0.23510649177364673,-0.05371156927509711,0.6729484377543147
,,,,0.1330496792938993,0.13880184629325987,0.1523864181236534,0.16018926980437106,0.6844411283673246,0.6941422820498602,0.009701153682535293,0.5976504452304602
,,,,0.08762859700167865,0.10779676281340166,0.09961442880336653,0.12111751957959425,0.49787962113296597,0.5954952003066308,0.09761557917366505,1.4032225220310341
,,,,-0.011838420112869943,-0.018360446044642046,0.009776131749995764,0.019594752405762878,0.06106586535232956,0.05262677863835412,-0.008439086713975436,0.278963838877057
,,,,-0.03889148653757764,-0.033410468778084346,-0.029287207261220492,-0.011678071975605572,0.10192771277538101,0.10353455950976355,0.0016068467343825312,0.3455038812000478
,,,,-0.048800655490041034,-0.03718360726489011,-0.04296184658090812,-0.019495400983262284,0.05845863853351029,0.06750691847496851,0.009048279941458206,0.28581590050577377
,,,,-0.023169384016066732,-0.00803099799529058,-0.003937747799743924,0.027402997572248313,0.14864039085910216,0.15218673531585375,0.00354634445675166,0.5660658259288448
,,,,-0.04136607982016375,-0.03519646908789057,-0.041024672999832514,-0.02733331447051404,0.1342420504950481,0.17547819414010785,0.04123614364505972,0.5958040193612776
,,,,0.039381296429160675,0.025220498404249773,0.0566547627412756,0.05082021535086039,0.3017915454908153,0.23497790899462134,-0.06681363649619408,0.35405418564090807
,,,,0.05439310502580611,0.04871420890716948,0.06643711850384586,0.06643329789850813,0.335931575835656,0.2752965143363105,-0.06063506149934535,0.5777346263352974
,,,,0.02447213126657948,0.03131741070596503,0.04493694937884275,0.04299942292621823,0.1647571964545425,0.06174068324764546,-0.10301651320689696,0.22621591391177823
,,,,0.012575827973306782,0.009966018728322033,0.027379717330409312,0.019570318181608617,0.09919998785047283,0.027286338618978632,-0.07191364923149418,0.11424892355220874
,,,,0.04519623797599629,0.023849815556489327,0.06646135050319334,0.04302091620786296,0.2672090822595684,0.15431309041501068,-0.11289599184455779,0.27357617260985145
,,,,0.06420884119697876,0.04164744123369424,0.08399666929111782,0.0586587837237252,0.41509496534872536,0.26390222247255957,-0.15119274287616577,0.2692490593488049
,,,,0.026313699192988697,0.01649695133398822,0.03711156425679335,0.03519588810483344,0.21011203852293264,0.14283135597273486,-0.06728068255019781,0.4438052782495231
,,,,0.06499647956244112,0.057247290732561296,0.08789227308752809,0.08205396126214358,0.47052261044810406,0.4527675140439551,-0.017755096404148983,0.36263059053082114
,,,,0.08364379903743278,0.08200654558139132,0.10352272535889649,0.1074279291127715,0.5081148253523998,0.5327535518582571,0.02463872650585719,0.9609543663167371
,,,,0.05121725802646973,0.053038969832435424,0.0761758549828641,0.07424364226790608,0.41421705046052487,0.39676664799700484,-0.01745040246352003,0.5773016060965785
,,,,0.032096915923509994,0.023654326405286624,0.037111619189943476,0.035185781688991245,0.26073820020696903,0.25224622772754496,-0.008491972479424051,0.41585798845424565
,,,,0.021655528359580775,0.019856630931811503,0.033204112043486736,0.03519157265118867,0.19684570834113627,0.15248576542624315,-0.044359942914893064,0.40560855162782283
,,,,0.025901780213776347,0.0156848120837523,0.037110942619887094,0.03518946043226654,0.19972273185686512,0.14029995280550805,-0.05942277905135705,0.3105626081658236
,,,,0.014762113436248961,0.028269300333886003,0.025392931020759502,0.0430056474309781,0.1556011384535554,0.1767435060099782,0.021142367556422775,0.8259249108774775
,,,,0.004736480540973984,0.03319500976472879,0.019557045212322394,0.050826010217785385,0.1444500591331607,0.2458975608325956,0.10144750169943498,1.381032877851133
,,,,0.015520727537202671,0.015769189257912698,0.025387606516953248,0.04102205138931826,0.2900009533485147,0.3013672281196273,0.01136627477111264,0.6010118973567664
,,,,0.07622022498665532,0.07267938478816036,0.09960916893992823,0.10552979902571703,0.49436105751736154,0.5099271303917078,0.015566072874346191,0.7852145697817576
,,,,0.03269139380467079,0.03996363431013411,0.04102541615437761,0.06645147548432762,0.2774048210042786,0.34658475699305324,0.06917993598877456,1.2199421371645258
,,,,0.01818931935970367,0.03813236940418339,0.01952954450907732,0.05081102820861104,0.21085632957258083,0.2862649569190288,0.07540862734644792,1.1398923331991067
,,,,0.014590129304471846,0.021306161709174147,0.01953032544386034,0.019529904616885408,0.17081955933118567,0.20359683269769224,0.03277727336650662,0.8362497936691784
,,,,0.030082708237044523,0.020512793696592927,0.04296713452009733,0.019526070940731666,0.2395594944123279,0.22429326309196018,-0.015266231320367783,0.6734808786063724
,,,,0.023712498718286863,-0.023375493831048384,0.035166841031028816,-0.019542914031244134,0.13471441472533646,0.050955356837821805,-0.08375905788751464,0.17107919873886598
,,,,0.01048244441123968,0.0030395366600496194,0.027384114420327607,0.011712328783805048,0.10443795883907848,0.11953359782205789,0.015095638982979411,0.7311077734661224
,,,,0.05270558054051347,0.06076992069281391,0.06642854235046176,0.08206363231778195,0.3461894991568127,0.38869696114893776,0.042507461992125045,1.176501861297226
,,,,0.02972532605778921,0.03744536895128834,0.04297921871833986,0.05080426112654797,0.19337209083969828,0.23854065734190635,0.04516856650220806,0.9317917261576686
,,,,0.07483992300904063,0.0812122270022246,0.08398995733013018,0.0976893197825966,0.43625172119835076,0.4809388387877163,0.044687117589365506,1.042965765189007
,,,,0.06620729837957579,0.06687650134167107,0.08986049721854017,0.08206658019472785,0.44201254128130074,0.4345268072200518,-0.007485734061248814,0.7467034861754469
,,,,-0.001431184684820899,-0.006298238981088433,0.027364018867411355,0.011742456842302516,0.2028135857058733,0.18038385118153433,-0.02242973452433891,0.762424071025486
,,,,0.020444607589179813,0.02528882888805039,0.042991515645836975,0.05081188864716807,0.25343354947421015,0.2636542129855672,0.010220663511357022,0.9179870482142451
,,,,0.022089562448644347,0.007718889987226709,0.03517653523095671,0.019535815519913367,0.2458065604698274,0.2329327492977097,-0.01287381117211767,0.7473011774771906
,,,,0.05364257210149214,0.005313563602425154,0.06644237490625213,0.019546257713893914,0.27763745176194127,0.14831971792787024,-0.129317733834071,0.3761934729226285
,,,,0.0046731061693217335,-0.018942657612683832,0.027374992987968347,-0.011703350379835142,0.20270619410814547,0.15047694381180218,-0.05222925029634331,0.48327160241731965
,,,,-0.011030824279312113,-0.02021472812765816,-0.003914746511221094,-0.019536045509367196,0.1849683722622188,0.17804448453260818,-0.006923887729610628,0.5172497408372511
,,,,0.03530590340639555,0.021382499347438046,0.05081707405091495,0.03518015154088072,0.2652730020015731,0.2330044800796303,-0.03226852192194279,0.6669395090799196
,,,,0.001470531288178334,-0.02691948644883286,0.02736633076538097,-0.011696765020828176,0.22694613866712302,0.16927815212822467,-0.057667986538898215,0.43663326417995896
,,,,0.003933705343739074,-0.03017467484106015,0.011730753204698007,-0.035150582633977766,0.19328839045044777,0.14607440160075758,-0.04721398884969021,0.35768585765065614
,,,,0.0057328571181885155,-0.010932172924595014,0.027385958369692157,0.01174861022265836,0.25517401386367355,0.2383436532557172,-0.016830360607956254,0.7258271356065585
,,,,0.0195730745965407,0.019555988951840318,0.04300548336546661,0.0351694615372769,0.26337223793721093,0.265633229703368,0.002260991766157069,0.8913565041559075
,,,,0.0342490319647632,0.0289167231711677,0.05081774546752087,0.05863744722586466,0.3058634535193171,0.32858252768601576,0.022719074166698668,1.096303635064418
,,,,0.03911499085479635,0.022532809323810674,0.05861720105073622,0.05084889719618579,0.2947032389519991,0.3022007692748612,0.007497530322862143,1.0436640841416343
,,,,-0.0041328082074123095,0.001428771111558402,0.0038639873510526845,0.011732912116304131,0.22159736467936045,0.24231781767674215,0.02072045299738176,0.8022578375576094
,,,,-0.020436767738360267,-0.013420739246682563,-0.011704142448270508,-0.011729177903102423,0.1677754889830696,0.1770419734822531,0.009266484499183488,0.6532068000215235
,,,,-0.037036609676163776,-0.03717556951312579,-0.03516037745481874,-0.03516992358614829,0.1661687030992121,0.1282619456099115,-0.03790675748930064,0.27312968713740676
,,,,0.001315863760155782,0.01574075229236296,0.011722253732736967,0.027340227323936324,0.27911146558795524,0.27915474686929415,4.328128133882699E-5,0.5736854022471417
,,,,0.01708130048733279,0.019679219909670358,0.01954883817718315,0.01950841063245852,0.26912294135081305,0.2550091319566409,-0.014113809394172167,0.7368936117445423
,,,,0.0158390342578036,0.023927431222523998,0.02733908566012765,0.03515492702275456,0.3126638450437145,0.28812159048042185,-0.02454225456329276,0.6166340423855811
,,,,-0.026316408752829302,-0.010808518429553514,-0.02736143621354571,-0.011725183744666232,0.23798227187888477,0.20981071191595865,-0.028171559962926012,0.456687653170561
,,,,-0.03704262129867579,-0.01726562444772259,-0.05860139171713558,-0.03517725280180936,0.24648533704188627,0.25219163438799597,0.005706297346109716,0.378660313474069
,,,,-0.05878658124281957,-0.0306789173763081,-0.08205994209477396,-0.04299137353614731,0.17235604766117535,0.1996055618173121,0.0272495141561366,0.5550230314221639
,,,,-3.8316017042215275E-4,-0.0020357544955065293,0.019565915956583416,0.011728569063919598,0.28542415538718385,0.26693091795470086,-0.018493237432483052,0.5083486766087276
,,,,0.03360501350141097,0.05409128812041948,0.058623715522154604,0.07425388487740663,0.3520275809977499,0.39671022138051243,0.0446826403827626,1.1699931971630801
,,,,-0.024606335923780177,0.025015505070904175,-0.02737324424927989,0.02735004697288623,0.23259357135120579,0.31910364031466143,0.08651006896345566,1.15241694637939
,,,,-0.034722404341901394,-0.010135024129891231,-0.05079748764403677,-0.0117301027589027,0.22470113226229835,0.2756037449553518,0.05090261269305357,0.7073357249083754
,,,,-0.0953986081567467,-0.0960060477092691,-0.12894175413569162,-0.13675384851278552,0.1318207518214549,0.15292379722531724,0.021103045403862316,0.38083969079343283
,,,,-0.017076834722175506,0.02743733330801295,-0.019548293389632473,0.035152969808021385,0.22759110487624154,0.3316176966082809,0.1040265917320394,1.2487094185181682
,,,,-0.009650736493034894,0.01965596144805166,-0.011710704413958875,0.035176228079863474,0.21438956903048578,0.30902117898501585,0.09463160995453004,1.2219095659673673
,,,,0.015522037536716505,0.0435939304659621,0.027371160664621204,0.05862741530019242,0.16699441121413533,0.2748262709318992,0.10783185971776377,1.6478364158765335
,,,,0.05521053168749852,0.06068583644066968,0.06642863221975606,0.07424431075812922,0.3422776398532408,0.3450614539013365,0.0027838140480958436,1.0815379009241735
,,,,0.049571080594257425,0.050762142594641436,0.07426321893533268,0.06644058778748307,0.41017092348093614,0.36952674088235926,-0.04064418259857686,0.6649087957022807
,,,,0.0012537213583582053,0.006164489572043403,0.011729249667605334,0.019547333016918463,0.26552668355790565,0.25149876738884414,-0.014027916169061506,0.567916294091337
,,,,0.04053653372746525,0.042179992436930415,0.07426023685615435,0.07428128381239346,0.4022468683446383,0.362216278961285,-0.04003058938335328,0.6173926696027197
,,,,0.014507336499044808,0.015788997238128048,0.027349119154999296,0.027349107280678582,0.27912604387765094,0.23915756011194153,-0.03996848376570936,0.4703166452332347
,,,,-0.004960460503677608,0.022154706521002997,0.003897798270958273,0.04300032731043266,0.16487778307758635,0.22916567903759594,0.06428789596000963,1.1862461156225153
,,,,0.006388654367632551,0.034426972668809945,0.011713132269585399,0.050806517548972516,0.17690316277984186,0.26276314173450255,0.08585997895466062,1.2758350337522861
,,,,0.09321694774813147,0.07169002693093153,0.11329837111485205,0.08986219318388435,0.5551032403833329,0.40200171227335446,-0.15310152810997854,0.450642186836981
,,,,0.051670590821965,0.07159651918349141,0.06642030586518631,0.08206648458164997,0.3396174039322256,0.41139505330188736,0.07177764936966179,1.5234370259907384
,,,,0.004906804747224031,0.03396914946274117,0.0038870058949237846,0.04299678270968801,0.20589966812344268,0.24481813433473743,0.038918466211294814,0.9382882829939533
,,,,0.028806382114418085,0.06185156770434014,0.02734812757151512,0.07423660189669087,0.24815646788937898,0.39156198283796273,0.14340551494858367,1.717656863320355
,,,,0.05484800170158935,0.10582974474831404,0.06644229269958683,0.12895913816727556,0.3332174894633481,0.6119835927913224,0.278766103327974,2.918405426458919
,,,,-0.005493651459850559,0.048418046399005696,0.003882279823084168,0.0664275183033576,0.13150313051371346,0.3310245314152717,0.19952140090155823,2.1520862309558035
,,,,0.003450644759771899,0.04276801152025455,0.011719164927201835,0.0586131857099141,0.14239135592573104,0.29828053984321395,0.1558891839174828,1.82182440063482
,,,,0.076616908322356,0.05541518279845036,0.0898928809464357,0.074270016781046,0.4622423798869167,0.3318625242871771,-0.13037985559973936,0.3503165852656128
,,,,0.003562682429646631,-0.003134201687610387,0.0371101874316176,0.027400035730857773,0.22525437135705378,0.131448028036539,-0.0938063433205148,0.26737257194983544
,,,,0.08942416916542802,0.08528780241978932,0.10352675545818373,0.09767526331783538,0.5222852065970438,0.4922160646179279,-0.030069141979115976,0.5834636573298964
,,,,0.09923508304376903,0.09068453906100532,0.11524728565866173,0.11330170887295311,0.5624210601013063,0.5422012993430287,-0.020219760758277642,0.6344243008326089
,,,,0.07039781568677138,0.047292331694068844,0.0898887694124661,0.0742814434626808,0.4433169711926818,0.3379591985263693,-0.1053577726663125,0.4146323662110779
,,,,0.05516316759841835,0.031455664520939404,0.07426198574564145,0.058649041754475925,0.3806278709755087,0.32322473809723384,-0.05740313287827482,0.5914382707439141
,,,,0.061702943791845155,0.07153931027223774,0.08988447626915405,0.10552311216209267,0.4653106128968057,0.5141160191530403,0.04880540625623453,1.0497593700107684
,,,,0.03754644588610035,0.06624918306793647,0.05078592462877522,0.08986624411596364,0.3061442561663906,0.4662483894632273,0.16010413329683676,1.9460801513681065
,,,,0.038676694339862566,0.047948114450480035,0.050791387619454995,0.07427156394047064,0.3346530572200352,0.4005416713556981,0.06588861413566291,1.1008342314474275
,,,,0.07146312756882343,0.05327642302637094,0.08399443613767894,0.07426195411708589,0.41859778764106237,0.4093649949799236,-0.009232792661138812,0.8521314341594486
,,,,0.08841474362747392,0.09587187053355092,0.10743112418619556,0.12113145096588594,0.5268913901776987,0.5935977243443183,0.06670633416661989,1.1635835848672331
,,,,0.0660623803518366,0.07962199500654099,0.08008994034011374,0.09769845715956323,0.4202957056995966,0.4962388522743874,0.07594314657479072,1.1825447949500858
,,,,0.06884095524806576,0.05841599799978549,0.08008988111803383,0.07423637278120472,0.4098232709589694,0.3685485978547812,-0.04127467310418837,0.48395765045210654
,,,,0.04499274801807191,0.05279136225385577,0.05664335505555108,0.06642223286250391,0.31005709327056924,0.3416222670835028,0.03156517381293359,0.9995083423442942
,,,,0.06011882767937337,0.08787057270996734,0.06641603306006809,0.10551619041526004,0.37959133114177,0.546526919320166,0.16693558817839596,2.0009875309468907
,,,,0.01682207390298131,0.07129692095424861,0.019519760616994803,0.08986429801872123,0.19954268262271224,0.4462632605195192,0.24672057789680688,2.708782549322323
,,,,0.010346242996323658,0.047347728117283716,0.017577841396230642,0.07428104676005771,0.1953562747128203,0.394658625120184,0.19930235040736372,2.1488013660645953
,,,,0.060705177496982426,0.0849175231235116,0.07423978113703796,0.10551503527797622,0.4009613492806728,0.5415966315828225,0.14063528230214967,1.7866309982396975
,,,,0.014766197014888682,0.030794631233718017,0.027361054701960534,0.05081167887533122,0.18664258074338225,0.25845515857326384,0.07181257782988168,1.3235905306923337
,,,,0.029869379924302546,0.02888959756234972,0.04300360803263382,0.05081204311209989,0.2627719076906832,0.27879726665050836,0.016025358959825084,0.8951309118723745
,,,,-0.04309220952683016,-0.04626821337894558,-0.03515220743112204,-0.03515613254794325,0.08158018925681439,0.0997513448144062,0.018171155557591825,0.49117134059700895
,,,,-0.028814313154794064,-0.02265238702151637,-0.011687951576176876,-0.011705418875005416,0.07687939722849257,0.10019506495905052,0.02331566773055791,0.5938187682296296
,,,,-0.0250145223287021,-0.021373767146082544,-0.027362146106470902,-0.011720343790091282,0.1537583588324977,0.1691733477547477,0.015414988922250109,0.6662009489442013
,,,,0.047616289316314966,0.06900990115937618,0.058616776732287254,0.08989294525070789,0.3484853960703543,0.45935304727679555,0.1108676512064409,1.714204460533046
,,,,0.040102111650907754,0.03725225117383702,0.050797881054830796,0.05862281705684901,0.3297756679952198,0.3132329627086467,-0.01654270528657325,0.8107282644476784
,,,,0.03399243323197421,0.04551098021720375,0.050804534105960655,0.06642703242957682,0.2666551349490676,0.29465944584070486,0.028004310891637286,1.3287770874929177
,,,,0.05782935517070206,0.0429174243118412,0.074244194583544,0.058631895633802084,0.3834430020320445,0.289575106612426,-0.09386789541961849,0.6678171986606259
,,,,0.034400251179768616,0.027789005037864776,0.04298342201879161,0.04299787719204774,0.28491803921418746,0.22535418508243135,-0.05956385413175613,0.5711006748379789
,,,,0.018700703515781337,0.028125812688816997,0.027358838610836766,0.04298580426046117,0.2625585000086969,0.2784183882771029,0.01585988826840593,0.8130843961619932
,,,,0.04309826695264973,0.04273836934694359,0.06644101446106722,0.06644105588964462,0.3942423273487316,0.3761827521264456,-0.018059575222286035,0.7035023370137671
,,,,0.07225697778020936,0.05956286071633732,0.0976912234066362,0.08207089374452688,0.4712494500660342,0.39424302033569364,-0.07700642973034053,0.5680966812952131
,,,,0.057634481707368214,0.05298187220291466,0.07424640363904647,0.0742626458813447,0.3786854924623718,0.3366532965662563,-0.04203219589611546,0.9060094196493959
,,,,0.055080848806173484,0.045360724897859334,0.06642038091763915,0.05861540048546578,0.3688132274143131,0.29664338981858523,-0.07216983759572793,0.4256515588891725
,,,,0.04384280665067295,0.037432908051167876,0.05860597194338893,0.050799546802337156,0.33313982672840514,0.2707639084916184,-0.062375918236786766,0.478490751998479
,,,,0.04469403518075991,0.04017936744060369,0.05860012176754971,0.05079268671305378,0.3404327252057548,0.3121838203059347,-0.028248904899820106,0.4861562923869326
,,,,0.028407767498328077,0.025613081905830913,0.04298162550528129,0.043003230945419926,0.28021980168296934,0.2599092271803865,-0.020310574502582873,0.5559537837516902
,,,,-0.025595634430065933,-0.025229385620941965,-0.019518294377641278,-0.011710117355162666,0.10039728447645206,0.10875447116583868,0.008357186689386608,0.4776995860753356
,,,,0.023247913817904295,0.03346454272789945,0.03517464866167566,0.05081816390157792,0.15524487367398743,0.22680475952199536,0.07155988584800795,1.3408093348887369
,,,,0.05050980549405058,0.05019333667386685,0.06643366180251183,0.0664297841843785,0.3401220154972099,0.31197401868474517,-0.028147996812464538,0.7153727405793832
,,,,0.011993236571940487,0.005530856839444498,0.019550312799697458,0.02737102307841433,0.1608119065825835,0.1588820892694463,-0.0019298173131372485,0.8247694017735238
,,,,0.016699785351977667,0.014816985060005288,0.02539539301846443,0.035169775791251356,0.1773672791157864,0.21453302399486576,0.037165744879079504,1.1414524522641636
,,,,-0.016557131197869532,-0.03212088494178876,-0.003927192659666513,-0.019528199022273218,0.0807463474037489,0.09061887589704389,0.009872528493294948,0.5945331140184391
,,,,0.009178760254023383,-0.006137416262075455,0.011731960977600276,0.003908642609037629,0.16136043467526098,0.11356635180838395,-0.047794082866877044,0.40991018699713294
,,,,0.03698375635441942,0.015510397894279607,0.05079851762054064,0.02736813845731548,0.2976596161610918,0.21153380717725162,-0.08612580898384016,0.3420185536156918
,,,,0.010048820457944543,0.011803871788374323,0.02148373662429522,0.027371479191656944,0.1966389638441853,0.16273191503776244,-0.033907048806422896,0.5583457373231758
,,,,-0.01606556976188934,-0.020095665443924157,-0.005857913092013311,-0.003918410942468777,0.08149387273614707,0.08305441923435603,0.0015605464982089226,0.538220470630786
,,,,-0.04128935032523513,-0.027997177150887283,-0.04297177081980978,-0.01952215701574569,0.1005445643413435,0.10549377467344605,0.004949210332102603,0.4050964293531704
,,,,-0.012323290767570695,-0.02221243990708515,-0.003926727841597159,-0.011703726096122339,0.12024635863796082,0.11519660422007544,-0.0050497544178853835,0.40314830345053676
,,,,0.022960009768122545,0.020355799277485143,0.03517568244961839,0.03518920733324306,0.178371192842445,0.1867923718894162,0.008421179046971289,0.6781033416019658
,,,,4.052153893251273E-5,-0.0011161047570401308,0.003881882147262019,0.011736555227824656,0.1476030129774276,0.18750867871293034,0.03990566573550276,0.7532525286623061
,,,,-0.009856471324722992,-0.012725834604951278,-0.003939332213605839,-0.003923412877390735,0.10378767275617594,0.1255303040600128,0.021742631303836846,0.6189931121443091
,,,,-0.01015842036057382,-0.029338673233117226,0.003881560699174667,-0.01951849319248246,0.10921160393649854,0.07968876147872735,-0.029522842457771176,0.31588274080765005
,,,,0.007960637847917746,-0.01862611244117117,0.027385703878610775,0.003890510022550173,0.1460949113777621,0.11887819276838808,-0.027216718609374167,0.5533419721154446
,,,,0.04991807179563111,0.037013355310307985,0.06643592512241414,0.05081383142510535,0.29278283853893755,0.255924891331709,-0.03685794720722854,0.6123053872816064
,,,,-0.002450469572384786,0.0037510594004706395,-0.003948359097332666,0.01170660803752562,0.22740730378913587,0.24898006914906556,0.021572765359929677,0.5146516793854956
,,,,0.019464809377895503,0.02609484451287532,0.03518650869947687,0.04298528979813244,0.30396899396013216,0.3377663309672886,0.03379733700715653,0.717222932530738
,,,,-0.03109029457021117,-0.005283224184970822,-0.03515960364050004,-0.003938418313225204,0.16261174430820097,0.177180101256797,0.014568356948596067,0.5503265984458232
,,,,-0.009305917636946772,-0.017383021237857305,-0.00976725565575398,-0.011708813696023328,0.224214226797723,0.19916291315110946,-0.025051313646613498,0.28408451023260073
,,,,0.026677116851000698,0.00488640227313033,0.042998652327825904,0.02737700556941302,0.24245268166849462,0.19813215692612554,-0.04432052474236904,0.36387324814253247
,,,,-0.013398436795944558,-0.02764703638864439,-0.01172406471669898,-0.019528545480640494,0.16121733184442621,0.1478121002758944,-0.01340523156853179,0.27191281892592184
,,,,0.016533526392432406,0.011019840328197932,0.019535389667537807,0.019522124090593982,0.1834584821571821,0.19213480903678978,0.008676326879607664,0.7972216772618088
,,,,-0.004359400534982511,-0.03889874220721066,0.011733408757387017,-0.035158059689127885,0.11388657449136315,0.06566667671250119,-0.048219897778861986,0.2204079094618563
,,,,-0.030597417011141895,-0.048744811014530126,-0.011706556078768287,-0.042986325032676576,0.08789885741393691,0.08331537376112766,-0.004583483652809197,0.3481904671429225
,,,,0.07365643990792907,0.02571457721157856,0.0898639038872553,0.042994360951495274,0.4202056399403038,0.21484821471540377,-0.20535742522490014,-0.07890321967729506
,,,,0.02487648695314343,0.004585269546741413,0.02733373065231992,0.0038480152735709504,0.24797859329791458,0.20529920657886463,-0.042679386719049944,0.2642928139800423
,,,,0.001515859983298828,-0.013928410255653313,-0.003947144139956834,-0.019559566334898373,0.1437492942764323,0.13374253910765052,-0.010006755168781776,0.2781519909136683
,,,,0.02649140625429151,0.011400705521310867,0.027322319559217004,0.011686193914651194,0.2554377421128369,0.22645437940828553,-0.02898336270455133,0.3009881524374667
,,,,0.028203561090423317,0.014696195498524548,0.04297870853635447,0.027344507281158954,0.2679631116722769,0.23595730277923058,-0.03200580889304622,0.4063781041742407
,,,,0.056559865650081365,0.045114379844655994,0.06643085420799603,0.058621985903870764,0.37562789781388184,0.3273375096652074,-0.048290388148674354,0.35649294342009974
,,,,0.006547105567496205,0.0017517178160806968,0.011699538109953417,0.011721512473638306,0.19655104211851207,0.1820751409884755,-0.014475901130036639,0.3722731319227179
,,,,0.016029307169133655,-0.007333628049591682,0.03516797212105241,0.003857778955119758,0.30392429939737076,0.21154358006908372,-0.09238071932828708,0.14045567928216549
,,,,0.07852748698049508,0.03856337449775929,0.09180538071210527,0.05081282370080991,0.4478588798369862,0.27043894881745617,-0.17741993101952994,0.015828758414946065
,,,,0.06365557284730324,0.02376518702265879,0.08206775642329091,0.042991339893238736,0.4095175562389404,0.2581687353502739,-0.15134882088866639,0.03758951724994907
,,,,0.010866937085187212,0.0017069244926281304,0.01952439566962059,0.011709915441672191,0.27632226924871367,0.23475111846758187,-0.04157115078113169,0.2619988572533646
,,,,0.02698140371513582,0.01310092547537626,0.04298024059073119,0.027359245050030956,0.28478346558389,0.23315421782024845,-0.051629247763641604,0.33181982909866997
,,,,0.02935460695672036,0.022576921064541115,0.03514775857670714,0.027347440034707883,0.28368526205360955,0.25635784587218613,-0.027327416181423446,0.402592904122803
,,,,-0.07268262631329189,-0.07203456357298013,-0.06639128908122559,-0.06639360899380667,0.053747721915598005,0.05068081260564414,-0.003066909309953882,0.14136005682970465
,,,,0.022297789099667526,0.0025327757737864174,0.019527309056587363,0.0038805568649239366,0.19504439815376515,0.16524325415594335,-0.029801143997821748,0.2626432907696503
,,,,-0.0687240036620432,-0.08305031298826995,-0.027324281398374027,-0.050786140976284345,0.16036227535137293,0.15751515263640883,-0.002847122714964091,0.3870249360269764
,,,,0.0585057770031547,0.029346958281936213,0.08207476260898972,0.05081789239180736,0.4166835303281266,0.3054155264447366,-0.11126800388339003,0.2828336113392556
,,,,0.08518325213095723,0.05862702227271108,0.11332072649577118,0.08988084259275025,0.5454453963594381,0.4597689983653101,-0.0856763979941282,0.08835476064209884
,,,,0.06969436829603011,0.04615919830768707,0.08987497897178043,0.06641095127539794,0.4550994834222152,0.3639586417405146,-0.0911408416817005,0.279093605672032
,,,,0.06973371230606246,0.05283639489320262,0.08009075150795796,0.06835395110554293,0.41417876859511904,0.35901448765069255,-0.05516428094442642,0.45809620933599127
,,,,0.06748740393214356,0.03673924893376928,0.08789769249629735,0.05861858255433493,0.4582845622578487,0.34887883030459704,-0.1094057319532518,0.16641717141404472
,,,,0.06951339598471677,0.05115749751159144,0.097692031998826,0.07424817996160948,0.498644058368415,0.43426844388321867,-0.06437561448519634,0.22041689863495245
,,,,-0.08302868437290313,-0.09408192676941657,-0.05856766631376728,-0.07420888105040806,0.12656717718643176,0.12615185057746237,-4.1532660896940674E-4,0.30334548675830314
,,,,0.03787601001964635,0.012476906992483836,0.04338153451681137,0.0067614405415952206,0.02409638554216867,0.02409638554216867,0.0,0.0
,,,,0.14075602957996253,0.09216913622847504,0.1196388229727745,0.08928730338811874,0.9598130841121497,0.4401869158878504,-0.519626168224299,-0.5196256485986506
,,,,-0.17410400229048154,-0.18370318109285266,-0.24606948388136854,-0.2460887733727275,0.10868853229078956,0.10667072545339912,-0.002017806837390421,0.22621368903820893
,,,,-0.16505528411361342,-0.17243640988071718,-0.20701425164592555,-0.2226620407673905,0.14030499740905386,0.13728267448135228,-0.0030223229277015584,0.28763942065317877
,,,,0.013076311874181581,-0.0073071220899978105,0.042995763026320404,0.01955829370833261,0.2674925737688538,0.21453054683744716,-0.05296202693140665,0.322739324417093
,,,,0.059503492351116474,0.032850207325018664,0.0820631148062215,0.05861647699450728,0.4492204861024703,0.35441193940298266,-0.0948085466994877,0.15314276632154503
,,,,0.06029597324428458,0.03211102715613413,0.08205755913772766,0.05861235605037723,0.44443030869202443,0.3444159563966085,-0.10001435229541591,0.14017666397518844
,,,,0.03204372915650358,0.010902416184342897,0.05860325321857166,0.03516010479028335,0.3856424852912301,0.3246656256713338,-0.06097685961989643,0.320545587804924
,,,,-0.030518047744454904,-0.036309369149002055,-0.011704236232003066,-0.02735092730713652,0.22827222003042935,0.2076919282711068,-0.02058029175932255,0.2949715098344876
,,,,-0.08937245096251065,-0.0909719573800555,-0.12115840866404665,-0.12114427418956887,0.15532901165410926,0.1594040285317701,0.004075016877660823,0.31781267013445114
,,,,0.01773855241993145,-0.00651165347799628,0.027343538011364972,-0.003949681405957285,0.3329936171809806,0.27791940561785533,-0.055074211563125204,0.20301728011546394
,,,,0.05334246692460145,0.020452280701212255,0.07424562163235504,0.04298264570977453,0.4348625221223849,0.3422018028000186,-0.09266071932236622,0.08501184026977893
,,,,0.05908574869392924,0.03091452159933365,0.08986295859529797,0.0586078690606923,0.4653254280291409,0.38522635082235357,-0.08009907720678733,0.19993485246796383
,,,,0.022526839893636855,-0.0169423033521023,0.03516381434618671,-0.019526920688121705,0.3438551511625578,0.26514361770871203,-0.07871153345384592,0.12203004309803384
,,,,-0.011933572291972415,-0.038567306131517765,-0.00394522151459466,-0.042971884460710874,0.29159422712688693,0.24553126286206253,-0.04606296426482436,0.20591572248546192
,,,,-0.011791881165049088,-0.05411036641539469,-0.0117242635040048,-0.06642357135753583,0.2852363450053227,0.2079004130980291,-0.0773359319072936,0.05430943691011851
,,,,0.02908908166281923,0.007405536787469142,0.05861671755358549,0.027344516699421933,0.39349306301131654,0.33098126552278817,-0.06251179748852843,0.19473574156085915
,,,,-0.007484615352957633,-0.01054452376213542,0.003878950467382243,0.003908469396446148,0.2831663369932224,0.2671175432377037,-0.01604879375551875,0.38974341541709423
,,,,-0.0159933627177567,-0.020366402264912636,-0.0039436976088818776,-0.01172041760066833,0.22473864084156886,0.18108664622337778,-0.04365199461819109,0.2433804544613896
,,,,0.00584042251279012,-1.7503269109525596E-4,0.019526493195442488,0.019541965927127165,0.3011856022656187,0.25557080384576636,-0.04561479841985236,0.29578165244606625
,,,,-0.03241841014356202,-0.048834658354691134,-0.019525063978811895,-0.03514876507549904,0.16122918037416925,0.11303846794153766,-0.04819071243263161,0.18582228248220706
,,,,0.050369645580283784,0.03620905313581449,0.07424370306992165,0.05862074602526381,0.4162084488318424,0.3401529590489709,-0.07605548978287137,0.30688731776080264
,,,,0.041391862751081254,0.030212234479537834,0.06642667662565217,0.058620895611725614,0.39646978650224723,0.3388355244352953,-0.05763426206695183,0.39570586920720313
,,,,0.0031165299816159906,0.0027471652232230466,0.027363656055626982,0.019557443422913722,0.28608756543217007,0.2662114453501717,-0.01987612008199833,0.4885529259549714
,,,,0.031704079806501605,0.030462296266473045,0.050803687243120434,0.050801457229513756,0.32907099829690634,0.3090273505518358,-0.020043647745070697,0.6150914844549312
,,,,0.022950679118307917,0.01679865866068097,0.035166383271332875,0.03517420983759969,0.25117641368474103,0.2225086238722547,-0.02866778981248636,0.49557871598945336
,,,,-0.04630499023789399,-0.046927221878425476,-0.035133730425674366,-0.03515778748237812,0.1385024062221222,0.1260978398500892,-0.012404566372032928,0.333950622099964
,,,,0.044601246693170636,0.0318350869325852,0.06643001172041084,0.05862453210194281,0.3666853293656335,0.31358461375241886,-0.05310071561321502,0.37346549160905623
,,,,0.02038074529041641,0.014958366085873196,0.04298517621477109,0.03517874331125517,0.3332816019394453,0.3066338014063313,-0.02664780053311404,0.44943537249973586
,,,,0.032312712001478186,0.02610983148035962,0.05859547932766447,0.05080592408252449,0.3656383145032782,0.33811214449058574,-0.027526170012692534,0.44695163235282376
,,,,0.0055706265906171285,-0.012149755981899227,0.019551792833466593,0.003875066745491494,0.207843515623108,0.17130089839440316,-0.03654261722870484,0.35951433343355865
,,,,-0.05620339749466558,-0.05693460822686914,-0.04296315627538497,-0.05077779807810564,0.07872819978170349,0.08140930178933226,0.0026811020076287764,0.33901470998534583
,,,,0.0433664461652061,0.03860607503261927,0.0664216859807108,0.058614437230695336,0.3943205064530883,0.36869678323811345,-0.025623723214974775,0.42300797651087135
,,,,0.03515613889697603,0.023113142763572597,0.05079147431222991,0.04298965228853243,0.3528816074619816,0.30796789463312596,-0.044913712828855444,0.28253243655628535
,,,,-0.0215683029318469,-0.03606660068159344,-0.011707112243741394,-0.0273342983623541,0.0810998484560409,0.05899769618482133,-0.022102152271219568,0.2407048263050396
,,,,-0.020408442748174573,-0.033720397679971356,-0.011703459829765821,-0.02734343501397203,0.09585546535520402,0.07443388445652784,-0.02142158089867619,0.3105704846108244
,,,,-0.032179738114580525,-0.04151075230986988,-0.027340177921590356,-0.035164681467235746,0.10019746002454057,0.07322641646696922,-0.02697104355757135,0.291338710381066
,,,,-0.061947303710194156,-0.059516782862973835,-0.050779431891321454,-0.058596554581035486,0.049218783719124824,0.049270784070592925,5.200035146810117E-5,0.24906655138396977
,,,,-0.06833355052067892,-0.05960313509287654,-0.05077800030626089,-0.05079415479313745,0.06195630140856537,0.06671326189449713,0.0047569604859317985,0.29081585110965635
,,,,0.023582565901923248,0.010280675545009596,0.035191911942699675,0.027382211651778475,0.21474968803726296,0.18933821914171456,-0.025411468895548378,0.4266699195271075
,,,,0.04697810929024301,0.02255022293791082,0.0664262042071784,0.035166083216552346,0.3136072505524984,0.2562228694155954,-0.05738438113690313,0.42952138838521786
,,,,-0.01759237159279479,-0.022027546549418853,-0.019545546411316946,-0.019542712321191806,0.18557087931250654,0.1723913843795054,-0.013179494933001124,0.3145896275702395
,,,,0.05727137900953697,0.034262172441177755,0.07424550550339168,0.050806757573299326,0.38446433022784865,0.3058714868652002,-0.0785928433626485,0.26267576193309955
,,,,-0.01926706355743855,-0.03325271357067988,-0.003945466036746037,-0.027347145008058155,0.1427698334264678,0.1168062402653164,-0.025963593161151453,0.30770580117499274
,,,,0.027024659665192147,0.00915026081866298,0.05082138571262072,0.027362350395465425,0.21693512531897605,0.1867058306247673,-0.030229294694208698,0.45913460981039317
,,,,0.019937868056234927,-0.0038907675493424936,0.02930036020786452,0.011738926070901386,0.1280090164043737,0.10920268143162648,-0.018806334972747196,0.341844655883379
,,,,0.04173981823276435,0.001456043872478533,0.050806413857306165,0.011736094773591407,0.24701823977443826,0.163198634452076,-0.08381960532236224,0.24745572324092419
,,,,0.04624360178584955,0.03328918679136926,0.05078373344694315,0.04298376191603425,0.2652159651220648,0.22711013132271887,-0.038105833799345915,0.4310221190453896
,,,,0.02879459513480311,0.030757372988247798,0.0429799095280967,0.05082092842048547,0.269059893667187,0.31574854692775994,0.04668865326057287,0.8190955752438104
,,,,-0.027001368529065213,-0.013589659397253437,-0.027340842098755248,-0.011719568729296833,0.055994916881434896,0.11207241048107812,0.05607749359964321,0.7279058902327561
,,,,-0.045314396767307,-0.04125539180810501,-0.02733730111149536,-0.027333085235065578,0.0590129177247139,0.07369792167046826,0.014685003945754393,0.4650924479886271
,,,,-0.011319716368391002,9.337853879469943E-4,0.003884812878555366,0.02737989037477811,0.20242140147439333,0.20646861137294592,0.004047209898552642,0.6199112277976596
,,,,0.010122877273312382,0.015007938831588736,0.019538839705364356,0.02736025601408042,0.17786734092923048,0.19126918230600196,0.013401841376771507,0.5780171102305995
,,,,0.011556501587512596,6.942331179764026E-4,0.01955723232448707,0.01174900142980326,0.12898309722606485,0.10768249292595716,-0.02130060430010767,0.3897965465614796
,,,,0.04041267516217297,0.02961084436603568,0.058619589123516246,0.05865250122353063,0.30271855154982347,0.2639025320928267,-0.038816019456996725,0.5620339335844204
,,,,0.005328224199806723,-0.029544449540342164,0.01173126779254397,-0.027343801690653792,0.1754931552968476,0.1355384100909536,-0.03995474520589402,0.2772052810418547
,,,,0.043430289635912105,0.015668120083063616,0.0586153959841668,0.03518061358293074,0.28132057459267645,0.193888015855764,-0.08743255873691241,0.28543191746741375
,,,,0.02825183626177166,-0.01942792110679989,0.04301445592698857,-0.003913176110838519,0.19884419465120579,0.12181864572727545,-0.07702554892393028,0.2868688497050516
,,,,0.03182578999706602,-0.020219368711172078,0.05082395011442866,-0.003905662758100132,0.18097439567623308,0.07510199800115294,-0.10587239767508018,0.20757365688657162
,,,,0.04097160191144386,0.01757103022252371,0.05862195017712918,0.035193299567611816,0.3059081460937434,0.2026340466959799,-0.10327409939776346,0.38986758082768014
,,,,0.08395395577939366,0.0641618758818586,0.10351546345202611,0.08207230485289611,0.5156908560604917,0.4317046498385006,-0.08398620622199113,0.5014561955156223
,,,,0.04287870002183504,0.019265625380754447,0.05862851872917023,0.0351913569058422,0.25876945043256855,0.18162340704121424,-0.07714604339135427,0.4045258051960361
,,,,0.04224783160205872,-0.011419154620469314,0.05864242999623005,0.0038963347197475246,0.2193784159058641,0.0947836250583599,-0.12459479084750416,0.2377244824819753
,,,,0.039869039159450746,-9.410401693252438E-4,0.05081824647430854,0.011736822311438404,0.243159592490567,0.1359696363263735,-0.10718995616419355,0.2779243468340453
,,,,0.052348291507103954,0.02007271612266136,0.06643803385429571,0.03518032994026209,0.31743430931022815,0.22669405027567896,-0.09074025903454913,0.4827406464338486
,,,,0.059861234219763644,0.025807217791675344,0.07426560520087516,0.043029366030979864,0.3125138777065076,0.19533825693637633,-0.11717562077013148,0.49005841736968325
,,,,0.05992156415274829,0.03635368246007496,0.08206141521336392,0.05864685741928791,0.38021119517129137,0.2558027556622195,-0.12440843950907182,0.362167878123672
,,,,0.003044801408553114,-0.029105555507647696,0.011741014530490784,-0.01951388869745102,0.07258640050256909,0.06122649301546921,-0.011359907487099913,0.2812627343039605
,,,,0.025845663344348624,0.01957678124485075,0.035154631940529736,0.03516558853165896,0.18738696247592956,0.17463118227699137,-0.012755780198938166,0.5303869027662554
,,,,0.011793674083378218,0.009560423539271922,0.01953393922222913,0.019544929948338008,0.15601184635098644,0.15544753844090747,-5.643079100789824E-4,0.507699271185
,,,,0.006206723019050846,-0.014517166200791002,0.019557882509060348,-0.003926889964619473,0.13411055465066277,0.10898838306895488,-0.025122171581707913,0.36036123984061064
,,,,0.025982315983766407,-0.0029852212792723406,0.03518106911267438,0.003821601672005073,0.17618796835398315,0.12957087593173594,-0.04661709242224727,0.33687122665714947
,,,,0.0440765130803371,0.037740671937289645,0.05078601175704434,0.05079307330000921,0.3027760334372095,0.2679292836479744,-0.03484674978923496,0.6448717672034006
,,,,0.027944193269023535,0.01671318854300806,0.04299851128062964,0.02735971984956173,0.23295791084307801,0.1828921331476425,-0.05006577769543555,0.5513430379847035
,,,,0.029455641540653568,0.021317198063608104,0.04298588183908355,0.0351699197051793,0.23067177181316242,0.2097923078734936,-0.020879463939668864,0.7873754695946187
,,,,-0.030320678600803563,-0.05332428581181112,0.00391273151714549,-0.03514077066692619,0.09450767908127987,0.08308276375034979,-0.01142491533093013,0.2893625240871774
,,,,-0.02273194525742989,-0.04625749353213241,0.003890071397690738,-0.03515437289915457,0.10274336847482607,0.07593963390713822,-0.026803734567687844,0.2838816631030513
,,,,0.011579621447791628,-0.0024347734284163427,0.019547542932847654,0.003848936946114048,0.1370247802986438,0.13759370723938583,5.689269407420371E-4,0.5437893610632231
,,,,0.011672474484671012,0.011736827017120753,0.027357762142446836,0.027360715477678425,0.1596436347404795,0.1881623937040918,0.028518758963612296,0.776239966964224
,,,,-0.005041758735228677,-0.023172708689894246,0.01173005475055938,-0.011710276313433424,0.13935279336249376,0.1303201463872342,-0.009032646975259517,0.44795216762072887
,,,,-0.06864275622511984,-0.07239395687489193,-0.05859437155216499,-0.06640571486236269,0.03627121545085888,0.0410232444699199,0.004752029019061031,0.2314371953165137
,,,,-0.028398868668167574,-0.03533028627574623,-0.011711502867381677,-0.01953677976631067,0.14605004051790596,0.13381341775936262,-0.01223662275854334,0.3219137091340291
,,,,0.04186522824139846,0.0236857952123709,0.0586119070129233,0.03517526888552465,0.2761269255923616,0.22443749927405818,-0.051689426318303464,0.38911052293263054
,,,,0.020905100551296272,0.020103747590033732,0.03517006049326875,0.03518688900551109,0.18321909484650317,0.18215998696554395,-0.0010591078809592783,0.7335416533073001
,,,,0.0263350146789584,0.032769940365552294,0.04299515130747537,0.0508144333155894,0.19886865034573306,0.23170205935658686,0.03283340901085385,1.1157197176177935
,,,,0.028858949263334856,0.02520803974366375,0.04298706442403575,0.043010671883136696,0.20481482763417802,0.17568347441589635,-0.029131353218281676,0.5177219151274455
,,,,-0.13533904103398603,-0.151838173346258,-0.13668092320734138,-0.15231218158371854,0.1133145171660155,0.11590271103018389,0.0025881938641683986,0.2614875377724998
,,,,-0.00866996487865803,-0.005229830260968136,0.0038485951027765492,0.011733317075011063,0.2125255611242083,0.21008545953965785,-0.002440101584550372,0.5378724233635583
,,,,0.04688693030935396,0.03414831808336259,0.06642418512697364,0.050812147590101636,0.39264784613657394,0.3363529151758025,-0.056294930960771414,0.2956786829059895
,,,,0.004026308407252657,-0.008963053180275262,0.011721496053697865,0.0038625376279529007,0.21938669269261443,0.17496626145671013,-0.04442043123590422,0.26486073641391467
,,,,0.07226147214897667,0.056231422428295416,0.08988969795499421,0.08209796359729099,0.45888155189683044,0.3622875257958272,-0.09659402610100332,0.28426970695268333
,,,,0.05070809380892246,0.029375029572269642,0.06640700366448153,0.04297207575216364,0.3696007317466348,0.2903926162949398,-0.07920811545169498,0.24830237589104182
,,,,0.00862341048944968,-0.013296629668390014,0.01171667201712557,-0.0039303151795448705,0.2316043925172511,0.1859616498899195,-0.0456427426273316,0.22355751924190942
,,,,0.00323523787871824,-0.0013224551040216179,0.0038572439352764195,0.003855565129272097,0.2157247638039125,0.21045231489076982,-0.005272448913142664,0.45113737876599985
,,,,-0.04008618287943914,-0.03824151526076288,-0.01951865411415565,-0.01951913345980075,0.18858016468414102,0.20231695147970052,0.013736786795559473,0.5143066919149334
,,,,0.010394117335481541,0.00811585506755807,0.042985127196816686,0.04298709259442398,0.3368559323093545,0.3380998701349163,0.001243937825561841,0.5387413766159301
,,,,-0.013343103642249337,-0.012020027777655536,-0.003946331185333043,-0.003953065635208119,0.22754663986643367,0.20924604325252785,-0.018300596613905862,0.3137490842995881
,,,,0.0103432756154147,-0.02105496345127591,0.0117176638041127,-0.027343030051407338,0.3278600852248451,0.2525344932411485,-0.07532559198369662,0.08422156551190221
,,,,0.016016891803254944,-0.020299994258997676,0.019531325858376306,-0.019534227980071334,0.32501303187228187,0.25300820026844545,-0.07200483160383647,0.1374207079520544
,,,,0.0035494450824795944,-0.009277630394138333,0.011725238303148562,-0.003925591218940383,0.30564773769343484,0.2698721773796203,-0.0357755603138145,0.27441720594930596
,,,,0.003878007415426647,-0.007511897807539052,0.011715357624628123,-0.003934902414080383,0.3046048568966688,0.2804952406620176,-0.024109616234651254,0.3030263099905394
,,,,0.021371499076842892,-0.006601717894990729,0.019519225930012086,-0.011721700460372485,0.3416854904670175,0.29163657185595004,-0.050048918611067444,0.18171318076157159
,,,,0.05907926978293355,0.03762579098509313,0.06639447761702735,0.03515344310343002,0.43124935341395293,0.37992835193359087,-0.05132100148036215,0.14369752821125176
,,,,-0.030233430332811846,-0.04044383705175475,-0.035165599180525774,-0.05861594239072859,0.24378504391138586,0.21214933566639374,-0.031635708244992115,0.1865471790618328
,,,,0.017294266734076087,0.0022477053847471916,0.01952850397279193,-0.003930171765617673,0.32949618463368596,0.27793093834067645,-0.051565246293009556,0.21502759968855004
,,,,0.04158651796749393,0.022659772019355668,0.042975337282467274,0.01170235005141816,0.392370623063697,0.3435160680332399,-0.04885455503045722,0.13908750877763507
,,,,0.08780323605299285,0.07420399670629775,0.10547393561034606,0.0742023635395139,0.5029752782801538,0.4650166080476568,-0.03795867023249703,0.13821859182774093
,,,,-0.026825687515440653,-0.034796977818334636,-0.019537338095943154,-0.03514900399057198,0.26678258450840636,0.23957971060617492,-0.02720287390223143,0.29237144788555375
,,,,0.008480985205486354,-0.01179483013056668,0.019534051538547547,-0.01172193808138466,0.331883632842799,0.2807052245839277,-0.051178408258871134,0.19210244399112417
,,,,0.01519092342376006,0.002989249400300193,0.0038375955877800903,-0.011733830136743801,0.3489331491980087,0.31767616564737006,-0.03125698355063864,0.1683327434595788
,,,,-0.03302677651766001,-0.04504970356413269,-0.03516790356099054,-0.050769316290807553,0.22770707103499224,0.18644345131149956,-0.0412636197234927,0.18403172675671628
,,,,-0.05681166807774849,-0.07025596824908958,-0.06641635125274302,-0.08985527242166952,0.2104070093296945,0.17559021192450047,-0.03481679740519406,0.18960754730995616
,,,,-0.0694923861770663,-0.0791649249547804,-0.08203530002752055,-0.097660910055198,0.19998851860474973,0.17525152204851988,-0.024736996556229823,0.21658590825249913
,,,,-0.14433340038118003,-0.14605937404555275,-0.18360307029028014,-0.17579439159644533,0.10687350595665453,0.09532176657902665,-0.011551739377627894,0.24351598068370328
,,,,-0.009164672623775147,-0.01912639069425686,0.019540485680911632,0.019541184119712837,0.34076805345724004,0.3221830705518675,-0.01858498290537251,0.32881188347388385
,,,,-0.025833499249021764,-0.0228997442083902,-0.019545645231237394,-0.003936854349861056,0.237252237895918,0.2392272419643423,0.001975004068424329,0.437041684789802
,,,,-0.015656776081926272,0.004642931510774249,-0.011720612950128027,0.011727335501286597,0.19697198491047607,0.23360915455247105,0.03663716964199502,0.8479132841995366
,,,,-0.0485607015014465,-0.03322260728798562,-0.05079426518060949,-0.027360125697825696,0.11223081976649238,0.14620317681176861,0.03397235704527625,0.6804552496556021
,,,,0.007061718017495617,0.021651225155622258,0.00383904461194085,0.02733479972015276,0.24918085970194964,0.27195638213653245,0.022775522434582918,0.6442906130303164
,,,,-0.10058435045219208,-0.10520100872127258,-0.09764592371146877,-0.08982965764261977,0.15953665320311505,0.15474911928572854,-0.004787533917386519,0.32170741474504727
,,,,-0.057898974856528986,-0.05880794152933005,-0.03515891137385898,-0.027330794375719922,0.22753095797974499,0.22415726201966096,-0.0033736959600839905,0.3828401913901504
,,,,-0.001454677283087952,0.015296981782775526,-0.003950371514000267,0.019521015964221154,0.20500339081885652,0.24172711710342162,0.03672372628456509,0.8405666858594223
,,,,-0.05353176411242569,-0.05039092159144715,-0.035145632040697275,-0.019536235384800493,0.1817129729283039,0.19845523625533085,0.01674226332702697,0.547439290762428
,,,,-0.014244803872181813,-0.0018090639286649766,0.01953952722915091,0.03518848123103153,0.2582642197224897,0.3087345754286803,0.05047035570619051,0.9410816994437944
,,,,0.01587700886392979,0.03522371910537502,0.01953731027887818,0.04297943719076332,0.231107275528572,0.29494514499771773,0.06383786946914569,1.1466087354124053
,,,,-0.026989012630527873,-0.019096865848614197,-0.003946242493076845,0.011734911527049552,0.2125638372026217,0.2453187061149928,0.0327548689123711,0.695766281713685
,,,,0.004994894432814522,0.0032766092533887273,0.0429758728128946,0.042986070459576885,0.3704803216838307,0.3627022475089897,-0.00777807417484096,0.46688968571034567
,,,,-0.0568687479731346,-0.03002488693993737,-0.0586064085892198,-0.027347808556814582,0.1257883613733084,0.15850712970188516,0.03271876832857668,0.6174196039219526
,,,,-0.050965833602042904,-0.03303269500067936,-0.05078556027422054,-0.027336394132979943,0.08547547660242114,0.11976814111941343,0.034292664516992276,0.6871758562452417
,,,,0.004799427578715619,-0.0017695334670613009,0.011720813301654679,0.0038817146386091353,0.2513418391449156,0.209707002684051,-0.04163483646086454,0.33643068269839277
,,,,0.058299734070616366,0.04667654860867498,0.08206035827731244,0.06642598332087686,0.41792444029937603,0.36529748261603434,-0.05262695768334155,0.46235954428811316
,,,,0.0630554574654002,0.0479901808288575,0.08206946704256,0.07427207365152477,0.4164428971249673,0.3588997647063854,-0.057543132418581895,0.4298504580641733
,,,,0.02449810583523783,0.017965873381364916,0.05080925194802537,0.04299439200895712,0.31461053264477107,0.30227718252493174,-0.01233335011983949,0.572811238480611
,,,,-0.0049837139751101045,-0.00907491514299705,0.0038781417034495745,0.003887919073950064,0.19621967932836407,0.18180959626827964,-0.014410083060084471,0.5995928994366205
,,,,0.05032467732766598,0.03542235046365957,0.07424020659469442,0.05863351724792648,0.3788210993044866,0.3363012099591653,-0.042519889345321214,0.48512910205167553
,,,,0.06252154867975873,0.05271198626596596,0.07424945317208413,0.07425813334089544,0.37791854217228443,0.3311093596907708,-0.04680918248151358,0.6000677689483671
,,,,0.029847501136827312,0.02048042225062751,0.04493193453271883,0.035180126688742624,0.26603062167359026,0.21088019503079647,-0.05515042664279383,0.2685692164170294
,,,,0.004660748819509195,-0.013706388897073657,0.027352712313765223,0.003890617127308996,0.25427471508160787,0.18313412919819505,-0.07114058588341286,0.15555559678468814
,,,,0.050778027912194955,0.015782957598691486,0.0742497910776037,0.027356327253583314,0.38540131968808033,0.25711277547122513,-0.12828854421685512,0.040856538877701964
,,,,0.08367730903479384,0.03226633881084552,0.10352234016450317,0.05863859835171608,0.522397693527182,0.3295381816625687,-0.1928595118646133,-0.1289874762749844
,,,,0.07628392995911662,0.03295646854976708,0.09961473037257133,0.05861952213897501,0.4925869776418726,0.3323394570465964,-0.16024752059527597,-0.04560300936588852
,,,,0.07666893095223261,0.04274759356322409,0.09181818540249775,0.0586065327371049,0.4713319710335977,0.34019989351697205,-0.13113207751662587,0.10159231955383433
,,,,0.006428967264839569,-0.01933470063886336,0.019540334095625073,-0.003931118884616221,0.24194777635461867,0.18446382868268393,-0.05748394767193485,0.27230965407178453
,,,,-0.027632420324108887,-0.0557147888593805,-0.003904622165260393,-0.035152514053420104,0.23448725270759138,0.18856406326762762,-0.04592318943996382,0.2650591167322344
,,,,-0.19275257862598894,-0.2084779186880879,-0.20703737545863612,-0.23047672270702343,0.02392114247724876,0.029232192042138946,0.005311049564890188,0.13051484918950798
,,,,-0.18705137692311669,-0.18182385174544538,-0.19921905646720384,-0.19142092572656855,0.01441592755923892,0.029499304316565722,0.015083376757326808,0.18967503570824262
,,,,-0.18854713698521317,-0.1919623523254794,-0.19923428974577656,-0.2070513549220469,0.022479351816325686,0.03358085260363818,0.011101500787312497,0.16641030156674042
,,,,-0.28002864286486984,-0.2992035178541202,-0.2851361621941256,-0.3007727869434524,0.0013384383865272654,0.0028262284821562187,0.0014877900956289539,0.021262752615458128
,,,,-0.2889623575053496,-0.3021726764705176,-0.3086107706174171,-0.3242415118407875,0.007626716791757176,0.011441560116822628,0.0038148433250654525,0.07532327203921071
,,,,-0.2660948680354542,-0.2844886950866902,-0.27733725644604174,-0.30076941939103075,0.003377282313306978,0.0046978180618726835,0.0013205357485657065,0.03288896802587069
,,,,-0.2719530666945942,-0.29838798147158174,-0.28517558401248616,-0.31640864175608413,0.003207774171094918,0.004323131495692028,0.001115357324597111,0.03579896426349208
,,,,-0.12687166098466057,-0.15316962610222717,-0.14454418501473568,-0.1836163386468698,0.07757354343863113,0.07345348316302641,-0.004120060275604718,0.23063647133354945
,,,,-0.20277096486239524,-0.2267282077923462,-0.21486875480410977,-0.24612126491018138,0.011777226686390104,0.013343240948593045,0.0015660142622029379,0.08387318629161626
,,,,-0.0540842105016834,-0.07865069090855172,-0.019519135174161827,-0.042957316012134955,0.23108958997198578,0.20252516906226192,-0.02856442090972386,0.4359367517108199
,,,,-0.1428368462379532,-0.14167414438776196,-0.15234019127369378,-0.15234495866131778,0.1617732946594602,0.14286899605284262,-0.018904298606617548,0.20939100120053172
,,,,0.038400462147742946,0.02147783642056006,0.06638607324536348,0.027265684400090206,0.4229832117033899,0.36793768402276184,-0.0550455276806281,0.2317088070871946
,,,,-0.009505052412726485,-0.04693191355528065,0.011694761719992482,-0.019515321104550502,0.2668372155147131,0.20935414361383484,-0.05748307190087827,0.4333161739709672
,,,,0.06971049151681714,0.025446426505924567,0.10547029980948947,0.042968423691770764,0.507987271186492,0.37542786789974475,-0.13255940328674728,0.2034283315178792
,,,,0.06618762735398889,0.04761991713522469,0.10553300177102028,0.08987476631400686,0.5168814847992204,0.45579027829028357,-0.06109120650893685,0.38881570592594217
,,,,0.0031399510574587337,0.00443601796443587,0.027320865542273576,0.04304384316316529,0.24610828515468033,0.30816132610970937,0.06205304095502902,1.1075769597994463
,,,,-0.06748670015835168,-0.09169954756688105,-0.058577970488300934,-0.06636098950835803,0.1542955209133386,0.16442364785935848,0.010128126946019918,0.43381432382086116
,,,,0.07991784701170578,0.057003932757267284,0.13673367841220854,0.12893327546764033,0.5608814572769667,0.5463223826603358,-0.014559074616630852,0.2913975787132795
,,,,-0.004665531648039116,-0.059172531092266376,0.003890259631928875,-0.07422676940627863,0.32330835435118005,0.28346418894020986,-0.03984416541097023,0.26882120429342016
,,,,0.05085288548669302,0.052269564326741666,0.074240490619746,0.0820637132027594,0.4183919183497577,0.44354670923445033,0.0251547908846925,0.8415676536670602
,,,,-0.1800227049276746,-0.1856105134190993,-0.19142219988200432,-0.19922061083330567,0.024616726183731712,0.027252554114822646,0.002635827931090931,0.11048761379143412
,,,,-0.2042225516644758,-0.22954451357848835,-0.23049704419162273,-0.25393357773682596,0.028399814897765593,0.02655390421972607,-0.0018459106780395326,0.09842999814704957
,,,,-0.23253303578489723,-0.2429769832776829,-0.26175301272251505,-0.269571029643036,0.026935492267070947,0.02226510691725337,-0.004670385349817574,0.05348881329023101
,,,,-0.23574862607350625,-0.25205579587481697,-0.25394973929327447,-0.2695609405621511,0.012871718591109109,0.010453163788698079,-0.0024185548024110294,0.04018818047754008
,,,,-0.22615181503654866,-0.25631650251697563,-0.2461302503535934,-0.28517027151377095,0.0159490993606612,0.021033840917220978,0.0050847415565597786,0.09370096742175772
,,,,-0.17652086849279217,-0.19859121018079146,-0.1914115817132884,-0.22266728948464637,0.03681404269564845,0.03374247914691943,-0.0030715635487290165,0.1328074534686603
,,,,-0.1855439364827914,-0.2130706562292976,-0.19924006297958802,-0.23829869481850366,0.020208181195156487,0.019922874652377534,-2.853065427789546E-4,0.12916891213903386
,,,,-0.12005842072758657,-0.17645903084472472,-0.14453924348956174,-0.21486613150914036,0.10211428239216808,0.07596494545556516,-0.026149336936602895,0.14453509779002485
,,,,0.012363694216429353,-0.008450931545455995,0.01954405031883834,-0.003913383714428386,0.3377624836428412,0.2731030010182997,-0.06465948262454153,0.24029891739540019
,,,,-0.18270606172507184,-0.2195189882479204,-0.23050396959300656,-0.26958157141091826,0.06950932615876666,0.04124757290835995,-0.028261753250406703,0.06641892840210682
,,,,-0.2716598139978108,-0.28979356081029883,-0.2871172389075173,-0.3086236308360774,0.007187838567517409,0.006888113603768557,-2.997249637488511E-4,0.03608500494933026
,,,,-0.2889108745506817,-0.31349653828921514,-0.3008034300390604,-0.32422647298765744,0.002549819073442071,0.0014765692747947465,-0.0010732497986473248,0.007486657113442037
,,,,-0.2564905275711656,-0.30398460711227515,-0.2851915946447424,-0.3242540731799635,0.011046163476419665,0.0049307760733951975,-0.006115387403024468,0.00832862382544745
,,,,-0.2661898627507342,-0.3069208962973021,-0.28519580545847956,-0.3242367867964362,0.0042417240531252695,0.0023530039719178645,-0.0018887200812074051,0.013492224221924294
,,,,-0.26264270185583094,-0.2914905913797225,-0.2695346783252864,-0.30077926860633925,0.006188005386142509,0.0068336962449754525,6.456908588329438E-4,0.02550194775916919
,,,,-0.2455820725758036,-0.2771814099198361,-0.24610384168151836,-0.27734303708238667,0.0016402841947409199,0.0019145209101244884,2.742367153835684E-4,0.012838924482398413
,,,,-0.27457466246824647,-0.30201763035307383,-0.27733346639011547,-0.3085734023057099,0.0017917283351454331,0.0026351904112052993,8.434620760598665E-4,0.020301438479495372
,,,,-0.10298013576863409,-0.15183982040650468,-0.11914163945777179,-0.1836350636879616,0.07061706289653458,0.04928370363419887,-0.021333359262335722,0.10944174121494699
,,,,-0.16252836239432122,-0.21015458875544862,-0.17383564749657926,-0.22461871773811573,0.009451738409437083,0.005317702784231403,-0.004134035625205676,0.018455170078719163
,,,,-0.10785425406028376,-0.1691384621715778,-0.12304892789334207,-0.19728004983820743,0.056474256182792955,0.041741331373581575,-0.014732924809211385,0.053333770806317814
,,,,-0.15193906598069049,-0.2145569970219852,-0.16017071207872066,-0.22267334587157567,0.015962167041891125,0.004507946130510467,-0.011454220911380658,0.010691849719452062
,,,,-0.15095198220405734,-0.21696177048074394,-0.15820196374992962,-0.22851369195610977,0.023441610829867905,0.010113409142106693,-0.013328201687761214,0.014339482782081405
,,,,-0.12985175731195436,-0.18320602019895219,-0.14258712928996292,-0.2011787858605047,0.01879402394063315,0.013284207449779031,-0.005509816490854123,0.04208480403644742
,,,,-0.16018366522007577,-0.21175155743248011,-0.16992972659779318,-0.22070783416127587,0.007197103001323508,0.00388106005877987,-0.0033160429425436373,0.012252412854879682
,,,,-0.10543028837577756,-0.20505737647551706,-0.11328877050020211,-0.2226759952538994,0.021776199941390264,0.005100495576981586,-0.016675704364408676,0.005387929930034964
,,,,-0.11446233328925093,-0.19639713428709454,-0.12304445771206177,-0.21487076381131626,0.015446721882731891,0.0044151251380462435,-0.011031596744685646,0.013913858327574167
,,,,-0.17844662609913015,-0.23320380395160958,-0.18359093912865948,-0.24607861446854737,0.013780689866217949,0.006276581800563478,-0.007504108065654471,0.02339850044365604
,,,,-0.18408002959197106,-0.23477629805399894,-0.2011769254495972,-0.2539146562392217,0.016427263222718702,0.011879022936707131,-0.00454824028601157,0.03156441986666834
,,,,-0.134005778181729,-0.19878674762237233,-0.15039946456398198,-0.21679941953473386,0.02619620421526841,0.014880165817893478,-0.01131603839737493,0.03024150915163204
,,,,-0.17012720172467363,-0.2266187086003196,-0.18360443091540504,-0.23831038577970584,0.013034497104494877,0.010511807284297965,-0.002522689820196918,0.03760675758173212
,,,,-0.2051859889806125,-0.24375289825940283,-0.2226899868279174,-0.2617349172489203,0.00910225056198342,0.009048840725769421,-5.3409836213999394E-5,0.02976327233037245
,,,,-0.17203576628775027,-0.22372617031490658,-0.19143320769867875,-0.23829653572420761,0.021357209807398917,0.008894867504896736,-0.01246234230250218,0.027443139696402833
,,,,-0.13144758185297473,-0.17886830240397927,-0.17581882792764705,-0.222707497526852,0.13604291464967574,0.07732302525668013,-0.058719889392995606,0.03200900941601957
,,,,-0.041336693443506635,-0.09518719265386535,-0.027331109351342434,-0.09765443652416483,0.2722461361617073,0.1686673870749271,-0.10357874908678026,0.05545234304120754
,,,,-0.13028054153357535,-0.1794582105684943,-0.15237005811280646,-0.20707290373498713,0.08459824848966056,0.04447999928657808,-0.04011824920308247,0.06975401050288994
,,,,-0.16180268967195913,-0.21035025836424942,-0.1738297804767358,-0.2226616581674437,0.015969187913605697,0.013353162860671721,-0.0026160250529339763,0.055699008138078536
,,,,-0.1713626209619058,-0.2274621256924121,-0.1836217661057456,-0.23829277518021433,0.014207759546651306,0.007580153717518533,-0.006627605829132776,0.030059797918927045
,,,,-0.14325260358899752,-0.20330615972335306,-0.16017864028995518,-0.2226800963454892,0.028497903953125046,0.015868204324826756,-0.012629699628298281,0.07656344378531159
,,,,-0.03335887254179251,-0.0750894904421762,-0.0039253653415929545,-0.058567822368586625,0.27639577749616995,0.19717173176523564,-0.07922404573093438,0.21586714700774753
,,,,-0.05392253603411968,-0.0760173450231287,-0.03513129381508148,-0.07422002054520194,0.20086044620495455,0.1771353864624275,-0.023725059742527022,0.43291116823260023
,,,,-0.07619399713599863,-0.1378843396704229,-0.06641454904747443,-0.144547151100322,0.12759115194630935,0.05594289367337544,-0.07164825827293393,0.11929471767424076
,,,,-0.12737657733050245,-0.15834901796874193,-0.1523623261468167,-0.19144260110086148,0.18101264632968728,0.12565635654972307,-0.05535628977996424,0.08892200653168067
,,,,-0.14183394960639636,-0.1626063414679536,-0.19926003048807878,-0.21488122923987704,0.15239795349544516,0.12397090303042461,-0.028427050465020542,0.12857819603865545
,,,,-0.17146985840682408,-0.21004065885343196,-0.2305199050850783,-0.269576807373231,0.11854931521365944,0.08511974571180968,-0.03342956950184978,0.042299832608412594
,,,,-0.14083856978672105,-0.1780098129817215,-0.20707884075488694,-0.23832187801393614,0.16697796969108125,0.10903892484857974,-0.05793904484250151,0.038603476783984486
,,,,-0.2377338458750889,-0.26653234237145595,-0.26954938448322213,-0.2929905483965877,0.034437642107065985,0.026348622900828865,-0.008089019206237131,0.03697454450631904
,,,,-0.09574905505661992,-0.14268904385959552,-0.08983148240135588,-0.15233843610250777,0.11115048303154373,0.07720561383766494,-0.03394486919387878,0.16036068006316562
,,,,-0.15408970188212062,-0.1930296038917617,-0.16015391475265522,-0.20704506790489874,0.029171213435248807,0.021024510944027932,-0.00814670249122087,0.061341680728902254
,,,,-0.15206330635810522,-0.18339053072917075,-0.23051807126884039,-0.2617635689319321,0.17989332990203402,0.1512932620442409,-0.028600067857793142,0.06999324175631008
,,,,-0.0938853893746246,-0.14887750112845322,-0.11524088473370953,-0.18945636559795634,0.09572303291475721,0.07171831662845211,-0.024004716286305114,0.13263596282837892
,,,,-0.1241570601746533,-0.17584803226668286,-0.138683080960794,-0.2050851957956363,0.02732805396637585,0.02846838183685791,0.0011403278704820569,0.1287495060948039
,,,,-0.10746210837036456,-0.18492178722696667,-0.11914613782822504,-0.20705548204117905,0.02539241197436275,0.013388227694216001,-0.012004184280146744,0.027818846364987673
,,,,-0.1301275225102516,-0.20548976986418713,-0.1425892746646771,-0.22070521782304706,0.01765267558492066,0.007478585777182488,-0.010174089807738174,0.01587677624562609
,,,,-0.18014288832949898,-0.2159233424746859,-0.21487502410638473,-0.24612128243438802,0.05282153782920273,0.037163102148231014,-0.015658435680971725,0.04919320005018887
,,,,-0.1169405835867276,-0.15020733559481775,-0.16801544337735635,-0.2070858504875393,0.20528294434968725,0.14154741742369353,-0.06373552692599373,0.04694251075402429
,,,,-0.10805854917761086,-0.13055289221819907,-0.17585580747517252,-0.19927304790165604,0.21030030437439393,0.16962196750844358,-0.040678336865950376,0.16734145851635537
,,,,-0.17953179450048562,-0.21393986627239311,-0.23053248199346574,-0.2617739174770548,0.07473223787876135,0.04376806383311507,-0.030964174045646258,0.06455536895893069
,,,,-0.20433495117132952,-0.2338664142428006,-0.2089865956659343,-0.23830872475029852,0.002345898592343541,0.0019793555893662263,-3.6654300297731543E-4,0.014536817559844139
,,,,-0.2167238619028832,-0.2468458904161098,-0.21482985706915642,-0.25393676114061825,0.00275319606310578,0.002032911753571533,-7.202843095342477E-4,0.011351611989928276
,,,,-0.22970641327156677,-0.2428090185866012,-0.23045993628472902,-0.24612298963050178,0.0018839720041948587,0.0025721070845295935,6.881350803347344E-4,0.015938552478032383
,,,,-0.22104084239682345,-0.24655158630402088,-0.2226696116437221,-0.25393528721411496,0.005405232204349984,0.006828750068950785,0.001423517864600799,0.03651976547799137
,,,,-0.18516975862248763,-0.23133292285897417,-0.19140545462514996,-0.24612655073182024,0.006386955281507112,0.0063810610393923006,-5.894242114809521E-6,0.04278148131806081
,,,,-0.18969304512645616,-0.2013828957348241,-0.20706510485600052,-0.2226848742794009,0.013110686728882352,0.019697959157613458,0.006587272428731105,0.10939475863679093
,,,,-0.24307670542118345,-0.27262165416421896,-0.24611556918537653,-0.27735120880336667,0.005526455999304727,0.0043810726044361484,-0.00114538339486858,0.017601368473731557
,,,,-0.2503293220522275,-0.27252908731628295,-0.2617343988947499,-0.2851653108497896,0.004604561454384642,0.004346721404484736,-2.5784004989990665E-4,0.027945054546873887
,,,,-0.23677107871266417,-0.25592566003457207,-0.24610019980088932,-0.2695531913656219,0.003409261483020406,0.0034344222377172434,2.516075469683696E-5,0.02313877892394708
,,,,-0.23396800776776627,-0.2499516678317893,-0.24610553169778424,-0.261755750256836,0.005245889114687846,0.004379326653237834,-8.665624614500116E-4,0.031890502952590785
,,,,-0.25654949724985543,-0.277322316191092,-0.26955385104111823,-0.29297117247030763,0.008445594924550907,0.0066977457641226165,-0.0017478491604282908,0.049350429193681516
,,,,-0.2595261771130094,-0.2725616473268347,-0.27736994998291,-0.2929917403200306,0.007192421580425655,0.010149067433975265,0.0029566458535496094,0.0874954859832759
,,,,-0.24654869915072594,-0.2629654036920991,-0.2695610699539247,-0.2851811453521361,0.020420489907100804,0.019249989543065147,-0.0011705003640356617,0.08815284017702545
,,,,-0.24852950126351375,-0.23037986858810663,-0.2695523622431082,-0.253932580912505,0.01148902024682571,0.024069721357041184,0.012580701110215468,0.20705845779465026
,,,,-0.2366202306492975,-0.2463596649995329,-0.2519759088974597,-0.26174849831767405,0.006096533102452812,0.00410654262118731,-0.001989990481265502,0.02810232826465887
,,,,-0.23979659456404878,-0.24714759132468161,-0.26172879018178724,-0.26957237960521896,0.01163594551712349,0.010293206779183722,-0.0013427387379397662,0.03760957622842766
,,,,-0.22775613592598487,-0.2531869817082849,-0.2461204940164685,-0.2695620146251283,0.005548047022409396,0.004370524592638663,-0.0011775224297707314,0.024537794794009374
,,,,-0.22507421158032348,-0.26088060050219997,-0.23047160369419217,-0.2695495832700767,0.003305849503788082,0.0012249983218138721,-0.0020808511819742095,0.005825392316963897
,,,,-0.19800082919054907,-0.24133183030229982,-0.20705216446649996,-0.2539430214948578,0.007211007057246724,0.002478926018782218,-0.004732081038464504,0.009934132477335217
,,,,-0.23283041551180916,-0.25113751176939736,-0.23830959240384883,-0.26174408429807566,0.0022123065339636314,0.0023969826928134535,1.846761588498222E-4,0.012168450735631253
,,,,-0.22833152709940382,-0.24364647681323487,-0.2383150784025281,-0.2617554288243437,0.005799561162586688,0.00635046538292231,5.509042203356206E-4,0.03523380288223222
,,,,-0.13699269537847514,-0.1964524189462652,-0.1503942427198245,-0.20705216236512183,0.023579602317664265,0.009592721492258613,-0.013986880825405645,0.05468832991514746
,,,,-0.22368133105183538,-0.23780650749800036,-0.23048050037696224,-0.24612550478470266,0.004644463378475184,0.005305883931755061,6.61420553279877E-4,0.03128876057910138
,,,,-0.18493658151745232,-0.21733295670048786,-0.19140396123454134,-0.23048689833787417,0.010322285621028883,0.006660150891491363,-0.003662134729537521,0.04468600976879467
,,,,-0.22108462362250722,-0.23332536846237342,-0.23048329993333963,-0.2461033250007357,0.004881578553577993,0.0058009920166266,9.194134630486081E-4,0.03984566870112104
,,,,-0.24836797316874765,-0.2543857783053861,-0.2539339320139564,-0.2695492901920163,0.0024255162232191315,0.004985556579283498,0.0025600403560643655,0.03493330653455936
,,,,-0.23899519079347772,-0.24148096001460698,-0.2461022579405633,-0.25393183783893764,0.0033826329846164526,0.0066495522335371215,0.003266919248920669,0.046805903667170905
,,,,-0.2692373523057177,-0.3028516526155512,-0.2851764795940587,-0.3164192080217562,0.006906037431886637,0.00865195752443038,0.0017459200925437426,0.05376344024729866
,,,,-0.2615568465545384,-0.28494541677018703,-0.2753881568242747,-0.3008062974304803,0.0018425367258120373,0.0038426105675856887,0.0020000738417736514,0.030938065863313886
,,,,-0.25452076042486005,-0.293190799376636,-0.26368963007110735,-0.3008108113903758,0.002640564340440474,0.0022840191703438362,-3.565451700966376E-4,0.017307668798262142
,,,,-0.24208367499363953,-0.2849615397954334,-0.2519652834368456,-0.30077237686464586,0.009799261721688326,0.011021022574955833,0.001221760853267506,0.09807237293303689
,,,,-0.27681363291712746,-0.3063188653081342,-0.2851698912394001,-0.31643469602733826,0.002280606405273927,0.004480323982319169,0.0021997175770452414,0.03206101078722079
,,,,-0.27001063507712775,-0.3050434697802736,-0.28711456571841704,-0.32422601753218727,0.018346131748213257,0.01753171072691115,-8.144210213021097E-4,0.15127393578270731
,,,,-0.24935524852841875,-0.2864180849113481,-0.26172694530034984,-0.30079697559691226,0.008866652740079747,0.008846205007873933,-2.044773220581461E-5,0.06933178193188093
,,,,-0.22919077626958234,-0.26889221120083223,-0.2382873106001978,-0.28519232365234654,0.008448987335738678,0.010058765220072681,0.0016097778843340033,0.08811901324363652
,,,,-0.2279941006212575,-0.2802581891644386,-0.24023909201404295,-0.3008033696205462,0.006329418728290463,0.011502291934261808,0.005172873205971346,0.10525024299870418
,,,,-0.26864144284936964,-0.29440141314032003,-0.2793082074457865,-0.30860371187781677,0.001886913254706576,0.005929216646165693,0.004042303391459117,0.04934808495505049
,,,,-0.27225661963023917,-0.2953606204171517,-0.29493063463062236,-0.3242436860348096,0.0172908395639473,0.02317678660271635,0.005885947038769044,0.19874001037467107
,,,,-0.2443290037539461,-0.2799990669252736,-0.27539549429423266,-0.3086219129233601,0.03016736761275424,0.02800050694060734,-0.002166860672146896,0.23098135954376564
,,,,-0.2982430294414968,-0.3111558612430841,-0.31645264564295267,-0.33206936044350055,0.005742162816214493,0.016354226676438575,0.010612063860224084,0.14331921073369963
,,,,-0.26373383235885195,-0.28768544259998435,-0.2851863114820831,-0.31643728710529084,0.01521584569758621,0.027025511507176695,0.011809665809590487,0.23550457862687796
,,,,-0.27403929902590535,-0.32186631159945905,-0.2792920665052053,-0.3261927198815621,3.829415100389477E-4,9.064616590657555E-4,5.235201490268079E-4,0.007482535504599322
,,,,-0.2833068592855117,-0.323054235952241,-0.291017155709842,-0.33205457841479374,0.0013717993863969768,0.003853318287631341,0.0024815189012343647,0.03252869969574027
,,,,-0.23948084098634947,-0.2803870650365088,-0.2519589420734167,-0.293011389690796,0.0037024373302457472,0.005478655569142487,0.001776218238896739,0.03995400542174963
,,,,-0.2643140402129846,-0.3000843904441768,-0.27149658198440973,-0.30862376107070644,0.0020041623972881463,0.0035251648370027283,0.0015210024397145816,0.025473398240617857
,,,,-0.264678697474477,-0.3057219078161993,-0.2714884928596028,-0.3164139211442393,0.0023455800674455083,0.003145252213589435,7.996721461439269E-4,0.022675908906550378
,,,,-0.27980272827970365,-0.3109065309573648,-0.2871132517185763,-0.3242326606596528,0.0013775371677332755,0.0030587324885399977,0.0016811953208067225,0.02279114581099282
,,,,-0.25510021537612176,-0.2837148437570797,-0.27149059462470715,-0.30078832488915624,0.003059815669159697,0.00615987991680467,0.0031000642476449736,0.0468724977790213
,,,,-0.28403019608396357,-0.3082334736845253,-0.29298942856085536,-0.3242352604920233,0.003213336717782832,0.006629162360821527,0.003415825643038695,0.042347421086427556
,,,,-0.2672959282915401,-0.28159676582009696,-0.27149218889313526,-0.29298818501948426,5.373246514944559E-4,0.0022371014632633075,0.0016997768117688514,0.018494344197454153
,,,,-0.2784893713135338,-0.29804691972601133,-0.287108166173132,-0.30861518781203884,0.0011967860993948472,0.0022101921321537404,0.001013406032758893,0.014586631523994196
,,,,-0.282955694120449,-0.2962152580177499,-0.298833319659602,-0.3086150521605474,0.0030892967833654845,0.004731028172223204,0.0016417313888577197,0.03112848815288732
,,,,-0.2760201790843503,-0.2930360290496714,-0.2929766455032443,-0.3086109242755767,0.003255855506089174,0.004235979618298401,9.80124112209227E-4,0.027728165444222824
,,,,-0.27146654430840256,-0.26288199958732267,-0.28517346456243325,-0.2851614008375901,0.002426199606221766,0.0060585099765994264,0.0036323103703776614,0.043905220360315224
,,,,-0.2679661469789775,-0.2724093628763805,-0.28519327914773157,-0.29302148804802486,0.005695282472438983,0.010422684466057621,0.004727401993618639,0.06381837245827474
,,,,-0.2879516093105911,-0.29542939066623014,-0.300793559234585,-0.308601164963847,0.0024813806245815155,0.0033569370524716433,8.755564278901286E-4,0.020551929531489276
,,,,-0.25727889256015896,-0.2710610515601585,-0.26367077041838566,-0.27735059891883135,0.005160614091458564,0.0038344832392976824,-0.0013261308521608816,0.028420256557781288
,,,,-0.2753489928065696,-0.2771796826234179,-0.28322525034982593,-0.28518324597114464,8.938820066969766E-4,0.00217245597798894,0.0012785739712919636,0.015616570893505863
,,,,-0.28011583878887675,-0.28318148327137765,-0.2929785711896917,-0.2930063378167199,0.0030000747060614495,0.0036926947725675232,6.926200665060735E-4,0.02483440481636444
,,,,-0.25401576926504615,-0.2602462405955392,-0.25976949604824356,-0.2695413845776645,0.004481783278002622,0.006106961579798285,0.0016251783017956615,0.05007119105903016
,,,,-0.29490583272024223,-0.29682191623503523,-0.30863487927266814,-0.3086191841928581,0.0017049479365139606,0.002828782401369437,0.0011238344648554761,0.019739468749113333
,,,,-0.2533314573195888,-0.2734361255617862,-0.259776117787715,-0.2773622471348263,0.0021965933626288767,0.003125402994080065,9.288096314511877E-4,0.023739856025773214
,,,,-0.2548436436788062,-0.30053359022613185,-0.2597755433734633,-0.3085979434105328,3.341418809554386E-4,0.0012044889355180921,8.703470545626536E-4,0.010544385114835367
,,,,-0.27068432940528914,-0.30020851216214545,-0.2792929861633357,-0.3164359224307103,5.679812326832633E-4,0.005379133228022143,0.00481115199533888,0.05143064725864779
,,,,-0.243500849451861,-0.2796622997248104,-0.2519604509811532,-0.29296352401225384,0.0012517793781556149,0.004123095333254208,0.002871315955098594,0.03779535061406484
,,,,-0.2413088401693496,-0.26734161405817547,-0.25586056829449555,-0.28712853463763605,3.3416629804022753E-4,0.005930125733475783,0.005595959435435556,0.05782137822173004
,,,,-0.2667017780315375,-0.297407134679908,-0.27541241251665305,-0.30861744933386387,0.0031939107736039737,0.005780556608004483,0.0025866458344005095,0.03751623145073595
,,,,-0.26745036288317786,-0.30189174681924236,-0.2753984248295831,-0.31055419306797716,6.141594049495184E-4,0.0030872082767781656,0.002473048871828647,0.028417397605639695
,,,,-0.2587460822640848,-0.2822615486547127,-0.25976180400593296,-0.2910240061431367,4.718130820783122E-4,0.00493272014997869,0.004460907067900378,0.04785153115653834
,,,,-0.24264422422100534,-0.2637271124437734,-0.24805979686198065,-0.271466955961117,0.0011903569688235228,0.003709408014056498,0.0025190510452329754,0.03295908418193318
,,,,-0.2709126311193908,-0.29439985176776073,-0.2753961865958187,-0.3027387940868523,4.0001266530092117E-4,0.0014506772876776823,0.001050664622376761,0.013525894662052184
,,,,-0.27297716373217973,-0.28907052384974813,-0.2851644249323126,-0.3008046419195901,0.004375484435810753,0.006075640326579238,0.0017001558907684849,0.04431539436028728
,,,,-0.2569473900632078,-0.28770968329679336,-0.2695707600338579,-0.3008072141047811,0.004558207215962025,0.006573819942965651,0.002015612727003627,0.051591423370334524
,,,,-0.2707236561783666,-0.28950122494589436,-0.2753891301473515,-0.3008052063755414,0.0012613566502685863,0.003012004399084994,0.0017506477488164081,0.025958266118910316
,,,,-0.22390960667625492,-0.24732816414390207,-0.23241573168122442,-0.255883046902446,0.0016275064110702088,0.002534200407602085,9.06693996531876E-4,0.02000687953366978
,,,,-0.1669965496916516,-0.20634900293853622,-0.1816297447875381,-0.22266742162186057,0.010414125844904129,0.010206264124660637,-2.0786172024349033E-4,0.06948293507629705
,,,,-0.21868739220693667,-0.2507693462199958,-0.22461134254326204,-0.25978282153249316,0.0025132426700523944,0.002624352144928665,1.1110947487627068E-4,0.018832552342943402
,,,,-0.02249496862226995,-0.043469014199233554,-0.009758642489947735,-0.027332377189162885,0.11258301869737411,0.11979608331462491,0.007213064617250804,0.47611197160618524
,,,,-0.020889489658528455,-0.045893184155148356,-0.003943797699043743,-0.03516740587520667,0.1390699987453376,0.1392815918595126,2.1159311417500085E-4,0.4857985970849536
,,,,-0.08163692690483298,-0.11893638393326028,-0.0996077352894772,-0.1523860730051367,0.10099573944973785,0.10996050929359547,0.008964769843857625,0.32344042893230834
,,,,-0.16221981877549466,-0.19470890839841784,-0.1836172968808497,-0.22269818202338487,0.03702522326912096,0.037396233827446786,3.710105583258222E-4,0.1492710193430287
,,,,-0.2631191559906235,-0.2601539282713203,-0.2754013164453845,-0.2773518721928057,0.004936018588570223,0.006844758798944372,0.0019087402103741492,0.041238410756539605
,,,,-0.22498371049643548,-0.23105216043897905,-0.23049961729354848,-0.24609821521276243,0.007800277720197183,0.011484468472738915,0.0036841907525417337,0.07392022713335138
,,,,-0.26406377923352825,-0.2776766342578636,-0.2831990681261839,-0.2929794361302282,0.009488092842665857,0.007082858805152215,-0.0024052340375136433,0.04322878805383536
,,,,-0.23099432187375746,-0.22586225358064935,-0.2304749523964116,-0.23046641947684654,0.003094501823670168,0.006725528137358164,0.003631026313687996,0.04917437822255581
,,,,-0.26717336801374947,-0.25533376537823893,-0.27538891559697093,-0.26955214099261243,0.0014233146808603468,0.005245825459826845,0.0038225107789664975,0.042159096615501705
,,,,-0.2733782300191918,-0.26836525889717994,-0.29297585259805076,-0.2930185493230476,0.0028781869294421873,0.008917486955623492,0.006039300026181305,0.06699194980044643
,,,,-0.21797778738255025,-0.21140278891948405,-0.2324401821235932,-0.22267787085218466,0.00926993630389052,0.013707330179541581,0.004437393875651063,0.0823087597153436
,,,,-0.24359590036560985,-0.24626893206368725,-0.2597564406122905,-0.269545035710607,0.011132381632315827,0.011893883542404041,7.615019100882155E-4,0.06496121186495374
,,,,-0.2154955799478151,-0.18783002942772337,-0.2304555464141741,-0.1992197904593576,0.010871137016538007,0.02215126759290254,0.011280130576364534,0.13975373881129988
,,,,-0.2175641775204898,-0.19805675156923624,-0.2304901952422015,-0.2070378887488386,0.0062682539877777065,0.015107822015798356,0.00883956802802065,0.1026396624634955
,,,,-0.19692237491466927,-0.18159714210733924,-0.2070478207304697,-0.19139475098343614,0.012664416642720675,0.027520610634129368,0.014856193991408693,0.17395590072184153
,,,,-0.20774123347707998,-0.20249851299407445,-0.21483579036073722,-0.2148647923491275,0.006281540819207245,0.01351908189740188,0.007237541078194636,0.09344808887092494
,,,,-0.1995527152901003,-0.17984524672599111,-0.20702303121303586,-0.18358111259328597,0.006394446837666647,0.015757170563608383,0.009362723725941735,0.10696623107981883
,,,,-0.23689161441107445,-0.24703015718796947,-0.2539191121908017,-0.26174852488710676,0.00693920739481611,0.009533382307968715,0.002594174913152606,0.047345851595624565
,,,,-0.2933326142418238,-0.32018307622769127,-0.3027408564599901,-0.33204011206458633,0.001865193349156395,0.0035020812729724387,0.0016368879238160428,0.027954094629832005
,,,,-0.29027660425896934,-0.3094312602807728,-0.298819283409975,-0.3242516034857149,0.0013579605228958118,0.004816868737081313,0.003458908214185501,0.03897710869242746
,,,,-0.2882789233567306,-0.31387144388280225,-0.30078681174214406,-0.32423220903642846,0.0017032500973350843,0.004541562524922661,0.0028383124275875764,0.03586149308860834
,,,,-0.2721364102239942,-0.29396080642466615,-0.2929993868775207,-0.32425220698766055,0.009516569574122908,0.015835812473906773,0.006319242899783867,0.07857660565514522
,,,,-0.32408707144393106,-0.3459017295490071,-0.3339746574737796,-0.36329337749157753,8.819663190816947E-4,0.0020958267775815055,0.001213860458499811,0.015392996187711172
,,,,-0.30859657826683307,-0.3366176771244925,-0.3164104363493853,-0.3476808494547189,7.569787744776241E-4,0.0017870198890232094,0.0010300411145455852,0.013420744680194009
,,,,-0.2988022394622959,-0.30431822968589595,-0.31446001953917696,-0.3242571325654714,8.976300097267203E-4,0.004216326513051638,0.0033186965033249177,0.03573217899689864
,,,,-0.27223641191961295,-0.2952425733970733,-0.28517505874761745,-0.31643169446796526,0.0033408810703107476,0.006425580249192245,0.0030846991788814975,0.045993284423110105
,,,,-0.30186640677778576,-0.32831390484787937,-0.31445555966783484,-0.3398669507886638,5.103227127601866E-4,0.002348144413446051,0.001837821700685865,0.019942021096659757
,,,,-0.2495271326039473,-0.28203225669315857,-0.2695579352930319,-0.30079990540978246,0.004033923655879096,0.0056364008220100925,0.0016024771661309976,0.041465892306307615
,,,,-0.24283656703812118,-0.2658915467259955,-0.26367218219957933,-0.2851593010495964,0.007089298378790795,0.009219250489423151,0.002129952110632354,0.07350091769815696
,,,,-0.2653527491569238,-0.2772957888597993,-0.2832071164602087,-0.30080867297149055,0.004701928420759025,0.01815010929467042,0.013448180873911397,0.16761409420687398
,,,,-0.26688458624273975,-0.2754530446368145,-0.27928608730150956,-0.3007789794928377,0.0027868101153924393,0.0075449585920437795,0.004758148476651341,0.05561753949364103
,,,,-0.2854041369634833,-0.2986946596346391,-0.30273212346511047,-0.3164254324200966,0.0028046237977623766,0.002432739165853484,-3.7188463190889224E-4,0.015553361582352852
,,,,-0.24956415362504644,-0.26983279778301167,-0.26955561019596846,-0.29299577072744043,0.007813015894725682,0.007671026970106739,-1.4198892461894522E-4,0.053343353976123865
,,,,-0.25917710324954457,-0.2977795472248522,-0.2714984931283,-0.3086000038936677,0.002779068068385078,0.004622313780931574,0.0018432457125464954,0.03613079818809625
,,,,-0.23652394542248473,-0.26912594766739123,-0.25195199973226096,-0.2929655053076846,0.006324164245358389,0.011448054907717546,0.005123890662359156,0.08452153972442003
,,,,-0.2738641893297164,-0.3085713467229016,-0.2929862558586212,-0.3242332840374402,0.01059065882870941,0.015147270244575803,0.004556611415866396,0.13492106629586254
,,,,-0.2750577493815677,-0.3014385003920673,-0.28518109356065857,-0.31643601361156454,0.007682481669618315,0.01625334073548345,0.008570859065865133,0.14626023174922848
,,,,-0.28719937801361295,-0.3075442897300505,-0.30273815652030883,-0.33203437214297166,0.0157085586586766,0.02148770088514667,0.005779142226470072,0.19386320050596956
,,,,-0.27482432640491755,-0.3159780663739038,-0.2949057697271966,-0.3300722803021972,0.004390363408407805,0.0029567458294995907,-0.0014336175789082146,0.019753649006168723
,,,,-0.28729327422577416,-0.2785606777705909,-0.300804619490259,-0.3007939592622222,0.0021088398243582977,0.005595763329121576,0.0034869235047632783,0.04395395620820372
,,,,-0.2538865905515928,-0.27477460334686243,-0.27148942169661644,-0.2988278030618244,0.004873561146866005,0.013273346205744666,0.008399785058878662,0.11807615142607383
,,,,-0.197980288830587,-0.22126527797317483,-0.21288809315210663,-0.2539293997831424,0.011854487937404878,0.03394576996847491,0.022091282031070036,0.2628926970327343
,,,,-0.23695525960384012,-0.24822668188205,-0.2597721780907022,-0.275413462473874,0.01228757308298142,0.025965688635890768,0.013678115552909344,0.18307246343476638
,,,,-0.28162296943729537,-0.29407933805343756,-0.2988340154427223,-0.31644498922905584,0.0043567462695155,0.004134630130867594,-2.2211613864790667E-4,0.030199319412658427
,,,,-0.19268472915715076,-0.16869056219831402,-0.2050858117901877,-0.167984288994134,0.009143095341109093,0.012857223209177397,0.0037141278680683,0.09549293522947887
,,,,-0.22731834603866477,-0.24469690819374224,-0.24611807596471807,-0.2695509444842295,0.011070294687288939,0.018474201032225364,0.007403906344936424,0.11764803068089152
,,,,-0.21858348430062763,-0.2288438422849451,-0.24614307863543322,-0.2539377367007296,0.020937932059960626,0.023869712421815324,0.0029317803618546952,0.12905173830499655
,,,,-0.2770671939790064,-0.2923532281099731,-0.2871092555149554,-0.30862531481850497,0.0013236283482111954,0.0030924143904047796,0.0017687860421935842,0.02262254439225327
,,,,-0.2734756008773465,-0.291098161983055,-0.2773445554756098,-0.2929641687806783,2.0386614979903058E-4,5.503208823961368E-4,3.4645473259710624E-4,0.004604614465113414
,,,,-0.21679924038247123,-0.2257236227752826,-0.23047781453128688,-0.2461304885290041,0.006786947273076902,0.011865487243351246,0.0050785399702743435,0.07028339366151655
,,,,-0.26508863204727756,-0.2722649090941827,-0.2714795824413235,-0.2851726243109747,0.0013907342670356508,0.001969832990439253,5.790987234036025E-4,0.014338754946516276
,,,,-0.19937099713555148,-0.18846023633819886,-0.20703563665677713,-0.1992144263315035,0.007604256131989368,0.01459623983988385,0.006991983707894485,0.10148035437265564
,,,,-0.21031200304253736,-0.19633021552751345,-0.22266828634912342,-0.2148709025091837,0.00951784220562243,0.01768511480566583,0.0081672726000434,0.10146793333619361
,,,,-0.13946692272525768,-0.1296568477095178,-0.15231592784978182,-0.14454610441917315,0.0627844667655939,0.09252656715066297,0.029742100385069085,0.38641241989570085
,,,,-0.2420400410061681,-0.24380856760484035,-0.26174160153885534,-0.2617267395167044,0.005470165952466117,0.01143055290538187,0.005960386952915756,0.07425408332762394
,,,,-0.2486557921497492,-0.2658983300467807,-0.26173915588843844,-0.27735267781578277,0.00510217509434372,0.005298434016651412,1.9625892230769115E-4,0.029594315989811368
,,,,-0.1378316297713681,-0.1745617121125508,-0.1621275861551804,-0.20706871988072106,0.05164196567596518,0.04757925788011749,-0.004062707795847684,0.14945925678993488
,,,,-0.22064949775208542,-0.26058151322160134,-0.23830081304841014,-0.2773506347863152,0.008002707405347167,0.010942940254554792,0.002940232849207625,0.05394339491232535
,,,,-0.19547410143868119,-0.2367891561301007,-0.20899421393037787,-0.24805153253780302,0.006290625679015693,0.011167966675046003,0.004877340996030311,0.06654507772894139
,,,,-0.28683555363156815,-0.31588361818528304,-0.30078645053998637,-0.324235346479455,0.0013423332025148539,0.0014139410066292548,7.160780411440072E-5,0.01152976642611561
,,,,-0.2552094695241656,-0.28924690017387295,-0.26954753098320194,-0.30079400611417084,0.0053611468832326405,0.003199587032724841,-0.002161559850507799,0.017901476163014598
,,,,-0.2401197605573534,-0.2759590175045824,-0.246115840036028,-0.28516781543088376,0.004816138501874072,0.004216395510980405,-5.997429908936673E-4,0.025683798651537956
,,,,-0.026761701199941854,-0.014828647793891923,0.01955253548136911,0.02739422840295008,0.252548513781017,0.2846748061554541,0.03212629237443718,0.7871730167577351
,,,,0.03654537396240142,0.027236401943025634,0.06643650658428973,0.0586136185108244,0.38608856614654663,0.34863333415511016,-0.0374552319914364,0.5299945488716393
,,,,0.017511600049175756,0.029858015340688264,0.05862581313049923,0.05862629879465578,0.33008352115238543,0.34912748846377956,0.01904396731139411,0.8500358178647264
,,,,-0.04302754023156049,-0.029513897259215934,0.003941159322734332,0.009772690905717986,0.17854545504424918,0.23828492153285086,0.05973946648860169,0.9110737647196862
,,,,0.014557804111681852,0.03208997526464527,0.035171078794274044,0.058605197855006494,0.20461105524136738,0.28962200787525066,0.08501095263388324,1.190244644092042
,,,,0.029971212895523378,0.0204551845982332,0.05860858066478985,0.04298934297760454,0.32331932596365953,0.29215116985237516,-0.031168156111284404,0.6131328719589186
,,,,0.01571965582426797,-0.008698971399294224,0.04299819099425084,0.019553152269148628,0.2789621747257048,0.2386347276860826,-0.04032744703962227,0.49381913942969075
,,,,0.03344624515338039,0.013021366400821984,0.058618866559489495,0.042994896147281976,0.30149258060477835,0.2977904642776811,-0.0037021163270972673,0.7620454420008109
,,,,-0.10247365842536098,-0.1447488350131807,-0.1132796841962149,-0.17773575745337825,0.09654515296227383,0.09258487223881302,-0.003960280723460787,0.30415595738163115
,,,,-0.15278527682724818,-0.20575637273109026,-0.19926961270245994,-0.2695923215301669,0.06653966318953777,0.06459670504834408,-0.0019429581411936742,0.15564430543016247
,,,,-0.13730955776953915,-0.1704713174243034,-0.1758077453660766,-0.2226795487505759,0.08341772013018105,0.0899725245240111,0.006554804393830049,0.30740478430514845
,,,,-0.10618357066775161,-0.14614230385728272,-0.11327928509447785,-0.16796490440280262,0.090867465393555,0.06751540580542201,-0.02335205958813301,0.16100395414634802
,,,,-0.007044379407031604,-0.04918538388558596,0.027375835912169775,-0.019509560292080827,0.2588654860716221,0.1871059914974639,-0.07175949457415813,0.26595811057685953
,,,,-0.08516001058699978,-0.07316454082926444,-0.10551402792181162,-0.08990386162928676,0.15145746210929012,0.14212768808691056,-0.009329774022379516,0.28890848735247565
,,,,-0.1856551501373656,-0.20001788051873903,-0.21486040445093119,-0.23830090637105808,0.04528959353225586,0.04107431025851841,-0.004215283273737443,0.08449868084309145
,,,,-0.0998161203581305,-0.0856267307195824,-0.05855772902362113,-0.06640528438822123,0.15736235424880485,0.15375210767080477,-0.003610246578000129,0.4662232193170438
,,,,-0.04613327480240405,0.0025152167471101283,-0.042959293898631054,0.011700478858850578,0.19710605860805644,0.2765880006729742,0.07948194206491767,0.9567478512220309
,,,,0.047625827956466235,0.09498391212438495,0.06639301806914573,0.1074306585069886,0.3561990439559148,0.5343290803259071,0.17813003636999236,1.9618448648106799
,,,,-0.17472030209530617,-0.14173610973126285,-0.26958196633982917,-0.23834199905244183,0.13560677613120206,0.17806946210059926,0.04246268596939727,0.5512851784380485
,,,,0.04260982832268691,0.07801483987933847,0.0586389980367491,0.09571802203294162,0.3710712301750432,0.4831850265773589,0.11211379640231561,1.385558360193
,,,,-0.01862914242285027,0.02847647044452746,0.003906194438395184,0.04493342829565753,0.23545590821357357,0.3476998365554153,0.11224392834184173,1.3447024892392923
,,,,0.05893056216169006,0.08165551238422288,0.08207890968600712,0.10551442802361476,0.39517830496172923,0.5144624224739619,0.1192841175122326,1.6665933272108833
,,,,-3.2642684924414457E-4,0.03620421240624347,0.01956849017242093,0.056654870884503696,0.1973092099258606,0.30092053334340435,0.1036113234175438,1.4461637676180774
,,,,0.030632988595266163,0.03381145721334839,0.0664431679902351,0.07426444898724108,0.34181645794991244,0.40205478723045673,0.06023832928054423,0.9938677604433891
,,,,0.03272290887629207,0.0559553082300008,0.05862938096571309,0.08787712057053254,0.31194235078321775,0.448186808644681,0.1362444578614633,1.6188647542008865
,,,,-0.05423266610422108,-0.05504182858772652,-0.017563175374665167,-0.027303304388540332,0.11379339382480848,0.1422444065989774,0.028451012774168942,0.5565175530531559
,,,,-0.02808699641424939,-0.029824987263514634,0.005862496651198839,-0.003895644609513266,0.22791818613325415,0.26598217373110633,0.038063987597852185,0.7165915486403459
,,,,-0.021290860258189295,0.008118502637933537,0.019563180452412895,0.042995406172744145,0.25331603046952555,0.35908900643324093,0.10577297596371546,1.2580882927186634
,,,,-0.026707644305888362,-0.0018786993877644431,0.01176564348067172,0.02149019873368959,0.254370770142772,0.3154390906393057,0.06106832049653358,0.9426532184975652
,,,,-0.017394950923004013,0.018062757933449074,0.011729998926213087,0.04103900117743191,0.1777992608858534,0.2837876625906627,0.1059884017048092,1.3444436235904045
,,,,-0.0706619202943089,-0.04473373089229802,-0.04292488400081413,-0.021475578054552504,0.1489398945415779,0.17681108413888863,0.027871189597310723,0.616828845638886
,,,,-0.06698913161048624,-0.06483407577861014,-0.05858488938686818,-0.041021527887405235,0.17035928856029164,0.22907350596361142,0.058714217403319814,0.8464872722531994
,,,,-0.21218567738488858,-0.1910963797988914,-0.30870226957882907,-0.2791634844777698,0.06726135908105066,0.07515956764456146,0.007898208563510813,0.20473844096400445
,,,,-0.09112167275987529,-0.09998017572467444,-0.09766214549191114,-0.10547719602000111,0.10785083517126026,0.12058099199868877,0.01273015682742851,0.39477542356459633
,,,,-0.0379261664833678,-0.04637293965008358,-0.00584854891114992,-0.005830616033626681,0.12284458797818959,0.22875921737728544,0.10591462939909585,1.3632855163231101
,,,,-0.02444719015260376,-0.025318501080528848,0.001928271883302713,0.021442368936856086,0.2642219004421089,0.3141060628756859,0.04988416243357697,0.7989814598429005
,,,,-0.09833972910165992,-0.10250825156659771,-0.12113707501306326,-0.12304747248246538,0.08234569518216717,0.1516841969224129,0.06933850174024572,0.8179148432806347
,,,,-0.12873640204649958,-0.09530152303845246,-0.19149402736874263,-0.14458817791660505,0.08134504653199438,0.15029714871672858,0.06895210218473423,0.7757690739527688
,,,,-0.1538572513909612,-0.12652257108549977,-0.21291637114934975,-0.18365161439591277,0.07010774416019717,0.12663007883002014,0.056522334669822906,0.6141831717686463
,,,,-0.1092334537552517,-0.08081862819092657,-0.13673477914368704,-0.10549369787142923,0.0930036747676496,0.14879526916180336,0.05579159439415381,0.672626779509643
,,,,-0.13976381420329886,-0.11777317444942903,-0.19146976202683713,-0.15238142284919945,0.06228093269278336,0.10954709138711162,0.04726615869432823,0.583491021437064
,,,,-0.11412807018554624,-0.09292924745893782,-0.14456966128161577,-0.1269670431276165,0.07495278371272206,0.12799785382416362,0.05304507011144154,0.6297237414968424
,,,,-0.12776495511622174,-0.1083520429180443,-0.16801610279166018,-0.15239123892398873,0.05664399192001106,0.10568975072809925,0.049045758808088216,0.5649150523470313
,,,,-0.11250015420767547,-0.09203844656369259,-0.14456653603016864,-0.12109909034568907,0.05588178309893374,0.11399397487172956,0.05811219177279582,0.6507584526248544
,,,,-0.04994889794217426,-0.03857075228965898,-0.03515268789831621,-0.01168780181768563,0.11269999566877349,0.15852737482638216,0.045827379157608664,0.7557759383929095
,,,,-0.09794957530069923,-0.0889218726615507,-0.12894306996259725,-0.12112617201495822,0.11212203520268416,0.1422805817014613,0.030158546498777136,0.5115379824274379
,,,,-0.09375712512118006,-0.08825837361085591,-0.09764905824685213,-0.09766323034894253,0.14437970646891526,0.1564452725935272,0.012065566124611946,0.4694962742086149
,,,,-0.11362726228539474,-0.09466788273601673,-0.11328545064639767,-0.09766743605587978,0.08253289377219776,0.10908408262472379,0.026551188852525984,0.4457703610244486
,,,,-0.07599386449358296,-0.04179881501577321,-0.058566938416105295,-0.027332371628042775,0.11077162217467094,0.19787515342937495,0.087103531254704,0.9980941723196074
,,,,-0.06191196398358299,-0.022419335727232315,-0.08206740551109233,-0.03516738439518854,0.15585406042078248,0.20803842105489773,0.05218436063411525,0.6973310172300813
,,,,-0.05962689758017308,-0.03462547328818548,-0.04294932922039374,-0.019519271159642224,0.18682136658902732,0.24935858390471438,0.06253721731568702,0.8343317382975685
,,,,0.0644578939184266,0.08483823925882043,0.09770677563304167,0.11914825944817177,0.4698741755047437,0.5877197049806602,0.11784552947591642,1.5478148105062415
,,,,0.03251393867569637,0.03161949131786023,0.05864423366348442,0.07227509760355807,0.2972246755124507,0.3728357761296168,0.07561110061716628,1.136278187084226
,,,,0.05221000508186816,0.0677931544742728,0.06641649671292706,0.08985661669005593,0.35290946601837914,0.44855728334575756,0.09564781732737858,1.4642826183462763
,,,,0.004414271741021889,0.01747852583549467,0.04299722078542076,0.058634725641000696,0.2906870299562815,0.36375221067530417,0.07306518071902265,1.016879448919885
,,,,0.008892464140917994,0.026197742400907404,0.042996406526222115,0.05862721803002194,0.28553321533882364,0.35071729445173067,0.065184079112907,0.9518268835118543
,,,,0.010931994438264378,0.02383782643920174,0.05864615770653525,0.06643950291962003,0.32888691576943463,0.39437127306442876,0.06548435729499395,0.9802958343407616
,,,,-0.015328804888831853,-0.015550301619268434,0.02739181627919586,0.021482430712483774,0.19019479529367556,0.22236870142492898,0.032173906131253406,0.7134633568129337
,,,,-0.002503151320293137,-8.463569524048766E-4,0.03520454701045064,0.04302337256690599,0.1843613231670324,0.23518930648546466,0.05082798331843223,0.9161098047832447
,,,,-0.05574230637375531,-0.0460570123959348,-0.0351224523371635,-0.027308605460512492,0.07575857921826408,0.11169713908819334,0.03593855986992924,0.5530505812072861
,,,,-0.01825934827566257,0.004318748130333765,0.027379621460648054,0.043006875300490716,0.19166791938880612,0.3034027494484051,0.11173483005959908,1.3060473756502555
,,,,-0.007361254814414982,0.0068321300215654635,0.019574004941235696,0.029298302538718908,0.09907308279575973,0.15944477530121762,0.060371692505457895,0.8460882076452061
,,,,0.006204604639420889,0.020016982986513148,0.03519251045707603,0.0488383371480201,0.16100625294597867,0.2548373034539236,0.09383105050794487,1.2247069409863915
,,,,-0.01984298581458468,-0.020059880261534872,0.019569512853252764,0.01956263964598322,0.17691723079125746,0.2217655160258244,0.044848285234566916,0.8284714181989353
,,,,0.03690118989990736,0.041320952158046965,0.056658264087745686,0.0644374613307174,0.2456875132611989,0.32747750146815485,0.08178998820695597,1.2062217533551793
,,,,-0.04676751730738628,-0.04318706417534335,-0.01949370541082325,-0.019505590478236284,0.06665059881818268,0.09532082846183573,0.028670229643653036,0.48903711447492487
,,,,-0.004095833919098926,-4.576090679063036E-4,0.001935372178282761,0.009799891569377465,0.10445118014627901,0.12936037776934564,0.02490919762306663,0.5485694203977146
,,,,-0.04296733052617243,-0.050026934377390836,-0.03707739704786653,-0.05269308196312341,0.06817773851130654,0.10215812342293473,0.03398038491162817,0.49184598895322257
,,,,-0.09165232670560493,-0.09128517781350982,-0.08981726929577329,-0.09957456332483712,0.05483178175631365,0.08401549714645641,0.02918371539014273,0.430529875524527
,,,,-0.12171890891224263,-0.1353597036713749,-0.16804071882891042,-0.17584781147749104,0.05384491968748658,0.05303008654546252,-8.148331420240457E-4,0.15814169321707594
,,,,-0.07865482877036552,-0.10153806131104588,-0.11332332426530978,-0.14458707962748787,0.14865297786519535,0.11705265328500293,-0.03160032458019238,0.11950668878026979
,,,,-0.05592662544758236,-0.07361365535854059,-0.08987765570949915,-0.11330945892337697,0.19241263924168314,0.15631754379839813,-0.036095095443285055,0.1947851906487147
,,,,-0.05518630566987938,-0.06767411236877195,-0.05076772613405747,-0.08202728404116784,0.2217023942877178,0.21362748754731023,-0.008074906740407556,0.4162546698280314
,,,,-0.13410909522952574,-0.15091482999789496,-0.17774772254331547,-0.19146334773876067,0.07210017111618268,0.06331058978975598,-0.008789581326426696,0.0989727564440453
,,,,-0.04918192393190365,-0.05857025869394926,-0.021462811640306122,-0.048834484106456424,0.17796285578847007,0.15433029338646567,-0.023632562402004464,0.28945783561723065
,,,,-0.010432788754923804,-0.03860881526842766,0.027400204761842052,-0.019493224217830948,0.20995613935540655,0.1391490081703683,-0.07080713118503824,0.21474240070179745
,,,,-0.14691986096934456,-0.16482050262062556,-0.19927927668139145,-0.21488860117915434,0.06583244090196579,0.05867408786890519,-0.007158353033060592,0.14915028733122013
,,,,-0.021628920182219645,-0.022943406934572037,-0.011748792189890351,-0.01169103791473595,0.09113138163231115,0.08445306266350913,-0.006678318968802032,0.3060269051862851
,,,,-0.048354513060192006,-0.042891736676026526,-0.04493253389349876,-0.041036905662342145,0.05435549149144811,0.0922459564508975,0.0378904649594494,0.5713361962109962
,,,,-0.0458777754381067,-0.06825847867751492,-0.07228382870526442,-0.08985397323658538,0.16081377206801004,0.09546001425357348,-0.06535375781443653,0.05388215846854915
,,,,-0.07128796363915577,-0.08561835336887708,-0.10550731059048107,-0.11134281466276778,0.1164734059204625,0.07847425588099247,-0.03799915003947001,0.06242499287442314
,,,,-0.00553594158724516,-0.022660094759331492,-0.013669354099669039,-0.04297983822084158,0.22084718064258382,0.18073416077926097,-0.04011301986332284,0.18294136612111472
,,,,0.01652284386697608,0.008005471912770684,0.027349581333672553,0.0038490113512830433,0.2890432145588165,0.23377111593885966,-0.05527209861995673,0.3547667250794213
,,,,-0.011320437984792724,-0.03441364301911685,-0.011727692536735317,-0.04297352286215873,0.22483457625911524,0.16635740290182957,-0.05847717335728564,0.1354489508940175
,,,,0.041573196892986976,0.023633665433811298,0.07427693983755895,0.050835941867891414,0.369789088094187,0.2771564269962648,-0.0926326610979223,0.2663225382000349
,,,,0.03322459816643049,0.008672247587374234,0.07428060290986706,0.04300089752918702,0.35477985497934117,0.21462496434995532,-0.14015489062938585,0.05879011869169789
,,,,0.05215063845401438,0.03712750393577742,0.08210031730386355,0.0742852429575705,0.41256143473728535,0.3446496926114635,-0.06791174212582182,0.37762538055139727
,,,,0.05239802672270842,0.04699429207398019,0.08208437152258292,0.07428243879825427,0.3953277597507532,0.37339751786819525,-0.02193024188255779,0.6463299292574318
,,,,0.03853026577683274,0.019133858404056597,0.06644227676722525,0.05081804174701048,0.3183434764617956,0.2590496745006948,-0.05929380196110068,0.36687933484448054
,,,,-0.00406849239857024,-0.02051894438850303,0.02737270749706583,0.011752105353747018,0.24603532562088457,0.2032179073250411,-0.042817418295843485,0.33722587883776484
,,,,-0.02654806717625126,-0.04646644004173333,0.003921685856796927,-0.01949452060369419,0.17085609447293496,0.15967128942309736,-0.011184805049837588,0.38621072218877556
,,,,-0.04118991535162194,-0.05763077558903604,-0.04298225434792176,-0.058590868725842585,0.2164257724952175,0.19237648510079636,-0.024049287394421137,0.29594807441432586
,,,,-0.10183988841037764,-0.11755135042131311,-0.12305255084409947,-0.15237137153081087,0.10695599511707866,0.11015511617447842,0.003199121057399743,0.43703022936170965
,,,,-0.09202132447941214,-0.10359458039895914,-0.09763959837156094,-0.12110418054384302,0.12163093513966527,0.12412936117752038,0.00249842603785515,0.3597223284266347
,,,,-0.025017078861853517,-0.03761037754150807,0.01956486764576853,0.003913260142611879,0.25541825402486795,0.24130110890435233,-0.014117145120515626,0.43139469096040584
,,,,-0.041281786013014354,-0.06272185015939039,-0.0039022852856907494,-0.035122589164844564,0.22262817945731694,0.1856738826317752,-0.03695429682554177,0.2677718974702026
,,,,-0.05704377494316521,-0.0671846753978486,-0.019508664315941372,-0.04294427319308879,0.17204776588020074,0.17078796135277682,-0.001259804527423919,0.3911778200520728
,,,,-0.14107915939232524,-0.132124823753552,-0.16799297588622117,-0.16019859954072072,0.040788390024338886,0.057896219994161294,0.01710782996982242,0.2738040060265237
,,,,-0.04045696933902073,-0.05427884793449275,-0.00392201037567417,-0.019517257005468126,0.1691745096284671,0.18192455178138556,0.012750042152918374,0.5986048692981464
,,,,-0.058418932672253454,-0.07810422597647747,-0.02731357710514016,-0.05857106713250805,0.15420098979396316,0.13443984212116109,-0.019761147672802053,0.26457034595200013
,,,,-0.09213131121813475,-0.1169074125368838,-0.08983106511043476,-0.13672769791211745,0.14679639069521874,0.11181397674021028,-0.034982413955008465,0.23649641435226532
,,,,0.04700161572732032,0.015625734688624212,0.06836585012273466,0.03711173469063738,0.30346234777417214,0.16700946163254293,-0.13645288614162923,0.2135136983602469
,,,,0.025751621869710847,0.017676876831356866,0.05665397735066665,0.056655130134413284,0.2831118683155082,0.33170546867200923,0.048593600356501045,1.1028050038341983
,,,,0.022359540501154972,0.015221083175081971,0.06646098586734042,0.06055662323172,0.35503973026961716,0.3274636643846802,-0.027576065884936926,0.4256751353846587
,,,,0.052087857809589126,0.030548654211582444,0.08789049690728803,0.06446566700005991,0.43066202759777933,0.3199991583015594,-0.11066286929621984,0.16297064312744355
,,,,0.043487554517554275,0.02680430701294601,0.08789645834496024,0.0722759050266664,0.449910204830906,0.3415620176920792,-0.10834818713882682,0.14758227135920055
,,,,0.05707272250652164,0.026606116496741345,0.0761799445194269,0.04883367508352484,0.3571662990446682,0.19559882929573222,-0.161567469748936,0.04974928329298754
,,,,-0.1159004338532775,-0.13261819318612936,-0.14258331841257085,-0.1699260259581595,0.08730471419483361,0.05846060718557622,-0.028844107009257394,0.08453137405861536
,,,,0.009760751954651392,-0.015866957187010748,0.04102078682710419,0.013678861583890112,0.25910936331828943,0.18820267337978694,-0.0709066899385024,0.24060202725953464
,,,,-0.036605503704831156,-0.05597355270753296,0.009781233635919416,-0.013666909077831052,0.2022553570438627,0.12452072443365207,-0.07773463261021064,0.09594003559031791
,,,,0.02926159647423634,-1.6016419960479322E-4,0.06837397053253437,0.03712297429002677,0.3205126609809395,0.15987301568885612,-0.16063964529208344,0.002534326649254426
,,,,0.003998646109107711,-0.029263371204733515,0.050822369766468395,0.011730526788341503,0.2968751419411139,0.145202236475829,-0.15167290546528492,-0.05578114882174141
,,,,-0.12914845100116143,-0.14507012327169028,-0.1992985512591794,-0.20710233947511308,0.13981125607082243,0.08673959119083136,-0.05307166487999107,0.027903571516224288
,,,,0.04453931398712459,0.02111552228431431,0.07426373432520535,0.050835892469461956,0.3586430685937485,0.26724797017513874,-0.09139509841860977,0.27767023501059507
,,,,0.05617005189335476,0.03936168618127465,0.08991369476180147,0.08009024465373515,0.4611797217745336,0.4040376804980866,-0.05714204127644694,0.31984873007014974
,,,,-0.10972471307991737,-0.12366898589617971,-0.1367461517440339,-0.16801315433418004,0.1558642825045311,0.13537656020196898,-0.02048772230256216,0.24394829438566673
,,,,-0.1538158634412947,-0.1789718065706144,-0.21291508751783836,-0.24025561156969177,0.07197082307048985,0.05108864900277945,-0.020882174067710434,0.07464513208119436
,,,,-0.18318123491254787,-0.1975650339408697,-0.24618396441914644,-0.25587903369381715,0.056491285767862,0.037982703007191566,-0.01850858276067042,0.06424361379544764
,,,,0.007905587112556832,-0.021067223196616063,0.02149023561339006,-0.009765637382413558,0.20202984630592072,0.10189250095893436,-0.10013734534698639,0.0731055015412313
,,,,-0.01039470725643442,-0.0333375494718421,0.013675605133411354,-0.013669570974937394,0.16517500128155865,0.14473463348420929,-0.020440367797349392,0.40052845173116236
,,,,-0.1360901022407643,-0.13989420492822155,-0.20119325881254715,-0.2011913629536475,0.09990339472871412,0.0924910291984985,-0.007412365530215658,0.1968972673571396
,,,,-0.018885599788268887,-0.052157694919354514,0.011763971078046404,-0.02734074491987076,0.1979584310486954,0.12186321264020773,-0.07609521840848764,0.14923176924417048
,,,,-0.03974901827047761,-0.05189377336290382,-0.021482040109601183,-0.041004018639656296,0.1644409511743785,0.12650855958413368,-0.03793239159024481,0.2606253931693464
,,,,-0.005949698350322765,-0.014205028289621701,0.025396684925496432,0.013673826831253975,0.2008857796712917,0.22130615705112197,0.020420377379830282,0.854535939182341
,,,,-0.03384555125572768,-0.04974416512357697,-0.011690970472173406,-0.04101894180920307,0.12772139444275768,0.167445576753191,0.03972418231043334,0.8914168158345337
,,,,-0.004774030168334977,-0.015114273721925543,0.03521741435236248,0.013685194997073073,0.22216269617722118,0.2584314924830842,0.03626879630586306,0.9629924631111559
,,,,-0.06147206854132891,-0.06594578513504512,-0.04296386052537266,-0.052705435021777075,0.09342004100369765,0.14310873677993352,0.04968869577623586,0.7623130187405407
,,,,-0.009861406682440593,-0.01700936720213905,0.027395964928949742,0.013670171202318376,0.21365817569218368,0.2571473566004819,0.04348918090829824,0.8939491813337728
,,,,0.01967101673683483,0.012299560360409332,0.04884159780429743,0.048840831309355646,0.22248395596412204,0.28670950872224593,0.06422555275812404,1.2573036266896884
,,,,-0.10962761251445328,-0.11654773458723718,-0.12109873417233984,-0.14451663632892778,0.06835146688760062,0.13563072787133348,0.06727926098373288,0.862332558930136
,,,,-0.01144358500126916,-0.02280448534802337,0.0195770718544936,0.005854341837354303,0.12533076426018797,0.18012220010539387,0.0547914358452059,0.9085653595236396
,,,,-0.05948734746636136,-0.0859836697998239,-0.0527418523252634,-0.08398325848351179,0.07221004653037201,0.05539572613563337,-0.01681432039473865,0.13139318489737728
,,,,-0.10486224685925655,-0.1361761801637609,-0.11327675553505098,-0.16799277162939097,0.09161127300716151,0.0662847605008595,-0.025326512506301982,0.09942046514940114
,,,,-0.02776658179416701,-0.033598774954634585,-0.02157921379164716,-0.025345237571388905,0.09920363513154631,0.0989313303319969,-2.7230479954943004E-4,0.3174937514695757
,,,,-0.08104392507171886,-0.09909283208556352,-0.08205658899711717,-0.1132916274609957,0.13522793496643554,0.1435251709623793,0.008297235995943768,0.5561029069082692
,,,,-0.14827454332164147,-0.18197854721912676,-0.1679886731726611,-0.20704097783828054,0.05625156708183792,0.044304999096512,-0.011946567985325927,0.1392401903170219
,,,,-0.17141282663499774,-0.18286573132340028,-0.1914379692116297,-0.1992255929980309,0.032319681168326814,0.032472094961084594,1.5241379275778783E-4,0.13977206680848248
,,,,-0.18644195951153938,-0.21209316217346635,-0.21485795544216985,-0.24611623826132198,0.013152056204309147,0.014143877343108475,9.918211387993246E-4,0.05816723368573552
,,,,-0.15796314402637768,-0.1838120830874482,-0.167995719625706,-0.199203712905865,0.037574889776807834,0.03272469780910514,-0.004850191967702692,0.12100127425716425
,,,,-0.11809965043459657,-0.16407018060960082,-0.12894543466796987,-0.17576494069903184,0.06169420330763753,0.04024234494375589,-0.021451858363881623,0.12206424264346774
,,,,-0.06417125264930643,-0.09846006313379407,-0.03516031099927234,-0.08203867440864998,0.13357054077005914,0.11144030661594376,-0.022130234154115358,0.5085287159824977
,,,,-0.02502228663687781,-0.046357819408740494,0.0019176354211563743,-0.03709417567726442,0.12124460653842781,0.16591755934021907,0.044672952801791295,0.950682111135108
,,,,-0.03184166281330675,-0.04863874988296757,0.03523503533945367,-0.003919271555347822,0.22821615131762604,0.1845688595618554,-0.04364729175577063,0.6402303576326452
,,,,-0.015242723616108872,-0.03865856100595192,0.0018987573211688264,-0.01955729047102667,0.16873699691597518,0.08560701160818553,-0.08312998530778964,0.12050924411743917
,,,,-0.13636802508159063,-0.15129901741675567,-0.05074520873193157,-0.1054537505645876,0.1358485219993599,0.08670374975334105,-0.049144772246018875,0.2505060210287503
,,,,-0.11545732991916961,-0.13502021594676294,-0.050743561744719924,-0.08979465575536577,0.11406070323045937,0.04732174323562337,-0.066738959994836,0.14357116929778754
,,,,0.010016537728746692,-0.006676592670783771,0.03712305965194626,0.013660075671901122,0.23436946106834938,0.1912871597095382,-0.043082301358811186,0.5527475959708477
,,,,0.011317344460596287,-0.004655210243490331,0.05087357057476387,0.025406187752354894,0.3374230255170078,0.28256423178837564,-0.054858793728632185,0.5374004485647457
,,,,-0.04728369468284278,-0.05277537140724675,-0.011706210159793473,-0.027305818077635817,0.2081082482152335,0.2420619853363168,0.033953737121083294,0.7639998925637468
,,,,-0.10199691913132314,-0.11877226945448625,-0.09765057924064542,-0.1269595274926643,0.06132847935282829,0.07729806741334903,0.015969588060520738,0.4041585593933458
,,,,-0.14862259955545595,-0.1571057255287107,-0.21292215446887672,-0.23244938961099984,0.05283547664012546,0.10949682418019752,0.05666134754007204,0.6585500902508382
,,,,0.024820514627725217,0.024773925358981406,0.06447916079724084,0.07228821067295209,0.2146847158959416,0.3673676407598739,0.15268292486393228,2.002952399308908
,,,,-0.02063668612771565,-0.020281753793057092,0.04307241147595065,0.03521739724742175,0.1816122385475098,0.2765363529471089,0.09492411439959914,1.4103962835878217
,,,,0.005930197682528967,0.01137917156739849,0.04494138484933537,0.05274759796666024,0.16744309676072922,0.2994603012724616,0.13201720451173238,1.6866977213552332
,,,,-0.04932399725667506,-0.0550736948502628,-0.04101138293420623,-0.04885485064306733,0.07311203401103245,0.060774496612335104,-0.012337537398697345,0.22115909444599752
,,,,0.022994883202464185,0.017813424845359506,0.0644832045976686,0.06447480954503881,0.25644566413297054,0.3416648911322989,0.08521922699932838,1.4136120437060022
,,,,0.04123929809221474,0.00748716646885841,0.07228535639477515,0.03711758926714046,0.2728381420243894,0.11006199253674266,-0.16277614948764665,0.2600417637849009
,,,,0.030149041467256225,-0.010572964776711423,0.06055988262309908,0.01759215292570898,0.25899805598720976,0.07837077970652069,-0.1806272762806891,-0.0102550717530711
,,,,-0.009290459207000583,-0.034879592239721896,0.025409571698315994,-0.0058515087105118066,0.0829890231986062,0.03949169282542503,-0.04349733037318117,0.18095091870098332
,,,,0.020033668866288847,0.013851896765301698,0.05086600601343327,0.04884135136378588,0.22333934930879937,0.2682919194575448,0.044952570148745416,1.1891522795745375
,,,,-0.055526846488493445,-0.02352022979116547,0.011803942889520736,0.04303626065086962,0.05507841239316969,0.2584636526471406,0.2033852402539709,2.1901952793042563
,,,,-0.00898397395154872,0.0072263376078711096,0.05874082173415458,0.08217170119343369,0.15769891411646123,0.3517558980128062,0.1940569838963449,2.577637174241723
,,,,0.018752052554369077,0.0355625138752908,0.0508763438222479,0.08215288861859367,0.18841600375613,0.3736919456317893,0.1852759418756593,2.326362772027128
,,,,0.010415467762832309,-0.028520611787344947,0.05084270771199843,0.009775111090711266,0.22921558864209177,0.1404480628170896,-0.08876752582500215,0.3952169881613702
,,,,0.038772075897074626,0.030887954690345346,0.08995118479461518,0.08216902298860208,0.4055140394171044,0.33058809914357096,-0.07492594027353343,0.7557981679868462
,,,,-0.02452039813753149,-0.019723174194342892,0.07433410095453236,0.050852143872230166,0.32671455518410286,0.26123328510148225,-0.06548127008262064,0.7184560776815307
,,,,0.046611184254957146,0.015228171260776432,0.0996821647798777,0.06060708615194745,0.4930933087825553,0.3188818472389954,-0.17421146154356,-0.005822049307849008
,,,,-0.013524352249897084,-0.024347008424395893,0.035212751354198144,0.019570898598037234,0.17328065445828944,0.19870038236949217,0.025419727911202717,0.9017398120825919
,,,,-0.10599544662175,-0.10293570695199884,-0.02731625119999027,-0.05075802020561445,0.23277111837779035,0.25301955837844414,0.020248440000653782,0.7288594834166419
,,,,-0.0776245479717451,-0.08271965375917507,-0.019545594544782788,-0.027365402950135693,0.19708869103621818,0.24231956315485517,0.04523087211863697,0.9363323452269092
,,,,-0.026034375458932456,-0.0370214220641265,0.001944790737093405,-0.01950084527950544,0.06556487467185393,0.06715359853604407,0.001588723864190141,0.365154779098039
,,,,-0.010116577390571866,0.005160668427700177,0.01958612785746937,0.03518387771618282,0.06502648213550133,0.18593115320422882,0.12090467106872754,1.4536711151560173
,,,,-0.06631579562677964,-0.04957452890480262,-0.04881094255296312,-0.03322684802271153,0.04202446133923839,0.081617214727918,0.039592753388679604,0.4950529183094143
,,,,-0.05284955470809076,-0.023864722656205952,-0.03511574534375903,-0.003895598426561736,0.017755574419679676,0.05364973998611238,0.03589416556643272,0.4509875282851016
,,,,-0.022686121089393548,-0.007461395677349175,0.0019312072957321865,0.019554123130674107,0.03101853467503719,0.09939068140715251,0.06837214673211532,0.8285254598173899
,,,,-0.04087574166944445,-0.02092571363192738,-0.021486596531059183,0.005869615923215841,0.01954154242916708,0.02837897339245916,0.008837430963292082,0.2031348834367163
,,,,-0.04958457411736638,-0.028047259287871985,-0.027310284466859888,-0.003894781205881616,0.031697337600215404,0.07673940356121509,0.045042065960999696,0.5413588930818615
,,,,-0.02700498934381133,0.018855447088763026,-0.00389797509501814,0.027339365248163074,0.08226119779613952,0.24769826311846602,0.1654370653223264,1.8270654590913158
,,,,-0.06718745905437987,-0.05561133587282639,0.011800872492302671,0.01958835538600817,0.10278246596928672,0.21674640399340608,0.11396393802411935,1.3983465696770847
,,,,-0.0988388076608533,-0.03227710888531294,-0.11323238647681792,-0.05079768662590179,0.15162104146532818,0.2351386537564208,0.08351761229109259,1.0401925087977197
,,,,-0.09283187248012541,-0.047694034276350605,-0.08983607267510282,-0.04297992204259913,0.04077912619704185,0.13435753556420582,0.093578409367164,1.044889215208776
,,,,-0.05540189547017099,0.009298074530189921,-0.04100649997552291,0.03520615164044405,0.04644257405253009,0.2443318054775798,0.1978892314250497,2.09387147224244
,,,,-0.08287187376171397,-0.03324274064501469,-0.07423107383673429,-0.027345619244970785,0.09922466827047864,0.24300706012862838,0.1437823918581497,1.6097247497419718
,,,,-0.042483922314525045,-0.0025103082937083542,-0.019500345118062597,0.03518176006582037,0.08199662925567969,0.2826722374149077,0.20067560815922808,2.156240375490662
,,,,-0.05222543018128113,-0.016268618745409167,-0.035123537950128146,0.011779844584863251,0.03332089265252436,0.12298810394709661,0.08966721129457227,1.0113084636029912
,,,,-0.06503194508148234,-0.029940284067681122,-0.05074568136105561,0.003934125481785251,0.022094258516975565,0.06895520448733172,0.04686094597035615,0.5203476148560165
,,,,-0.03534025758653753,-0.022801968332955058,-0.02540251514311873,0.0019408020650350556,0.06554983234179364,0.0831758045051469,0.01762597216335329,0.3288067940996337
,,,,0.0018835331311589218,-0.008054037256214064,0.027409138781828667,0.0273975234777079,0.12070716295215851,0.10173902312056117,-0.018968139831597352,0.42743365352952617
,,,,-0.03009421719376089,-0.01413608772936327,-0.003921931614086335,0.01956615684722885,0.11279601305419992,0.15630162289732452,0.04350560984312456,0.7331633955499858
,,,,-0.12122225854328088,-0.10759125891691139,-0.16804889164272063,-0.1445963861500754,0.05994998353798414,0.06181556351397829,0.001865579975994142,0.23267727632485785
,,,,-0.08065628246418315,-0.07979947540771162,-0.06632150477519223,-0.07421038002129782,0.12422949867019,0.1083256100443346,-0.015903888625855393,0.12342505894544621
,,,,-0.08301093399273227,-0.07660941792926089,-0.07418123926788386,-0.07419867458320953,0.11041834220978294,0.11508574686748095,0.004667404657697993,0.27263791816358457
,,,,0.01089596639474509,-0.008229340847881881,0.027367966263181328,0.011780432646617517,0.22280743405312,0.1885672711610225,-0.0342401628920975,0.4659799125496718
,,,,-0.05634775495484901,-0.07457621808156713,-0.04293615702340165,-0.074226987946417,0.15627465366300702,0.1655704001471149,0.009295746484107909,0.5737446084288127
,,,,-0.05021939405704005,-0.04259099440922234,-0.027299326000698888,-0.011659716282623684,0.08615419233864662,0.10840206336215392,0.022247871023507327,0.42024072039010996
,,,,-0.03737542877903015,-0.044129727258805186,-0.0214734135598426,-0.027320667894621495,0.08546534651615452,0.08623666530326961,7.713187871150766E-4,0.307072765928077
,,,,-0.024366313943302454,-0.04499586657815881,-0.011686009722520093,-0.025380847230809984,0.15540302618879864,0.1324294621194529,-0.02297356406934571,0.4359935137124036
,,,,-0.10038540632785245,-0.11692166428516323,-0.0995992222323616,-0.12695535230554023,0.07936336989108277,0.0616144875866224,-0.017748882304460367,0.21742176100536778
,,,,-0.054347084453496175,-0.06583138194480773,-0.03321362417640182,-0.050765217351189586,0.11037710259921948,0.09684591232054633,-0.013531190278673147,0.3522266829510657
,,,,-0.061626218336416703,-0.07556136684210514,-0.027306937087741685,-0.0507678742693816,0.12980483638323642,0.12642496960048005,-0.003379866782756387,0.41068542100193345
,,,,-0.010445783209963809,-0.0060081111178886945,0.019593129100544705,0.035202905602674736,0.14608882943410187,0.20301151323613056,0.05692268380202876,1.0288487349353483
,,,,-0.047618358171112596,-0.01711326519395899,-0.03319717540064924,0.011766566156166312,0.04005185214660246,0.08094182733767184,0.04088997519106937,0.5754585925588814
,,,,-0.057279588881997134,-0.018947217197719156,-0.0449277664597071,0.00977971944241675,0.02962348522404584,0.06358948587409595,0.0339660006500501,0.4507829782209468
,,,,-0.07153995016339418,-0.028949086877777926,-0.06054522302270285,-0.003865715121591786,0.017053231182653988,0.04437497112866937,0.027321739946015385,0.3335055135923777
,,,,-0.050196184142387905,-0.02404822474795514,-0.03710910355107133,-0.001991043472227445,0.041333821521564645,0.07938436391920527,0.03805054239764062,0.5043849664612018
,,,,-0.0339205664484302,-0.002427269238460154,-0.029277920837367806,0.01955882670653321,0.11531282951547935,0.19509266401823294,0.07977983450275362,1.0359900983356236
,,,,-0.01839703727949111,-0.0034811775953116314,-0.00973912928878232,0.019582561730679033,0.16226033032886156,0.21733043262173085,0.05507010229286928,1.0375172222572018
,,,,-0.015164796846148633,-0.025151148760323035,-0.009764822599285758,-0.009765659581848342,0.13203514186934834,0.14305059137737475,0.011015449508026413,0.555748707719426
,,,,-0.030968067246306276,-0.012326088576066532,-0.021489139141691847,0.005843915180654058,0.07970578155387963,0.13865968995248923,0.05895390839860959,0.7645161125249554
,,,,-0.08228914980352262,-0.05055341515447762,-0.09571435451756162,-0.0566768753507938,0.09368619651456137,0.2099061243699161,0.11621992785535477,1.3396123517336316
,,,,-0.03486335918907786,-0.03101877824172514,-0.02731482894099792,-0.009763049228673343,0.06972861376656656,0.0892677829930412,0.01953916922647463,0.373762005762649
,,,,-0.006100917528863844,-0.009948902467716677,0.005879505833040948,0.017564525469684324,0.09560293388049228,0.16977495908757473,0.07417202520708244,1.1652306403968098
,,,,-0.015513369786407048,-0.022271828022997056,0.0038817511171833877,0.011770930339613966,0.09900248306254439,0.10066643759431039,0.00166395453176599,0.4623564542458827
,,,,-0.015528769137795601,-0.03904609203112397,0.003896575052618146,-0.011709999333381184,0.2705103837485741,0.2446645803412188,-0.025845803407355296,0.5086208926178915
,,,,0.04343151141568545,0.04251190553085096,0.0722723223558258,0.07426370448218464,0.35130823057023297,0.38784775506922614,0.03653952449899319,1.106696337398468
,,,,-0.07094348216157724,-0.06829895717643365,-0.04101003977584725,-0.052728671958396686,0.13899569085370245,0.16805549780588075,0.029059806952178354,0.5960425317626915
,,,,-0.09065038510276724,-0.0639509023461837,-0.12890191255392916,-0.08987157437191146,0.1486304393376829,0.2114200184064342,0.06278957906875124,0.8543098677887986
,,,,0.0032544705587427432,0.00869972933014191,0.03520714213943226,0.035173515382842635,0.1917781150442716,0.25412744493714035,0.06234932989286875,1.0644180724582601
,,,,0.026157797964008973,0.025143493308927928,0.041027988116440206,0.04101695608118281,0.2667579035247985,0.23241848977079754,-0.03433941375400098,0.5643487786156802
,,,,0.01568624908342758,3.5445261142049415E-5,0.03320101189955053,0.019568743203503824,0.21065468119380618,0.18777717060795446,-0.022877510585851718,0.5054136260049773
,,,,0.05677635814091302,0.050643026336814716,0.0800862969640877,0.08400429672102934,0.38795451464361014,0.40878798735108873,0.02083347270747858,1.2388105274334438
,,,,0.05811184793998866,0.02882874330780351,0.0918300786296472,0.06054440530535898,0.45550257054456433,0.32849860773173806,-0.12700396281282625,0.22369722350826618
,,,,-3.4281673999717375E-4,0.007920071066080794,0.035200503825590715,0.04299356643675706,0.16867508107441206,0.28475520119607833,0.1160801201216663,1.5431441970107609
,,,,0.005175046316177885,-6.894756786198628E-5,0.029291559000160224,0.027347392617283736,0.1716565010007255,0.17920655569583935,0.007550054695113904,0.6989093417059006
,,,,0.019909965792719565,0.004272436322711204,0.04299410087407187,0.027376986449808342,0.19583660952012502,0.18758661471209478,-0.008249994808030224,0.7048824633061976
,,,,0.026622433842532336,0.02152217751911127,0.05274249262350587,0.048825528168746364,0.24436719926480344,0.24170497579220016,-0.0026622234726033306,0.7410466206474624
,,,,-0.02800592002488046,-0.0342608684388641,-0.005852724760993338,-0.013654464992610381,0.08692612964509794,0.09172783851933772,0.0048017088742397735,0.4257932669641341
,,,,0.003204145091980238,0.005010048910094725,0.041023301171105996,0.05085684013222583,0.21449040830675734,0.2601226545956134,0.04563224628885602,1.1074718066571612
,,,,-0.009345708306215263,-0.004179102712383751,0.013680423240991125,0.027383632405884706,0.13635903280352477,0.1955623906123561,0.059203357808831375,1.1014414241615893
,,,,-0.008626193565349292,-0.013613063312809714,0.01759389955075377,0.011764198639647248,0.07429574847813097,0.1048307130817296,0.030534964603598606,0.6400359561843306
,,,,-0.024897059685435166,-0.035897433641821935,-0.003913086783711979,-0.009767269868251367,0.08319656227421586,0.08474983322370284,0.0015532709494869925,0.43769438156156687
,,,,-0.023698240399629446,-0.07100763182649833,0.01958257613965241,-0.03709561226122105,0.1480440677826062,0.1202016344428387,-0.02784243333976747,0.6017464113098889
,,,,-0.06677946471838776,-0.06737588345970806,-0.0429358041620523,-0.05074959570086185,0.0801857661551699,0.09245884060000042,0.012273074444830511,0.3966009977509835
,,,,-0.04265809766458924,-0.038936151086587864,-0.011686928639337428,-0.0038882751592834927,0.11993016173809128,0.1455702008930481,0.02564003915495684,0.6378772039471322
,,,,-0.11182036929239374,-0.1024784738105802,-0.13671667801485007,-0.136745658287462,0.08141572731025705,0.12977652097438117,0.048360793664124185,0.661576610167648
,,,,0.024940281536866643,0.026793715980200847,0.05080542104563546,0.060549308775759834,0.24703403289390063,0.3137788231976017,0.06674479030370106,1.3014436496900736
,,,,-0.10632148925028306,-0.09763271106480656,-0.09762665567434964,-0.09763643777343398,0.09259583237358408,0.13346440403863377,0.0408685716650497,0.6652518156358537
,,,,0.0023085223703813986,0.018166712300340088,0.04493063691564965,0.058633495373275786,0.22412220394634483,0.3135646344219435,0.08944243047559867,1.2736060573320533
,,,,-0.06780312637380446,-0.06688085095434923,-0.042947941685822756,-0.0429350134098392,0.10241185411826122,0.09700308586881486,-0.005408768249446361,0.3190350988069376
,,,,-0.02659875223385789,-0.03682633284161007,-0.013649222990838034,-0.029291477982544275,0.07031961743037785,0.05927961064456068,-0.011040006785817142,0.24108681644630447
,,,,0.014091184233210343,-0.018507983191285667,0.027333151129703272,-0.011717134963919473,0.12602711564901262,0.049831197102450174,-0.07619591854656242,0.056782699123051485
,,,,-0.014832783890364083,-0.03808350299342595,-0.001961736810950089,-0.027321366453964026,0.06649520746122033,0.03081238867188278,-0.03568281878933754,0.08094944284319652
,,,,-0.09316103957783384,-0.09792505823581517,-0.08788161977936434,-0.10353017546725168,0.03244280292754123,0.025823036122137242,-0.006619766805403992,0.109599381787429
,,,,-0.10951731013902148,-0.11612569632846989,-0.1132618691951918,-0.1367530800134364,0.0335935807685145,0.021440135416109354,-0.012153445352405146,0.06073680983874353
,,,,-0.0509692887071006,-0.0693040222059666,-0.027318303255761726,-0.058579257408446814,0.09728112690427342,0.06658893725030299,-0.03069218965397047,0.2060521618908435
,,,,-0.04193600085863645,-0.08105500628204328,-0.040960582232488295,-0.08793628260296324,0.024340641024488914,0.008415270451329202,-0.015925370573159712,0.005435105572090792
,,,,-0.1203400422887613,-0.127258551478172,-0.14456916848207949,-0.16800744523759173,0.10121951091476816,0.11485999320591216,0.013640482291143941,0.387609499221658
,,,,-0.07233117133160741,-0.08304543103586008,-0.05858141360371545,-0.08200802869130693,0.1107470791298986,0.10163313844141485,-0.009113940688483764,0.28595080571538783
,,,,-0.026683646288025796,-0.03242691538678309,-0.003932634705002623,-0.01953978493704711,0.13179103610772905,0.13261230621374273,8.212701060136508E-4,0.38184171203512
,,,,-0.04425234359398765,-0.03538487266984817,-0.0273157776251908,-0.027320377222718538,0.11782824083347453,0.14924300019777842,0.03141475936430386,0.5650059109428472
,,,,-0.03728124162846566,-0.02682075153272352,-0.011681301669121133,0.005904550591998816,0.14424599429549648,0.19953723087854747,0.055291236583051,0.8855946356793405
,,,,-0.07445897588573243,-0.07844815477662809,-0.06640472939299116,-0.08203493716715772,0.0828609903968456,0.08692740086292954,0.004066410466083923,0.3325203670166629
,,,,-0.014452570643000439,-0.02158865277278187,0.003904864325618436,-0.011679025998467001,0.18680615545622625,0.18216419946565365,-0.004641955990572614,0.45061653451479233
,,,,0.04292204370131883,0.03663020835157641,0.052742032545943854,0.048836060512819635,0.31747583910699206,0.31214383173460253,-0.005332007372389442,0.7076512150384459
,,,,-0.0016351076575119431,0.0017639236367249667,0.01759210224602242,0.02540657259049369,0.14533530040211204,0.147077241075301,0.0017419406731889555,0.5421325968508539
,,,,-0.030195885024024812,-0.03452970582748995,-0.01947698657273371,-0.02537717283909029,0.08281239413907802,0.04481701971200986,-0.03799537442706818,0.07392357818326446
,,,,0.008573396807208719,-0.008187913769398144,0.017578170232670068,0.001925780562239728,0.09088079385830605,0.04058845376660056,-0.050292340091705454,0.09456637294993041
,,,,-0.01902735334433604,-0.018432385233370173,-0.003917050321541656,-0.003918854830507921,0.08584650660011393,0.06263596534573551,-0.023210541254378436,0.18408007611831015
,,,,-0.09838508694558754,-0.07767446420289921,-0.09763373805615577,-0.08398977964729028,0.02916403088797484,0.03649572308770367,0.007331692199728828,0.1876387940048871
,,,,-0.005754011975541033,-0.011032838499213327,0.01173521726732035,0.001903228428309754,0.1630997064708809,0.14721488763503213,-0.015884818835848726,0.5076768198626013
,,,,-0.053214389042002486,-0.034263751436730834,-0.027320357089293902,-0.011705653870260967,0.09858664300506051,0.16838106703418124,0.06979442402912063,0.8406246631072095
,,,,-0.12704674877294667,-0.09847528955837775,-0.160204438572496,-0.1367651889019352,0.03254656282173515,0.0942614263382816,0.061714863516546474,0.6711852580466825
,,,,-0.0654044040969452,-0.05472194499739203,-0.02729695167680034,-0.01950027184133047,0.09103614832066016,0.17838827426497475,0.0873521259443146,1.0002816472408607
,,,,-0.07431729291975923,-0.08100387260522232,-0.04291577551316374,-0.08984661663728852,0.16341411939152087,0.17230892833986433,0.008894808948343505,0.5079425016857991
,,,,-0.07680590872922649,-0.06405026342334025,-0.058552266234471205,-0.0664265450514024,0.08308158813995417,0.14790427839267703,0.06482269025272289,0.8546930189084296
,,,,-0.11260559965989998,-0.09285385733858544,-0.14459781388454931,-0.11133755895263915,0.04651352801288921,0.0896609924152611,0.043147464402371924,0.5535425465507696
,,,,-0.17365718594282087,-0.15716440439640114,-0.1992727602802244,-0.1816583224136328,0.012870401488699598,0.018506715127706762,0.005636313639007162,0.10072502779095827
,,,,-0.1267284070200288,-0.11531314230203589,-0.16021733906010763,-0.14459584510355847,0.027133963999820515,0.03316191571721619,0.006027951717395674,0.16337348458938492
,,,,-0.15365519390179413,-0.14053049629625797,-0.19930942388559897,-0.17583723170660062,0.060362538767668616,0.059268446348226575,-0.0010940924194420343,0.11592808675904184
,,,,-0.12026053839306766,-0.11422785277418862,-0.14458478136363276,-0.14458255886675142,0.020864123253250964,0.02123960700300126,3.754837497502942E-4,0.11667121328556763
,,,,-0.13590470439335436,-0.14026675300164307,-0.16602835010540942,-0.16801233070771246,0.01653754298359771,0.01649694378945187,-4.059919414583976E-5,0.08308840101779068
,,,,-0.08766093477473416,-0.10412719362052787,-0.09763175121355346,-0.12893728325912254,0.0632762567958152,0.036399502512155534,-0.02687675428365967,0.09599480543082327
,,,,-0.09901909062295736,-0.10908854394503771,-0.11325392591798002,-0.13675444918923896,0.0830952415298298,0.05907485113199202,-0.024020390397837797,0.1468104913550829
,,,,-0.00970816185556775,-0.02853604696375129,0.011749250349805373,0.003919949598143202,0.17283483323986087,0.13651571614634192,-0.03631911709351895,0.22985960896359295
,,,,-8.663531845947979E-4,-0.031312376200128854,0.033206679389687736,0.003949832853763439,0.109782073329296,0.03627752377405536,-0.07350454955524066,0.019630513456187083
,,,,-0.041514462336964125,-0.05113339963906825,-0.003881732797662401,-0.00584746053215478,0.05949183579867333,0.03476996602602031,-0.024721869772653008,0.10795326242111031
,,,,-0.13119427921489155,-0.1358569623283353,-0.18368001483759247,-0.18368596840295984,0.05294359918564297,0.028414836935313856,-0.024528762250329118,0.0635621879318933
,,,,-0.09031938826984366,-0.10424050678573667,-0.08983817864963599,-0.12110932648071146,0.04587353730375463,0.019626788477701856,-0.02624674882605277,0.020616440311225014
,,,,-0.10012118839871426,-0.11119521545118859,-0.089818877028674,-0.12304690011412696,0.025200643174108226,0.013686147709394022,-0.0115144954647142,0.04949289381288559
,,,,-0.10442015260446808,-0.1231888676774264,-0.12110222202283871,-0.16020254592123498,0.07005798837056361,0.04704620317439983,-0.023011785196163773,0.14620515243134066
,,,,-0.017993538157177587,-0.02802774797135955,0.011764799436576443,0.013681130917454465,0.09222601288210648,0.06489105149024953,-0.027334961391856934,0.2076922798139722
,,,,0.026773118450788197,-0.004032909997674826,0.05083326831959906,0.03520405954410227,0.2757331348445484,0.1773726533219297,-0.09836048152261871,0.29432411625070287
,,,,0.03799515422957742,0.020735869138559397,0.0664606691882136,0.05864444494585403,0.32839157061120317,0.29830425296240537,-0.030087317648797882,0.6870096463534964
,,,,0.05701082128680565,0.01474973477714181,0.0820874191893341,0.04102913458800405,0.3957241409999974,0.24467466721923167,-0.1510494737807657,0.16056429371596964
,,,,-0.07530654967069791,-0.11145316555739766,-0.07420488595239987,-0.12695252870787307,0.10266316152951792,0.05232199622683338,-0.05034116530268454,0.10486402408213048
,,,,-0.02816773648725572,-0.04072485284895281,-0.013642266220949186,-0.033180650544330684,0.10053556134962849,0.12581363008446275,0.02527806873483426,0.5502656141984373
,,,,-0.024814026268454133,-0.06684204510639721,-0.009779256102217087,-0.05659282530842736,0.09715837464477521,0.06044201691759097,-0.036716357727184235,0.26217064881876084
,,,,0.010656949943425191,-0.008978944381437967,0.021484814650792987,0.005904875469038909,0.13683251931601384,0.09098541821682599,-0.04584710109918786,0.2971046743051562
,,,,-3.01094832361071E-4,-0.015329727744561842,0.019581194739520115,0.017584578968549903,0.15476860270404133,0.18556486187973947,0.030796259175698143,0.9010698299867765
,,,,-0.009451977672325602,-0.03160278419156409,0.011753922156388475,-0.0019757813816644325,0.12667769835346068,0.16262422777848565,0.035946529425024895,1.0189540187728703
,,,,-0.019468954497336863,-0.06557784571495666,0.009876406869856181,-0.052717292580835524,0.08680302242485789,0.022019236276913226,-0.06478378614794465,0.05471481307074996
,,,,0.07537101768826163,0.027668451852014928,0.09963309061049018,0.044939247314215676,0.49077658690376064,0.30225650308231705,-0.1885200838214436,0.0969769050018621
,,,,0.01717854079411125,-0.024492166584839766,0.04098865091034249,-0.001973421849521836,0.33714279153131377,0.23500188931421606,-0.10214090221709766,0.17733233596122822
,,,,0.010798347654320412,-0.04167271060022365,0.03320119598885498,-0.021504908607478876,0.19368076046806051,0.07558869123871126,-0.11809206922934927,0.04086134184891303
,,,,0.05800292646405571,0.020047419162511227,0.08009062748101362,0.0449607796652239,0.394106166130458,0.22040847354646664,-0.17369769258399134,0.11681136602219402
,,,,0.06529095183300614,0.019318156103457725,0.08207290070386229,0.04493679860274279,0.42528126532633703,0.24691706971427477,-0.17836419561206227,0.13375268170045165
,,,,0.022817700847638726,-0.012758200668940664,0.05862042756327996,0.019569725836826708,0.33743791173124715,0.2601077850165509,-0.0773301267146963,0.319899208525986
,,,,0.02594584178060236,-0.013187331943612027,0.07228000510286943,0.03711983824885267,0.3903131233716563,0.3046882459777318,-0.08562487739392438,0.3149004026360638
,,,,-0.07255481646586978,-0.12084519730031788,-0.042960293034423225,-0.10547225090270576,0.1984890555819119,0.140491298594807,-0.05799775698710485,0.2295353629825445
,,,,-0.06664925660364315,-0.08570110053765981,-0.019502706047159205,-0.050771389805940315,0.18089956980468805,0.14322491912522234,-0.037674650679465696,0.3764993501958579
,,,,-0.14612622383144203,-0.1560219629146102,-0.19146545198974227,-0.21491366568528236,0.04758749704305942,0.06086421527621257,0.013276718233153163,0.331366302888912
,,,,-0.024240988570726988,-0.04843623873075375,-0.011697815669067526,-0.03515241719918508,0.12159740848154438,0.09606397153259871,-0.02553343694894567,0.27699886730859075
,,,,-0.008973658831880458,-0.04642478689110023,0.027374687589407268,-0.013650423178563735,0.21195220829385247,0.09845378992609477,-0.11349841836775774,0.17617193405772666
,,,,-0.020759953241018442,-0.046706558015106765,0.0019297787764502444,-0.02147766300074904,0.11885186437788038,0.09133310924619152,-0.02751875513168887,0.4610327910549877
,,,,-0.027303145693734758,-0.07419535872662518,0.003916579099792408,-0.060540630934462186,0.15929041406775277,0.08373880465436397,-0.07555160941338881,0.21452736216966775
,,,,-0.016624207399083286,-0.046819583951613744,0.005850070115697209,-0.019513706311327126,0.14658277258748542,0.06824708580029128,-0.0783356867871941,0.11910778813687244
,,,,-0.012716586912465496,-0.014451044604150391,0.01174718951946566,0.011764960518522747,0.20675779978974984,0.17976498084439624,-0.02699281894535363,0.6245371527805441
,,,,-0.02164475097050535,-0.08930322120921243,0.01172925813150883,-0.07421965108879051,0.19265438883349648,0.07550348141491793,-0.11715090741857857,0.06657752052405058
,,,,-0.006991392335517019,-0.06629069465031555,0.02739396482665175,-0.0351386895066051,0.18763715589000324,0.06607027684250076,-0.12156687904750248,0.10510152668838553
,,,,0.011211526281704636,-0.08824808361068985,0.027298036058766188,-0.0820294511542747,0.2806256295603243,0.12034352076006309,-0.16028210880026122,-0.0037420077788355545
,,,,-0.053320545474010876,-0.09215863361879344,-0.019504643823176977,-0.06445274634281649,0.1643980847789902,0.07330044169141531,-0.09109764308757491,0.10925493021633376
,,,,-0.09614626112745198,-0.138382306889479,-0.0996112528879534,-0.15039446501476525,0.12026927763590961,0.04439031880869288,-0.07587895882721671,0.03715213311455202
,,,,-0.0691943067916353,-0.13162634329194706,-0.04294643353478183,-0.13673995255609347,0.1740915607537962,0.08247597958429782,-0.09161558116949839,0.1366288970033671
,,,,-0.17784165145056421,-0.23811956046251315,-0.18359463509926907,-0.2617323648800661,0.0616932693914543,0.018274097177553725,-0.04341917221390058,0.022764646782117936
,,,,-0.11416459808851467,-0.16954591393772248,-0.14459365140603722,-0.22072512769863845,0.26242433264897197,0.14994006639137564,-0.11248426625759626,0.019122330325096793
,,,,-0.31943442650061504,-0.2998796916884948,-0.34767083955713773,-0.33212071348570854,0.04078024716644663,0.03125252656426907,-0.009527720602177546,0.10474715933482544
,,,,0.05029148111364936,0.0018258725065510497,0.0683730905078488,0.019523599323767044,0.36488291523791416,0.2251580968438258,-0.13972481839408837,0.255162137503527
,,,,-0.13459695725775786,-0.13766874194099687,-0.17585418276906453,-0.17585924373603323,0.021575734344226553,0.017287221827664647,-0.004288512516561905,0.07623921216226437
,,,,-0.09331359564306284,-0.1053636672928953,-0.08982238603154698,-0.11524232478497526,0.05068099472668336,0.022129497844808,-0.028551496881875353,0.04369265948634451
,,,,-0.04530550423684135,-0.05955588254784956,-0.019476124244519562,-0.03509848033539827,0.06309287708235602,0.027324789088759932,-0.03576808799359607,0.04385089535242252
,,,,-0.12394779201170958,-0.117792623938556,-0.16021526524994387,-0.16022054674983144,0.025857726558058455,0.03210805495124719,0.0062503283931887406,0.17474800874229549
,,,,-0.053190946390512084,-0.032991297213069655,-0.03512044316651618,-0.003867441878851254,0.05655450210761783,0.05663596137659603,8.145926897821533E-5,0.29574412636587943
,,,,-0.12982210732709953,-0.11099816644512117,-0.16022479285309177,-0.13676663602457412,0.023455858915797486,0.02529237346439955,0.0018365145486020631,0.13200476210638204
,,,,-0.1336916466785675,-0.1223194216459479,-0.16020786506224852,-0.1445791823103287,0.0162912184555006,0.012872956796702705,-0.0034182616587978966,0.05644042290257577
,,,,-0.02832252465767769,-0.007745151584974307,-0.011712973924579944,0.017588731803741212,0.07404365022737376,0.07561324818586897,0.0015695979584952147,0.3746017129204116
,,,,-0.04914498663349161,-0.018884612490042484,-0.041004233712027,-0.0019639676751079505,0.0335473926520368,0.03676131696375405,0.003213924311717249,0.18997210381495833
,,,,-0.016044200369823923,-0.01807081219956361,0.003910252609510128,0.009776125883222344,0.08377787486343469,0.06109653119362228,-0.02268134366981243,0.20434073137062192
,,,,-0.1093588531422134,-0.11595097977974579,-0.12109594333523782,-0.13676571037968244,0.02678385869197427,0.011107579061627635,-0.01567627963034664,0.01768376226830054
,,,,-0.04927552311229008,-0.05163836215072302,-0.01949484767164674,-0.011671244825316904,0.052827863370232736,0.04689375918033936,-0.005934104189893384,0.23157672218027245
,,,,-0.09405839198112094,-0.09962811220760674,-0.08985392711030288,-0.10546998116540102,0.07686881675927375,0.06944414981463347,-0.007424666944640303,0.2632023724385036
,,,,-0.08721210058165846,-0.08635935502912717,-0.07418707057014891,-0.07421373140968267,0.06976909227360215,0.06288120823195212,-0.006887884041650016,0.2326693746950344
,,,,-0.046069723477308644,-0.051366028845810374,-0.011666181879926784,-0.011651205165372791,0.054657460573862914,0.04980988435790765,-0.004847576215955263,0.24069551114224555
,,,,-0.03721154790901449,-0.049195063346927366,-0.019466841462888847,-0.01754698579001581,0.1234999563665448,0.12446714481637171,9.671884498269116E-4,0.4711426704067916
,,,,-0.034507612840058946,-0.06506983346518276,0.003945043161477319,-0.02731337604659723,0.12111057473377868,0.07768573611573376,-0.04342483861804495,0.15738801195324256
,,,,0.008737266923064273,0.04901562662156371,0.02540095723780973,0.08011577700386638,0.2483560311385752,0.3867196493163823,0.13836361817780718,2.1808991509911295
,,,,-0.007054541711293563,0.0028389690579486227,0.01957584431379318,0.035702899201723357,0.10129868249649927,0.10794507436671176,0.006646391870212481,0.5803922765812793
,,,,-0.012322682831017213,0.002770722467065836,-0.00391234162765297,0.025406812552308155,0.06728804142734021,0.04749976732813932,-0.019788274099200902,0.18186510265604663
,,,,-0.06922688475584389,-0.04597157536772815,-0.042923532603331094,-0.013656660948254556,0.0389338925219499,0.04964716745023821,0.010713274928288314,0.28669932710136925
,,,,-0.05500404103451312,-0.047188751538713596,-0.03320708568859165,-0.017555815710033052,0.026774723732325107,0.016693482997366046,-0.010081240734959064,0.06173846897405464
,,,,0.004843741984983945,-0.0030520708495203113,0.02737593452530231,0.03521903516164415,0.12232567095924946,0.06411901825718311,-0.058206652702066354,0.20248817374901887
,,,,-0.017965032114969574,-0.0534910093148003,0.019595221706195064,-0.019480173580949015,0.1459137839925909,0.06729880025077399,-0.07861498374181689,0.17248583596451428
,,,,-0.06144339745065341,-0.07414541128249756,-0.019505405012551782,-0.027314521121098775,0.10951033484590837,0.11092881942049042,0.0014184845745820486,0.4533989153706631
,,,,-0.07401284211090507,-0.06110401300666417,-0.04292180408086809,-0.027292788646614215,0.03760689789523783,0.07143803210726506,0.03383113421202722,0.482615004426387
,,,,-0.060060419103775436,-0.03191974521128569,-0.03513553137894226,-0.003893224917127128,0.041865243340014534,0.17168847231965517,0.12982322897964052,1.4267856916222212
,,,,-0.05062318641337121,-0.02319515467258455,-0.02731168766337165,0.003882229677109752,0.04806091333407616,0.22267708746792192,0.17461617413384575,1.881331385067533
,,,,0.0028063608671016586,-0.02742536543828536,0.025416969717474328,-0.013654713365778214,0.18829474868583246,0.1245060148833745,-0.06378873380245795,0.164316179258247
,,,,-0.15937202338188838,-0.1825954093738,-0.18164862174830873,-0.20899272413746856,0.011108461052937474,0.013656708153448506,0.0025482471005110296,0.08108623497992308
,,,,-0.10787694145360396,-0.09772705830021479,-0.1211140280285207,-0.1132945454695966,0.043791790144472306,0.04794931947330838,0.004157529328836075,0.24819988196248446
,,,,-0.08852492830254734,-0.09181305944086797,-0.09766726552161199,-0.10547873340557597,0.06932672816999633,0.05035456064156392,-0.018972167528432376,0.14891439131415846
,,,,-0.10482075337871882,-0.11328800287610256,-0.12111715906056739,-0.13675360856533808,0.04904770598071856,0.05594657460080435,0.006898868620085802,0.26232473563916525
,,,,-0.0839815876356882,-0.13176132075986663,-0.09571333465455534,-0.15237453324614975,0.06354062813187009,0.04969711501844266,-0.013843513113427429,0.14391127883409963
,,,,-0.06430187696539874,-0.06952553776389288,-0.05076374695273139,-0.06641014364399146,0.05957884179487668,0.11301642134775784,0.053437579552881205,0.7892496574764973
,,,,-0.020871147548130672,-0.04146639192607248,0.003924444147595864,-0.0039051081656602442,0.12295119764330119,0.15744088650676716,0.034489688863466,0.8283296327059181
,,,,-0.00940997161747468,-0.008882728488827553,0.021484831864499395,0.029311696605368847,0.14943364225262842,0.2518802420595105,0.10244659980688203,1.5184734412293692
,,,,-0.10459085527168709,-0.13359909450104454,-0.11330411433968231,-0.1523784353604708,0.03158792426841127,0.036762910046012696,0.005174985777601434,0.1917152501897496
,,,,-0.10376411223625724,-0.12657255696470388,-0.11914878530325905,-0.1523714000547586,0.03484114025338974,0.0666363506643416,0.031795210410951874,0.4355904391778736
,,,,-0.1067171623471209,-0.11968652094494539,-0.11914778003326955,-0.13476714355963637,0.037696554922991364,0.045594142928564306,0.007897588005572923,0.2414008566980628
,,,,-0.1596160830651256,-0.15465503665904137,-0.20709598308450897,-0.19143708455901595,0.05901545553952089,0.05561940658037058,-0.0033960489591503117,0.13937933157475665
,,,,-0.1599228544490499,-0.14268282658078954,-0.2071138925042258,-0.18365651040642078,0.047184453666718335,0.05994539403017637,0.01276094036345803,0.23108829424777175
,,,,-0.06101785681517521,-0.04914625385091709,-0.05269090394978427,-0.03320477423944387,0.08269101366344811,0.1123006286068415,0.02960961494339341,0.49456278766764045
,,,,-0.10264944906260556,-0.0993260952865049,-0.12112758542671932,-0.12113209235030048,0.06740081408622602,0.08255214036591352,0.01515132627968753,0.3385519052464042
,,,,-0.14000997471436127,-0.135717179900484,-0.16801232497721477,-0.16800567759502458,0.025470374270064242,0.04960237687431541,0.024132002604251156,0.30350234207838106
,,,,-0.08940852840578051,-0.09275688168506357,-0.0956915787119117,-0.10549712852281022,0.06067970428690317,0.0839098460675888,0.023230141780685623,0.422223220784804
,,,,-0.121339860717194,-0.12232164116468837,-0.15040928191525973,-0.14649024967669513,0.01792143002461292,0.020422558822648394,0.002501128798035474,0.11534905644150667
,,,,-0.09639873659433629,-0.10736268885739109,-0.11329990554402858,-0.12893114721842341,0.0685785632126545,0.0822946369387832,0.0137160737261287,0.3240060083413224
,,,,-0.10142040084689927,-0.11095811045964175,-0.12893255345222907,-0.1367391318027422,0.12020265982241342,0.10533989596737775,-0.01486276385503563,0.18904647393510451
,,,,-0.11181078718881854,-0.12375998336373646,-0.13673802289590165,-0.15237571331757319,0.09702976743750022,0.07794719173654921,-0.019082575700951013,0.15450095878359973
,,,,-0.08792100104518587,-0.1119524359680569,-0.1055095105019752,-0.1367512147604192,0.10638982535310058,0.07530808850504027,-0.03108173684806031,0.09455667091651247
,,,,-0.1419461260420213,-0.1392316751710815,-0.18363121431143944,-0.1738449881437764,0.06866413432885907,0.060370290271034424,-0.00829384405782466,0.204828320407934
,,,,-0.15078241096275294,-0.1584120365804068,-0.1914537246387023,-0.19925470730475667,0.06706649672989873,0.04821338334058757,-0.018853113389311144,0.17437570316391907
,,,,-0.13093767246738944,-0.11470071951164901,-0.16020035996844595,-0.1367503483059321,0.05599991307478703,0.06884941636902131,0.01284950329423431,0.3662444967371711
,,,,-0.12096872858254423,-0.11176525046343518,-0.1464966847525968,-0.13086978699439797,0.04133925636878237,0.05321814954411378,0.011878893175331412,0.3151459688820103
,,,,-0.11673605737441631,-0.1087301510846061,-0.14456295862907242,-0.1367476585346806,0.06547817352833674,0.08165120349615976,0.016173029967823015,0.38587977595764605
,,,,-0.13396605712659646,-0.1366291301486664,-0.1680261430445435,-0.17586004222911114,0.03165963420296854,0.04895506391446543,0.017295429711496883,0.28804353410036515
,,,,-0.06118053773568085,-0.04744118871527619,-0.027318536797146496,-0.03514478400828525,0.200702999395065,0.24136331281423476,0.040660313419169834,0.728185780374899
,,,,-0.03190287590863166,-0.003281504593892234,0.011763872903639543,0.03520489267507572,0.21358602205130872,0.3167421169793569,0.10315609492804821,1.2987416810158479
,,,,0.015956211051104306,0.06213391163517659,0.04299703486836513,0.08987720507769247,0.22610609141481566,0.45593585843156026,0.2298297670167446,2.4850679752477633
,,,,-0.07174798266319707,-0.038261485497469216,-0.04291158484373931,-0.011678606086032038,0.0865078657670578,0.20842090410854766,0.12191303834148981,1.3645141636765237
,,,,-0.1620100046842616,-0.14570808324080042,-0.21290756270490868,-0.1914742099869503,0.027977330234509535,0.05042299282887076,0.022445662594361218,0.3116557894040763
,,,,-0.1166772541220657,-0.10752581571521551,-0.16805796667403586,-0.14459060467198787,0.07394474710330443,0.08278550354944332,0.008840756446138881,0.3169576865817022
,,,,-0.08708369658407702,-0.11267101183405774,-0.08203193002556072,-0.13676185696314996,0.08797775102175286,0.12511714656796527,0.03713939554621242,0.5887107129019645
,,,,-0.17946424913904901,-0.22773209045617995,-0.21290059435701028,-0.27149959348248803,0.03178549045328599,0.035852313511103004,0.00406682305781702,0.12480140627929355
,,,,-0.13182193551538884,-0.1603019054985329,-0.16019519277568858,-0.20706632619539422,0.062481311853626896,0.08426690163926687,0.021785589785639988,0.35453472876703934
,,,,-0.10520139498480736,-0.0863648680597205,-0.12892434411584655,-0.1133105314893523,0.09525433939022207,0.1471188416749262,0.05186450228470415,0.6923904828247339
,,,,-0.015021517485607256,0.030115912620628203,0.0195661138929474,0.07426247176030307,0.18004588627057838,0.384608893881708,0.2045630076111295,2.2813808840947742
,,,,-0.01752051028085286,0.025169441544887757,0.011755354256805779,0.06642795636646548,0.1747971678827348,0.3770455231834561,0.20224835530072127,2.1922085002948224
,,,,0.016036556655644803,0.022251726824770203,0.05082424677834308,0.06645201366101211,0.2860282203926869,0.3900980072401219,0.10406978684743501,1.4631480597399693
,,,,0.04298273386508021,0.05023217977927413,0.06643260017353772,0.0820857050969041,0.299450348687931,0.41209180586873523,0.11264145718080407,1.6329239552935952
,,,,0.006686141816670039,0.02158543150021844,0.02734518235491103,0.05081402307995972,0.1700814700412808,0.252636238417884,0.0825547683766032,1.1730080186065324
,,,,-4.144658947864803E-4,0.016127077176897545,0.027367367080186646,0.0508162883683469,0.17506956629224196,0.2802703461251392,0.10520077983289729,1.4061266038624218
,,,,0.0014834709338232379,0.0010061067724255932,0.03519002973468502,0.03519647682910594,0.2645666677044692,0.28631295135113605,0.021746283646666864,0.7761287201817462
,,,,0.008520852314684765,0.02432330300206293,0.04301371613851898,0.0586359190810878,0.23364133900680592,0.33940549514712726,0.10576415614032135,1.4046681522927371
,,,,-0.012216049504446453,0.005402445566155362,0.019559554054218338,0.04299672215888111,0.23285663143644808,0.3129900138425794,0.08013338240613135,1.0935453209362003
,,,,0.030672051211087487,0.042069853716863045,0.050801964922067795,0.06641972478652373,0.31013335329931985,0.37920097831725946,0.06906762501793957,1.085919802114058
,,,,0.03644917023009944,0.05997666738473007,0.058621803310867505,0.0898660907443357,0.30658738654165574,0.45001371993763095,0.14342633339597524,1.7433024262006178
,,,,-0.013444350008575814,-0.011094042797518916,0.027386444305129,0.019567397830798645,0.2686387020466314,0.28321296570112453,0.014574263654493207,0.6413613162064957
,,,,0.06963361112732527,0.07950179488005835,0.08988002621045894,0.09767325787561465,0.4262552860386242,0.48952356469323977,0.06326827865461557,1.1862398653110533
,,,,0.07669456578461574,0.0755326339357908,0.08987158911298315,0.08985538928411266,0.4466951874785442,0.46142122295173826,0.014726035473194062,0.9522938322574468
,,,,0.09721287928596588,0.08461603333124042,0.11330418155085155,0.0976584670974124,0.5666393383727661,0.5059375596373724,-0.060701778735393806,0.5577456493976688
,,,,0.02153063533886714,0.014825450423846118,0.07424878783451588,0.06645840527250532,0.38870155502704246,0.37467644983139103,-0.014025105195651436,0.6397447075803356
,,,,0.07827085118019605,0.051497953345630273,0.10549471731285637,0.08208092226031996,0.5181019801261596,0.4269561681730171,-0.09114581195314252,0.4818080144688536
,,,,0.03521048675513723,0.03975916003854853,0.06644334237602686,0.07426647069670435,0.4058122079149327,0.40140823895924344,-0.004403968955689288,0.8285049094551623
,,,,0.011459129677641499,0.01053620254056579,0.0273523156385954,0.02735740760930871,0.32962750382823286,0.32602588954556183,-0.003601614282671046,0.5254785511490703
,,,,0.029109681531865893,0.014721599668794848,0.04299337110113555,0.03517720103687883,0.2659575746683551,0.27698673819052017,0.01102916352216513,0.7874909444808574
,,,,0.013529072954733122,0.017416981521107794,0.0351744400279452,0.03517645895295317,0.3078370619599,0.31630187868447324,0.008464816724573275,0.5712314460668083
,,,,0.03521975408099161,0.03395281057558564,0.058613883637310994,0.05861059561258755,0.3515095695600656,0.3379711075386516,-0.013538462021413919,0.5689921326828649
,,,,0.0068254394576493915,-0.0030869748205608187,0.04298577810179939,0.035194233171705384,0.26373756491428363,0.23109356645199902,-0.03264399846228469,0.5896184243948481
,,,,-0.09712728810518616,-0.10109545778270256,-0.12112103502481514,-0.13677099420936256,0.13817380680645253,0.14175404607512046,0.0035802392686678113,0.45334595076472783
,,,,-0.022340662600576464,-0.05815264001971969,0.019572690972294315,-0.027324249844582288,0.2292863437121994,0.12997206192821092,-0.09931428178398848,0.17742107198881632
,,,,-0.05856770100534949,-0.0653307067973938,-0.050770424262433535,-0.05858182473303089,0.1567096986212104,0.13909832036468056,-0.017611378256529822,0.5000301470198101
,,,,-0.10138620758926052,-0.10794283620054236,-0.12110172203540612,-0.13672955802964445,0.11924323319057359,0.09693027862345593,-0.022312954567117654,0.3091235448893809
,,,,-0.061020269507650646,-0.09589176587059822,-0.03512584821603479,-0.0976361683384422,0.17492003971311865,0.08698672525435305,-0.08793331445876564,0.12202877382983318
,,,,-0.014639282200189278,-0.012257224272870643,0.019566951343535286,0.019582177852749818,0.26270188364226604,0.27747264656122117,0.01477076291895509,0.7140494392956297
,,,,-0.057981996238804505,-0.11171916029385626,-0.07424757159267094,-0.14456792507178015,0.2069326653896078,0.11548886043178207,-0.09144380495782573,0.10583779555498721
,,,,0.06429937430132966,0.05360071502268123,0.0820473240548096,0.0742439906052556,0.3947636456219854,0.3799294990655376,-0.014834146556447825,0.8311926623592762
,,,,0.011484199389453846,-0.017309296442309306,0.04299006789904458,0.027386825440333037,0.28386424544646166,0.2331687671072813,-0.05069547833918035,0.47568144820214825
,,,,0.028451611403602455,0.009483090161876028,0.06643282419897094,0.05864475989946656,0.3917377628038012,0.3468036783882107,-0.04493408441559048,0.5584469074180726
,,,,-0.06273344130380898,-0.10155194863052719,-0.0664051163726621,-0.11328015175320053,0.16401595170607705,0.15488038252090372,-0.009135569185173309,0.4378101240664488
,,,,-0.06606765635898136,-0.07650463987563898,-0.0742282823599977,-0.0898520189832601,0.20139572880884923,0.16981405398019328,-0.03158167482865598,0.37010604487699705
,,,,-0.08724461857904232,-0.09223580778370179,-0.08006740160166094,-0.09570615300553695,0.10383089911245928,0.09394510946363503,-0.009885789648824236,0.34960270939045224
,,,,-0.0917531523076499,-0.09943961313339415,-0.09767420106295054,-0.11329380951050436,0.08749677468329747,0.08077788685534683,-0.006718887827950642,0.3524831838054914
,,,,-0.11370628932015651,-0.11371190285374863,-0.13673962083948282,-0.136742547337939,0.045276600491153556,0.041381058516716154,-0.0038955419744373943,0.1870372038002768
,,,,-0.06600101936511835,-0.10059774122644509,-0.05076478124321666,-0.10547550276381618,0.06729206456644649,0.03602910046040716,-0.03126296410603932,0.1240266833552898
,,,,-0.06842088123593953,-0.07809155866679907,-0.06445152052473617,-0.07617366773729115,0.09152566725054728,0.06682729109793202,-0.024698376152615286,0.22711352117149722
,,,,-0.018241066078947925,-0.03766819630131136,-0.011707076470743745,-0.04492576038122042,0.25540483170128436,0.1960754193449965,-0.05932941235628793,0.26234314108847256
,,,,0.053148723916322055,0.013875618515819785,0.07619032753221655,0.02929599255822465,0.435382300529498,0.30633784725438984,-0.1290444532751081,0.15118690216746208
,,,,0.014771030173568645,-0.011537469786200258,0.03321130301131075,-0.003935717863519156,0.32472618547888105,0.24276488236570384,-0.08196130311317712,0.23803132581832592
,,,,0.05375675974156983,0.022578210609127312,0.07421714559118894,0.027343068982344367,0.42004067376751775,0.32968335761363754,-0.09035731615388018,0.3231262936647785
,,,,-0.070110965387827,-0.09341479252967952,-0.06640813373591485,-0.09765756445899261,0.06777607543225472,0.03225121996958896,-0.03552485546266572,0.09074244259183292
,,,,-0.07296521349644278,-0.09379464322354202,-0.07420699036086739,-0.09766536860739727,0.06278930972346017,0.040791713545639645,-0.021997596177820534,0.09946900102187703
,,,,-0.06843806360560475,-0.09290882249813748,-0.05858048445570569,-0.09766424847631971,0.05107007986924139,0.04460359782396423,-0.00646648204527715,0.20096568412203758
,,,,-0.09771087280725839,-0.12390745682177104,-0.10547585980119653,-0.14456344638706667,0.05052917273946073,0.04729099468084597,-0.00323817805861477,0.23780019853504641
,,,,-0.08058363641823305,-0.07524517720348811,-0.08202317330126642,-0.0898816316981939,0.07318957715284907,0.12138753703242525,0.048197959879576174,0.7968454489165864
,,,,-0.09776914120789702,-0.12591114708768653,-0.11330372207915479,-0.1445559522988445,0.04042264387352008,0.04175580522461995,0.0013331613510998688,0.19030144465875873
,,,,0.06532740855781564,0.060735732022890294,0.10550472743168766,0.10551141160646581,0.5128006901707247,0.5107413257707275,-0.002059364399997069,0.8234649813795548
,,,,0.07752890971519817,0.07473008793857566,0.1133027045962291,0.11333556790020165,0.5426245261042442,0.5520847732682437,0.009460247163999609,0.9117537186421774
,,,,0.08278066808288694,0.06455330320286594,0.12113651998832696,0.10551977778452533,0.5680041582591556,0.5116265713435266,-0.05637758691562892,0.5612624350704595
,,,,0.0874675586484464,0.05801078793368295,0.11330868353914142,0.08008286800871539,0.5521008176313001,0.39678674986461954,-0.15531406776668055,0.24743112668393663
,,,,0.08610392266185757,0.05165965044206178,0.12111846756655875,0.08205447858580557,0.5662939322655794,0.4591915093503142,-0.10710242291526526,0.18338670935872642
,,,,0.07101961846283342,0.031198893885321467,0.10551110503311233,0.06642432591514832,0.5285530362591278,0.40670891269736226,-0.12184412356176531,0.17668807155603714
,,,,0.0710448551339994,0.04030525903450922,0.1055116999382478,0.07424007243072152,0.5192750255476677,0.42078944108046923,-0.09848558446719825,0.29525307731201067
,,,,0.10636121171104308,0.06572079218123543,0.13677324876156505,0.09767987788217374,0.6296030278574904,0.49055681217306574,-0.13904621568442488,0.18167064312934486
,,,,0.11059334124259688,0.06750911221923395,0.15240747687745484,0.10550918931748608,0.6578680121081623,0.524309328403375,-0.13355868370478732,0.06629646959413266
,,,,0.08669782038956388,0.0700668132293654,0.11332291201112338,0.10550943528221157,0.5530636446060404,0.5164828673432794,-0.036580777262761106,0.727612433305701
,,,,0.08366667501193106,0.07298177539568304,0.11333522315826994,0.11332429266462879,0.5644891067950527,0.5365299127155526,-0.0279591940795,0.5420358718932279
,,,,-0.05442245710387742,-0.057810042295692386,-0.05079014047638545,-0.05859527288365745,0.27929973071650677,0.2592707909031422,-0.020028939813364587,0.4494397355419129
,,,,0.02540101732321504,8.261581706242984E-4,0.05859434337053795,0.03516072896337446,0.4170203376162807,0.37657852801037134,-0.04044180960590933,0.7620297744478156
,,,,0.03526090913650039,0.011532133429247958,0.07426415263621754,0.05079989972355707,0.42777944792290695,0.36442782370793514,-0.06335162421497192,0.4511011197836973
,,,,0.021535775586321464,0.01202713243509179,0.07425632418848364,0.05859516615216433,0.43783718509742864,0.4172407770597625,-0.020596408037665867,0.5854326764484014
,,,,0.01840035498419555,-0.006457313743736652,0.035171499857486,0.003859483961989809,0.34368465051037245,0.2870389774833638,-0.05664567302700873,0.41965475979015276
,,,,-0.018000146880908438,-0.04977841511731009,-0.011715453468757988,-0.05859026629390714,0.202787794939572,0.14172084647593877,-0.06106694846363329,0.154423746067787
,,,,-0.08074991360284443,-0.09222198138906773,-0.09766662230600567,-0.1132977877375923,0.0960010195156611,0.08621159218701632,-0.009789427328644821,0.2597783318113299
,,,,-0.055654244549000274,-0.06479437363755174,-0.04101409996254821,-0.06056146167655097,0.10319361284217667,0.07197509120273432,-0.03121852163944232,0.2587868535324463
,,,,-4.815762492445766E-4,-0.00576900278545013,0.009764491495584237,0.0038631427057160272,0.2516866792537501,0.2568273691493738,0.005140689895623729,0.6187437573447399
,,,,0.004365501092914918,-0.009275217615452594,0.04297572958074838,0.019550743161615765,0.384471521755755,0.33495687205668223,-0.0495146496990729,0.29930458798364773
,,,,0.03932991906946071,0.026884288140158714,0.08987490728262613,0.05859956267121877,0.478194556985475,0.38331487776553863,-0.09487967921993642,0.15840558905988641
,,,,-0.06113526222888418,-0.09477888043279697,-0.07423226399904347,-0.1132866354162056,0.20664791848556388,0.14698629188299256,-0.059661626602571335,0.1697844528010718
,,,,0.03641725959641448,0.017892315143382635,0.0683553426364269,0.050794881285131384,0.4028884085883586,0.3611249135545491,-0.04176349503380945,0.504870575255503
,,,,0.0251723044965593,-0.011264105517213288,0.0664388854532939,0.027372611658764905,0.4108620325644607,0.307525910745571,-0.10333612181888965,0.1556804789499998
,,,,0.022509617411863837,-0.006630738093202631,0.03518051716088101,0.003867962358069488,0.3272285251592746,0.2589768752229338,-0.0682516499363409,0.2527194540021393
,,,,-0.02709859158675538,-0.04708127951937484,0.01172810728684163,-0.03514996790802897,0.30209346686430205,0.21497030701336078,-0.08712315985094125,0.12934214722851758
,,,,0.01991292466322407,-9.441874458977576E-4,0.0507965757925313,0.027349376923576148,0.38064947491615336,0.3217707873500945,-0.05887868756605881,0.23673667272389898
,,,,-0.008610771967330915,-0.020896521204092588,0.02735512147860799,0.011765053941450717,0.3314801372507449,0.27382095312976923,-0.05765918412097574,0.2769494293285183
,,,,0.018149773806579346,0.011636846127376055,0.05082817416321857,0.0351761402311146,0.3793516605509074,0.3075541854871253,-0.07179747506378216,0.2900842031081521
,,,,0.017871223394350873,0.014401161110912618,0.04293865317667845,0.03518340516068383,0.35256009134480554,0.33907658646280286,-0.013483504882002787,0.49317360955498607
,,,,-0.01847837592617801,-0.031196270348870087,-0.011711879553347298,-0.019515962248705918,0.23750056107458384,0.20853924834806703,-0.028961312726516864,0.34982024783951865
,,,,-0.07359432416990327,-0.09441318557793509,-0.08398337661985801,-0.11331229403822456,0.15862049913106607,0.14239224491824348,-0.016228254212822577,0.24286395373177735
,,,,0.06885221407766912,0.005660555538176262,0.1055068332381965,0.04299873999753371,0.5089520990223002,0.28475307917407217,-0.2241990198482282,-0.004117546776034399
,,,,0.04647237216061244,-0.001601195700794662,0.08206615919971982,0.03517403707759135,0.4503633657376156,0.28901100341696717,-0.16135236232064837,-0.0446802554079519
,,,,-0.01835807216744805,-0.06649267212815801,-0.003933269419014725,-0.05859367592219625,0.2737346328064213,0.16177154592024695,-0.11196308688617439,0.10592294135297654
,,,,-0.062478691916340076,-0.09715976126277641,-0.0742435467735763,-0.12111691829633692,0.23997199078758447,0.15929105312242228,-0.08068093766516224,0.13740369661802768
,,,,-0.05004489895625595,-0.0965537913096156,-0.06640700193629576,-0.11329404793022438,0.2352332346397676,0.12357822902189369,-0.11165500561787384,0.11862868777086583
,,,,-0.07733416031246353,-0.10244502582327765,-0.11332649598251995,-0.13676749917587266,0.21971482629399613,0.14413217131237374,-0.07558265498162246,0.26785415738142443
,,,,0.0558092000714851,0.01672920850780208,0.10552708682420797,0.058620224054501194,0.5073232846239955,0.3556259801190027,-0.15169730450499277,0.14334269061886729
,,,,-0.03351620209262776,-0.068776363059212,-0.02732103967432102,-0.0742268544861105,0.27491987615145863,0.16633172221674775,-0.10858815393471091,0.12124708333246
,,,,0.02917098369527659,-0.02322782487677334,0.05862150417573214,0.011732487283603077,0.34710642351562077,0.18482753769992052,-0.16227888581570027,0.022647494344969796
,,,,0.08724825931668927,0.04875938756408989,0.11330082716247787,0.07425313232412348,0.5532502739230676,0.39142988573839743,-0.16182038818467,0.14551840585385167
,,,,0.04177749727887633,0.03254575844542324,0.0742520578133465,0.06644998241361527,0.4261469796100252,0.3961667802431297,-0.029980199366895638,0.508144079347475
,,,,-0.1430329995435858,-0.1593041167927743,-0.1289494919430734,-0.1445153169720752,0.05442336330459922,0.037754528299732075,-0.016668835004867162,0.1291073216711288
,,,,-0.07641970604846762,-0.05011128356153263,-0.06640560734663183,-0.05859736854657344,0.11584181982190976,0.15312533370886663,0.037283513886956866,0.7107178981933456
,,,,-0.0595411568069965,-0.058206643249981684,-0.042996203917092385,-0.035108335277123086,0.11017725908099203,0.126487541835564,0.016310282754571928,0.5360023952730356
,,,,-0.10802039196912257,-0.10380508106683817,-0.10545838372273911,-0.10547726120103343,0.042117604466118445,0.07252271814732737,0.030405113681208934,0.528131201356216
,,,,-0.14510672879360226,-0.14669886133882876,-0.15234116845534804,-0.16013786719534764,0.03910702071347233,0.04842939399289975,0.009322373279427426,0.23293645371666208
,,,,-0.11716846316637781,-0.1289016266154952,-0.1308097789515237,-0.1446411279488183,0.06122651338056006,0.06142197787096856,1.9546449040848862E-4,0.18312853472766483
,,,,-0.0491533462960705,-0.02878345196689322,-0.05082268002945265,-0.02733618088386185,0.11044983460581863,0.16171817118672083,0.05126833658090223,0.8697413244126951
,,,,-0.12510682392658612,-0.11516161746431508,-0.12108256570161395,-0.12109931263145954,0.010694046149356025,0.05428937248853589,0.04359532633917986,0.4693677894714329
,,,,-0.20079832896610159,-0.050712282792118424,-0.22268692331849846,-0.027305922568294606,0.005377621929353777,0.01563008764383586,0.010252465714482082,0.12099515264638863
,,,,-0.195932285319024,-0.014029636007024409,-0.21289523136970825,0.00587168093700994,0.004463211400575085,0.04190665674750446,0.03744344534692937,0.3870261683338629
,,,,-0.18795674969842857,-0.03171169308268331,-0.19726948156922924,-0.019514361722750697,0.001471172534133578,0.009154683629373045,0.007683511095239467,0.08070200840465332
,,,,-0.22472751737962876,0.029358422242206906,-0.24413770113045227,0.04886473178501917,0.004413285045506996,0.1105101713671838,0.10609688632167683,1.0714864891093407
,,,,-0.21014827696156643,-0.046627896387117715,-0.23633312079914753,-0.03514113738716235,0.00845006082638238,0.03309602033975055,0.024645959513368173,0.27078281444555286
,,,,-0.24155173806264288,-0.07082043738657608,-0.26172533063162234,-0.07425688630175369,0.004097841377333051,0.014679215947413038,0.01058137457007999,0.11920196804562316
,,,,-0.19865005405019648,-0.01854662724885575,-0.2304963676043977,-0.003883009295301276,0.010909677897112162,0.03467380037975699,0.023764122482644826,0.26478332937168875
,,,,-0.2310087171902665,-0.05991955563183234,-0.25395293182455186,-0.06447173455815922,0.0046477240775939085,0.017458883963563373,0.012811159885969469,0.14525648156882895
,,,,-0.22548516010157715,-0.04899028368694383,-0.24414485485810788,-0.04101054105873734,0.006908203255494846,0.030657451860056452,0.02374924860456161,0.26074828520281546
,,,,-0.2636477966191011,-3.706593495349107E-4,-0.30274662177076184,0.019583961661002826,0.007223790369649393,0.03738896560531562,0.030165175235666235,0.3216711273642216
,,,,-0.12381132645482691,-0.017190411058699524,-0.13674754056166377,-0.003910082828175539,0.029878182897850315,0.060744355353934305,0.03086617245608399,0.40667692860493615
,,,,-0.15490039263439104,-0.047195380343249264,-0.16797702343906323,-0.0449252644518596,0.009458188093972437,0.03715681729165114,0.027698629197678695,0.30890569835169895
,,,,-0.15705095318210427,-0.08874675837194272,-0.1679924666333354,-0.08985439753776,0.006740348375010245,0.02441845253221706,0.017678104157206814,0.20649775070624296
,,,,-0.15292052400039774,-0.07316950186395615,-0.16799507278255768,-0.05858396684147179,0.010614237348482335,0.02439364720838163,0.013779409859899287,0.17846437603478538
,,,,-0.11550259825661935,-0.09769316115583085,-0.12109963593414613,-0.09766572089230163,0.012031349061466572,0.014465684409305265,0.002434335347838692,0.0837878414478287
,,,,-0.1339424520563443,-0.06397154929416371,-0.13672859657013758,-0.0507870312043048,0.008487617737532909,0.02095568696388279,0.012468069226349882,0.1661418690489459
,,,,-0.20088541724945222,-0.020045580764885162,-0.21486785879816223,-0.0038961500741310174,0.007990713473103424,0.025978658475754826,0.017987945002651398,0.20509428459801352
,,,,-0.11414882090589602,-0.06970456001242689,-0.121094568294999,-0.06640485224410507,0.010180443220228983,0.020873628106055076,0.010693184885826093,0.14993094482800423
,,,,-0.18946493927528948,-0.012472207655694003,-0.20508981541359564,0.009788325188027972,0.006469378757688647,0.01949358606893479,0.013024207311246145,0.14370467092040723
,,,,-0.18218313339569747,-0.008398228622844292,-0.19922555726788255,0.01179406460995498,0.01019442419632058,0.020399315617421563,0.010204891421100981,0.13263622783005505
,,,,-0.1745275222448786,-0.055496596225043715,-0.18946281468516463,-0.0429446245879277,0.007045014540739713,0.020373370729222393,0.01332835618848268,0.15603266756206693
,,,,-0.22871842603226072,-0.03063122021799844,-0.25393086820974453,-0.00975881008361731,0.006553966007555164,0.02471865030293051,0.018164684295375343,0.19477591366655167
,,,,-0.20181290689929565,-0.062294082983826354,-0.22268179878580432,-0.058593773505992014,0.007022433130762164,0.019954728470116784,0.012932295339354617,0.15197980359972277
,,,,-0.18313778829603725,-0.03853266571508004,-0.20703683047458732,-0.019505478680302443,0.010548648243812709,0.02678570426325688,0.016237056019444168,0.18754867237535164
,,,,-0.2386012498972951,-0.03437000596408348,-0.2675901795468832,-0.019488501340450506,0.007620926730587157,0.019622602922336807,0.012001676191749652,0.1387381271365384
,,,,-0.19948263688609252,-0.014981521371786035,-0.23832498146426176,0.00391973018176347,0.015099861773284077,0.03232695243886618,0.017227090665582097,0.23922533038420404
,,,,-0.15852220424324426,-0.01169404117687304,-0.1601648165424051,0.003922814767527364,0.028331351162076655,0.056722466511211066,0.028391115349134403,0.38471087833486917
,,,,-0.26405872872958597,-0.036901235039444084,-0.30081719958680897,-0.01949993342735086,0.011712115110255642,0.02068618087353616,0.008974065763280517,0.12440807192132589
,,,,-0.2751970435168481,-0.031945574171199455,-0.3164486739518936,-0.011664950673875104,0.018248271028309476,0.021995162040850693,0.0037468910125412224,0.13955103929352666
,,,,-0.2649191271934046,-0.039700771625913844,-0.2930053117110106,-0.019491574341278538,0.011982889512810466,0.01862986644860801,0.0066469769357975425,0.09653784363320332
,,,,-0.2638846916782486,-0.04005257786261845,-0.29102857565330237,-0.029283025320026867,0.011237912826570448,0.016648793762749234,0.005410880936178782,0.0862746682135151
,,,,-0.27617650792369086,-0.010121121684242888,-0.31644875003921324,0.003931274695678328,0.01624265434275758,0.025451195148935242,0.009208540806177664,0.15590367782734518
,,,,-0.2617699603495251,-0.001021936495238817,-0.28519120098593426,0.019622112204797242,0.00708527285887753,0.023333458769482115,0.016248185910604583,0.18736439963095913
,,,,-0.2087101653959981,0.006731820487870844,-0.23050698079733542,0.03525391225265708,0.011326453423320833,0.033940067639244134,0.0226136142159233,0.2747638279687854
,,,,-0.22561678233819046,-0.03573383210011587,-0.24416483302456524,-0.02147683784855745,0.008676109011357484,0.0234901999432208,0.01481409093186331,0.17866056092328567
,,,,-0.19360545088344125,-0.05321220750115101,-0.21487193633345725,-0.04491783798837355,0.01687758528418511,0.015290710229777352,-0.0015868750544077584,0.05945501487853269
,,,,-0.22094024789219585,-0.05701370683478055,-0.2539461788585661,-0.050781902482815014,0.012484997028028844,0.012298297041074246,-1.866999869546016E-4,0.05178587475828442
,,,,-0.2015339165721932,-0.05825061846024764,-0.22268804543031917,-0.05077995432083124,0.013709704130855226,0.01389536159026035,1.8565745940511978E-4,0.06228638179348604
,,,,-0.19718041454488328,-0.009530256141984952,-0.22267668937226054,0.011789977114387371,0.01823133696738937,0.032343781511201465,0.014112444543812094,0.2203753643445806
,,,,-0.2410144737577173,-0.039051996809828966,-0.2695657332994202,-0.027335506127781472,0.011215519444023466,0.015433917470700586,0.004218398026677117,0.08016442047354087
,,,,-0.25427683274664653,-0.033440511010543086,-0.28519862258837025,-0.01167271798555067,0.00992689122101615,0.01770120825010724,0.007774317029091099,0.10466377199909073
,,,,-0.1778173811258822,-0.01943589319613248,-0.20706827984509077,-0.0038995701672544627,0.026707809889098533,0.029640024688824,0.0029322147997254628,0.14091804898025023
,,,,-0.17153800030336142,-0.017177199039561244,-0.1836053903772843,0.003929963196580659,0.017059746070284782,0.02415014740819565,0.007090401337910873,0.1362152532952283
,,,,-0.1562291251042106,-0.07851989495508463,-0.16796842133481898,-0.07420727117779499,0.01796620723320568,0.019375509674243112,0.0014093024410374263,0.07568455154006608
,,,,-0.209958872680805,-0.03381544273746823,-0.23830564686386443,-0.021480665171155152,0.014929590597497999,0.022759513831455667,0.007829923233957675,0.1203510547268904
,,,,-0.2269093993970245,-0.021183328981970163,-0.25395797645743273,-0.00391021220874006,0.014505677865476099,0.02193673445783576,0.007431056592359659,0.12432077417704018
,,,,-0.21981344994851473,-0.021241016379309686,-0.24612997546122023,-0.01169119816513406,0.009389864196563527,0.026073593543979805,0.016683729347416278,0.18391662465110642
,,,,-0.19702272480307462,-0.008502042384325038,-0.21486416433159986,-0.00392691755933481,0.006674718800851124,0.03443282678882375,0.027758107987972624,0.2889412486563718
,,,,-0.2182748203299488,-0.03457288438294308,-0.23829688667612534,-0.019491365111024218,0.007194859334938888,0.019456473795291505,0.012261614460352614,0.1380404312891805
,,,,-0.16208255798869872,-0.011067076880343913,-0.17578180668123589,0.003939567042732814,0.013164200559554036,0.029174430226694355,0.016010229667140323,0.19272695431519762
,,,,-0.08995244242412709,-0.016643565715096686,-0.08984716310643201,-0.0038910983519687497,0.012975667110257714,0.026411629101028528,0.01343596199077082,0.16907156731987408
,,,,-0.15219725737989434,-0.04357073139145982,-0.15234960554082455,-0.02733645647299809,0.0028748142605542486,0.019877056603299505,0.01700224234274525,0.17965937786517985
,,,,-0.12442061144461429,-0.018803295784099602,-0.13085207350689787,-0.005857754984274617,0.007154154362504563,0.08430168947418333,0.07714753511167877,0.7979590275264863
,,,,-0.10471809526128886,-0.020738714019554638,-0.10547248596087927,-0.011702960265450766,0.029655837649760684,0.08235333480411093,0.05269749715435026,0.6160328221040017
,,,,-0.17328690393407967,-0.0076274963410176986,-0.18361570902992433,0.01175367784968814,0.008001454861628648,0.07037958958762852,0.06237813472599987,0.6507211181168233
,,,,-0.21528287194916326,-0.025353303167377536,-0.23831160527722214,-0.0038940482873730743,0.006346290598333488,0.026619809248416865,0.020273518650083377,0.22175831039664942
,,,,-0.2308007325861797,-0.006336025888509518,-0.25394672265841933,0.019614841944071076,0.006420370732481226,0.019971356221431223,0.013550985488949995,0.15832235300402261
,,,,-0.21229942391210113,-0.03430670091368373,-0.23049013821982148,-0.019512770601026786,0.006940213854035401,0.033646108552356155,0.026705894698320753,0.29182554719974246
,,,,-0.1190487772714088,-0.08846367670399283,-0.12111426652071025,-0.08203569234706101,0.008532985344890727,0.014625417369217408,0.006092432024326684,0.0869410592873049
,,,,-0.09090469940476072,-0.0565487437010652,-0.08985220257240836,-0.05076723282213807,0.01778803809424198,0.02764436012799965,0.009856322033757659,0.15761245036506605
,,,,-0.12884611410540947,-0.06508369477343301,-0.13673238881225394,-0.058584407548061476,0.009165635253260251,0.01831943538268505,0.009153800129424794,0.11378745581586695
,,,,-0.1873131526652592,-0.03661704465521468,-0.20705110643625801,-0.027326480949215814,0.007110153695724178,0.026353723241653675,0.0192435695459295,0.21283772419304475
,,,,-0.09269266222630156,-0.053767036631659666,-0.08983330466493843,-0.0429406496884941,0.010431756470998534,0.023144951177670955,0.012713194706672419,0.163494124251099
,,,,-0.053532820976093874,-0.019747353852593352,-0.04294771194347722,-0.00390998854738589,0.026561264003826916,0.04840453463680672,0.021843270632979805,0.3139503734178925
,,,,-0.05633421574999037,-0.024722064666868403,-0.05076714376628025,-0.011705087966363168,0.025040321139695128,0.03863937311438447,0.013599051974689334,0.22309894659593252
,,,,-0.2491819386025142,-0.03956666163559158,-0.28321841332818154,-0.027327123151063382,0.008634400975145295,0.01918326204327616,0.010548861068130863,0.12450084295302144
,,,,-0.27166407537904214,-0.027595083424473303,-0.30083754562562204,-0.011687976673026325,0.00936497812484254,0.022537920955022286,0.013172942830179746,0.15089860667608354
,,,,-0.25342761136660596,-0.033115131501916154,-0.2852004047965149,-0.019510175345807835,0.009125955101377578,0.022226708732393706,0.013100753631016137,0.14902389361120968
,,,,-0.26366779279700325,-0.04817986161445428,-0.28518314852982474,-0.04295533986649915,0.008833301742835092,0.018572192167359062,0.00973889042452397,0.11433949938043923
,,,,-0.21541341457970747,-0.03616710801089395,-0.23633904210611342,-0.035130511430712295,0.011627762669117072,0.023485881855451873,0.011858119186334797,0.1415698861315873
,,,,-0.20853420751785576,-0.0519642377217101,-0.23049780691507885,-0.05271366252187561,0.010638745802753908,0.019243772044202176,0.008605026241448266,0.10739662251778657
,,,,-0.2702083587344486,-0.03626502315396918,-0.3008245114190782,-0.019503909249303213,0.012802157816898736,0.0221975803508535,0.009395422533954766,0.12543243203821808
,,,,-0.2687756222498455,-0.04444339728614614,-0.30081792606123636,-0.029294305120564863,0.010401726563557078,0.017321868536585766,0.0069201419730286935,0.09368885627307404
,,,,-0.22010542968676522,-0.07619611062972567,-0.24414972478306596,-0.08008389401623678,0.00990315619386903,0.010259410764749734,3.562545708807032E-4,0.04429061415084834
,,,,-0.17943255575956926,-0.08251711638616055,-0.1992261524388266,-0.08204312644041489,0.016035304035664583,0.01439229768695934,-0.0016430063487052418,0.05990151885841108
,,,,-0.09747633573376295,-0.05455708182587211,-0.10547781149892671,-0.05078217197727255,0.031565294356329654,0.021250185063588962,-0.010315109292740687,0.07206668835006923
,,,,-0.15453934189938162,-0.10967991529454564,-0.16798864183290282,-0.12892726307323052,0.019933843590094653,0.052362897346119715,0.03242905375602507,0.36825638189850474
,,,,-0.13038094854783766,-0.06061159777197749,-0.14455941398425562,-0.05075932529217858,0.020814601675597212,0.027039652848869385,0.006225051173272173,0.15029069407745246
,,,,0.03012588388098739,0.04495366407334478,0.048839869259020355,0.05664910498652695,0.20635839384120602,0.18610537007552824,-0.020253023765677808,0.6199086348320234
,,,,-0.005526880357252779,0.021800328275502472,0.003895699465226977,0.03521203463619425,0.0749107991673307,0.08129879007054212,0.00638799090321146,0.45837296939944183
,,,,0.031074134950697503,0.05138144766779149,0.03516330450438516,0.058595374948400634,0.18023014331993767,0.16095415091598245,-0.019275992403955236,0.5790549159379087
,,,,0.021928100608970522,0.05401636228521302,0.03320822484730027,0.060542954693273886,0.18865552386036438,0.17803356892885466,-0.010621954931509657,0.4915644985223207
,,,,0.047455630442353916,0.06241361092972533,0.0761871313415818,0.07426171832441664,0.36993140195838775,0.28405213698792847,-0.08587926497045921,0.35742805945518974
,,,,0.014912708338714352,0.03764191245489315,0.05083935505911985,0.050826305740879686,0.30125330415274637,0.23885670696746825,-0.06239659718527798,0.22270271252345417
,,,,0.06832331334997584,0.07757572917579891,0.09965632184531198,0.08993352213008604,0.5094310202408866,0.39507221194682496,-0.11435880829406182,0.15194467402615078
,,,,-0.006892895131809133,0.017232813474443654,0.02149311701661236,0.03518102397307815,0.2746351041955006,0.19231124419826368,-0.08232385999723708,0.123990186999979
,,,,0.052015459447451125,0.06007632519577689,0.09788531161371082,0.08219322278063916,0.5097261019347107,0.33489916411219006,-0.1748269378225205,0.17808856318213814
,,,,-0.03104615226459217,0.02402824302511219,-0.033208045649504116,0.03321257311556726,0.060369765822834605,0.06257934635844935,0.0022095805356147206,0.290620280172191
,,,,-0.09012987938935749,-0.012278500592881799,-0.08983393218657644,-0.0039001248764260494,0.06946300082531834,0.05677951435169162,-0.012683486473626729,0.1582060265582255
,,,,-0.05193933740530008,0.002704324950116945,-0.050801231636436114,0.011742636664535556,0.07637741380783716,0.06121954598282728,-0.015157867825009915,0.2077822022469446
,,,,-0.038465852217504246,0.006660384115449848,-0.03516455107650533,0.019551739253335188,0.1484927257907328,0.09819294948888595,-0.05029977630184683,0.16875093049106465
,,,,0.05926759727029004,0.07613663900710513,0.09778467840902738,0.09004783166344628,0.47107814365621553,0.38815275864983767,-0.0829253850063778,0.860515758294609
,,,,0.08295105513594632,0.09706829121268591,0.0977045528986114,0.1055961493456196,0.4333060447895892,0.5940546342356092,0.1607485894460202,2.5267648162038077
,,,,0.07822607550131101,0.08343280706061158,0.08991592409443154,0.09782267722519913,0.39116588296289756,0.5081970110801463,0.11703112811724885,2.041551124672528
,,,,0.10370212619311435,0.09714455708929219,0.11344306430299606,0.09773367389155763,0.6848590285155459,0.47750334461268695,-0.20735568390285897,0.42153789715495726
,,,,0.11094787196447405,0.0914836033103444,0.1191376506777065,0.09573133589631257,0.817832907349159,0.4032139734733583,-0.4146189338758008,-0.25063870723805354
,,,,0.11908946182623192,0.10996341865168617,0.12880368999264055,0.10547037465642678,0.8615468838300356,0.6688390897571819,-0.1927077940728539,0.0764660147828866
,,,,0.10427255138465408,0.08997651121012497,0.11336825724540862,0.09770833239948865,0.7133530299416074,0.4294962668991695,-0.2838567630424378,0.10681306906387515
,,,,0.11439253156795058,0.10293418624827709,0.11915870179117875,0.10554735083428878,0.7637194041442155,0.6040270100732232,-0.15969239407099242,0.4004035471056582
,,,,0.10578926869052223,0.09519394076691393,0.11918565484764096,0.09964404045139987,0.7500680002131744,0.5153545828921839,-0.23471341732099063,-0.012530800911014025
,,,,0.10264356566942423,0.0908905588483948,0.11528767182022182,0.09964657853040483,0.7608095404155499,0.5009317684509711,-0.2598777719645789,-0.08489830480404513
,,,,0.0908265053251388,0.09856299499819161,0.10558598882577486,0.10551163499618098,0.546002543924482,0.5407331972386682,-0.005269346685813676,1.23312566955486
,,,,0.11495867281716377,0.11906689548701832,0.11915473579263484,0.12304791529240448,0.7456341452004724,0.8378321124418575,0.09219796724138506,1.5383906041648965
,,,,0.11382680978437117,0.11659228984912905,0.11524851199350003,0.121121338566434,0.7350365381157684,0.770601860359844,0.03556532224407568,1.2943700593682697
,,,,0.09724611074765135,0.10165973350089112,0.11342562720954695,0.1055457025884949,0.6276501766947407,0.5953698884952572,-0.03228028819948353,1.111573997321631
,,,,0.12557927162689736,0.12340277160886207,0.1308594095358103,0.12894776560023608,0.8718368664923386,0.8023115901047693,-0.06952527638756958,0.4045225648368038
,,,,0.12494090521384085,0.11631746139198434,0.12903267375766383,0.12114532746686062,0.8100959103693278,0.7215367944310095,-0.08855911593831838,0.47602148159926383
,,,,0.12963517498211094,0.12309011810732488,0.13673593479367488,0.12891835285680575,0.834308237991841,0.7951868771152661,-0.03912136087657487,0.5141748452722906
,,,,0.11117402803769551,0.10500589468608598,0.11917906755037706,0.10548483430971763,0.6887206128853128,0.564679581454191,-0.12404103143112179,0.5248602602167316
,,,,0.07845997051782706,0.08506734866875745,0.08399508930263627,0.08988846882447515,0.36095193950670323,0.3873905310589504,0.026438591552247058,1.4192627625788827
,,,,0.10498109814213631,0.10514056268172994,0.11524738300765097,0.11337995922791459,0.6409098790537875,0.6635994872600991,0.022689608206311628,1.2459507899753035
,,,,0.0964141981421905,0.07319629022030219,0.10743655657173956,0.08991300122144948,0.5507808002107615,0.41065875140208846,-0.14012204880867313,0.6170105294767729
,,,,0.08193936409501408,0.0823227320797962,0.08789994873317357,0.08790620817014255,0.4042470601486288,0.39831723591808504,-0.005929824230543914,1.1285693773574088
,,,,0.08025349616100966,0.07135270600199746,0.08399415960839014,0.080093584787579,0.3917555652476117,0.34134289622473657,-0.05041266902287509,0.9075399902351412
,,,,0.0663876500698083,0.06538361660660362,0.07618159773184159,0.08210391854298672,0.3129553504131058,0.32169355463223304,0.0087382042191273,1.224291747155407
,,,,0.06388800168379877,0.04877930856188365,0.07227147318740035,0.05864006310543774,0.2998863095765036,0.2218063812168715,-0.07807992835963205,0.8053476936176989
,,,,0.06393068952616333,0.07062987724507623,0.0761812662853954,0.08399582023236944,0.2954574102693078,0.36803253525378116,0.07257512498447338,1.8726811805693184
,,,,0.05797032703597643,0.060316369202446665,0.06836764769389787,0.07425148561645116,0.26383123506588396,0.28079102442433596,0.016959789358452042,1.2376213965155123
,,,,0.06612984576829084,0.04032123970678225,0.07617655919673576,0.044930400403612354,0.33703032008317735,0.19597784233716756,-0.14105247774600976,0.3433705126879688
,,,,0.04418159151559374,0.0423165130045188,0.05273920845410418,0.04883312368020306,0.2149710755222564,0.174542574638147,-0.040428500884109396,0.5984370179585535
,,,,0.042709726990323,0.019067358344968376,0.050805020249365174,0.02734147213454802,0.2197763826022184,0.17946576926194335,-0.04031061334027502,0.4537690027894951
,,,,0.06710453092510432,0.0424197222061361,0.07617934183380887,0.050821667781249184,0.32480970419891936,0.21529178427446596,-0.10951791992445346,0.52242077644877
,,,,0.08852537470602755,0.05208113901908322,0.09961787782653057,0.05860670976545651,0.48854634600653324,0.3216774220568373,-0.16686892394969596,0.20323590591532487
,,,,0.07812220500098274,0.033519168123016155,0.08987833636136393,0.04298778372475023,0.4289326573381354,0.2356987430702283,-0.19323391426790706,0.09822719126483026
,,,,0.05805559722935596,0.03463061336738798,0.06837321947397218,0.05081247257829337,0.26326772555279243,0.17018641312624438,-0.09308131242654809,0.5445446958136507
,,,,0.08140867260465313,0.06626435283798043,0.09181173637355523,0.08010408610846419,0.37956352434353136,0.3042417433406107,-0.07532178100292068,1.2130392562060552
,,,,0.04511033341093381,0.05697892929469802,0.06055462226870682,0.06837680702822804,0.22071861098890122,0.23809262657727084,0.017374015588369596,1.1149521238282274
,,,,0.021858082299239124,0.057125239046013396,0.04101540299606552,0.06644152002246154,0.1915277707195804,0.2506928833829067,0.059165112663326296,1.2483897759272837
,,,,0.07514828071670383,0.07563557752881943,0.09181728178436924,0.08991650304000876,0.4058161357337294,0.4046188019943649,-0.0011973337393644088,1.3174636477414021
,,,,0.06790013075677769,0.07262606947232267,0.08791163861394613,0.08989318922400763,0.39016071519356055,0.34830202951411315,-0.04185868567944734,1.2500559240135698
,,,,0.08027019462357965,0.07155315073764099,0.09181286645681888,0.08209047558217768,0.3923650480063977,0.3140113447915557,-0.07835370321484199,1.2126170840278803
,,,,0.07482445435081307,0.0533332619732528,0.09182163858184549,0.07426359697665377,0.40411892008679373,0.2495814924307171,-0.1545374276560767,0.6658964094678169
,,,,0.04350036242838741,0.031540380794375086,0.05862282105427551,0.05084369656211525,0.21808101024494603,0.127885578009724,-0.09019543223522206,0.5860446392438861
,,,,0.07871230658892255,0.0595398191040678,0.09181186442797862,0.07619884756224549,0.4455539650560732,0.33163257690415165,-0.11392138815192149,0.8197984670548459
,,,,0.10247895668829157,0.0787325850786212,0.11134002131372309,0.08205542749974895,0.5833355938952447,0.40459142989457625,-0.17874416400066856,0.23068500784335919
,,,,0.09385625341332515,0.0581725466068237,0.10353280429445903,0.06646114876437063,0.5435519253695792,0.2224865560437801,-0.3210653693257992,0.08054562250608437
,,,,0.13372100086368713,0.11376915979229278,0.13671129618582045,0.11325231290675788,0.759079080734675,0.5665907917363106,-0.19248828899836437,0.044947539146637815
,,,,0.11235325727035098,0.07454382780349857,0.12109393549975866,0.07422531194108353,0.640608820207426,0.389080161296847,-0.25152865891057913,-0.06545018410233627
,,,,0.07949916353443638,0.022345519812872326,0.09181375439660452,0.03712342415580298,0.4035302109694701,0.1053491263430093,-0.29818108462646087,0.008874030989160314
,,,,0.07807100237891246,0.03376437403940481,0.09181395410952986,0.05080844019158852,0.4124231590825008,0.17432790446507965,-0.2380952546174212,0.13075830944903588
,,,,0.0650060317844714,0.020199354570271746,0.07619177493741873,0.029305705045295408,0.30116745652345706,0.09085995623460304,-0.2103075002888541,0.0723158466593902
,,,,0.08974822010698608,0.032100026406673,0.0996256292738007,0.05081362780625826,0.509379308255345,0.21379896664204584,-0.2955803416132992,0.19512814467242312
,,,,0.10270920858523476,0.05620824285752261,0.12115628341187558,0.07426111731211615,0.6290956678526426,0.3591525011411068,-0.2699431667115357,0.20116968355036582
,,,,0.09850082136555882,0.046596453598750184,0.11134491759200527,0.06055268412155378,0.5784239392472303,0.25518175433802986,-0.3232421849092004,0.06353842946341488
,,,,0.12876643910932456,0.11080980298802078,0.13673182489606395,0.12107114488226368,0.7164045633073741,0.5743341875183051,-0.14207037578906903,0.12709829907232456
,,,,0.132567192416062,0.12959022581153126,0.1445529640550481,0.1523898999281169,0.7184603474200322,0.6474302266421809,-0.07103012077785141,0.24170032845557704
,,,,0.12665018963706284,0.10979554461033773,0.1367305966660213,0.12106539785385562,0.7108833324044779,0.5766341850956596,-0.13424914730881868,0.16523098966623892
,,,,0.09926890845098933,0.048712556438060294,0.1113426396326693,0.06644083195331274,0.5851368525095196,0.2831104772339611,-0.30202637527555853,0.14062816508078543
,,,,0.11358920629838916,0.06590298161658388,0.12897698993830242,0.08209488860310973,0.7026893994569389,0.3978326682433413,-0.3048567312135974,0.0850425186357639
,,,,0.08705146644995833,0.036845032544309195,0.099617989157715,0.06645548510384455,0.5079114241307798,0.24333145651698898,-0.2645799676137909,0.1965447039552478
,,,,0.10433624681181768,0.05359433640078787,0.12112959039921126,0.074280503228088,0.6265842788719268,0.3214842404927392,-0.30510003837918764,0.10848086221205264
,,,,0.09296061776781907,0.02820981265661742,0.11334269571410552,0.05864891554989378,0.5907534510758679,0.2228232290620519,-0.3679302220138158,-0.016156648323490966
,,,,0.07953440607208244,0.016690881738026686,0.10551105994755676,0.043007669154156485,0.5123764615462059,0.22180786778118564,-0.2905685937650201,-0.07028213818288893
,,,,0.08102872689588572,0.03188656284094339,0.08987104103084502,0.035174882082423205,0.4426634056193728,0.2326166277443308,-0.210046777875042,0.034694494642969274
,,,,0.09959182054321149,0.05845547556164886,0.11134008915677451,0.07226770364755689,0.5888787286760044,0.2860283764944631,-0.3028503521815414,0.030777112619583935
,,,,0.09248167310640906,0.047821685455205105,0.10352797461074187,0.06645248766448113,0.5152465633192395,0.26112449039086005,-0.25412207292837946,0.3555583652593098
,,,,0.09327767241575559,0.0625248076834108,0.10743998736866865,0.07425982577606201,0.5545628175973542,0.3596942446100187,-0.19486857298733537,0.40371469135252125
,,,,0.10995872250981664,0.06348855057052913,0.12117791294372389,0.0820749445733075,0.6765630144472284,0.3724181737841431,-0.3041448406630852,0.06503755241360173
,,,,0.08948704788215053,0.049625235999579104,0.10353318032509683,0.06644237261896895,0.5271246504494994,0.3055150191016391,-0.2216096313478604,0.3272399872208672
,,,,0.07549185272314136,0.05577598036637477,0.08789914972533887,0.0664499170912759,0.4058969609863209,0.2869763624033172,-0.11892059858300359,0.618812663767603
,,,,0.08476446270438906,0.07159583047640487,0.09571415768081146,0.08399445262181525,0.47300346541379396,0.40477353589276505,-0.06822992952102892,0.6363321469170398
,,,,0.09929672822226358,0.08132626046116125,0.11134651595325805,0.09769446778085626,0.5893059038189304,0.4623780444315092,-0.12692785938742118,0.4680681148267774
,,,,0.06690948707340552,0.06910328055533711,0.08008576420133372,0.08208415078523672,0.36869463849773904,0.3693907629121642,6.961244144250735E-4,1.139219900875835
,,,,0.10498057381357433,0.07687894023898434,0.12900378727589115,0.1055306432067261,0.7088683996329678,0.5497577141869462,-0.15911068544602164,0.29620154051387093
,,,,0.1312892617539325,0.1078097384364838,0.14259109311445453,0.12114732926352251,0.7410084255558691,0.6535149476483281,-0.08749347790754122,0.48777034084127424
,,,,0.1251267464431144,0.09588865772584942,0.1367740090316803,0.10548828383426048,0.7537818880883003,0.5551744886106884,-0.19860739947761186,0.2648517010278059
,,,,0.08541077616078045,0.07270621816383427,0.09768922682770965,0.08205536960908628,0.49849215515509615,0.41774665641145736,-0.08074549874363865,0.7133219082446896
,,,,0.07477788405840383,0.06736877141094953,0.08985240502766088,0.08204921640218084,0.41615188209242054,0.3790950537614103,-0.03705682833101024,0.8648745824137618
,,,,0.06928651290424942,0.06339838695004803,0.08205901517239719,0.07425064179987126,0.3905642940657298,0.36247541886210016,-0.0280888752036296,0.8970706146545886
,,,,0.09119682700770496,0.06718382622200213,0.1035308682674906,0.08206494824350444,0.5218865243876312,0.3989949188964053,-0.12289160549122585,0.48093949245130174
,,,,0.08631306116924185,0.05771679476461587,0.10353131269897502,0.07425148297199138,0.5135652282001285,0.3403146280323047,-0.1732506001678237,0.416838601530855
,,,,0.10363798074284533,0.06954142057824853,0.12115880210847912,0.0820848115016393,0.6500177044209946,0.3725414063649205,-0.277476298056074,0.15940641327913557
,,,,0.13578481300752424,0.12790486618086833,0.1425833685811391,0.13477748206130272,0.879139834947671,0.7745444740677805,-0.10459536087989024,0.17708384582034242
,,,,0.1056309989926305,0.0920937318965645,0.11525487300953145,0.09961008943889714,0.6111982724283431,0.4952788997886896,-0.11591937263965343,0.4666348793669886
,,,,0.07060834878916711,0.07061293674437523,0.07618153529139796,0.08205491310171566,0.33676515671706975,0.34523946363914926,0.008474306922079431,1.1878967956214557
,,,,0.09956378972604138,0.09171954087407058,0.11335422581942986,0.09771683358223249,0.5919020907689231,0.5112850068415089,-0.08061708392741423,0.7174245475093318
,,,,0.10317591781670327,0.08868132256761616,0.11336698984723187,0.09771684538300658,0.6271369109897368,0.4872463777509908,-0.13989053323874612,0.48296577207867275
,,,,0.10512150011260579,0.07206050141804919,0.1152468736543874,0.08989097267168245,0.6229715266699243,0.40198981823913105,-0.22098170843079315,0.18567163683714757
,,,,0.14028344285490563,0.12812606446965777,0.14452477351674933,0.13673830627791542,0.8972538490056599,0.8158220371994791,-0.08143181180618066,0.21914767795785348
,,,,0.1316584931040544,0.1222374722723323,0.13681271457101224,0.12898948124548393,0.8490489051806471,0.7889783800483164,-0.06007052513233086,0.44622804871597377
,,,,0.13534663396891236,0.12047480072564322,0.1367812579548908,0.12893673737622802,0.8908204814704603,0.7997111379233515,-0.09110934354710881,0.174995276847227
,,,,0.1314593697885304,0.11945547760221041,0.13672585673350768,0.12112598573281665,0.8630380492074862,0.7940180157683335,-0.06902003343915278,0.31609781234619083
,,,,0.10911564819396888,0.09465520331141086,0.11525655060573646,0.09963297444233062,0.6679013559529268,0.5149239949182374,-0.15297736103468945,0.44422677165894087
,,,,0.11040711534016891,0.10763099795309852,0.12113199720038267,0.12113370242773643,0.6535961163957397,0.6407271275372431,-0.012868988858496562,0.998958135485039
,,,,0.11504390832476301,0.1112192951705926,0.12116579319140132,0.12116167949017717,0.7074388296830602,0.6830877074541759,-0.024351122228884234,0.9826125852675349
,,,,0.10897717718591289,0.10527962010807577,0.1230642638685683,0.12117029902142559,0.6777096071640262,0.6449115778200204,-0.032798029344005754,0.7797697751217141
,,,,0.13390128772444226,0.12325530372502709,0.13869391424080196,0.12898938710595562,0.8674597106773355,0.8003710391777853,-0.06708867149954963,0.4071668111683312
,,,,0.08887612280669308,0.064040265311118,0.11336313784104525,0.09772756556423241,0.5894319399629411,0.49970836618414893,-0.08972357377879223,0.6836157023244174
,,,,0.10088371613008415,0.08266173665884446,0.10559506711563353,0.08991977712712623,0.6135503875536997,0.3029133586153496,-0.31063702893835027,0.07208500441808038
,,,,0.087892441505825,0.06796101478166083,0.09772184153312884,0.08009860240805783,0.47659009920910056,0.2749553163440391,-0.20163478286506165,0.3048661420724975
,,,,0.11992577345147634,0.1033592975926552,0.12896199185687757,0.11331349278745723,0.7519100154170761,0.6181027301013156,-0.13380728531576044,0.3113518865640572
,,,,0.10412648913991658,0.08315101632089507,0.12113724874123172,0.09772054500207454,0.6490914328903448,0.48130737270214197,-0.16778406018820294,0.19189072868592805
,,,,0.09610879731000932,0.07453053132443024,0.10353128432898431,0.08400140028556351,0.5454858957931401,0.2909671740662311,-0.2545187217269089,0.09052334115573725
,,,,0.11506012433427186,0.10086020474622799,0.12115415884136387,0.11332123328037903,0.7513339445183967,0.633767777206205,-0.117566167312192,0.4419537162285265
,,,,0.128419557762782,0.10747242226833842,0.14259358976912914,0.12115242258583574,0.7774810181204608,0.6596776804759035,-0.11780333764455733,0.25407465408873253
,,,,0.12169845017966047,0.0953605068232287,0.1210686971690608,0.09767229096794178,0.8776319672559877,0.4328889238011656,-0.4447430434548217,-0.34683681458439514
,,,,0.10376494265720458,0.08673524120525168,0.10564285903814866,0.08991533969893385,0.6769436434436128,0.33199904677563585,-0.34494459666797705,-0.04785468511118864
,,,,0.11307125614871598,0.08951189796718441,0.11133491154266154,0.08984878176835422,0.7340899202461942,0.2782716111096721,-0.4558183091365221,-0.25684966260401504
,,,,0.11078860279572784,0.08922853054661528,0.11323531047442374,0.08992691216112711,0.6858070990126203,0.3561107543872542,-0.32969634462536607,0.13804064911693
,,,,0.11436609030372566,0.10003048798448302,0.11336220887586981,0.10547769881068676,0.7671096842291204,0.5599197131710497,-0.20718997105807066,0.24869618957633693
,,,,0.10845454895527615,0.09014125422048333,0.11332277992448692,0.09770983865196084,0.6900898775018292,0.47415755925795994,-0.2159323182438691,0.290079350260072
,,,,0.09199499649073167,0.0703774883619902,0.10352979629719888,0.08400086391015746,0.5346268765676484,0.348059339708889,-0.18656753685875954,0.22383765158547875
,,,,0.10274744984365373,0.08328080802973103,0.11333680858040822,0.08994391894438682,0.6306576986335125,0.40014281929714385,-0.2305148793363687,0.18974686588943263
,,,,0.09857488348156651,0.0911365157678699,0.10555570955359532,0.09775264985447121,0.5984597892069372,0.48325551756538143,-0.1152042716415559,0.7361594189714589
,,,,0.10316124914589175,0.0920501588923348,0.10742678662227946,0.09572111187390236,0.6054421972193725,0.4263397152799001,-0.1791024819394725,0.5284126841159588
,,,,0.09023029356587464,0.08294169023316557,0.09769366955444216,0.08992867207096793,0.4384818348133374,0.3734372548191706,-0.06504457999416659,0.8379115736727759
,,,,0.04648943391608127,0.03218371096558548,0.056647710795678305,0.044934385068046305,0.25379345269189163,0.15173360774275352,-0.10205984494913814,0.3527366929002
,,,,0.11945399825129593,0.08952710295034345,0.12893808138908372,0.10550547260338829,0.7124268134604594,0.5200746547672639,-0.19235215869319555,0.19175362861199396
,,,,0.10174458925465596,0.07466265273726672,0.11333448551181322,0.08989828539367409,0.5940907919152829,0.38799075783768,-0.2061000340776029,0.31295484206079716
,,,,0.089368010997573,0.06652109386603415,0.10550923491505934,0.082069192242138,0.5311281734209835,0.36158835524904237,-0.16953981817194108,0.47061027515568704
,,,,0.05711901226748432,0.043213172803390064,0.0683735202418876,0.060559066799828185,0.2685492237894113,0.19198193089046203,-0.07656729289894931,0.5383967105365792
,,,,0.06967120919595933,0.047679830995199075,0.08208803437193643,0.06646381622212628,0.36406907377619296,0.22328802021926533,-0.1407810535569276,0.3300737707115616
,,,,0.07492805138501651,0.06158420871971044,0.09180840730767957,0.08008663860870716,0.4481547341711719,0.34736647307812013,-0.10078826109305176,0.6032914620681448
,,,,0.07377730067285075,0.053000739703400634,0.08987579398667052,0.07425165015298521,0.43294195087627346,0.3326705824765344,-0.10027136839973912,0.5471293828064244
,,,,0.07786619854330157,0.051498033715573065,0.08988776280555234,0.07424797535464853,0.45859595971490025,0.3492879526744019,-0.10930800704049828,0.6112895522054419
,,,,0.0723197603324575,0.058380664088669564,0.08987438739800234,0.07424986400158015,0.45228595438671504,0.3857278187112372,-0.06655813567547783,0.49523716516777566
,,,,0.04450806578958461,0.03624081959810849,0.05860570638706345,0.050794697055387444,0.3502251835501104,0.3246698089390397,-0.025555374611070745,0.4268001635028129
,,,,0.03358872553078895,0.015235305998688345,0.0507977535390909,0.02736344184623501,0.3011745931611591,0.23283002054091922,-0.06834457262023982,0.5495780311480783
,,,,0.12993862298796338,0.11950146889330183,0.1445844398728114,0.13676142821132103,0.7686472794757971,0.6995357538517268,-0.06911152562407012,0.4361495726902516
,,,,0.11504048414493209,0.10054388262058273,0.1289600726919265,0.11332086791758413,0.6660065097437228,0.5890832295311288,-0.07692328021259395,0.5092857335558832
,,,,0.1198968517730049,0.09843535740708183,0.13678411203355342,0.12116355631479125,0.709217886170616,0.6135589967737872,-0.09565888939682848,0.4326786155115343
,,,,0.11183541879508835,0.09410583623701385,0.12115345650904993,0.11333818087033208,0.6883597785066438,0.5839066759093339,-0.10445310259730979,0.4973924910177163
,,,,0.11967422161313084,0.10065767888646694,0.13674781252930882,0.11331266677035831,0.682750335014191,0.5937745033361257,-0.0889758316780656,0.5414306238463636
,,,,0.103791090436366,0.08993860044574747,0.12112185302047097,0.10551574535061937,0.5975410980030579,0.5410442894795687,-0.056496808523489275,0.8025610487785246
,,,,0.09349030794511076,0.06942757156359293,0.1133214734636112,0.08206097796928051,0.5493857761618933,0.4238004872444375,-0.12558528891745593,0.52922922477382
,,,,0.09434861980711938,0.057694995240413396,0.10547964511586208,0.05856333097345028,0.529493738646822,0.33371933707434676,-0.19577440157247514,0.1483955650040453
,,,,0.08748359564078319,0.06532990786211258,0.10550618468614643,0.08205313046048437,0.5233264814326637,0.4049280725659444,-0.11839840886671908,0.4639062344602438
,,,,0.11872287268377234,0.0998430810143884,0.13675262305228994,0.12113984977507308,0.6915746560054181,0.6092802893785655,-0.08229436662685254,0.5516264206225532
,,,,0.07679790612832431,0.05818777237188588,0.08986489521729296,0.07423684249906964,0.4626701429983857,0.366389331396587,-0.0962808116017987,0.5038318651821906
,,,,0.11815134130508613,0.08858155752260055,0.13678207885875557,0.10549532043024382,0.6791582317102537,0.5264273045162863,-0.15273092719396741,0.3477942009113559
,,,,0.09193628306490093,0.07407504123096544,0.10548669700727585,0.08205353703440296,0.5274350001379169,0.4217889280938197,-0.10564607204409723,0.44675072010964223
,,,,0.10469156304559876,0.08964860370599334,0.12114373408550563,0.1054976848362674,0.6211559356609575,0.5313241508614044,-0.08983178479955303,0.5840721408949684
,,,,0.11092504174571154,0.08274372976981251,0.1289577640438609,0.10551023855121353,0.661345109407702,0.5112274159354607,-0.15011769347224133,0.3138491293884078
,,,,0.10581333000637919,0.10273180659106859,0.12696260050472227,0.11916543244576966,0.6321018339356489,0.5995698746975572,-0.03253195923809144,0.7364183324984257
,,,,0.11124676855144214,0.09800267599892698,0.1289507069566851,0.11331193137743062,0.6464079789912317,0.5694673735684932,-0.07694060542273856,0.6892448697145321
,,,,0.08167079764617056,0.07034302334585969,0.09768558357757655,0.08987448334628788,0.49731877102353567,0.4285872822237133,-0.06873148879982259,0.7904016966986562
,,,,0.1184545370586851,0.09413401793464532,0.12894955284938897,0.10551200132895572,0.6866795505930597,0.5641390804257227,-0.12254047016733696,0.5726857944859243
,,,,0.12497873785968176,0.07534292228449613,0.13868317963851767,0.08990255969691664,0.7380523877698222,0.42205636037718386,-0.31599602739263843,0.04074117181099822
,,,,0.1137899973763122,0.07657533887998008,0.1289786329875779,0.08989952106176644,0.7081864577631037,0.4241420036636951,-0.28404445409940876,0.10860002620630146
,,,,0.10007684646997474,0.0650607171859003,0.12115073929153919,0.08210525431273054,0.6129812143925158,0.3805137922383543,-0.23246742215416138,0.3183169721025461
,,,,0.10730099911401239,0.08745052237484632,0.128940077835826,0.10553981092791148,0.6397951806992894,0.5587535300775351,-0.08104165062175432,0.7531451918719944
,,,,0.06307283486327407,0.053078405573738,0.08988301151031151,0.08210274648711356,0.4611944879744268,0.395250054714876,-0.0659444332595508,0.8361662447728817
,,,,0.1204554728089997,0.0631035200560623,0.136781155314787,0.0821103725600356,0.7234202970439314,0.3512868667612007,-0.3721334302827308,-0.05211551546416683
,,,,0.05112457633064313,0.056759337342256314,0.06643029690396668,0.06640423596135511,0.30543983890464876,0.3259604500848116,0.02052061118016284,1.0201040096236502
,,,,0.08626492116318167,0.06802339372847535,0.10549036803107581,0.08990138399906772,0.5152695848894071,0.3974454201907394,-0.11782416469866767,0.7757169392361231
,,,,0.061826277554915446,0.0201188302333909,0.07425819512385666,0.027346029577104056,0.34159665918803833,0.14343029278029434,-0.19816636640774393,0.01774536050114227
,,,,0.02352023761446615,-0.0027391497535341064,0.04103270789658475,0.003930221620781224,0.09632483562540232,0.02941943563781549,-0.06690539998758685,0.07327054976734586
,,,,0.0936346828907808,0.09074492528165026,0.0897906977637262,0.07412635404326068,0.47007462370657377,0.4438565991239896,-0.026218024582584282,0.28477198053852887
,,,,0.0893802624007835,0.09476720905026334,0.11333323234002883,0.11331766208009315,0.5688187433531919,0.5531539778746474,-0.01566476547854462,0.861620339698288
,,,,0.0875546305984755,0.10925326036691739,0.11331237270362499,0.12893123503090406,0.5531681464660996,0.6224596303521454,0.06929148388604585,1.3378340933874886
,,,,0.0852005527480627,0.08415575041669363,0.10550538935369734,0.09769145031730259,0.5376573888451845,0.5024956228049609,-0.03516176604022357,0.7766717681114496
,,,,0.0981162839444539,0.11329543117592254,0.12113161241762042,0.12894618150197135,0.5850374758998336,0.6406017799260932,0.05556430402625956,1.2491690278774528
,,,,0.09745002297760452,0.10077291879262919,0.12113376130641501,0.12113290846567891,0.5982885281436661,0.5928619087447993,-0.005426619398866608,0.9189414114516994
,,,,0.11198162308822725,0.10755300639691306,0.13678525287634818,0.1289408781331023,0.6722299201310314,0.630104098623674,-0.04212582150735752,0.592363708043553
,,,,0.09622372657860342,0.09241534843240415,0.12113697620465111,0.11330860742042236,0.5750937547233114,0.5454473118963316,-0.029646442826979966,0.7008896311872814
,,,,0.07138376162824843,0.07961720799881855,0.08987060534542735,0.09767995293887292,0.4531645661286724,0.4769346619101824,0.02377009578151,1.1454474745208834
,,,,0.06926873359841222,0.0755006810607487,0.08986101934176216,0.08986674876256501,0.4397487700091503,0.45242040815830353,0.012671638149153123,1.037964028407498
,,,,0.07214289774418631,0.07117992997753332,0.08203404759484972,0.08204244733584824,0.4045390485929021,0.388886236491055,-0.015652812101847064,0.8866385786793727
,,,,0.0705853585922536,0.0752862651548468,0.08985982297104153,0.08986180842610737,0.4418922595519726,0.43541833717318934,-0.006473922378783134,0.8144689230226067
,,,,0.15539986802073066,0.15607732764866686,0.17582966066627578,0.1758370966923889,0.801388361540693,0.7870783575270853,-0.014310004013607621,0.5439736940127209
,,,,0.1041256157113191,0.08964589559918866,0.1211195076324807,0.09768128048771843,0.5956076674743308,0.5049025842757144,-0.09070508319861646,0.29582466714065814
,,,,0.10735725916191122,0.09546074383329549,0.12893574414337114,0.1055004386046971,0.6435588562204588,0.5508317391828117,-0.09272711703764706,0.3976494530998265
,,,,0.12213147558771129,0.10389612287794689,0.14457956020959284,0.12112681923361855,0.7007421134745633,0.6017850860467293,-0.09895702742783408,0.34799958206713905
,,,,0.08017321369286862,0.06550785790724327,0.09769781531080754,0.08205860255192653,0.49445016223196897,0.42800346793288274,-0.06644669429908624,0.31224746121855035
,,,,0.07668234510920634,0.06438386558115392,0.0976891052002276,0.08204430210633266,0.4907185657494257,0.40807703410381707,-0.08264153164560868,0.39721823351001495
,,,,0.05888027284622608,0.06173433189388899,0.07422618090059296,0.07423140655535124,0.41557267077007953,0.41637005997679355,7.97389206714055E-4,0.7711352852311154
,,,,0.09072709821258136,0.0824524159786658,0.11332381713563733,0.0976828764842049,0.5579410670863384,0.49587480056896416,-0.06206626651737419,0.35968906411018875
,,,,0.0780162175843049,0.06523795034216479,0.08986805277267379,0.07423135213561279,0.46218608110232173,0.38311368446489963,-0.07907239663742213,0.4011240626669756
,,,,0.0390282243235816,0.038810301179659966,0.05079399093168142,0.0508053691107326,0.3212467885173783,0.2957970919518271,-0.025449696565551072,0.48845334586474337
,,,,0.037340870100128806,0.028110042273495103,0.050787287286271646,0.035166490830157174,0.28582535490884503,0.2101056177903549,-0.07571973711849016,0.2867206731566129
,,,,0.089643459886109,0.07135251423248617,0.10549371674497658,0.08986854107937607,0.5382454843050126,0.441240492795237,-0.0970049915097756,0.4655532931699574
,,,,0.06333697283087651,0.0430853488127367,0.07423453011518626,0.05080404058038883,0.40289182214838215,0.2992857519101504,-0.10360607023823175,0.2749957462239597
,,,,0.026356122884886306,0.02218065181692443,0.03516483502817566,0.02735755562713027,0.26442925228104885,0.22497902133429254,-0.03945023094675622,0.34083939495715015
,,,,0.005460578363926363,0.010623421740929031,0.03518903697862254,0.035180581030587264,0.26620712678407155,0.21256409684158153,-0.053643029942490005,0.3606495264325044
,,,,0.04467660786470297,0.04091071417455989,0.05859962904706384,0.05080332255069315,0.3171604511161678,0.2854971037550858,-0.03166334736108211,0.5105776818973694
,,,,0.049656805835831055,0.05077668305807797,0.06644869004166207,0.06644018395486156,0.3593716524725682,0.3421241228927708,-0.01724752957979744,0.5519421917871975
,,,,0.07444628943798313,0.07898086636115643,0.09767907966018798,0.09767418124013671,0.4764664487799757,0.4841991530685495,0.007732704288573763,1.020533212099152
,,,,0.084390322486836,0.10299360971920708,0.10550692591732815,0.12111729382892476,0.5259544749733089,0.5837731680444833,0.05781869307117433,1.3888957200646737
,,,,0.09815649149156,0.09672432155671054,0.12111058061268176,0.11329611669680562,0.5686282133283153,0.5400541319854552,-0.028574081342860335,0.7868310178981597
,,,,0.11682229320684859,0.12852936887644525,0.16018921517078086,0.1679880563866575,0.6803006326811859,0.6731696447545211,-0.007130987926664694,0.4492962401417962
,,,,0.06998296066231265,0.06798003881104908,0.08986732099920687,0.0820348455357378,0.4548781364214193,0.4029450551279001,-0.05193308129351907,0.753265570351031
,,,,0.031923330773293686,0.057781493419644295,0.042984663140316674,0.07423428806224257,0.27712264033963985,0.37719446557612935,0.10007182523648948,1.5868881569182225
,,,,0.050951499638263,0.07835321427277964,0.06643267445193198,0.0898523532330494,0.36615387286528545,0.461835238197356,0.09568136533207047,1.6601637365016262
,,,,0.04972181866845843,0.058397802120497964,0.06642189708250616,0.07423175259495363,0.34940199671632244,0.36002898395848226,0.010626987242159814,1.0353300840302144
,,,,0.08147638889231816,0.0750122703545881,0.09765758382026835,0.08984900421466104,0.4791625404853231,0.44305882541569663,-0.03610371506962646,0.7586762452223083
,,,,0.05017829464622719,0.06781205912116743,0.05859744086672871,0.08009121161891367,0.3290389587650735,0.3922652218587132,0.06322626309363981,1.4059550821493199
,,,,0.06810091230908208,-0.0016250194397779334,0.08987179022439347,0.01958598626165649,0.41585745551918624,0.037038357558442446,-0.37881909796074376,-0.3013508400436637
,,,,0.045798948714052476,-0.009544409343266978,0.07428800247969446,0.003931724006597046,0.28560578590260693,0.04314424495314007,-0.24246154094946673,-0.09217010340209426
,,,,0.11580404080171838,0.11177346480203557,0.13671899181125635,0.12888716444805792,0.6001876505687527,0.5558757087451713,-0.04431194182358124,0.288539767212973
,,,,0.10600987815178378,0.08939279659145857,0.11330662639064595,0.09767485743695486,0.5756234586730105,0.48500119225067617,-0.09062226642233423,0.6216611236131766
,,,,0.06774015235421695,0.026850384077255273,0.06639998912440596,0.011683451731735272,0.3542949392433719,0.2148522803633254,-0.13944265888004653,0.012108159881723157
,,,,0.07790777099292279,0.0025213885325295273,0.09571365954340495,0.019586571322718047,0.4518420168515654,0.043643530519595776,-0.4081984863319695,-0.3093612338903005
,,,,0.08432950439968696,0.011004396241162109,0.09767719670035138,0.011698707701744018,0.4789481165545561,0.10756953365854072,-0.3713785828960156,-0.22254215655708046
,,,,0.06530335401990135,0.00801850128955688,0.07617100367091739,0.011738073836032535,0.3336648383618691,0.08705876619415498,-0.24660607216771402,0.05028413987858282
,,,,0.09493167454932173,0.04826784826585024,0.10546845638213262,0.042924716336521326,0.5247848229152732,0.27526330056598447,-0.2495215223492887,0.11170429372009942
,,,,0.1437708696588504,0.11298205663359027,0.16014193859429948,0.11322976282538555,0.6840791438318925,0.5240868937739483,-0.15999225005794415,0.029490967832459546
,,,,0.13456136826397655,0.08719373153505278,0.1445534473079344,0.08984891493114133,0.6954272325860763,0.47260765173202085,-0.22281958085405534,-0.05362565951103182
,,,,0.07444641355299086,0.03696353245639603,0.08399204019132371,0.03512135746744234,0.3827225407402015,0.21679599970804092,-0.16592654103216067,0.12084082058932807
,,,,0.07274346854417754,0.05477130525349363,0.08204474932924334,0.058574728217513285,0.4134829937757954,0.32737410300716435,-0.08610889076863087,0.31092805740728047
,,,,0.0862433516702839,0.046098283584072655,0.0976592006789791,0.04294367208575594,0.4767913196983263,0.27930293641290355,-0.19748838328542265,0.13055884530736211
,,,,0.05662722085436149,0.04621096155022095,0.05857296615229962,0.04295064306533522,0.3759418046023647,0.3329588525295899,-0.04298295207277483,0.22324236979288767
,,,,0.06372154426728531,0.0636348034905875,0.08206261628404667,0.06640101942637856,0.4433575980233477,0.38580628904292846,-0.057551308980419186,0.3039775071568673
,,,,0.03439439347658927,0.04019607675231549,0.0507831141886651,0.04292698039882358,0.35718460137426267,0.31994518536264144,-0.03723941601162121,0.3100346920007692
,,,,-0.0015851841374065457,0.0018295090628581631,0.0038804835025565837,0.011718472296617571,0.20855776422381425,0.164345148086657,-0.04421261613715722,0.261171512234837
,,,,0.0015707590174786176,0.005316891100572588,0.0038688230232670063,0.011734359607544764,0.19144629022111237,0.16746094267007383,-0.0239853475510386,0.3249416720435205
,,,,2.8605072812913645E-4,0.012476661854556799,-0.003938848003462924,0.011691913643813412,0.23374036232948442,0.19305569138186318,-0.04068467094762118,0.19415026517056863
,,,,0.07024908938747784,0.06331158286834646,0.0898558718826128,0.07423090603284369,0.44438288677901205,0.39751833061713227,-0.046864556161879775,0.6839481414357518
,,,,0.08207316508604576,0.062457851143518275,0.09768073883625406,0.07423937557260724,0.4939984199673697,0.41200826921272804,-0.08199015075464162,0.24297758678743314
,,,,0.0516106617724682,0.03269868957087591,0.06642258185876111,0.04298138284656668,0.3901259272512404,0.3129712209628475,-0.0771547062883928,0.29893992335577
,,,,0.040707511898879334,0.0174492693727206,0.05079897688957837,0.027348417557630983,0.3288660038944781,0.2502259207439014,-0.07864008315057684,0.1451960263024484
,,,,0.09090639075299836,0.08127262367771197,0.10549839285348903,0.09767442228938884,0.5370031305946499,0.4847697493628988,-0.052233381231751586,0.3859222521034493
,,,,0.07661592676429392,0.08775686970863279,0.09767245323946305,0.1054962888152116,0.49170809455258935,0.52390076605291,0.032192671500320826,0.9909339225030358
,,,,0.13384420090120963,0.13065518384796296,0.15239641571729515,0.14259275509846905,0.7140515548259695,0.7087872278121029,-0.005264327013866795,0.7289903624130135
,,,,0.0714494485596998,0.06415219373441067,0.08986691675965384,0.0820542419131851,0.46663902983826955,0.4184543272773609,-0.048184702560908635,0.44965938024698415
,,,,0.06411395059729857,0.06104847720306468,0.08204449067654113,0.07422587934874116,0.4236389039976644,0.4005542488334827,-0.02308465516418174,0.46562547169829954
,,,,0.09439532509556946,0.08283576523006086,0.11331194408088308,0.09768237767904461,0.5468042819040075,0.48056415827958476,-0.06624012362442273,0.3391724547835212
,,,,0.09690294383069642,0.07877275212933259,0.11331389767537604,0.08986710705338236,0.5560585830594172,0.46338276134776446,-0.09267582171165283,0.2287880129690613
,,,,0.10946009983554643,0.09665253983061017,0.12112040288284479,0.10549100471608128,0.5970350212238648,0.5426015019672679,-0.054433519256596834,0.6040805755157652
,,,,0.06991286134656421,0.045404341638376415,0.08991100962680044,0.05862638110352554,0.4514253738991865,0.28104510556996976,-0.17038026832921663,0.04288690280544493
,,,,0.07726675942919489,0.07940921961463586,0.08984207452473995,0.08984648578349157,0.4642921762638755,0.4577270254939935,-0.006565150769881859,0.7808173113157271
,,,,0.06427952814362159,0.05964594409446048,0.0742249089802245,0.06640910323503016,0.41305883835806384,0.35938354433378905,-0.053675294024274824,0.4830248723356423
,,,,0.028585196335929215,0.01824395912046737,0.035151418352954565,0.02539274607608492,0.21859351547085706,0.14748231713193566,-0.07111119833892131,0.4156645926941975
,,,,-0.3183766002629087,-0.29881306151699377,-0.2851424795880795,-0.23826584648909221,0.15354864111879082,0.21105825299914865,0.057509611880357775,1.1349048250296185
,,,,-0.2637334339627028,-0.25589508585909204,-0.24611668569533293,-0.23047853432275636,0.05905432622957861,0.06831438305733668,0.009260056827758068,0.27464423746131095
,,,,-0.13297113414715228,-0.15780371026835904,-0.1758004260090383,-0.1914317148625335,0.2063437456972032,0.18715484844857658,-0.01918889724862659,0.22719947352925923
,,,,-0.2216334793512883,-0.23272122331231054,-0.23829312215733356,-0.24612080720783835,0.01098909945636368,0.009735778348947106,-0.0012533211074165765,0.046588407377142
,,,,-0.21404541826658804,-0.23400700386019727,-0.23050300498819992,-0.2539211030945595,0.017869057970360678,0.01610227933269864,-0.0017667786376620363,0.06565380163443305
,,,,-0.19994298590386453,-0.19281949224996642,-0.20704643091098918,-0.21486579603477107,0.03168606901056057,0.05100355815467246,0.019317489144111893,0.3098041043665543
,,,,-0.16831566928146433,-0.14097658335825694,-0.20704308353110581,-0.19924677297054003,0.1047317006052582,0.17690304184110706,0.07217134123584887,0.8843491663301675
,,,,-0.23073715533252284,-0.23675206172192972,-0.24610548649876213,-0.2539432263577901,0.013235872038893518,0.013768117366892832,5.322453279993154E-4,0.07660363591429416
,,,,-0.18906319117990678,-0.19363394382797983,-0.21488219502045777,-0.22267617698244976,0.06277488941252762,0.061731201186810296,-0.0010436882257173002,0.14816103014613682
,,,,0.01541857625564717,-0.015682944135204147,0.0273464053589594,-0.003944119669351346,0.21660874172349795,0.17286631957819637,-0.04374242214530158,0.5045329755797728
,,,,-0.025705100851489,-0.04398360344918245,0.003877053135752429,-0.027342971959197458,0.21740944594817696,0.169336963840281,-0.04807248210789596,0.4511525581178484
,,,,-0.04973610599951858,-0.09642817975512318,-0.03514194941551675,-0.0898151745903669,0.11584004559836289,0.08837664324409204,-0.027463402354270847,0.31736227826760355
,,,,-0.009683764601469186,-0.05415356309177084,0.0038945292901559473,-0.05076573783558799,0.1971980726366883,0.1374471545096334,-0.05975091812705488,0.32329653929423313
,,,,0.014099832217434204,-0.04777978199705426,0.03517098233005737,-0.04296980622899965,0.2655997290481782,0.13069218957735199,-0.13490753947082618,0.10927505547211813
,,,,-0.0668832062307576,-0.08414580131467232,-0.050763508653831314,-0.07420525681144881,0.07345639529801451,0.09232682364991128,0.018870428351896756,0.5705657710676706
,,,,-0.0591107301825596,-0.0603549163583233,-0.04294539438124695,-0.04294287699318217,0.08754439829544176,0.10644195803949373,0.018897559744051967,0.5426360634495563
,,,,-0.01751522672283011,-0.032944716523490646,0.003896856428360873,-0.0195183501657483,0.13629428464057003,0.12406169724744694,-0.012232587393123077,0.46096954033393067
,,,,-0.05219120500107817,-0.04111940238133769,-0.02733075892442547,-0.035149764501033014,0.10657495172902093,0.11328171550024974,0.006706763771228815,0.49441408008008586
,,,,0.019114122332916497,3.96358403175703E-4,0.0351794200034756,0.019554002186368342,0.2644014022189114,0.22936185626018027,-0.03503954595873109,0.519712140966144
,,,,-0.038447385876950284,-0.029620201009502398,-0.019504265242226232,-0.011705610159856168,0.126421137819378,0.16779889416198407,0.041377756342606084,0.8790350169922316
,,,,-0.026406747536652456,-0.03463986118101544,-0.011701422963779982,-0.027333639214881696,0.10398943373444036,0.12013011974470356,0.016140686010263184,0.5696411653475096
,,,,0.005957743080232135,-0.0032006076899522545,0.027375765308968743,0.011724089395335233,0.19171889111588794,0.17306987632707235,-0.018649014788815577,0.5267630867979953
,,,,-0.03054393012846625,-0.03238567930368747,-0.003925708065557112,-0.0117019228160091,0.1290357554704402,0.13774441823657368,0.008708662766133487,0.6368277228078019
,,,,-0.041473964110680925,-0.06129373715656152,-0.035146810309780264,-0.05859425511842395,0.11102189245646855,0.10361339463333535,-0.007408497823133187,0.37695091107259165
,,,,-0.03620233973754832,-0.07270115826383895,-0.019525545538297474,-0.06641243341826251,0.18868665255157666,0.1423977591101365,-0.04628889344144014,0.3722061810979197
,,,,-0.03595267346200004,-0.0876810971768192,-0.02734457374390493,-0.08984876486687525,0.09835967210645487,0.08251837312479281,-0.015841298981662085,0.33385143045667154
,,,,-0.06633220761149874,-0.08190264162181375,-0.06640996390470738,-0.08204005954524286,0.08249652658594424,0.08330373912867288,8.072125427286503E-4,0.33828257432391107
,,,,-0.05552444682910627,-0.08841026514397422,-0.04296766899046693,-0.08983700568640228,0.07609575651935493,0.056570686490669805,-0.01952507002868515,0.22925959613802913
,,,,-0.06193204407481626,-0.07509015473349125,-0.0507793828697493,-0.07422489999824608,0.09268325107253525,0.07471080495446919,-0.01797244611806608,0.32700211151181424
,,,,0.031163644447005815,-0.03353802216018099,0.05861646477453043,-0.03517120077240289,0.33089208292918604,0.10569822806952027,-0.2251938548596658,-0.08504267294519836
,,,,0.03972922094717431,-0.03470074425673744,0.06642892038340133,-0.03514141536914937,0.37753415523876954,0.12101716911939892,-0.25651698611937074,-0.09349937789412065
,,,,0.027143428965733508,-0.03863478028869882,0.04297572068519727,-0.035140573983872596,0.3083273448402842,0.1461639910416621,-0.1621633537986221,0.06899612948723446
,,,,-9.627235428044127E-4,-0.07313878007637271,0.019545124219640622,-0.0742121514845215,0.24074269951299812,0.12080704007054588,-0.11993565944245224,0.1613285630782858
,,,,0.0069450226653677855,-0.0659843886180887,0.019523535804560108,-0.05859729766541394,0.2462701995263302,0.1046751249073212,-0.14159507461900903,0.029507039482296892
,,,,0.018175057911886384,-0.0965232350750645,0.03517719666977862,-0.1054843915869487,0.2757710438074236,0.043233852236832626,-0.23253719157059102,-0.16702615081465505
,,,,0.03790916221879988,-0.04691209275364963,0.066427376005374,-0.050763263053094934,0.392537529355661,0.15178667735683343,-0.24075085199882748,-0.138173348046017
,,,,0.042827671488889954,-0.07506039786885572,0.07424181096872168,-0.08986272610940975,0.40143477651265486,0.06323600724402256,-0.3381987692686323,-0.2520255237482953
,,,,0.034220813225272165,-0.05027309548034509,0.06643332675092611,-0.042952595417568164,0.3962074684370054,0.15799978921060515,-0.2382076792264001,-0.09970343791090952
,,,,-0.001236119673424485,-0.09233529921613073,0.011727296618271791,-0.08983609098448991,0.2345205913928059,0.07608839894379604,-0.1584321924490098,-0.04555984914124897
,,,,-0.03222280235620466,-0.07251518088640391,-0.019531366622752507,-0.07420808844688707,0.1516290498208633,0.11004164958773739,-0.04158740023312588,0.37131288535567814
,,,,-0.061506886203657414,-0.09329086667486326,-0.050782119485765005,-0.09766247176523053,0.05780112831976774,0.04600802141484903,-0.011793106904918702,0.28782691001738314
,,,,-0.06472027236751604,-0.14400090303475888,-0.06640523243684851,-0.16017408236579048,0.11390212258901933,0.030227252783432395,-0.08367486980558694,-0.01134168240389488
,,,,0.019031995893813613,-0.09952480702337221,0.04299193950524671,-0.0898355578278776,0.29581444318349764,0.047444747307464674,-0.24836969587603303,-0.18744016918372486
,,,,0.010744124490112876,-0.0950384952898564,0.03518036007659852,-0.09766638166420957,0.23149616345540586,0.02691419282764919,-0.20458197062775665,-0.15233890593921287
,,,,0.01588814549745058,-0.06483960074350831,0.027354129362854723,-0.0585821540405253,0.2546497947742463,0.06075277687092963,-0.1938970179033168,-0.06074402556987879
,,,,-0.06558974517172074,-0.10898875031818496,-0.058591236858976235,-0.11327501591198667,0.05701348459719553,0.03873163451632024,-0.018281850080875295,0.2179188799684381
,,,,-0.049585238824075395,-0.0958948027850671,-0.03514942316680028,-0.08202785638784,0.07255077791448257,0.05689108306417299,-0.0156596948503096,0.3083946713363612
,,,,-0.07182168612722876,-0.1212562449322452,-0.05857802787040825,-0.11327224766688303,0.06541879399215621,0.057713321240713426,-0.00770547275144277,0.38518519473967544
,,,,-0.058457320562512294,-0.08275832361576402,-0.05077044064169596,-0.07421206841785825,0.10433424663212854,0.0801559673518813,-0.024178279280247263,0.40010756754756693
,,,,0.013497144377345352,-0.041758333399111176,0.027357938658439773,-0.027332396633639122,0.27523593106414385,0.12388447220246278,-0.15135145886168105,0.14594115754745424
,,,,-0.03895503232385179,-0.11061552777744241,-0.03514693627561537,-0.1132656915633053,0.1635458890100347,0.03305371788470863,-0.13049217112532613,-0.06655970189850464
,,,,-0.002299436870150168,-0.07664024404987728,0.01173407131529903,-0.06640832706275378,0.18702108977058451,0.047427602657952664,-0.1395934871126318,-0.015585924971115382
,,,,0.01504644913304503,-0.03843473217004467,0.027350465787919,-0.019524804217476165,0.24858568709910508,0.12112202601878838,-0.1274636610803167,0.20084701735914828
,,,,-0.013862711715512153,-0.03802786190781989,0.019556534280552436,-0.003922654949682761,0.2786894427578147,0.17854579030451273,-0.10014365245330197,0.2230851856980556
,,,,0.06617507322033281,0.01792699365244688,0.08986551277037404,0.03517223626892257,0.43818506763956516,0.2698416537267898,-0.16834341391277527,0.2527799798017764
,,,,0.0788534374583806,0.019383561766338264,0.10549865863987234,0.035178867482173574,0.5093533520196278,0.30153925785772334,-0.2078140941619044,0.19617202645452608
,,,,0.08408549561732973,0.02248959327948032,0.1055063812752964,0.042989190352564294,0.5217685142418804,0.2750961260457684,-0.24667238819611195,0.04409730726408958
,,,,-0.0026499208230013746,-0.04331059238097621,0.011715104825229854,-0.035155144234818025,0.1887413551485185,0.118506605287626,-0.0702347498608925,0.2192963488541959
,,,,-0.1413507323096223,-0.17632689865294063,-0.1445293285130524,-0.19144048795180862,0.0236419728756323,0.011915210792755206,-0.011726762082877087,0.01647839035756906
,,,,0.0026557832943416935,-0.07372104648063557,0.019554024966511287,-0.06640350509741579,0.22053693929624577,0.06693948905667445,-0.15359745023957136,-0.0403073206206701
,,,,-0.009571977037149869,-0.09242049247906978,0.0038797910709121104,-0.08982524657945047,0.1818805244557452,0.03830846575526178,-0.1435720587004834,-0.055632632782544524
,,,,-0.02919878265677249,-0.10125180652112828,-0.013672076447465237,-0.09570244658900041,0.1753940598756218,0.037362252287506115,-0.1380318075881157,-0.02353064402764973
,,,,0.08909492493687854,0.034980379557513104,0.12113059242583273,0.05861147296626261,0.5882593366569423,0.37340205989349723,-0.21485727676344515,0.07893245699698533
,,,,-0.013013763598439464,-0.07760714853594006,0.0038986981734772876,-0.0742067546906914,0.2093456935307475,0.09251638403026008,-0.11682930950048735,0.09787993816667162
,,,,0.01580162394417035,-0.046369375785010276,0.050814071572861184,-0.01951207855181145,0.3533023361869237,0.16969125345024327,-0.18361108273668042,0.02506717548256265
,,,,0.01579995520999115,-0.030638074427506844,0.07424573454391267,-0.011695290906849948,0.44267095009038165,0.2726071832828707,-0.17006376680751087,0.07960691487404341
,,,,-0.03020449131122865,-0.07405122069088284,-0.019531205036123243,-0.07422203737367358,0.21338229934570754,0.12919523885052117,-0.08418706049518641,0.1418043842691816
,,,,-0.05938017219273623,-0.08417341588600195,-0.06641700562623279,-0.08203492354963834,0.1430462491035947,0.08846505158306268,-0.054581197520532025,0.22767279539224186
,,,,0.00751354896621033,-0.04991879790393695,0.027349819780148058,-0.04297683389767316,0.3531394698394794,0.2292821251831365,-0.123857344656343,0.20624792700696434
,,,,0.08806014063976365,0.016911346092768644,0.12897041639597154,0.05082197342180728,0.6111919917417022,0.2973088770419583,-0.3138831146997439,-0.11750602465319171
,,,,-0.03696753555329865,-0.07696491973032811,-0.035159748375041516,-0.08202603319066405,0.17340969515700147,0.09253240808294375,-0.0808772870740577,0.24700578317134736
,,,,-0.20147233905442508,-0.21026076772053964,-0.21488580193230472,-0.22265524710241746,0.015047828814715123,0.006961012394078939,-0.008086816420636182,0.012705939967442438
,,,,-0.13987009358873667,-0.17029413063934798,-0.13670592186771596,-0.16796478618255473,0.02886080082061536,0.012446332852184836,-0.01641446796843053,0.008707670602345384
,,,,-0.06789659415408004,-0.08973245040752088,-0.05859098439442456,-0.08984213347915362,0.2404582143846372,0.13930515431440743,-0.10115306007022973,0.09707069772866554
,,,,-0.15212659625719654,-0.16128521358425854,-0.17580195277830635,-0.19142122366892436,0.05751616780173255,0.04701329821207839,-0.010502869589654152,0.12250552833604436
,,,,-0.18616924154925696,-0.20234472193492353,-0.20705224888849605,-0.2304897936082189,0.02755145397587543,0.027530696925640304,-2.075705023512486E-5,0.11883119083094767
,,,,-0.13041225789580455,-0.13605850413422263,-0.17579838648825097,-0.17583159583373673,0.16921306968200245,0.11984849121741843,-0.04936457846458403,0.10451659020237412
,,,,0.02538250342633604,-0.03658275828499495,0.08209359898594143,-0.003899612857602517,0.4456127768333499,0.25879071029395867,-0.18682206653939126,0.11109260793984134
,,,,0.07573352485727931,0.021373485705035833,0.11332866960644265,0.05863140275250019,0.5494909957847596,0.3242196227067996,-0.22527137307795966,0.28208862368503573
,,,,0.08119567360123627,0.017761021384518554,0.1055138936525654,0.04299639312680659,0.5340974906060201,0.2729536474103141,-0.261143843195706,0.03088141286114057
,,,,-0.10146285521506904,-0.15022651610722051,-0.09961304175837604,-0.16017672799198263,0.03094509457984216,0.013902626098952762,-0.017042468480889403,0.037125962389052546
,,,,-0.033097182777803685,-0.08613274041508041,-0.003900182756131458,-0.07419842829120121,0.21643448426877004,0.09750065663868597,-0.11893382763008406,0.10193587179743076
,,,,-0.035040639903538486,-0.10471204897149194,0.01174679172444485,-0.08983827545192372,0.2513103849379386,0.08669365697837807,-0.16461672795956053,-0.003818169205013337
,,,,-0.17484823575491776,-0.16542682332472705,-0.19924326801271205,-0.183596669308751,0.041328399545285034,0.049723498432442156,0.008395098887157122,0.19863043656568652
,,,,0.023213727480779454,-0.04439779253622495,0.058634094241216315,-0.027342775399077365,0.32033024008431704,0.13440259579975866,-0.1859276442845584,0.05431498370547669
,,,,0.13711548648518654,0.06885872895128313,0.16023999105968567,0.09770155743778447,0.8156120267693127,0.46353042452318205,-0.35208160224613066,-0.2490265744571916
,,,,0.06971444898694655,0.023946313609128796,0.1367890349850526,0.0742721306820827,0.6048071811486194,0.4010024657498751,-0.20380471539874417,-0.007339024934465577
,,,,0.0979923190231168,0.03436006373128641,0.13678399204762046,0.05861399888700656,0.6394297031588313,0.35849850157206326,-0.28093120158676804,-0.04576680761826166
,,,,0.05193497166291593,-0.001298510779817063,0.08399005872206244,0.019539828349466555,0.44544840061452107,0.2609295938827354,-0.1845188067317858,0.10796259955738403
,,,,0.08481342854192962,0.01803520282865575,0.11524983074526028,0.0429903386251254,0.5474884017699722,0.279593394027304,-0.267895007742668,-0.04681871960912707
,,,,0.04677728097588314,0.0061471522368848775,0.08206863743333914,0.03517303244547732,0.429540734555372,0.28022059811718736,-0.14932013643818465,0.2724439853102132
,,,,0.09740178388100391,0.02139486309651366,0.11329178503094102,0.04297806163437554,0.5602217889557286,0.2887802102879521,-0.2714415786677765,0.028933996304196626
,,,,-0.0356279031814126,-0.11164152278908156,-0.003910252948207816,-0.11326326644398331,0.18821108760582242,0.05573658483991221,-0.13247450276591022,0.0016249826062778563
,,,,0.08341955723184764,0.011815581566633324,0.11133652927034926,0.025380645945947817,0.547792064306699,0.2810817622955492,-0.26671030201114987,-0.10821283276017744
,,,,0.006134660350129937,-0.040161676951620026,0.02737020795828764,-0.02734333108880308,0.23678064562640266,0.17096524124494242,-0.0658154043814602,0.4440173890366631
,,,,-0.021628280255553783,-0.0632537817585346,-0.003926618326126423,-0.05857919059519576,0.1889452581084951,0.10916602352849,-0.07977923458000508,0.13776526503264758
,,,,-0.012748407187984279,-0.03498930634530659,0.003883489445874172,-0.02148154534471209,0.19013023512671795,0.1701783245680785,-0.01995191055863943,0.38405859295373446
,,,,-6.05273601527462E-5,-0.027924329602133462,0.0038654831711707645,-0.01954690479278447,0.22327411597865449,0.176136022192169,-0.04713809378648548,0.22380896167104247
,,,,0.017400377678933984,-0.04813369440401507,0.027363300702421524,-0.042964211550893895,0.22029122074278884,0.10667705113694155,-0.11361416960584735,0.13866322386263796
,,,,0.014907639566723413,-0.03761716990727637,0.0351813027360811,-0.027347088331161278,0.22308635451141898,0.10023276540620074,-0.12285358910521825,0.19216900810880977
,,,,0.01401667077673111,-0.04252769423255214,0.025387273960578792,-0.03514316760802114,0.16652611612911639,0.07074110912197051,-0.09578500700714591,0.21147175731867413
,,,,0.02311882217507678,-0.0051885598297022745,0.035176150993121234,0.01173063906912991,0.1971976527941312,0.15628364856120228,-0.040914004232928874,0.645827446922573
,,,,-0.04892347515689438,-0.08339146677114691,-0.042979280326380154,-0.08984819858011536,0.046604880431602574,0.04237899841008881,-0.00422588202151376,0.22576955909015556
,,,,-0.03542115827093292,-0.08835083286724232,-0.027349364139173223,-0.08203432835716652,0.07015234121084325,0.05757780078954786,-0.012574540421295403,0.30559002891726983
,,,,-0.01869411731359311,-0.06683336010247638,-0.003924140481916012,-0.05858372265608719,0.12951154240281257,0.08156078045035883,-0.04795076195245377,0.20963384595595758
,,,,-0.08398572373770936,-0.1043595958188745,-0.08985275615797865,-0.12110784818191883,0.06956606431319812,0.08014751627362224,0.010581451960424117,0.3710602645123035
,,,,-0.09483688017109612,-0.10624141758716311,-0.09763999265333882,-0.121112175705582,0.08300791601297729,0.09633455648610455,0.013326640473127274,0.44664247122475215
,,,,-0.10716340508239158,-0.109766102252857,-0.09763480558508614,-0.11329451291575242,0.04730875973710134,0.1028610872931386,0.05555232755603726,0.7903747770555424
,,,,-0.06833077339549433,-0.0963279085392149,-0.05858970691733416,-0.08202033409003837,0.08010262511213564,0.09257083220820997,0.012468207096074319,0.5118766196187569
,,,,-0.09997068615138792,-0.13548309297772268,-0.08982891857539807,-0.128899057582156,0.04985202719437826,0.062015635929680436,0.012163608735302188,0.30472655148408045
,,,,-0.031209560449949787,-0.0875395718761081,-0.027347068404544997,-0.0820337403633003,0.14540351431229195,0.1043091852620561,-0.04109432905023588,0.31808508223988086
,,,,-0.010192267903832063,-0.04192441753178524,0.0019320571792513358,-0.03516980671150717,0.19585044311395447,0.19188100432148386,-0.003969438792470621,0.6634468862541687
,,,,-0.07172511751592965,-0.09794223239483556,-0.07423415703997364,-0.1054748174329488,0.0844696039391256,0.10223520227804156,0.017765598338915962,0.5698282599717845
,,,,-0.14351606894474442,-0.2026734843492241,-0.15234661295922824,-0.23048388012987026,0.027365784519442674,0.03038081651030942,0.0030150319908667455,0.10664193546708411
,,,,-0.18330428389398268,-0.25255789239737647,-0.19141147878764259,-0.27737073779132004,0.005303234346388478,0.007608815515487907,0.0023055811690994303,0.044573907028677084
,,,,-0.11267832085741233,-0.145000887267592,-0.12110453041848032,-0.16018606716269643,0.04751286337169284,0.06193907922015629,0.014426215848463451,0.3720078733400153
,,,,-0.08866622191278975,-0.0714417760189016,-0.08202310482674213,-0.058584527510812605,0.03162504091051127,0.07834599895593543,0.046720958045424144,0.5945288027237211
,,,,-0.07326275502510185,-0.0700900628116964,-0.058587421680580405,-0.050754894356620874,0.04969113554485315,0.07295190337660962,0.023260767831756464,0.4850148554248549
,,,,-0.06333221108871584,-0.038988712532946335,-0.05857731403983443,-0.019505895849545502,0.030329393365007323,0.06518376047284971,0.03485436710784239,0.5336464509362173
,,,,-0.12080782528694868,-0.2207725208480394,-0.058572619333671826,-0.1601401001561906,0.151177393089438,0.07303595134320394,-0.07814144174623408,0.13342575534017515
,,,,-0.18402455807875792,-0.2524448263248315,-0.19140461708583603,-0.27736305574712966,0.0054650002690659815,0.007455872928336388,0.0019908726592704046,0.045491153832280765
,,,,-0.1458411823415187,-0.19930659153901364,-0.14453601541352454,-0.21485625140015527,0.005752589409202696,0.009106785661502024,0.0033541962522993293,0.05938293044345038
,,,,-0.1256224286141875,-0.17830495570584748,-0.12111044120945243,-0.19923179807407032,0.005641821282111154,0.012579732665083304,0.006937911382972153,0.10027824152563933
,,,,-0.09335633468137682,-0.10393872162309298,-0.08201686055545454,-0.09765158452785762,0.015047353279050378,0.02900125354601073,0.013953900266960351,0.2045066743203474
,,,,-0.13974934482064694,-0.19257800547021126,-0.13085350013825492,-0.19922412359501507,0.0074753906563623665,0.00926434562715945,0.0017889549707970837,0.05855826989711541
,,,,-0.10659158651618024,-0.16204109397082583,-0.0976426641395277,-0.16015441123367885,0.019998683746807654,0.014751339714216768,-0.00524734403259088,0.08738283934808731
,,,,-0.04079565551984467,-0.06768166842678718,-0.03514561744862511,-0.05859767536235919,0.06128609366182408,0.07608992178841945,0.014803828126595376,0.5116259114556793
,,,,-0.19147179584291737,-0.25042626401852625,-0.2070646173668567,-0.29301023302984014,0.023131081813077513,0.028775199789187217,0.005644117976109703,0.12797250831935436
,,,,-0.17058889488454496,-0.21859827997432946,-0.19142506833231165,-0.2539497128895534,0.033147717046768985,0.03851981298867473,0.005372095941905745,0.15721136347316517
,,,,-0.17934026298755362,-0.23036963853045647,-0.1992216347931009,-0.269550635020148,0.032932562549375446,0.0377597346158265,0.004827172066451054,0.14120132921872555
,,,,-0.12266587289387851,-0.15832031796795584,-0.13671805584134145,-0.1914205242115152,0.10080273929595228,0.10217745793735258,0.0013747186414003116,0.2773722102787116
,,,,-0.054950778971823065,-0.08467879872315322,-0.04295146951258558,-0.07420940470992833,0.09963615851762836,0.07709726104766525,-0.02253889746996313,0.2638499322416838
,,,,-0.11838895041375956,-0.18478836175688404,-0.10545086736673065,-0.1913984657692683,0.027429764956788474,0.015598296381280966,-0.011831468575507507,0.06910397760676132
,,,,-0.09140298793133679,-0.17453280498647816,-0.08202987261938027,-0.1836033502631748,0.03674614495399951,0.028905398756292614,-0.007840746197706897,0.13072275525124763
,,,,-0.05899053780843745,-0.10655759344940614,-0.05860500477053753,-0.10547409992909179,0.07268703194310976,0.07000352508595245,-0.0026835068571573074,0.3300327914947112
,,,,0.0497787250400701,0.017400993044466448,0.0664104318038852,0.027347792602725383,0.3468831756132596,0.25931825764236194,-0.0875649179708977,0.3617121912631356
,,,,0.039459995274148195,0.019933319273853924,0.050794741083195274,0.04298528745381927,0.2890420478084212,0.2928111581314987,0.0037691103230776376,0.8372832056645574
,,,,0.002717951650280757,-0.027209345572193747,0.019546487258021647,-0.00390912740344666,0.1797658433568162,0.15544854282212026,-0.024317300534695947,0.5672128710258709
,,,,0.0047367321628985605,0.01712438860635094,0.01171951858923051,0.035162507675366196,0.16117457916619937,0.25748098934822344,0.09630641018202413,1.342799973286413
,,,,0.007889238746764358,-0.0014514481493667934,0.01955004354686974,0.019548534491156466,0.20107154263573684,0.2263506971368694,0.02527915450113255,0.7931041042753163
,,,,0.028246471124779297,-0.012004443870788977,0.0429647475790905,-0.003939420989607653,0.26164849023800124,0.17467854567647384,-0.08696994456152732,0.22284947135239824
,,,,-0.04474731653940746,-0.07896983244519253,-0.03515509975941722,-0.06638722861426606,0.07778095334067854,0.08660468546036243,0.008823732119683904,0.39465449743603725
,,,,-0.027315897268435006,-0.07430086941761081,-0.003917096612572286,-0.05076695577331174,0.11484083928375427,0.09206648652337852,-0.022774352760375833,0.3504180418160653
,,,,0.005954939562811396,-0.007546149367374148,0.027355823431039074,0.019552971958122767,0.2585843597632201,0.24178052173916165,-0.01680383802405844,0.6714904109057187
,,,,0.04250269865332576,0.04031322721073463,0.07424553123509563,0.0742687672686275,0.37985247516296555,0.39289673016120064,0.01304425499823504,1.0583999373811026
,,,,0.06129222505731867,0.048465937205597324,0.08991462129535578,0.08208248907374967,0.46833982614388037,0.43326183777521626,-0.03507798836866403,0.7888394889769251
,,,,0.0032931705859369663,-0.049932688748591345,0.019551678769174075,-0.04297126232749925,0.1809288934347509,0.0986570769648986,-0.08227181646985234,0.16348519667728417
,,,,0.024092148385995174,0.006053429739918034,0.04298040065955089,0.027357166827875104,0.2785264342301832,0.2627685583023191,-0.015757875927864047,0.6322395706718192
,,,,0.04060216240960588,0.015978231578719464,0.05862517563907424,0.04301629896984321,0.32174565821959317,0.2769773776412484,-0.044768280578344755,0.5896878091150941
,,,,0.07933658512929674,0.030280273585761772,0.09768135313482752,0.05079188215902499,0.4767933530912231,0.3343797451523965,-0.14241360793882646,0.25192597417273555
,,,,0.004375357202178407,-0.03188727528713935,0.011715683243555554,-0.02734017077678425,0.2464286005287609,0.19993652227136252,-0.04649207825739837,0.34168655166220746
,,,,0.01421653299909929,0.006075073660503587,0.027356707855922716,0.027366505123692857,0.16658984646222888,0.22681961755403102,0.06022977109180213,1.1149749543845326
,,,,-0.017623369065235938,-0.06824723864234022,-0.011719381011333733,-0.0664117917849277,0.15858232474180314,0.08904202752224638,-0.06954029721955682,0.14543273104916157
,,,,-0.011020542874280888,-0.08103281400518798,0.003891651770118173,-0.06640025276609884,0.17054820851515096,0.07764710805785115,-0.09290110045729978,0.1895155448398124
,,,,-0.05751732220576414,-0.1499404565873527,-0.042945790326620666,-0.1679896499372228,0.12080908689059937,0.03004546130831735,-0.09076362558228203,-0.0037586402628964166
,,,,-0.01774591683263681,-0.06465593454065943,-0.0039316009718059,-0.05859651898535077,0.15595877412264486,0.07934225156473369,-0.07661652255791113,0.2318727698035777
,,,,-0.020485370382679256,-0.03663065090058829,0.003908542437206024,-0.01168942068392375,0.10655873638562299,0.1219793607601033,0.015420624374480288,0.6713827111598155
,,,,0.027637888472630722,0.02459831151129523,0.0351598974333667,0.0430301014853587,0.1301661325584062,0.19968199269549922,0.06951586013709304,1.2208400895527063
,,,,-0.0018527851432415057,-0.017050027385587068,0.027345491182898772,0.003887914691022214,0.2570015597621532,0.2242999695955707,-0.03270159016658258,0.47077192446951477
,,,,-0.0902221254568882,-0.09693949463366508,-0.0898377591926198,-0.11329471424247936,0.1319843256815621,0.1652987677532382,0.03331444207167612,0.6475837354515367
,,,,-0.04523342145625086,-0.06800088685061018,-0.019543113663691637,-0.0585976361265817,0.25011624502146096,0.19094889364231796,-0.05916735137914295,0.3723269690755413
,,,,0.02572442183901517,-0.028034697736477383,0.08208869413314154,0.027377483039343963,0.4335518337026747,0.3225094733500643,-0.11104236035261048,0.5317548194029047
,,,,-0.05191527440847204,-0.11071313789150306,-0.0351481330172064,-0.12110261344035977,0.21916027839211555,0.13657872336133764,-0.08258155503077794,0.3565895161808045
,,,,-0.054250050884418956,-0.07969769796463422,-0.05078604788824563,-0.0820353950274933,0.17438165359567506,0.14775161956844907,-0.026630034027226017,0.41577734961563406
,,,,-0.07294633012608023,-0.10954935522283273,-0.05076361642927523,-0.11327310898424105,0.08196193571822499,0.060724087681677995,-0.02123784803654702,0.25586810746916716
,,,,-0.059005484386517586,-0.08735922807376932,-0.02730896236523818,-0.08204998638440301,0.08594586712712637,0.08032689363942992,-0.005618973487696463,0.3835349160550378
,,,,0.032258051050417444,0.00757481917452065,0.04298665670681016,0.01955034098345765,0.14328246137087686,0.16389827990722633,0.02061581853634946,0.8052283422549675
,,,,0.04631855631203121,0.04443041190957117,0.050818473806071726,0.0586231023408883,0.1548407916420411,0.25826462047185955,0.10342382882981832,1.677051157840041
,,,,0.05427922553188589,0.05367297142030368,0.05859861758349982,0.07427250521378864,0.27597766288099584,0.384259324953261,0.10828166207226508,1.7535493138443117
,,,,0.05053751455421433,0.031006445182537652,0.058594489083932236,0.05079572211748602,0.31573645265062117,0.3013236348376981,-0.014412817812923048,0.7350826504178961
,,,,0.08044948195465067,0.058574639573181514,0.08988317982225451,0.08207121449353079,0.4303029301222152,0.3752881128813862,-0.05501481724082885,1.0800000808958785
,,,,0.04862358032756996,0.014254103123430053,0.05861950649350781,0.02737268146754881,0.20184950556452688,0.15919506165885228,-0.04265444390567457,0.6769158664005568
,,,,0.043479405225375564,0.02548346123078473,0.06645145049779354,0.05864065646932773,0.3187117162945407,0.307352862012449,-0.011358854282091683,1.0352026709363107
,,,,0.004622542029239319,-0.023762157060853162,0.011716061976570108,-0.003916687046763135,0.13500553731032067,0.10637556331694775,-0.028629973993372856,0.49951656344952744
,,,,0.025371621874962478,-0.015612017991015706,0.03517291810835871,-0.003929684658448902,0.18147239430569587,0.11109681793407594,-0.07037557637161994,0.4297478109778499
,,,,0.055830835506532846,0.0023679932835447464,0.06644190192772557,0.011748412824698398,0.34048638290145167,0.18398645786949305,-0.15649992503195853,0.13272779604461493
,,,,0.04437177763148996,0.010294393949515238,0.06644442998117324,0.035185596383196224,0.3075812449361041,0.20556663479591303,-0.10201461014019099,0.4887613922456873
,,,,-0.009319038129848538,-0.04896637698733685,0.011731787926283013,-0.02732881749227093,0.18916412748016712,0.14060459337074288,-0.048559534109424284,0.4275580362446337
,,,,-0.18916222178643213,-0.1767103013485772,-0.1289028507515312,-0.09761122405439453,0.0061165365696582786,0.0073848853904870376,0.0012683488208287575,0.04106194338401093
,,,,0.058393199440713306,0.03210626752527075,0.06642445058053653,0.050804331495816736,0.30981431683656685,0.26353528278271754,-0.04627903405384931,0.916023678095298
,,,,0.04678448530121778,0.030894196655035278,0.0664597446166031,0.05081168100722897,0.22959148020224485,0.21474402944023385,-0.014847450762011053,1.0525230178755098
,,,,0.06279997918436774,0.030069914342462124,0.0820941008221694,0.05863952016876562,0.3561075143553697,0.2381568576777044,-0.11795065667766536,0.682882017138635
,,,,0.0504613789735252,0.002381187882703586,0.06642404842584415,0.011742866104104976,0.25612334016615157,0.12400861047320513,-0.1321147296929464,0.2845523568826443
,,,,0.010709893232554685,-0.037592126748011274,0.0430039186028546,-0.019526402883065043,0.24193309472774038,0.11153252486073743,-0.130400569867003,0.12306640883417028
,,,,-0.01527244107650269,-0.06699303405025996,0.027373563734273857,-0.03513682672480746,0.2573566725811773,0.12270036926030645,-0.1346563033208708,0.049749139401181294
,,,,-0.06552446794929263,-0.0761521821760252,-0.05075333943710518,-0.05074818639052235,0.14480301104326926,0.11758399632109096,-0.027219014722178313,0.30541229888620625
,,,,0.02474202477496757,0.016363533672765784,0.05080541386032573,0.04298878692101392,0.3322794340540252,0.299975804695538,-0.032303629358487226,0.7361514706548136
,,,,-0.10798637120300875,-0.16064652985113362,-0.11328298615405953,-0.1757978970754807,0.06471852291545291,0.027717583655523965,-0.037000939259928936,0.06809613256586321
,,,,0.05420574452793133,-0.01853820625113324,0.06642644298802146,-0.003907544741611823,0.3146669168294935,0.12429782603227313,-0.19036909079722036,0.2495266249008352
,,,,0.027074962173684457,-0.06083382088653111,0.05079978148032083,-0.027322210310939597,0.28682820944986215,0.1077063822521831,-0.17912182719767902,0.032850482344908456
,,,,-0.10763306256802851,-0.1574009595527542,-0.09764027444169238,-0.175785641092049,0.06421764693593741,0.03621974316843805,-0.027997903767499378,0.08236736539574169
,,,,-0.11555044016876613,-0.1720185862348105,-0.12890409873481956,-0.1914338599480822,0.059019543254336074,0.02904459381540156,-0.029974949438934518,0.03443688286451301
,,,,0.01134599831951748,-0.07729433385489926,0.027368482428819507,-0.05858154518666564,0.21732836089051175,0.08766303860175062,-0.12966532228876115,0.057750508489382714
,,,,0.01868642002623449,-0.03288321822938927,0.04298710951149246,-0.003910711854311359,0.2707285626511287,0.1840747352075705,-0.08665382744355826,0.3470956079624963
,,,,0.006875308632499094,-0.04681473805301769,0.027357213257760526,-0.011683846860184284,0.2495778158723479,0.14248456498714998,-0.10709325088519792,0.145357805104625
,,,,-0.11046974721891688,-0.18411696317186524,-0.12890709062342656,-0.23052142761723693,0.09991524467459285,0.035015062483432564,-0.06490018219116027,0.0068482511464678045
,,,,-0.03306539164160592,-0.07657527709969326,-0.01171461230330797,-0.050775573501641635,0.23954472383299952,0.1694344979768598,-0.07011022585613973,0.3027075185671135
,,,,0.02035019924309782,0.020859240857304184,0.035171219110254365,0.05082202800778675,0.26963568148471545,0.3302648737419882,0.06062919225727276,1.3000731561256351
,,,,-0.1838582710860919,-0.18954486948366553,-0.21488669957406237,-0.2148707317222728,0.03001324291624045,0.028282798882619243,-0.0017304440336212193,0.08282505242375426
,,,,-0.17686040256811345,-0.1891230427714561,-0.20707959661745962,-0.21486274129513372,0.03662160846832941,0.03671306331019131,9.145484186188788E-5,0.13072363074949914
,,,,-0.1539719163455952,-0.16837510292848254,-0.17578226517782303,-0.19924423376053138,0.04737669230996379,0.04713719321834891,-2.394990916148601E-4,0.1400494877128218
,,,,-0.16634728136068386,-0.17346663038702595,-0.18359146878805974,-0.1914175948748585,0.03997979001980208,0.04368697917243097,0.0037071891526289065,0.15545083200125429
,,,,0.061012336553295896,-0.008591036504301212,0.0820625585419814,0.0038802943154766442,0.39498509941943233,0.17230939817993451,-0.22267570123949784,0.10798385441502474
,,,,0.048193559401977504,-0.06175819544079144,0.07227332051714515,-0.058606095344098184,0.4105472527905913,0.11139471477336778,-0.2991525380172235,-0.18992591098526096
,,,,-0.0164566182030776,-0.09318186876536368,0.003911451241617651,-0.09765883897925433,0.23350448552477088,0.07132598474840196,-0.16217850077636892,-0.050572100581022385
,,,,0.06237475850955722,0.007513550907028837,0.08988497060520746,0.02736306103417326,0.4534086288809331,0.23799344948930734,-0.21541517939162566,0.10554081762096673
,,,,0.04663930785994085,0.004929420324673672,0.0742470640095398,0.027354727914210057,0.3746281211951382,0.1958693025013921,-0.17875881869374607,0.1661167490172352
,,,,0.10258734390496352,0.06187646511611993,0.12113290883350979,0.0820565513443457,0.6076470052220051,0.4172645137736484,-0.19038249144835664,0.3570387766252911
,,,,0.05828096230665263,-0.004407986424993896,0.08205580260050833,0.011729893603003203,0.42648855982212636,0.20679959529604622,-0.21968896452608017,0.04114507020422269
,,,,0.03470094281705148,0.014037081980305934,0.05079311955514408,0.03517070952824501,0.32844501431233347,0.26466504862748624,-0.06377996568484726,0.5646373395387759
,,,,0.012635745093279202,-0.07584580660499525,0.0430006337185866,-0.050756795423308,0.2897214246873004,0.08565795448170455,-0.20406347020559584,-0.08741086360123203
,,,,0.08559373319992378,-0.016180760671016536,0.10549597788740832,-0.011716334245918029,0.5245613439960396,0.14304163123656408,-0.3815197127594755,-0.23227297231002025
,,,,-0.032599711141285306,-0.078481351670595,-0.02735014184867427,-0.08985411544803713,0.21281209730804035,0.147962743105189,-0.0648493542028513,0.28568255354242533
,,,,0.07228055946777015,0.040400917828355226,0.0977292391869185,0.06644495106470182,0.49818982615309043,0.38075333283047236,-0.11743649332261832,0.4245291683479999
,,,,0.03378332505192895,-0.015209077972531106,0.06643338472772095,0.011746275573674093,0.368492045102966,0.22566012534131996,-0.14283191976164616,0.2350777968035818
,,,,-0.025302542676118537,-0.04375095267394313,-0.0039135590359590765,-0.027336685937055506,0.25587710350440446,0.20111442414407674,-0.054762679360327735,0.37913850266885796
,,,,-0.042415053622634404,-0.04910792242843101,-0.05080327430802099,-0.05861171242826633,0.20701398084489966,0.1821326307213098,-0.024881350123589822,0.4070019182674783
,,,,-0.17260662546569844,-0.17576415434834877,-0.19923042838660215,-0.19922299205216495,0.06791005061878747,0.06840865078488657,4.986001660990964E-4,0.1444564903290416
,,,,0.09001262130817037,0.02930752135010084,0.13680455980728212,0.07427113994253208,0.6321888000602797,0.3928430614746537,-0.23934573858562616,-0.06134375613544813
,,,,0.09331273348660281,0.02953206979670814,0.1368010943898983,0.07428149229443241,0.645959443646564,0.39882807868900305,-0.24713136495756113,-0.011808442431289855
,,,,0.10889771353443436,0.04812325132210585,0.12695770113576868,0.0742335273851899,0.6507942021220904,0.38825957557232066,-0.2625346265497698,0.03437938293049192
,,,,0.09135582666078679,0.04317238293921483,0.12114630080551703,0.07425171674062545,0.5797390275442508,0.38602050100353424,-0.19371852654071672,0.16515822416727294
,,,,0.1161173811951702,0.08556876929213691,0.13678074838126741,0.11334036859557452,0.7086047376745331,0.5634608123859841,-0.14514392528854878,0.2294097949507832
,,,,-0.05729141038911478,-0.08645969114545422,-0.04295967082647504,-0.08983605784826416,0.1748960474503829,0.12391741327135025,-0.05097863417903265,0.23888147697799514
,,,,0.017978375620273646,-0.027540594015525492,0.03517323091092582,-0.011707435947392117,0.30167799640047893,0.20768729379118936,-0.0939907026092896,0.43573251962453485
,,,,0.0815510141743471,0.0920558330978287,0.08789034853668802,0.11329983975261428,0.45941076754921795,0.5503350531151168,0.09092428556589882,1.2981392373303946
,,,,0.08481244180488845,0.07776952954116112,0.09767455222621352,0.10550144704735773,0.49944157004629725,0.512059104741644,0.012617534695347073,0.8690335150386795
,,,,0.016046685309519904,0.019772699456181705,0.01759156742594307,0.041032237633520534,0.20022860823092875,0.2562488176856757,0.05602020945474683,1.0328522570051695
,,,,0.003025741798554375,0.046436906517282855,-0.005868348037180706,0.060554609433896116,0.15792113425417645,0.297184594941369,0.13926346068719256,1.4871263313979395
,,,,0.06504280478983215,0.07381042565475825,0.08205287586033808,0.0977083078486362,0.4106189470291375,0.505817276983226,0.09519832995408849,1.6051881068155152
,,,,0.07431251046336002,0.07169031397371471,0.09180567193497789,0.0977053835242683,0.4611648346271082,0.476975207986105,0.015810373358996842,1.0467456443150251
,,,,0.10574437034149411,0.10402675003544351,0.12111509245468217,0.1211251022338654,0.5909433579350014,0.611228195524875,0.020284837589873376,1.014250989824061
,,,,0.08775613918086943,0.10472707084543474,0.10743081285780763,0.12113483380023689,0.5294336159461452,0.6212303463459032,0.09179673039975789,1.3625488689406968
,,,,0.09115977005390484,0.097691169582044,0.10352799293927174,0.11331071282089239,0.5162235811753105,0.5715896141375237,0.05536603296221319,1.1273354376081428
,,,,0.08761025931712159,0.0916643583026949,0.10743300637459625,0.11332752386124358,0.5278356453202336,0.5555851510329562,0.02774950571272261,1.167890849682557
,,,,0.07931031271976964,0.07894992252349294,0.09961949468441118,0.10353427849807743,0.4981362739855069,0.5200415573863827,0.021905283400875643,1.0183115355834975
,,,,0.0706308683560345,0.07002900950660693,0.08399061529156766,0.09962319426843867,0.4393689724898556,0.49057346099496363,0.051204488505108045,1.1719248597796912
,,,,0.0827996545287525,0.09775181587724494,0.09962083916703787,0.12113511452421322,0.5038730900700833,0.5979847918547805,0.09411170178469716,1.4985844491179265
,,,,-0.03164738158274607,-0.07721925634794569,-0.0214745706282732,-0.08203014497826977,0.17158357762629023,0.1171481966671833,-0.05443538095910692,0.25083692024480264
,,,,-0.05485184108689471,-0.10099531347498372,-0.050792024908281906,-0.13671800871743342,0.1748360185712997,0.1659379822041927,-0.008898036367107037,0.40810662254948904
,,,,-0.1359114079676223,-0.1504640923664957,-0.1367323006114761,-0.17578407455594122,0.09625469238990092,0.0676845295520047,-0.02857016283789621,0.12268468840332393
,,,,-0.05903796467536281,-0.07812270757184998,-0.05077446633951689,-0.08986094846352582,0.16023073658862247,0.1438994015356862,-0.016331335052936262,0.46874899380232216
,,,,-0.08816047998805371,-0.0880959028215823,-0.08983746807031522,-0.08983080099852529,0.11715147115715369,0.10646710602297658,-0.010684365134177082,0.3802628962111634
,,,,-0.035909485778852945,-0.05480424056047178,-0.042982007140598175,-0.050771898694806944,0.21093643007082458,0.1838143363832961,-0.027122093687528506,0.4451314192742507
,,,,0.022883395828838422,0.03336811024410642,0.05080717001361377,0.0664245700217447,0.3402731534308431,0.4020821948876359,0.06180904145679274,1.295915810571443
,,,,-0.015627747745583474,-0.0673663460783085,0.005862423313822114,-0.04297686277565872,0.2874934054810598,0.20629879995957495,-0.08119460552148486,0.43699625590475877
,,,,-0.024671129022399377,-0.053199613998949666,-0.02735793213468824,-0.04295945797902639,0.2056083974835715,0.1589752142726533,-0.04663318321091813,0.4961060001697478
,,,,0.0190097900874695,-0.007708995840851783,0.05083910043871661,0.035216930397629215,0.37545930710924325,0.3261359965318485,-0.049323310577394856,0.5456401022152104
,,,,-0.01861814281175076,-0.05981337977911782,-0.011724326691601821,-0.06643434795957111,0.21110061342599867,0.20492941476020246,-0.0061711986657961805,0.5711294665888975
,,,,-0.010219430105139572,-0.006469822218973327,0.00386581377476496,0.03519816372572858,0.21589889367873308,0.3087224034089365,0.09282350973020334,1.3765804356674365
,,,,-0.01824311646104756,-0.0733036888455742,-0.0039673167470195845,-0.08986971708581071,0.16801492610109245,0.1836686304701645,0.015653704369071975,0.6989143094113407
,,,,0.002959078712647257,-0.06433374351621302,0.027373645025109385,-0.0507689606934124,0.2340227271854655,0.11570736818222434,-0.1183153590032412,0.2437274801131105
,,,,-0.010031294722829317,-0.0594125280003588,0.0038958485657900398,-0.05079047531165035,0.19826575696164794,0.1255525772627598,-0.07271317969888817,0.3295151468813736
,,,,-0.036951541789575874,-0.026733572053676807,-0.03516079246016887,0.00390881238197781,0.15453037054321933,0.23247437485951344,0.07794400431629413,1.2521507021681522
,,,,-0.006376168268829649,-0.021101497349465256,0.011736064064114683,0.003869062088530301,0.3033634561382036,0.30845611497881914,0.0050926588406156265,0.8089713187670793
,,,,0.005302942441373133,-0.0017206801690487943,0.04103465038614231,0.05864401641045288,0.34985889291556643,0.39950836022085023,0.049649467305283704,1.1258570788304034
,,,,-0.00938389361734338,-0.014906186573624193,0.011728504621001347,0.019551083921598413,0.25916065530259297,0.26426691139492603,0.005106256092333024,0.7717596398853054
,,,,-0.07253242999381979,-0.10640525100056444,-0.07420548877042431,-0.12110959650540683,0.14518482461866686,0.1324839086852314,-0.012700915933435452,0.5469922374995982
,,,,-0.07178204561814092,-0.08902473109003495,-0.06638249368513213,-0.09766971773174368,0.10375396063773303,0.1465499503403542,0.04279598970262118,0.9051081732847402
,,,,-0.08095382737647192,-0.11043583144352007,-0.09179207699621562,-0.13676141748905532,0.09176760194390925,0.10063567251284566,0.008868070568936386,0.4931786253176698
,,,,-0.04592972864770631,-0.12340927106526103,-0.042961997725206764,-0.14453958188305985,0.11367803151403202,0.06563520830077682,-0.04804282321325522,0.1674394918598678
,,,,-0.051993700770790185,-0.05848889719396993,-0.03515167895434305,-0.05078433933407046,0.12657959925050333,0.1354964898351571,0.008916890584653772,0.6466146169616404
,,,,-0.04402766360868523,-0.09332901408147751,-0.03517532632360204,-0.11330985106906125,0.16304321403046218,0.11071653133575406,-0.05232668269470808,0.31693122506225463
,,,,-0.04561371666010136,-0.13742902384086103,-0.04296731070824588,-0.15233858649958773,0.09244011612650935,0.04223384145191175,-0.0502062746745976,0.11277895770666674
,,,,-0.07256661250547883,-0.10236843315658342,-0.0820574993316682,-0.12113151574076254,0.08823479475185951,0.09616904763444993,0.007934252882590441,0.49942833081193744
,,,,-0.0742668589933597,-0.16001131701555385,-0.07421524947122517,-0.17580990384896997,0.06060940907166488,0.03439524827866775,-0.026214160792997127,0.12170300243771742
,,,,-0.02193164860481226,-0.06309309255588649,-0.011727436319024384,-0.07422662346682293,0.21307743407924684,0.1761363519047103,-0.036941082174536614,0.5876264904514168
,,,,-0.01677388852557992,-0.054269977807877394,-0.003918939468019409,-0.05663446830465897,0.19458149745071787,0.19733244875875267,0.002750951308034762,0.8168119514351444
,,,,-0.08406861983247352,-0.14662596944408024,-0.08984189194393812,-0.17581563439730707,0.06940187818335448,0.06213020481637942,-0.007271673366975048,0.2843271985067145
,,,,-0.09387356166419078,-0.1293561967356029,-0.08983198324480235,-0.13671884238702234,0.1502067926593084,0.08492187713901173,-0.06528491552029667,0.2094819161317181
,,,,0.10338105747403371,0.010799717414820255,0.13480260770203456,0.04295127169290513,0.6459785383915707,0.4076201138137318,-0.23835842457783896,0.022313370271297553
,,,,0.0770256943060536,-0.039964687096012946,0.09959508701149086,-0.058605373412560766,0.5019679425754887,0.26874430537125593,-0.23322363720423303,0.020258426245910927
,,,,0.045820965058601594,0.013827132637486406,0.06642194759980481,0.04299728484924666,0.3636974887102353,0.3512907034172634,-0.012406785292971767,0.919444306697297
,,,,0.05444305315183084,0.03181412828995419,0.07423506313480548,0.06641886176243883,0.41103622811927104,0.40362757927889004,-0.0074086488403809925,1.1177719908015205
,,,,0.09341380818512833,0.02286706380809928,0.11915963148306154,0.0664425352541164,0.5695691245907206,0.4138195212473111,-0.15574960334340962,0.4735862432031798
,,,,0.08043457114094309,0.022838308073049672,0.09767948036879967,0.06642849039982843,0.49997208745909355,0.40124968540847195,-0.09872240205062169,0.7594322997144569
,,,,0.10365221860940262,-0.023420257656118205,0.12696870520638667,-0.011719002596407183,0.6176791661930956,0.3204742092860459,-0.2972049569070496,-0.0419558923442159
,,,,0.13221267698171968,0.04936412907498011,0.1543059111879147,0.089864728610626,0.742853373450856,0.47413111967285676,-0.2687222537779994,4.3382718666697904E-4
,,,,0.10889640329922838,0.06047266374051258,0.12695423764703068,0.10552803555581466,0.6523177899801218,0.517101374408439,-0.1352164155716828,0.48061092688663204
,,,,0.13695235378673243,0.019756659279387398,0.1523827219599052,0.06643029182634518,0.7676592373859009,0.42004543885315443,-0.34761379853274654,-0.08901707796734142
,,,,0.11239986691671566,0.03976379826910406,0.1386700289686112,0.08206632591449825,0.6479925968452275,0.455778787755982,-0.19221380908924546,0.262377562436859
,,,,0.10976713008371088,0.043402041566295645,0.13676834104334576,0.08207215244774431,0.654414781411701,0.46022725939267434,-0.19418752201902678,0.35979649957174203
,,,,0.13087243067538923,0.049460199660264575,0.14456730434651538,0.09770726375397512,0.7401004534971997,0.48706747451897997,-0.2530329789782195,0.12049388488396605
,,,,0.13421164838252467,0.05830450073741159,0.15236166017492853,0.09769753960278002,0.7704501779891876,0.49483230192626615,-0.27561787606292143,0.08890086979234425
,,,,0.08984126577517443,0.06165355357182176,0.09960288259378465,0.08398440932060554,0.5010791735151375,0.4300992617750005,-0.07097991174013708,0.6770722025953122
,,,,0.015385695923094198,0.014584431399699147,0.025385142761710357,0.027348295153029525,0.1668111588986942,0.19222448044345036,0.02541332154475618,0.6728230214036008
,,,,0.009146946556088375,0.011061963089598208,0.017560658462058298,0.017594842177882215,0.13903226887168418,0.17732111956630986,0.0382888506946257,0.6765374534396713
,,,,-0.009429581867272906,-0.020489032032161097,0.03517635428151386,0.019508585518476312,0.21878946054380105,0.2231591810109402,0.004369720467139155,0.5579537757411898
,,,,0.010607091787044382,0.009364009612735404,0.021497712590090312,0.017587139946061116,0.16732855746041023,0.17362049280000574,0.006291935339595521,0.49347544264914356
,,,,0.005837344047338514,0.008831921962552029,0.017572048592849995,0.01755641101714578,0.11917258265741794,0.14964228303919247,0.030469700381774524,0.6278609142889539
,,,,-0.0013889682000305002,-0.004064727695377269,0.03318516268179035,0.027341001978680474,0.1592340678431545,0.17234925325239073,0.013115185409236244,0.6011917002240177
,,,,0.0200405481398788,0.019716208304880644,0.041021390445947416,0.03712674470758904,0.17908769454891746,0.18960525288381158,0.010517558334894128,0.6626088803806998
,,,,0.008795517033592576,0.002471518665547258,0.029327508873579457,0.019601865265574905,0.15689715608665897,0.1735424603438982,0.016645304257239243,0.5953052133911931
,,,,0.040218240257444866,0.03705082037186953,0.05665850553979847,0.04883622898952752,0.2610341205075696,0.2718297872340425,0.010795666726472933,0.6741669966447803
,,,,-0.10422486342477721,-0.10755314280788045,-0.019494203387884334,-0.019456068628974175,0.09955123691048344,0.1280189716784725,0.02846773476798906,0.5413616346531809
,,,,0.053432686528053934,0.04932747966763328,0.06838043972261892,0.06446670764627842,0.3045806564786488,0.29549331994693756,-0.00908733653171122,0.7093299981720128
,,,,0.034269359277329145,0.03169113720186371,0.07228740886043852,0.06640518585445807,0.3416613656776961,0.33158026024766446,-0.010081105430031692,0.7178856050454834
,,,,0.06985423248100987,0.061542058509333315,0.09181122008601939,0.08397006243823564,0.4463400228129045,0.40273015432405807,-0.04360986848884653,0.6993443487511115
,,,,0.0812164344919377,0.07173275981068475,0.09176863863977137,0.08402260225376766,0.44955465989948756,0.38832947438963594,-0.061225185509851704,0.6616551572719936
,,,,0.018098152090778533,0.009534146939602778,0.03711236894995849,0.029329533206579498,0.13761995570607877,0.1644153133743805,0.02679535766830176,0.6909960349270932
,,,,0.07097426778734459,0.0414355679299674,0.08399988549400816,0.07424152659294504,0.41569466816684253,0.38524067083940405,-0.03045399732743841,1.08318962182407
,,,,0.04720080157660311,0.037186822560859256,0.05859500728300113,0.05079155696590964,0.296752143629605,0.2658021363686228,-0.03095000726098213,0.7689276173216169
,,,,0.10077982175254735,0.07089415550858055,0.1308693853986964,0.10549728286503082,0.6299986902716656,0.5089309395583029,-0.12106775071336254,0.39344060250773955
,,,,0.09172284371865647,0.06557424197326975,0.10351844214281397,0.0742386575884333,0.5142523305373694,0.3900400114290415,-0.12421231910832795,0.45202265714322787
,,,,0.04090079283297709,0.009644349990092557,0.0820545602599268,0.05079774677602626,0.3948320929180627,0.29708209078760556,-0.09775000213045712,0.6112490134483485
,,,,0.11427218390333303,0.05578348700718566,0.126958909104234,0.08205363060603645,0.6627078924801209,0.4159825630151371,-0.2467253294649838,0.13947853084052003
,,,,0.07501742383754507,0.058385565852115996,0.09180322250033457,0.08205864605322466,0.44691033740370495,0.4201861680631499,-0.02672416934055507,1.0933694819088462
,,,,0.09530834118037636,0.0657833322643388,0.10742810391313563,0.10550426686708571,0.5482149897669394,0.5088357701769749,-0.03937921958996442,1.209181145654669
,,,,0.10955627391305063,0.06448229904593071,0.1289216983143767,0.08206029316645884,0.6354397251046503,0.43695329430768387,-0.19848643079696657,0.34251719642455186
,,,,0.11630736842852397,0.08719833085270058,0.1367567508545592,0.11330643943736134,0.6734736121599423,0.5496249818036116,-0.12384863035633067,0.6189729822971802
,,,,0.13359389770283087,0.10340358821390405,0.15429977075280263,0.12894170469028918,0.7580002388287974,0.6268537053685581,-0.1311465334602393,0.47849061702013684
,,,,0.13539495284314665,0.08038596307113433,0.1543139724176638,0.10550704585342538,0.7703723875057411,0.5267745980092364,-0.24359778949650446,0.04599464928271355
,,,,0.1374572519286898,0.11903575617618599,0.15040420603909552,0.1445721787919078,0.7929702986239507,0.7146176003445726,-0.07835269827937813,0.5994309697215326
,,,,0.1476231456878332,0.1343215207438287,0.1621182637604177,0.160221174867354,0.8308832795347513,0.7598493003032467,-0.07103397923150441,0.5033996543940383
,,,,0.10578761741139495,0.042706569325948116,0.12304877347022693,0.08990053168405367,0.6149990703326093,0.4737800937821775,-0.14121897655043184,0.6015108988714224
,,,,0.12794553229826397,0.06401329726213459,0.15430821438140457,0.10548525452757836,0.728749464943036,0.505642002102204,-0.22310746284083194,0.12848504024081278
,,,,0.12265177553295026,0.08263123601891646,0.13868095842251094,0.11330675102594634,0.7078737806423482,0.5429289387623801,-0.164944841879968,0.43430365997016973
,,,,0.13704022540029157,0.09133960935851516,0.16603396715534405,0.12893875323465584,0.7510616547777527,0.5808782704886234,-0.17018338428912919,0.3873422564211433
,,,,0.1528078860380919,0.09895508812311453,0.17775035721187146,0.13674924666972965,0.8053966057698692,0.6123525504696428,-0.1930440553002262,0.19332380624590687
,,,,0.13076617894078266,0.09027802034429765,0.15240165762606506,0.12111992066434907,0.7281921607701005,0.588237729560361,-0.13995443120973947,0.4331050713326802
,,,,0.17035793018356277,0.12378929436297376,0.18556029566813673,0.16025127214899043,0.8988979476229456,0.720415177842243,-0.17848276978070257,0.06889544565127464
,,,,0.13444453085839675,0.0634755797077808,0.15822187609101168,0.11332913006583598,0.7404337871202137,0.5409343161545417,-0.1994994709656721,0.29102411761958646
,,,,0.12659971102129755,0.08784967622169532,0.14649041835693236,0.1211471155352995,0.690691236625434,0.5855144870690215,-0.10517674955641236,0.7585522514653953
,,,,0.12988602926372708,0.08040188339341635,0.16020086901051164,0.1289308923367927,0.7044299287909208,0.5952522093548995,-0.10917771943602118,0.8666144515814785
,,,,0.14578871146246755,0.09292740061914673,0.17384295336017885,0.1289267631353864,0.7880725097580044,0.5971874198590092,-0.19088508989899516,0.16675396333546688
,,,,0.1447507402000165,0.10035354925372802,0.1758543861567601,0.13672947542824412,0.7925570443307874,0.6207547434279471,-0.17180230090284032,0.2419758244192575
,,,,0.10715180315591918,0.07140233737265751,0.12893734747742477,0.10551408729268623,0.6257568837478912,0.5183581231485882,-0.10739876059930296,0.8039417303234562
,,,,0.12967204009544675,0.06866447627059219,0.160209979482678,0.1211186217880045,0.754240763577715,0.5566499336394385,-0.19759082993827637,0.17146042384811616
,,,,0.10389052843833571,0.0599472253328998,0.14457175154306176,0.11332692308584627,0.649146190747578,0.5433351386394444,-0.1058110521081337,0.41650127577883816
,,,,0.11185386288280616,0.05064653199328985,0.15241021253790119,0.09770143368330671,0.6787839553806646,0.4894417265921636,-0.18934222878850088,0.3578279141850525
,,,,0.0947966192649551,0.05189494578965469,0.12894758335356787,0.09769595253437016,0.6001332166719172,0.4881844665426832,-0.11194875012923401,0.6586047887830179
,,,,0.11166131417330706,0.0626031612142503,0.17583246077531212,0.12896308006734472,0.677709806490968,0.5545434857211531,-0.12316632076981494,0.18992127335444298
,,,,0.1154057293921962,0.06870015825925106,0.16213012159779805,0.11332201178664472,0.7100308794502938,0.5358434246563123,-0.17418745479398148,0.38435021589535573
,,,,0.026113635064194087,-0.020430067865608144,0.06642829176754843,0.035189608426088606,0.432738520283752,0.41072424323627027,-0.022014277047481733,0.6598047463514827
,,,,0.08926549959805977,0.06180856222447887,0.12697290057511035,0.12897733410380127,0.6156527265312011,0.5839322775342297,-0.031720448996971386,0.9835329716287368
,,,,0.04528521766726926,-2.035065109728027E-4,0.10353450617660352,0.07424988719313746,0.5101172999725068,0.4611151572504608,-0.04900214272204603,0.6468782955524608
,,,,-0.024735227901253765,-0.06324172352682857,-0.011709540194332789,-0.027314905579089475,0.3097495739748819,0.3255936264793728,0.015844052504490815,0.8695677782279069
,,,,-0.011352742981267653,-0.09613409974904413,-0.003931639335528799,-0.09763064082391866,0.28335514105368315,0.23760422736727085,-0.045750913686412306,0.4558421578731696
,,,,-0.04641168393782513,-0.1306234885545153,-0.05078682889670466,-0.1836038143371961,0.2176601515632183,0.19830185105510442,-0.01935830050811384,0.6074580299192811
,,,,-0.0991126554970725,-0.1652539397686058,-0.12891586966146193,-0.21488046381375084,0.15169287609643065,0.11678321692035155,-0.034909659176079105,0.3045821146383291
,,,,-0.06433980931752373,-0.15071207789001811,-0.0664195120376539,-0.1992246114927858,0.20262432290637455,0.16669186215114135,-0.03593246075523323,0.4913535638138303
,,,,6.935151731955395E-4,-0.06392450845123644,0.04299753155061489,-0.027324599163236034,0.374709798710312,0.30697815096056463,-0.06773164774974745,0.427392739078363
,,,,0.11186394041465927,0.10709009252578136,0.15040532262187428,0.16028927093747705,0.7072687146376209,0.696266886114864,-0.011001828522756923,0.7495888842749009
,,,,0.15010826355551518,0.12003321888427491,0.1621271577538061,0.16024140427606967,0.8430132010829778,0.731501632420476,-0.11151156866250192,0.4969664125848551
,,,,0.15914146551356972,0.11055633454070325,0.17585331186555153,0.14459354381637818,0.8540519011678825,0.672109638695118,-0.18194226247276463,0.13212924139297166
,,,,0.15980114128980166,0.044438731171998286,0.18556860431908662,0.1133226363829814,0.8635165738000492,0.5324790907487904,-0.3310374830512589,-0.15487175642315054
,,,,0.09091942812036125,0.09400064657633901,0.15041215184772946,0.1445808016487897,0.6730693905961408,0.6376013209842329,-0.03546806961190775,0.6980207472172119
,,,,0.13544107843899972,0.088831770329169,0.17585156126548251,0.14457361477501707,0.7873737612267282,0.6081702679052368,-0.17920349332149133,0.14799417120211994
,,,,0.16565415891645655,0.10083631615420495,0.18365736929700494,0.1446157493779824,0.8815226431724567,0.6418075583377926,-0.23971508483466422,-0.045685193016784774
,,,,0.14396714152885157,0.11367224706794267,0.1777433689192314,0.16025924994882515,0.7918581722190452,0.7127335677490099,-0.07912460447003518,0.403368283750403
,,,,-0.07413522517860319,-0.13674947574040697,-0.08984311551592926,-0.17578526097129063,0.21585163671769234,0.1624674275914317,-0.05338420912626063,0.3596501959880755
,,,,0.07723152161366245,0.03279308449736665,0.13677621291059816,0.06642048411161496,0.5796734666184448,0.4375461050442563,-0.1421273615741884,0.3962276873163129
,,,,0.005155306487083555,-0.01589051987018034,0.050793817896493475,0.003708086206668726,0.41430318972166813,0.3249226039424032,-0.08938058577926503,0.342425835366219
,,,,0.0602367408186156,0.0459338351450813,0.11332787783997227,0.08202417459440069,0.536865781116933,0.46505703508444124,-0.07180874603249171,0.618417524769745
,,,,-0.04100402908828939,-0.06997261762696287,-0.019499922312753597,-0.08204442843091425,0.3190222130689112,0.2898644578253213,-0.029157755243589937,0.6236719719227927
,,,,-0.10816346494922424,-0.1540697149732496,-0.14454071761036338,-0.22268276971436046,0.17521956416118778,0.14315043101722047,-0.03206913314396735,0.4039262788465184
,,,,-0.14384815771931808,-0.20965625595212217,-0.1914640353655399,-0.2774118780573675,0.11460110425500977,0.08408050738057957,-0.030520596874430202,0.2101078539972817
,,,,0.033448261365010216,-0.015197654235910634,0.08989866575184674,0.03519809993888563,0.48233164175791204,0.41521310493007985,-0.06711853682783218,0.44067130159044887
,,,,-0.14237806532527586,-0.20248474657548923,-0.1679893282647725,-0.2539629819180961,0.043702164687808964,0.05612677131081675,0.012424606623007777,0.26672150285198976
,,,,0.004065380985599027,4.909021439893406E-4,0.02736087841408926,0.027381696511313353,0.2822743598852898,0.321947511625905,0.03967315174061528,1.1829649515567007
,,,,-0.06373467353945321,-0.09840312547968955,-0.06645090156083497,-0.12112404578652851,0.11780679306533948,0.13857054597333301,0.020763752907993527,0.6874963574576842
,,,,0.019433707996482148,-0.006951843526897545,0.042999642570551534,0.011727767732648626,0.34271300783006253,0.3148732212168703,-0.027839786613192214,0.8505080156752407
,,,,-0.08792519730685054,-0.08272763915269124,-0.08986236514655065,-0.09764009423272299,0.11983755112577342,0.15425915424624767,0.0344216031204742,0.7249341782899978
,,,,0.009872687339575161,-0.003216070670051076,0.03516358484601959,0.027380804078152608,0.2843086017601282,0.29813961980651243,0.013831018046384315,1.168747497575219
,,,,-0.00693339597843679,-0.0014896081020621204,0.027365593782800207,0.027383910706414934,0.22065600153623416,0.23555994817011056,0.014903946633876373,0.9165328148289352
,,,,-0.08499525418330545,-0.12504291745769763,-0.08987842832118649,-0.15237531619071015,0.07632176477419511,0.08253398962161564,0.006212224847420528,0.4379645450976964
,,,,0.027701844069869173,-0.0011782761907579212,0.04881837183595038,0.005871231300865692,0.3519597220064865,0.2550955045584192,-0.09686421744806722,0.7294452994477085
,,,,-0.03448251145584329,-0.05232621315890644,-0.019521471319320933,-0.05079034548618105,0.22808228493985017,0.1676553031989133,-0.060426981740936817,0.43188889393841645
,,,,-0.03290613395819039,-0.081911334124303,-0.01950188716720886,-0.08203228542969433,0.2602064910131676,0.13426688968069117,-0.12593960133247645,0.16152858847679405
,,,,-0.040199067286591006,-0.04153534464714399,-0.03514182936091764,-0.04297570076288961,0.19223141581136113,0.1736166450971287,-0.018614770714232433,0.750030541108484
,,,,0.010430594859027965,-0.05573418562723726,0.019523264924990562,-0.05861317419930903,0.29458347866078194,0.19998735594905084,-0.09459612271173112,0.551931853731609
,,,,-0.04910551871647128,-0.13967526069499486,-0.05859975035373357,-0.16798537815099893,0.15516465696953874,0.08365310597890445,-0.07151155099063429,0.251051128912163
,,,,0.011055867549334467,-0.01271905000162878,0.0254032569165148,0.0038789678147719995,0.28812969606456224,0.23303272703135045,-0.055096969033211714,0.7562920455037547
,,,,0.03380873592429399,0.010557814650897232,0.0488302989190631,0.025397884144884315,0.3356703153590406,0.2697242016638327,-0.06594611369520788,0.7848965790437432
,,,,-0.07799397897556962,-0.1257257970633423,-0.08203402822948008,-0.13672785841139753,0.12298260895045814,0.06689561776720417,-0.05608699118325394,0.2141160703464442
,,,,-0.15326708112998,-0.18412327668111686,-0.17578773794202668,-0.2070534205517219,0.05109481782657642,0.027507797377166625,-0.02358702044940978,0.0876288692278058
,,,,-0.02399854071136685,-0.06610123829570141,-0.02148761230577392,-0.06641523112590089,0.16364324429014876,0.07847653053698361,-0.08516671375316516,0.23918672798146168
,,,,-0.029643295838217187,-0.052213174920310405,-0.025394941557332868,-0.0424688575055394,0.17478425499138606,0.10307101798735992,-0.07171323700402614,0.3646948089160085
,,,,-0.1197005268585471,-0.14728468135130954,-0.1464845206953191,-0.17383704404545974,0.08367383189509625,0.04634013214882769,-0.03733369974626854,0.19972439946472448
,,,,-0.13945313091224668,-0.18415092313702347,-0.17579379118201977,-0.21489078559896507,0.07788218870526999,0.03466987694155474,-0.04321231176371526,0.08608587253860654
,,,,-0.08654209388546856,-0.11018139490513508,-0.09180014461930386,-0.10544021163050613,0.09570897693419886,0.06213981505210807,-0.0335691618820908,0.3156944283248503
,,,,-0.06485576892830239,-0.08533118958244974,-0.06641988431412643,-0.08985860137151218,0.12366253382571676,0.05818236491003758,-0.06548016891567918,0.20393123343714353
,,,,-0.030859846194193814,-0.03869551484703494,-0.027350516391315215,-0.035127467534328646,0.24225159602974175,0.18116175234574214,-0.06108984368399962,0.7033563674666731
,,,,-0.018590216577035724,-0.07039571888667964,-0.00391668798042025,-0.07422649895042513,0.20811225114643928,0.09062017311444237,-0.11749207803199693,0.251616808594388
,,,,-0.028298300257639217,-0.039363681452824005,-0.011736565323058602,-0.027575075083943672,0.2311036613162448,0.1814371997102776,-0.04966646160596718,0.5798253814721944
,,,,0.04650641038538372,0.009679322197987214,0.06836422511360833,0.02539301585517164,0.40605435147829844,0.27385337856794684,-0.13220097291035166,0.5925850382804962
,,,,-0.04660814941423333,-0.08066450723081556,-0.06445615197398714,-0.10352690763077764,0.12250462151137044,0.08873197067764077,-0.03377265083372966,0.261082041871367
,,,,0.03738204700169904,0.06523646043695155,0.050777049415060595,0.07421216066518099,0.29199297824772175,0.38463674280207794,0.09264376455435616,1.2478662087067736
,,,,-0.0038799027102570456,0.025149896550062986,0.0038954608286580605,0.035185029304999865,0.055160838518950574,0.14680335259819022,0.09164251407923962,1.0143913073632684
,,,,0.02784265415383765,0.033786752511355725,0.0429853973323686,0.04299218418662689,0.2448663385648072,0.2937911421716249,0.04892480360681769,0.9886052181692883
,,,,0.04205723520327452,0.0597561030158394,0.06642466676201199,0.09771820850785637,0.32749211224515945,0.4805707482034193,0.1530786359582598,2.1889733827361106
,,,,0.009452126897411388,0.05574260650716582,0.027355174943220713,0.07425102824771716,0.2360721472356302,0.3961260951718671,0.16005394793623676,1.9134626598987705
,,,,0.013012134267470228,0.02845203442648675,0.027364817682377755,0.043015514155096676,0.23124877597989524,0.2735173560967655,0.04226858011687011,0.8886012397574858
,,,,0.015432734553770108,0.017012776074468577,0.03519960863554094,0.035180844787907756,0.1623729152829456,0.14848147885810808,-0.013891436424837464,0.4807317909220665
,,,,0.07943263583064537,0.08716597069075556,0.09961963544016761,0.10550768061981702,0.496427920278082,0.5171169438810047,0.020689023602922806,0.9528621837818391
,,,,0.08373728785960498,0.09940521657626362,0.09961337801918689,0.11330114330188756,0.4976046317987168,0.5708951844680683,0.07329055266935151,1.2786321239327492
,,,,0.053837509015134906,0.037756407825051755,0.07424587990603677,0.05862811548741423,0.3924664988572791,0.3058647245495314,-0.08660177430774764,0.5720417478558385
,,,,-0.002066469518027909,0.012951733635454014,0.019554705290083945,0.043024402491096965,0.2384155524131178,0.27501933266587836,0.036603780252760496,0.9509028156278934
,,,,0.05960638891828191,0.0727891529091127,0.06641944462846353,0.08202157434754546,0.3852376608797752,0.4287774549316423,0.04353979405186701,0.9584012033149827
,,,,0.0514624543768491,0.05417760798742131,0.07422961537657782,0.08986340394975986,0.40361651621028277,0.4561739162491881,0.05255740003890532,1.0914669216262651
,,,,-0.005793742970558034,-0.010134676727449953,0.0175864139335798,0.02739604265816169,0.26988528054103483,0.28828743357863296,0.01840215303759812,0.8403859312513261
,,,,0.03340909211430413,0.020427282602748627,0.058613511785527934,0.058634962795732416,0.3466804664633331,0.356741886887381,0.010061420424047882,1.0394821125062723
,,,,0.018164294097949313,0.03956705192115695,0.03320293774735839,0.0586380212134916,0.231728320702622,0.3122634774171299,0.0805351567145079,1.4586503423085961
,,,,0.004510698898582692,0.0010350185780960714,0.019522962878756992,0.01956859863213274,0.24855383335701436,0.2099164795376454,-0.038637353819369,0.669240472534996
,,,,0.04992065665953329,0.06554343165438847,0.06643881165790944,0.08207575398261201,0.3332306743163865,0.4122295872907675,0.07899891297438084,1.5669803707427234
,,,,0.03075651452304743,0.027180391948743738,0.06054795772599231,0.0664662432316739,0.3291247694827002,0.34236931002816684,0.013244540545466588,1.2950647829378794
,,,,-0.05103740424220581,-0.08518790144823057,-0.027355519850687477,-0.0898590915935032,0.2564278969983387,0.17669161230496472,-0.079736284693374,0.29703089430533053
,,,,-0.04750006544525758,-0.057897599758060816,-0.003933929631685654,-0.050775870083860496,0.2520796958038325,0.2267107559172005,-0.025368939886631907,0.6246934778131367
,,,,-0.027801774055865782,-0.030789821207114623,0.0038675602246216845,0.003891796141518538,0.2769484994993628,0.2692505036957636,-0.007697995803599297,0.7198694888403318
,,,,-0.031368184592449846,-0.05183911873459448,-0.033223137683996685,-0.04296205392969339,0.23027498169170657,0.1929309015657783,-0.03734408012592828,0.45571056353421685
,,,,0.043781390774495665,0.0516201066262804,0.06053569405776783,0.07426454065137408,0.35604929311397027,0.4094746177700464,0.05342532465607612,1.2458153672146655
,,,,0.06965548403582435,0.07550964928659687,0.08789505404250422,0.10549386231603727,0.4495547108692255,0.5191384065706934,0.06958369570146816,1.3065949634843677
,,,,0.06448575888379182,0.05765951355672234,0.09769464482781805,0.09770711357071193,0.4898525765497111,0.47127311590823634,-0.018579460641474765,0.9980549473530501
,,,,-0.02855901001741553,-0.019939474722538354,-0.01953091902287195,-0.011719558615336858,0.1766148401080271,0.1928533635912544,0.0162385234832273,0.651983723929025
,,,,0.0014041248578537367,0.004874039335229212,0.011727231449770573,0.011726766182013751,0.2423992034031139,0.2565020606976167,0.014102857294502814,0.7181785763383048
,,,,0.03378909720496622,0.025434535192694417,0.05862869803783009,0.05081217136218835,0.3256629400942375,0.30338828050796646,-0.022274659586271072,0.7367628782210862
,,,,-0.0031233081525446614,0.01765886440349216,0.001928527061315806,0.03516792079826236,0.1918020817513534,0.2841627301308114,0.0923606483794579,1.3330095277047265
,,,,-0.07512819045093166,-0.07312870961738566,-0.0820160282213356,-0.07422316292213355,0.11695595853112414,0.13027480300970565,0.013318844478581535,0.5321564628135869
,,,,0.025795839820981496,0.023607276119728193,0.03515172438443527,0.03515905717760724,0.27637752823949596,0.2544376774324706,-0.021939850807025475,0.43081095502922534
,,,,0.03377850296813848,0.017139744683018498,0.058605439051354916,0.04298932200401782,0.35275441016787223,0.3081015127771863,-0.04465289739068593,0.6309424552773456
,,,,-0.0021517768104241733,0.004563171651942769,0.01172643928716231,0.01953714402280704,0.18785300174345174,0.25488100451753387,0.06702800277408218,1.1000867267320078
,,,,0.033972762818329054,0.013954179364628897,0.052746717170621106,0.03517859276747362,0.3466300546339507,0.27255464654832945,-0.07407540808562128,0.4032578247916158
,,,,-0.07613222778392606,-0.08171885489730148,-0.06639852849403499,-0.0820277932379348,0.12453893280494226,0.15409179573796447,0.02955286293302221,0.6526593043818263
,,,,0.014616916583960627,0.0076072378068799745,0.03517866776575905,0.04301412045637295,0.3248789328631303,0.3278037029142318,0.002924770051101462,0.6793810684847614
,,,,-0.008324416206607194,-0.0024901672105250307,0.0038811504775632037,0.01954215964031919,0.24078031944875633,0.26101536715006557,0.02023504770130925,0.8399191236079359
,,,,-0.031444582598111705,-0.02834926112150399,-0.011735322907267207,0.0039023326319066617,0.21343974903875418,0.22814655998147415,0.014706810942719936,0.723970343018574
,,,,0.05970904586065901,0.04264323186805686,0.0800911330643412,0.0664350126257959,0.4067620697061603,0.2941280572671783,-0.11263401243898202,0.668817763828293
,,,,0.08198113724265566,0.041968401132759646,0.10552763351911035,0.07426882346015629,0.543038521779993,0.3765826500188263,-0.16645587176116677,0.4474182525136693
,,,,0.060092149212777744,0.04326865850688816,0.08988431688990797,0.07426457894343219,0.45705759817745645,0.39378912202170385,-0.06326847615575243,0.7117152495114935
,,,,-0.02976937410422259,-0.05362626869087754,-0.03517400381956934,-0.050769239196486314,0.18288849378935446,0.15322356715531735,-0.029664926634037126,0.7365473893023432
,,,,0.07312394890199296,0.061054071510120246,0.10550500471729161,0.09767382500114115,0.5137830517038733,0.4976644980546523,-0.01611855364922093,0.8191075667010739
,,,,0.035042944762779846,0.025247117627230854,0.06644261609569614,0.06642893305348013,0.3854260235117977,0.3915895164611391,0.006163492949341465,0.8645975974933618
,,,,0.05408180110224926,0.07377886463063027,0.06836085003018057,0.09770772842080976,0.4038646642821742,0.5045906706640311,0.10072600638185675,1.683693867204552
,,,,-0.004396556834566563,-0.031157469608128287,0.003883484424131202,-0.011688310755340133,0.2643064903326624,0.23729739071126793,-0.027009099621394483,0.9308909993718627
,,,,0.07084877049961848,0.05728031965873078,0.09768436644911418,0.08986219933277906,0.48663530006497907,0.47890621979245945,-0.007729080272519751,1.0773254269021053
,,,,-0.025049213736710176,-0.06115535622273678,0.0038309904772576473,-0.09768457577390838,0.28653619406121733,0.28194432201238956,-0.004591872048827829,0.8655151699254899
,,,,0.021725608585982492,0.012138423114008909,0.035172978410025625,0.05084076240959638,0.2900064799464102,0.39994003813094514,0.10993355818453505,1.8553263636594672
,,,,0.02948162675249091,-0.011983701516276191,0.04301242019095771,-0.027342967066551028,0.33579328795726004,0.2819373604176034,-0.05385592753965662,0.5494734699188274
,,,,0.05380189340765117,0.04356351476100906,0.07423811354867646,0.08989250846913933,0.41859737462879437,0.4672199908254367,0.048622616196642404,1.1611592339579966
,,,,0.0711911618289306,0.07201610385545787,0.09180669097854546,0.09768984734622654,0.46157627547215224,0.4873767964446639,0.025800520972512016,0.9630646509978368
,,,,0.04631928162614396,0.014655526783637789,0.07423423854011418,0.05079512592980804,0.42777826552975035,0.36353367899109973,-0.06424458653865063,0.514651434376053
,,,,0.051885186717618895,0.026530746879403093,0.07423427278017325,0.058620418366392354,0.41607794392171504,0.3807955494677824,-0.03528239445393268,0.8386251169677945
,,,,0.05554794296436347,-0.0036051260005883832,0.0898775465652531,0.011726704503752673,0.46637529712084935,0.3152793882923874,-0.15109590882846197,0.32808908985208146
,,,,-0.006418139674245203,-0.02113086021569404,0.003860911077299238,-0.01952836733414392,0.23095822577559322,0.21724554575341418,-0.013712680022179064,0.5904090852837678
,,,,0.023613245831324445,0.016691968765601556,0.033220043740296926,0.027340909750111102,0.3304425165477537,0.33017214434822706,-2.7037219952658016E-4,0.7463551253499656
,,,,0.013723293093229718,0.024020692488780887,0.01954429815266119,0.042993307688378515,0.3013231967973622,0.3589245900677205,0.05760139327035825,1.0033244133682973
,,,,9.055602841005156E-4,0.009515904259393916,0.003868361828187871,0.03517485264586582,0.26483412286314584,0.3325123226767597,0.06767819981361382,1.1453606917212222
,,,,-0.026387618104892496,-0.027115631582910794,-0.011700013958275326,-0.003908266316518199,0.24753215431538714,0.2654446740999927,0.01791251978460546,0.7636898576637018
,,,,-0.05323867308421906,-0.09146951804567774,-0.06643836148605718,-0.12112801778064634,0.16732350418052053,0.14052149616989323,-0.026802008010627314,0.2899616431604728
,,,,-0.06697201690507695,-0.08018939829791402,-0.08009932880413569,-0.0976569891758641,0.09259732694407034,0.10895197675141699,0.01635464980734664,0.5297890282097157
,,,,-0.05167047390305877,-0.07306873094889402,-0.050773638097118094,-0.06637947258714821,0.125263681805907,0.1386164614730179,0.01335277966711094,0.6899757867152021
,,,,-0.07422727679616715,-0.0665206333276155,-0.08204636752486545,-0.0742438743643212,0.09714242124745774,0.12103109939257502,0.023888678145117283,0.580612277900187
,,,,-0.025442503229320443,-0.06673467375059856,-0.027327580428866936,-0.06640590777208416,0.20068556477374555,0.1566551897158734,-0.044030375057872134,0.5175372899798855
,,,,-0.06478066898669849,-0.07877650108161419,-0.08204948255063256,-0.09769547291967537,0.14617051936375045,0.12814476110245887,-0.018025758261291602,0.3388765006228037
,,,,-0.018148174380509686,-0.04276459939477884,-0.019528613004259357,-0.05079160150916025,0.25425618484707324,0.22865273589342675,-0.025603448953646503,0.4813310078035362
,,,,-0.010477557410347492,-0.07003765583997366,0.003909193064345364,-0.06639154139980641,0.2547961929990338,0.15975610144330102,-0.09504009155573274,0.41264777587890705
,,,,-0.02934917992241335,-0.04786590324816201,-0.011704756565211223,-0.011668382185405125,0.1843506486488834,0.20164505923930567,0.017294410590422256,0.8442216711769774
,,,,-0.09754108201190329,-0.12496829198993109,-0.12895739867526618,-0.1523902736451501,0.10864661181016536,0.0915667815953782,-0.017079830214787158,0.2225005922683248
,,,,-0.018834430753024888,-0.021322312925828726,0.003878676327998715,0.011727867404216302,0.25163481156519407,0.28490999462889893,0.033275183063704826,0.9653796314384232
,,,,-0.0300148203160087,-0.04528836951461318,-0.02736412688937482,-0.03513537075754429,0.26253151629970123,0.2534999827502926,-0.009031533549408582,0.5698870270282456
,,,,-0.031304420433456014,-0.023942953803140925,-0.011709875841019778,0.011743368874320106,0.2422838756347051,0.2904719606579481,0.04818808502324301,1.0930035146913604
,,,,0.0018382423649182242,-0.0028901970652562893,0.019543536532331613,0.035163408807248955,0.36434751698496365,0.39313909737117453,0.02879158038621088,0.6797108830264522
,,,,-0.0019868994008393004,-0.037450447925298704,-0.0039324698934879105,-0.042978983905449575,0.2620031807819916,0.2626367531382798,6.335723562881663E-4,0.6184582334658835
,,,,-0.06238266314319524,-0.10064426935140068,-0.07424147993338073,-0.12114033506497118,0.15769644290710635,0.10475480443488902,-0.05294163847221736,0.2049466256890751
,,,,-0.09779284959873935,-0.1383676749591139,-0.11524478733335361,-0.1679823311395875,0.07078929815467137,0.06414274049863306,-0.006646557656038307,0.24646334729181052
,,,,-0.13650894060004595,-0.16558341541945898,-0.15428758836470724,-0.18364619810369587,0.042929389790912764,0.029854501557992116,-0.013074888232920648,0.08258040881092002
,,,,-0.0599669202542724,-0.08798289870836903,-0.07424844395636519,-0.11331179680358033,0.13306933541999397,0.14643933078213645,0.013369995362142513,0.5148220016204601
,,,,-0.06199969931666419,-0.11299443427366754,-0.06446304159677047,-0.12893079782001807,0.08519687977026413,0.04881933707513477,-0.036377542695129376,0.14627876941319048
,,,,-0.0444944417840285,-0.11771587595088673,-0.044926449926105,-0.13674933867414443,0.10763607495403703,0.062267639901672,-0.045368435052365035,0.19573536924778195
,,,,0.045490964360155206,0.07871571523246502,0.048851827026657225,0.08785451534610869,0.38480276737839464,0.46506924707965,0.0802664797012554,0.9894871550037261
,,,,-0.07462449925566084,-0.11607692847771635,-0.10342749429376633,-0.15432900564780785,0.23396299130919684,0.1086056256223869,-0.1253573656868099,0.046221521673776224
,,,,0.012408337305671903,-0.025140552587688596,0.050791687929299674,0.02738222706172687,0.3380775548001756,0.3095348109802072,-0.028542743819968467,0.7988385537751655
,,,,-0.08797919948955554,-0.0879013398152801,-0.07421171448217358,-0.08197763136027816,0.1509367623050235,0.15416022564263662,0.0032234633376131312,0.7529472859219897
,,,,-0.038883326922973374,-0.04086696024499215,-0.003905606774076724,-0.011689765933268984,0.2208496357073593,0.24947389743536236,0.02862426172800307,1.1131164981425974
,,,,0.011569398772560092,-0.020656580869010132,0.05863511148800356,0.03519499636350973,0.3786179361711179,0.35595554704262805,-0.022662389128489974,0.8493632127355026
,,,,0.02612692238770972,0.004289030092329944,0.05863836935166644,0.05081516703311363,0.3456841137536706,0.3650973487935051,0.019413235039834543,1.0728241798836062
,,,,0.01444377472641052,0.002681348267693969,0.035185087531102464,0.01952771507221216,0.33957747135974653,0.34748896937650214,0.007911498016755752,0.9918485002534905
,,,,0.03526732891009423,-0.03573478426667912,0.06054702844702341,-0.027344781585165647,0.36683446838196937,0.2736197138081861,-0.0932147545737832,0.7011002676916678
,,,,-0.006743660209791101,-0.030792251810436405,0.035166697429034936,0.003869962685038871,0.34841496685144746,0.3146862012460777,-0.033728765605369894,0.7794228491114399
,,,,0.013737773880180656,-0.027953013378328884,0.043008464807748316,-0.003970169970736307,0.33630496994902953,0.31000471925143686,-0.02630025069759263,1.071193277433501
,,,,0.1032973940974637,0.09283104528250846,0.128976409622728,0.11915575633872884,0.6464964811840912,0.6132030740472337,-0.0332934071368577,0.6325351509129791
,,,,0.05629117703220343,0.04428462076383332,0.0722646039758135,0.07427938673918795,0.3495682229240538,0.3708299547307097,0.02126173180665589,1.0229353857258416
,,,,0.10268845014430553,0.04906927691533536,0.1191618629293537,0.08988098613396345,0.5972947943447883,0.45209051193489996,-0.14520428240988834,0.40170059932485735
,,,,0.09380973074425208,0.043690936769489284,0.12697470210300643,0.08989080612244119,0.5944323707406186,0.4724696329341414,-0.12196273780647705,0.3494987914323782
,,,,0.07971143973594687,0.028680241738434767,0.09960670963187424,0.06647604935090073,0.49237058789137017,0.37028493137573654,-0.12208565651563356,0.6741365986367659
,,,,0.06934654598158775,0.026159985882534854,0.08789963049027419,0.05083222944452719,0.4258792283752575,0.315750284726486,-0.11012894364877145,0.6214653560464606
,,,,0.09580114233536918,0.05177829881414405,0.09763862534003175,0.06644406076176292,0.5015509567088008,0.3674729269904313,-0.1340780297183695,0.4159045526093358
,,,,0.09311620325934736,0.0553538479243479,0.11330503151215474,0.07422110671577013,0.553275141888641,0.41781591943590246,-0.1354592224527387,0.5019618621666708
,,,,0.09792198565206502,0.04509175884944479,0.11524249361306996,0.06642769961293038,0.5698284249759897,0.39277055759871404,-0.17705786737727586,0.527309467110688
,,,,0.09512889416863944,0.05156578644174933,0.09764266930079288,0.07227324559376935,0.4979458735914013,0.3656799469632799,-0.13226592662812153,0.5173772836037497
,,,,0.08408374403199381,0.0405551232111341,0.10353842394742928,0.08207353428966131,0.5278536446224302,0.4196732403635746,-0.10818040425885551,0.7399215905972584
,,,,0.07469190865008239,-0.02481733521319941,0.10353693715665978,0.019575344049658366,0.5241231009922058,0.30940614121310533,-0.21471695977910044,0.27917840653071746
,,,,0.09225450776316653,-6.177284944236257E-4,0.12305808824685865,0.03520213223378822,0.603068315991509,0.37394936368032783,-0.2291189523111813,0.2213305249690893
,,,,0.09781259791483715,0.005605739978821087,0.12111958350266948,0.05082345048477189,0.6111622554915663,0.3571396418221986,-0.25402261366936774,0.1906771644413312
,,,,0.09217985593053453,0.05982820615141775,0.10741840651589402,0.09771139509620093,0.5562234456512105,0.4841789005770029,-0.07204454507420777,0.9737744980849269
,,,,0.08784858750771937,0.02694385375829645,0.10353111913045593,0.0664488778082168,0.5174004811694138,0.3749260293151317,-0.14247445185428217,0.640692441292007
,,,,0.06396683555643275,0.021818037799187485,0.0898805715718997,0.05863313907365788,0.4321349431157611,0.3519889047691681,-0.08014603834659309,0.9035070773225264
,,,,0.1107493737604217,0.06377036260149757,0.1289368662564501,0.09768416987206659,0.6538862061215293,0.479427602075531,-0.17445860404599844,0.420284001263899
,,,,0.07870884826229772,0.06003262828332183,0.09769849083904995,0.08988285604536998,0.49535072551411563,0.4521477999723486,-0.04320292554176699,1.139270499571365
,,,,0.06564564850667118,0.0420337243363946,0.089856526158797,0.06641489750040744,0.4366654812730149,0.37011458202317554,-0.06655089924983949,0.8349717374899384
,,,,0.012987612103713747,-0.015276218192569895,0.04298951656064521,-0.003949614528562887,0.33882307329270456,0.27591306444677005,-0.06291000884593463,0.6427611252533763
,,,,0.0203839838480443,-0.008020176185731429,0.042998832246074495,0.011744353656670582,0.3195293754330285,0.3122534979986225,-0.007275877434405998,0.9905412936122778
,,,,0.06674124689435454,0.00453193791799533,0.10552299913953024,0.04300095967725458,0.5192982517596709,0.3771363915385759,-0.14216186022109498,0.5257960957547129
,,,,0.057408278726841344,-0.0024992638051646063,0.09767925085767719,0.02738751174467356,0.49468236493026574,0.3253669034136044,-0.1693154615166616,0.3604912084177024
,,,,0.05319707341908852,-0.003414496301860918,0.08791459053039086,0.011721785733976062,0.46652966719528954,0.32188341674617155,-0.14464625044911808,0.4191353493384044
,,,,0.04922389828780682,0.008909335697163784,0.0839850021147535,0.027365444302886555,0.4540886316757825,0.34528017001117983,-0.10880846166460266,0.550498513136134
,,,,0.040614348478273596,0.014752319440014509,0.08208388768731494,0.058619254196704516,0.4303913129235573,0.3997528884887952,-0.030638424434762123,1.0920155221879897
,,,,0.05970703297938348,0.017910027693499992,0.09769973299349866,0.058614937093905896,0.48752829639014633,0.3858015601084107,-0.10172673628173547,1.001794355446443
,,,,0.04527260179138438,-0.013576422172689602,0.08206704509620669,0.019544922961082498,0.4493899817500206,0.32038784492504924,-0.1290021368249715,0.5225873885405306
,,,,0.08084590916360565,0.01148158309069309,0.11135183041611732,0.05080355491341566,0.549032812395588,0.3840717231847124,-0.1649610892108756,0.5018905554031455
,,,,0.06467665001248288,0.0077698119851525695,0.0976800910465062,0.05079807265587165,0.47873608229614706,0.390780429669534,-0.08795565262661309,1.0297174213771343
,,,,0.062472281337604595,0.04540635762136845,0.08988728722234451,0.08986680857317807,0.4544573561004188,0.47181439384062346,0.01735703774020458,1.5793917009310243
,,,,0.08360373896052437,0.020863452198351656,0.10550770534208058,0.05861763847341627,0.5393325827751522,0.392963269727738,-0.1463693130474141,0.7290943884721233
,,,,0.09858061723286746,0.04347973590697456,0.12895758810401575,0.08206026629993007,0.6212476388621005,0.4470944524826236,-0.17415318637947727,0.5161654325523373
,,,,0.028544677761829396,0.016490270331686582,0.05862738242344893,0.05861794666074841,0.37193857167035477,0.42471858261453316,0.052780010944178266,1.5104365735258447
,,,,0.035318515602235326,0.013533287265419115,0.07428455817428599,0.05079973122616159,0.4259084631032344,0.4053478614731575,-0.02056060163007696,1.0042255845188521
,,,,0.03470395839248294,0.039832490615036874,0.050836051557989086,0.05079802594137077,0.23149075785196288,0.25154271210409157,0.020051954252128676,0.8801655643713243
,,,,0.0771547089318564,0.05900610964882138,0.08987273056987904,0.07424190271247963,0.45532714623944237,0.375535086623251,-0.07979205961619133,0.7618104438052713
,,,,0.10880215779177785,0.07395101154921005,0.12895458187099001,0.09766820755230514,0.641664207544518,0.4981479572795688,-0.14351625026494902,0.46662975144005203
,,,,0.08276362784916337,0.060362232086229005,0.10548726836368796,0.08988019526553523,0.5324304816888414,0.4618906510188436,-0.07053983066999767,0.8436620003782604
,,,,0.03771350357773055,0.022165867287819208,0.05079915415283145,0.02735393857536167,0.2251085056839545,0.17799792775722265,-0.047110577926731886,0.4470673674495174
,,,,0.08755786554765549,0.06717708670160363,0.11331844032392147,0.0898390140788966,0.5428158782763561,0.44565834468547844,-0.09715753359087752,0.5390184153229458
,,,,0.04744690285926995,0.01785955641828644,0.08206115176274949,0.058624606019890654,0.44261618803053193,0.3543828026447953,-0.08823338538573645,0.4296333515558828
,,,,0.010718593533369574,0.023314500054876994,0.03516848527729512,0.03517616835035721,0.1472962477935187,0.191440856125875,0.04414460833235628,0.9281474505902759
,,,,0.08989550565464317,0.07649843520821592,0.09962041196678653,0.09769476255202204,0.5064585021783427,0.4977328024839338,-0.008725699694408885,1.0458864803395387
,,,,0.09719580975579772,0.06880419008075075,0.10743504052850271,0.09769682347915187,0.5675857733579281,0.4696695437742437,-0.09791622958368439,0.6723922476302592
,,,,0.06199902678408635,0.056005342623991525,0.07619076073123052,0.08205747051898547,0.37780779865989716,0.4104142213673622,0.03260642270746502,1.2731051320124391
,,,,0.07504525807142501,0.06582597327664248,0.087904746038172,0.08987147678032462,0.4456931713497083,0.44861972342300804,0.002926552073299556,0.9275079221951282
,,,,0.08122726131634035,0.045400175507117835,0.09962421018631663,0.08990998279069602,0.49484584670156895,0.43706776796224245,-0.05777807873932652,0.8330393957581206
,,,,0.07390043020216303,0.06641126205874498,0.08790998362734585,0.09180136246465148,0.43314629127152027,0.44796954231028563,0.014823251038765403,1.1372448590655242
,,,,0.09464484628175933,0.0899410425823542,0.10741944238436572,0.11133561339968001,0.5355374246202588,0.5528872341520211,0.01734980953176258,1.1651835598514504
,,,,0.08650522926235618,0.06615786117444288,0.10547199967070314,0.09766972628498291,0.5286711831334162,0.49236250794227315,-0.03630867519114299,0.9924060865192894
,,,,0.11353873006017966,0.08231225014627434,0.1289278010845999,0.11332205391617649,0.6721469320644591,0.5737650848960535,-0.09838184716840566,0.7188669580841623
,,,,0.10466550371165419,0.03610852517223304,0.1367353001814538,0.09769889296262113,0.6641504592097683,0.48466470149197355,-0.17948575771779476,0.273008887023497
,,,,0.1293761454135297,0.0568107088432961,0.15823927436168253,0.1133624697437965,0.7246277635521733,0.5323556915799684,-0.19227207197220478,0.23014913476741333
,,,,0.1262425179542119,0.07324503832848712,0.1504073170677806,0.11331058840128731,0.6924147934762556,0.5459652516436023,-0.14644954183265338,0.3748089548328691
,,,,0.07409180319940016,0.05473152426644388,0.09571551756134017,0.08989369879477749,0.4703713385382009,0.4590856823341115,-0.011285656204089414,1.0488064234597057
,,,,0.06873408862509238,0.05430117425503561,0.08009666115499951,0.08209211990594903,0.3838541950344504,0.4067572820285027,0.02290308699405228,1.3265852745431292
,,,,0.11487861675339411,0.08551656924493295,0.13477340864456713,0.11914897032407451,0.68240339465888,0.6002542627542045,-0.0821491319046755,0.600208776544472
,,,,0.14593214871693438,0.07689407097305412,0.17385848375609808,0.1289521237048087,0.7983132099428845,0.5897689516863496,-0.20854425825653494,0.04156982735586171
,,,,0.15252192576492388,0.07114132778248594,0.1777473042969408,0.12892639447684645,0.8153500707393947,0.5925627490277204,-0.22278732171167426,-0.048157695368130776
,,,,0.014195755137815807,-0.006176009164048303,0.058604873962684684,0.02735893550863451,0.42289155091097413,0.3435826971378566,-0.07930885377311755,0.4868465906295463
,,,,0.06142265985732395,0.029420449347407587,0.10550106821047753,0.06642981573926177,0.5138374537182389,0.41592098544232764,-0.09791646827591122,0.5221819584717646
,,,,0.1048819006449498,0.04809625498561412,0.14649542829649556,0.058599809880799804,0.6293655531362548,0.3841941304642561,-0.24517142267199857,0.22633887201753947
,,,,0.13906751516985624,0.0877813349593891,0.17776375860830276,0.1211327848063964,0.7837267283752075,0.5789067443013771,-0.20481998407383042,0.1640718402072797
,,,,0.11683815587871921,0.054816796168929594,0.15040724393652447,0.0898604962942941,0.6839960131740999,0.474359461637431,-0.2096365515366688,0.2365885006688343
,,,,0.11199693256898507,0.0747973669495472,0.15240176083450663,0.10547455723752293,0.6604877996356501,0.5121193605097493,-0.14836843912590084,0.4427116482244466
,,,,0.07037845410061391,0.042004457602268036,0.11330695686798835,0.05860139209531723,0.5329065318015561,0.36778865796524135,-0.1651178738363148,0.4439218325713331
,,,,0.12480923545271046,0.0734471571150439,0.16213699907548576,0.10551164902925383,0.7207956473456697,0.5199655727955144,-0.20083007455015547,0.3317221151474061
,,,,0.061507152189390374,0.030060810023179927,0.12113940235070988,0.08207204014655785,0.565682435610009,0.45639419477965587,-0.10928824083035323,0.37594779909724746
,,,,0.06954149045734737,0.03936257619276999,0.11332470321276913,0.08989446371695303,0.5453808602323341,0.4769184151438707,-0.0684624450884635,0.7971322693156251
,,,,-4.794048466950553E-5,-0.01581559792443656,0.01954101596449429,-0.003942535377163532,0.3858927502435918,0.32188331110728535,-0.0640094391363064,0.43889906133559364
,,,,0.03093460336453267,-0.013602299509070511,0.08207634232595329,0.0033386635179950826,0.46136761805151566,0.34482686167902743,-0.11654075637248809,0.2662271433117697
,,,,0.07725375869639071,0.04370106136126994,0.12893836275896095,0.09771304030984948,0.5762185140032703,0.4865801543948783,-0.08963835960839196,0.5089861952941942
,,,,0.10810224711797438,0.0798572175105291,0.15241473044377493,0.12893917325416906,0.6925350163344807,0.5907254618933281,-0.10180955444115261,0.39057317348007964
,,,,0.0617308987645399,0.00964163151614226,0.113338429161783,0.04300079534829565,0.5295403116222893,0.38750858948196254,-0.1420317221403267,0.3026442223809174
,,,,0.07876826562726162,0.03080280653815759,0.13695922593155485,0.08206376474649976,0.597780532587789,0.44890978952659827,-0.14887074306119072,0.24139961023241993
,,,,0.027832906249128334,-0.017355467337642455,0.08209217624417109,0.027380489272300086,0.44187095107332025,0.3179001162573977,-0.12397083481592253,0.34447320652742797
,,,,0.052714903992930315,0.023928244400361964,0.11523703232314028,0.08208008378342455,0.5508136638405826,0.45746807640980774,-0.09334558743077494,0.382791917322518
,,,,0.18123047643563345,0.12917310096534237,0.19338200828176133,0.16804791459484536,0.9298173002403525,0.7281628552608825,-0.2016544449794698,-0.07257278473258705
,,,,0.12508737625955368,0.08527789170353524,0.1758699186520868,0.1289222731764409,0.7389078675724615,0.5817524616332195,-0.15715540593924204,0.3411070777437409
,,,,0.12947944110522663,0.07483105217034203,0.16804311758126422,0.12111624427339551,0.7373758469808636,0.5536554064472399,-0.18372044053362382,0.2761147459177484
,,,,0.15892620048809591,0.10282914652738308,0.19148469637914414,0.14458524142473805,0.8361340629878501,0.6344721877229128,-0.20166187526493726,0.059686283357952404
,,,,0.12401860686991312,0.09411486441478856,0.13674004837330483,0.10547888581550457,0.6478435460707953,0.527333930086945,-0.12050961598385034,0.40500033866817076
,,,,0.1577634251834116,0.108243220930488,0.17384497501628776,0.13674585547277018,0.8422060909003773,0.6348349173609416,-0.20737117353943582,0.17701972739686955
,,,,0.13269595649281116,0.0728134537309287,0.17587586930436316,0.11330152940263544,0.7561319851868692,0.5379059336940872,-0.21822605149278212,0.1985502764678426
,,,,0.12094744770328779,0.05620750622256295,0.16804166883579025,0.08204240879566009,0.6865465713547388,0.44618785282845236,-0.24035871852628649,0.2986612742206292
,,,,0.09601551526406087,0.04836112035260051,0.15240367008351272,0.06642685985102643,0.6238432485662704,0.4189018545499871,-0.20494139401628328,0.4647161774818989
,,,,0.08547684590108841,0.03148000470372533,0.14458713772585755,0.06644800065641764,0.6024885546042436,0.404412174201804,-0.19807638040243972,0.3776143829655022
,,,,0.07792291580907983,0.03448172534973519,0.14459334912697033,0.07423108291996458,0.5950371718345857,0.43406167719399824,-0.16097549464058758,0.399984390088737
,,,,0.16450338195403555,0.09097766216710401,0.1972970025680426,0.12893305624327311,0.8560864616402717,0.6012306972775479,-0.254855764362724,-0.02737792250880732
,,,,0.12162905016269622,0.0695837422414047,0.13085527756880025,0.0742287039204266,0.637300574555217,0.4202245192107482,-0.21707605534446875,0.25625235923100464
,,,,0.10753543281927731,0.06623426628807542,0.16022222423015312,0.10549360405380961,0.656411437181888,0.5062435075422163,-0.15016792963967174,0.3426293881951489
,,,,0.07228676560580476,0.01670981469814326,0.12112192090809032,0.04295143490970425,0.549965267355183,0.3643952486806493,-0.18557001867453377,0.18753792557473417
,,,,0.07681905046541761,0.020691227197084345,0.1132936283924583,0.04299326469214429,0.5333230462991859,0.349691442497303,-0.18363160380188306,0.17255770963213002
,,,,0.09080737493269155,0.04305883165387283,0.1308729419106589,0.08206068718533328,0.5990572550424715,0.4537932102759041,-0.14526404476656743,0.22929912031405608
,,,,0.08368938252937758,0.05899893877061331,0.11523516006675093,0.09769155159658277,0.5525936966296316,0.4955485073385316,-0.05704518929110014,0.8819372727129825
,,,,0.08087371306281925,0.05195430565586907,0.11523914679201301,0.10552327891611793,0.5509934548360974,0.5102905283112603,-0.04070292652483732,1.0902888198891396
,,,,0.09642770475536297,0.06976092173929659,0.12696344889968442,0.12114722208167011,0.6218848849532032,0.5563867209488526,-0.06549816400435034,0.7190267543896355
,,,,0.09357155979934419,0.05267949572719116,0.12895907437779863,0.10551375297125488,0.5966865113379876,0.5137348073363502,-0.08295170400163752,0.7118369855327278
,,,,0.10424741875853644,0.03062045742954837,0.13087618484625876,0.10552800138698243,0.6293240159429031,0.5034700149511785,-0.12585400099172467,0.4420808300340507
,,,,0.09808761432576649,0.024066019649482552,0.138689994876624,0.08987035890225202,0.6216424793888223,0.4739446201112838,-0.14769785927753837,0.34450110729510647
,,,,-0.012971285339293507,-0.08649520016559403,-0.003943637306069264,-0.10548755440668674,0.327720114123145,0.3042769522662754,-0.02344316185686963,0.5856644941120918
,,,,0.07768448584851033,0.03722886346001557,0.11334337463476592,0.09769823416455921,0.5562850555283148,0.4920880176167636,-0.06419703791155115,0.6051288632316295
,,,,0.05846673719755666,-0.002494439209878381,0.10550346799612703,0.05083106324656109,0.505164331929927,0.4078084468884289,-0.09735588504149806,0.21756179929497982
,,,,-0.010439816448232865,-0.11841929570744637,0.0038607699645541484,-0.1914500826362699,0.2794203428626636,0.24248778311500652,-0.03693255974765707,0.4363447323955201
,,,,0.076181490958247,0.05026646507590894,0.11914910746065548,0.12115512586717968,0.5797592005346945,0.5713862225726266,-0.008372977962068071,0.9593952531229167
,,,,-0.0040392479438567785,-0.07653302268900197,0.03518794952094546,-0.07423205293645604,0.399512780643596,0.33605624463970724,-0.0634565360038887,0.42695978263813644
,,,,0.11965804864133331,0.11214212293111271,0.14260064302217226,0.14259425512236004,0.7142613468234116,0.6780911236055869,-0.036170223217824676,0.8309052209403041
,,,,0.07972905775400127,-0.028915482556947914,0.11523816910270536,-0.011729033373405046,0.5381503110755863,0.3607194290024272,-0.17743088207315896,0.21325517596418656
,,,,0.04207008825342757,-0.06512774658598129,0.05859499505640818,-0.07422288995627319,0.4049878960258975,0.24381789673344842,-0.1611699992924491,0.2215709812644257
,,,,0.07805135895993867,-0.04118623889085959,0.10547718175615715,-0.035165660352946944,0.51317497542008,0.2880269868556138,-0.2251479885644662,0.11062944451250717
,,,,0.042354103577857564,-0.0791427727291226,0.06641589244564092,-0.09767141538004613,0.4260940561126783,0.23046106306847305,-0.19563299304420537,0.15939972357219048
,,,,0.030630413231048616,-0.0877693087758407,0.05860272737728579,-0.11329606402107947,0.41136709858725007,0.2331794922659056,-0.17818760632134445,0.19568161742008378
,,,,-0.08093233951032269,-0.15726069541789245,-0.10550739773166494,-0.1992328245705025,0.16439547906754728,0.09854263572583737,-0.06585284334170996,0.19741914461257634
,,,,0.028570366563245474,-0.0815393214296175,0.058620001662559186,-0.09767217588058222,0.40175989231054354,0.21813222022427411,-0.18362767208626943,0.17449711951472335
,,,,0.014031751680775147,-0.083707333059625,0.027345845118477603,-0.09769225964234328,0.32747575847156496,0.21126433801269306,-0.11621142045887191,0.37240993674827527
,,,,-0.0963150044688739,-0.19786970541206642,-0.11329602436564541,-0.24613239404468396,0.10742474116590582,0.07179969535490735,-0.03562504581099848,0.1336265624534727
,,,,-0.0404437173416182,-0.13327974103351972,-0.042969306193534174,-0.19929399440530762,0.3022603192310368,0.18401143733149888,-0.1182488818995379,0.06504255670993009
,,,,-0.04924917411001139,-0.13196469775255387,-0.07423859552143254,-0.18363862199120115,0.2817046614381335,0.16428406108993537,-0.11742060034819807,0.09042470660369091
,,,,-0.11304762388943403,-0.1858199003303947,-0.16019762396037848,-0.2617502659312715,0.14665661852307946,0.12737834718626648,-0.01927827133681302,0.11670716887162808
,,,,-0.14778513880956065,-0.23460341319581487,-0.1680025451655348,-0.277387396826429,0.05011910377481943,0.03378247810654042,-0.016336625668279006,0.039320324186568195
,,,,-0.17163956113004372,-0.2376941457267249,-0.19922246275671873,-0.27737822538358736,0.04489858779832104,0.034842697240944215,-0.010055890557376821,0.04368024058340597
,,,,-0.15767078808888937,-0.19018885759859386,-0.1914388021117497,-0.2304773092021351,0.05530583458517211,0.042939223053425145,-0.012366611531746952,0.13305185194799368
,,,,-0.17063940616690457,-0.24620786038509127,-0.19335406845966094,-0.28517929910119594,0.030816584533871993,0.0236020197076981,-0.007214564826173893,0.06718589311383767
,,,,-0.024333129407569827,-0.07493917810494241,-0.003970284355854337,-0.0741886432569988,0.36235453125058226,0.3145450224246674,-0.04780950882591485,0.3218797846244042
,,,,9.441320701751924E-4,-0.04393680527730708,0.03517260407275348,-0.02733689644772498,0.3736439988165781,0.3076499616552958,-0.0659940371612824,0.533357913019835
,,,,-0.07478100411455864,-0.060176168298478945,-0.07423444865617623,-0.05860347491246487,0.08376617163453827,0.15667897454560398,0.07291280291106574,1.0626011069445995
,,,,-0.07220067331660043,-0.0440359116751927,-0.07426066388808185,-0.03517350432529426,0.14395789457279187,0.21677708808854876,0.07281919351575689,1.1525666730635917
,,,,0.03249684686602433,-7.381883324662209E-4,0.04882984505407406,0.019522234635849452,0.36090983255915005,0.2873685140885479,-0.07354131847060219,0.8861945637614498
,,,,-0.047880798874390326,-0.044953505339051535,-0.04296312747804164,-0.042975115143812886,0.13368757921155722,0.13817888864003494,0.004491309428477787,0.8308292267515481
,,,,-0.061397350259849166,-0.039604855864041194,-0.05861310752841896,-0.042969097854697436,0.13124988836932416,0.1729887514413395,0.04173886307201539,0.9521065380634391
,,,,0.025467789398147554,-0.05908676409459345,0.03514365072713735,-0.07422055138428595,0.3352347077024334,0.23419440077637518,-0.10104030692605817,0.39130988576676573
,,,,0.009332026083458426,-0.04639792200169681,0.027368064157159273,-0.04297386027858967,0.2781993576437752,0.23854089004824722,-0.03965846759552799,0.7415691920294023
,,,,-0.03651068148972264,-0.03862443452102087,-0.027361570939387833,-0.035165618011558375,0.16874995033861287,0.1815273655853998,0.012777415246786931,0.965435641130099
,,,,-0.01718944306700789,-0.027560376181260553,-0.011704007681814366,-0.0273676113617492,0.21213888592438884,0.19410587694029308,-0.018033008984095808,0.7889181784170222
,,,,-0.01871754931919261,-0.03223852990055578,0.003868553165557895,-0.011704704125849489,0.2521253733163126,0.20496206839265052,-0.04716330492366202,0.8877721971599619
,,,,-0.008404425951181847,-0.07961469213791283,0.017574595088502423,-0.09764954538326641,0.3361775348110084,0.2016477687509956,-0.13452976606001288,0.3629385354667196
,,,,-0.025812556296557845,-0.04481991244084937,-0.01756952445391233,-0.027339678333474178,0.19505462666756476,0.16013405477156062,-0.034920571896004234,0.6605450262893541
,,,,-0.020569128553279005,-0.04593991835007767,-0.011695687287477004,-0.04296012953761444,0.1923789500620277,0.1517331162249501,-0.04064583383707756,0.5223689872937407
,,,,-0.024441539440666727,-0.08477014876901197,-0.0195217463121728,-0.09763005312281596,0.16315361866077718,0.10380624777177463,-0.05934737088900257,0.37816723606698166
,,,,-0.022781428197592372,0.0019460277446359698,0.003897933168851356,0.03515870868556724,0.18535235536598704,0.32749747055075,0.14214511518476292,1.7916373985831933
,,,,-0.051647052204119415,-0.016063719852874636,-0.05859078986274079,-0.01172465567029596,0.13534269854967737,0.22166458192342875,0.08632188337375143,1.1619410817572196
,,,,-0.02774547733179269,-0.0034473769648976304,-0.03516190997967088,-0.01174637623800072,0.16012034674066639,0.22609246692048424,0.06597212017981785,0.9631574368209455
,,,,-0.0164219414512851,-0.002517675828102091,-0.01953624908123495,0.011713375619527419,0.2541724449308504,0.31220666062338154,0.05803421569253116,0.8658688210016857
,,,,-0.06781637661059897,-0.06384485594747528,-0.07421454078559213,-0.06641172895592785,0.07305039634149195,0.1511626478213233,0.07811225147983138,1.1245868389299738
,,,,-0.005440366892182088,0.004709131192648616,-0.0039261805577514184,0.02538602697423046,0.25973524268107523,0.33183613912037996,0.07210089643930481,1.1342704971949227
,,,,-0.02155862193281235,-0.02683805067058479,-0.02736377456680806,-0.027362138941149836,0.20874431127006252,0.22080885403612546,0.012064542766062955,0.7398239243802274
,,,,-0.031459107094441614,-0.04052152251987365,-0.003963143735961161,-0.019513436562730635,0.3080686766836654,0.3124285102039233,0.004359833520258037,0.931688624386309
,,,,-0.02505536817359927,-0.01458824394070348,-0.02149008685951265,0.0019175210113192506,0.22103209233411256,0.2779321611548295,0.056900068820717,1.1437394644682308
,,,,0.052619426516054967,-0.04696798162477525,0.0742536120141885,-0.04293781232873663,0.43351835972070557,0.2765385481571442,-0.15697981156356147,0.26714332346935626
,,,,0.07435794642273189,0.06757236106404954,0.09766380469385304,0.08203379291877295,0.4904054250263689,0.45474609376426994,-0.035659331262099095,0.5695519842871675
,,,,0.034320384384635944,0.012372894646509218,0.04492433866714137,0.019549169044387867,0.3361726231888345,0.26887749858355603,-0.06729512460527837,0.5930763939666436
,,,,0.017868594899611973,-0.06680373154866262,0.035167911471528056,-0.08204874895833958,0.32061203003206173,0.20078108357991198,-0.11983094645214984,0.3508563401787781
,,,,0.008522462555664153,-0.03907891663554853,0.019536641629238783,-0.042980327220931674,0.2758402124938602,0.19895031734966623,-0.07688989514419388,0.5817095128269453
,,,,-0.013426871973593081,-0.02708208602751035,-0.0019830975583472513,-0.01953136484989946,0.21303706922432258,0.20106545263552136,-0.011971616588801257,0.7531962161487243
,,,,0.009548400215439653,-0.039178195113504836,0.019546841544143375,-0.03517396505160319,0.26260837423368066,0.17497167256870969,-0.08763670166497102,0.4168149869785754
,,,,0.031694484779719374,-0.04385144044767424,0.042982170900613834,-0.04296803562443835,0.3531221281322683,0.23618889670330803,-0.11693323142896028,0.46149979568541155
,,,,0.016971464361709883,-0.050982462900625906,0.025395023346253015,-0.058614654487193406,0.2897765833911942,0.193458679048595,-0.0963179043425993,0.5094603259092636
,,,,-0.0028336260765425727,-0.04996062487703163,0.0038584141168749426,-0.05078052138218158,0.23729617598484729,0.18130510503237987,-0.055991070952467414,0.5210503502583888
,,,,0.008488363261314105,-0.016152788010227008,0.017585996435333068,-0.011715667580194232,0.26203689754134685,0.21385322625802203,-0.04818367128332477,0.7955393581543344
,,,,0.05693094904731135,0.030879249626673214,0.06641808145003758,0.03516134075398376,0.41810952667160844,0.3402243737264976,-0.07788515294511082,0.5332431019648207
,,,,0.03958735568726217,0.019918070339356844,0.05663737158451963,0.03711445597712988,0.3545234833690143,0.32628505820461046,-0.028238425164403853,0.970681775316374
,,,,0.09191906493320279,0.03696771594159405,0.12894716237734796,0.0898814052820966,0.5937046541587192,0.4783450361076396,-0.11535961805107971,0.600864277889471
,,,,0.054661996835434754,0.019384266270581152,0.08987833272185373,0.07425299966023936,0.48168199724477523,0.443855788475187,-0.03782620876958832,0.8212537156100446
,,,,0.07238687988217855,0.044927123891349736,0.10550951120990844,0.08205995267007975,0.5261309409229393,0.4550321231278627,-0.0710988177950766,0.8931855229513607
,,,,0.013572163734210215,-0.026777740790882926,0.03516825506752455,-0.011713750811286807,0.3352611573128179,0.2922560121500163,-0.043005145162801676,0.7274732022592739
,,,,0.045886749471556625,0.003915748376363998,0.0586175056189379,0.027353141951346426,0.38646754258748695,0.3412786524336135,-0.04518889015387337,0.8571912911418723
,,,,0.07018010564813132,0.015102455660266736,0.09766703429022332,0.05080659287249123,0.4924182946517714,0.4027893465826549,-0.08962894806911656,0.6793451644033873
,,,,0.051105639420258565,0.021574642900620215,0.08204481239665745,0.06644477796016528,0.44998896829986534,0.42535842719479355,-0.02463054110507179,1.012869914288016
,,,,0.05687814450995448,0.0285257777874266,0.08984477882010038,0.07423302247582558,0.4811419893967649,0.443706985084877,-0.03743500431188797,0.8730631702177223
,,,,0.0769048939986426,0.03731988328964328,0.11332609307071577,0.08987226312774928,0.5460665147872955,0.47235953030891703,-0.07370698447837841,0.8606577021670909
,,,,0.06328267706734811,0.027297514597918487,0.09180770958744758,0.0742398195532231,0.47175785874232995,0.4515847126224043,-0.02017314611992573,1.049307369392108
,,,,-0.021936041582126954,-0.02187899279172372,-0.01954041671025571,-0.01366459058462138,0.25114656409988256,0.26149627581895707,0.010349711719074381,0.7433535398756557
,,,,-0.015607283767564815,-0.017468718949255592,-0.011712818674619232,-0.011732653492407681,0.2788995897344799,0.25364550391111945,-0.025254085823360486,0.5947408935483017
,,,,0.021653382956027225,-0.020803831354345437,0.019508228200444327,-0.027352144423,0.31844891782849566,0.24163621557856163,-0.07681270224993407,0.32476606550385
,,,,2.7523158593801373E-4,-0.042986734299569396,0.011725823424720384,-0.05077789606563068,0.2748647894611496,0.2075868693440374,-0.06727792011711224,0.3862728054451063
,,,,0.07026976716257526,0.03536421798982518,0.1133215661502519,0.07425371612032301,0.5431903840872547,0.4263090281599172,-0.11688135592733759,0.5064131757059341
,,,,0.014961509708551611,-0.005453411137754435,0.04298547764474869,0.019557239110964388,0.3339892259655385,0.30291281958666705,-0.03107640637887162,0.7533792393802372
,,,,-0.007250857710007502,-0.04520374012594207,-0.003934646750841625,-0.050783853804202195,0.2411206384127498,0.17293610616805039,-0.0681845322446994,0.3061305914500261
,,,,0.03217664066769783,-0.003606143610303129,0.05078552882796278,-0.003935228915262702,0.3327792836788938,0.2613021944481022,-0.0714770892307916,0.5522280006226425
,,,,0.0701473846297603,0.027144800801992976,0.08987016218989473,0.04298741277578331,0.47987866165124865,0.33375757141982954,-0.1461210902314192,0.31387399061216226
,,,,0.06781555286244187,0.003421698944257408,0.0840010038848398,0.0038758396262587613,0.45661523882694943,0.2608061787906542,-0.1958090600362953,0.06301756839886205
,,,,0.0408331760453389,0.02238534680429652,0.050768918644759006,0.025393046441268146,0.4105482800533718,0.34121591183479827,-0.06933236821857348,0.29956081350422603
,,,,0.015011563202279303,-0.038946510413678345,0.03515868450294449,-0.03516521760535701,0.3137712498428638,0.18170090819414478,-0.13207034164871903,0.5389573859034579
,,,,0.011354166972826986,-0.03830142249674347,0.011714654033496872,-0.04297051595546047,0.2619674283582203,0.16366646547415772,-0.09830096288406252,0.3608930268790341
,,,,-0.04656550123158779,-0.06976138065452812,-0.050791115354170815,-0.08985304238215186,0.14958316662864693,0.1280803454636639,-0.021502821164983043,0.4833121746479447
,,,,-0.05419595994756247,-0.08868461237367417,-0.050783321770233814,-0.09767328850733278,0.13378274231280318,0.07126404530395856,-0.06251869700884463,0.2901491779752285
,,,,-0.037338232043390124,-0.03845433731537747,-0.04297566262401772,-0.035148457343803265,0.21222130069391268,0.21689911906959722,0.004677818375684649,0.6121423859440087
,,,,-0.052217898376595184,-0.030210342937000003,-0.07424898358495409,-0.04299171620871967,0.16631515615879425,0.19205477112798494,0.025739614969190736,0.5711055516295417
,,,,-0.040279791665231685,-0.03534425929810364,-0.04101441640908369,-0.019536208415444234,0.18745658224544032,0.2182200131635422,0.030763430918101974,0.7655403571881172
,,,,-0.013600531221216364,-0.019623243229117546,-0.01954735097671375,-0.02538574026396813,0.19985321746049026,0.17108962906303096,-0.02876358839745927,0.3468016035468444
,,,,-0.01812743120769754,-0.011603654580605942,-0.00587053382904584,-0.0019823177375788434,0.2497179838597644,0.23710742889964312,-0.012610554960121237,0.4970260945420878
,,,,0.02954627886680564,0.022891051709012473,0.06639768129680176,0.06644135476722819,0.41591974415540506,0.4222595321901409,0.006339788034735828,0.9341514111195804
,,,,0.024754746922281336,0.03383285235686909,0.02538948178055118,0.04296825287541725,0.3132909658348685,0.3370060855135636,0.023715119678695152,0.6815372362143695
,,,,0.016938200201687358,0.0180864414602787,0.01951964179934946,0.025390617346205662,0.33242078716838513,0.34022094959739024,0.007800162429005195,0.5504438903107698
,,,,0.16034323690921592,0.059601908178294326,0.1816674807938905,0.1133142089782795,0.8432698765260163,0.536114489320582,-0.30715538720543434,-0.14990884261773785
,,,,0.15479822196208773,0.10362724192323285,0.18556097928281506,0.16019381604277294,0.8111109733802494,0.6789127245377072,-0.13219824884254205,0.10845754214146933
,,,,0.1656343930161352,0.0973439834972186,0.18946623247653718,0.15238403743936718,0.8500495600870297,0.631388009103064,-0.2186615509839656,-0.030633220642703456
,,,,0.12767733825108069,0.10570938648756183,0.15238671274353527,0.15239911705028641,0.7210664150353191,0.6794095148032521,-0.041656900232066994,0.7067617548184727
,,,,0.15888646501323125,0.12573046551594566,0.19146480812826108,0.16804267496621578,0.8285109481302,0.7467314256614426,-0.0817795224687574,0.3515468918816965
,,,,0.1059904154097573,0.060201358083074134,0.15238264560943887,0.12114100342043949,0.6726333180671228,0.5566985321962905,-0.11593478587083217,0.35698991667807944
,,,,0.13836990656701462,0.07943531348829913,0.19932742392034192,0.144596496848717,0.7375984788821388,0.5972977259747347,-0.140300752907404,0.14989734476318956
,,,,0.09380000951082954,0.051468870801004915,0.16022151122174697,0.10549242492504655,0.6520345748498276,0.5162822513310686,-0.135752323518759,0.19945014419458265
,,,,0.04460889843786037,0.02440167908649964,0.12898132907083745,0.08988409827307157,0.5546144264444016,0.4808663181763027,-0.0737481082680988,0.2863432210373126
,,,,-0.08130816514566773,-0.08177322650741142,-0.07420847517882288,-0.08789715488413286,0.045131304507871076,0.05988768239467153,0.014756377886800466,0.3115816200483428
,,,,-0.1390800475762389,-0.14698289128819086,-0.15821423634729118,-0.17383176458486582,0.02114811022789725,0.031248799904465507,0.010100689676568256,0.17173948706286762
,,,,-0.13109181723925228,-0.14439073943238673,-0.146487872250286,-0.16993294282634708,0.03232199328867911,0.04107406757876036,0.00875207429008125,0.1827257508826531
,,,,-0.10880035506480198,-0.12240281174859295,-0.11328928655031843,-0.14454794894197973,0.04794853915422469,0.05220282434294035,0.004254285188715666,0.21634560696356217
,,,,-0.11054342998379646,-0.10710762512271745,-0.11326057044328015,-0.12113208625529491,0.028628772796586634,0.029737550466204465,0.001108777669617835,0.15109378037271745
,,,,-0.15574043607273,-0.16389041853969177,-0.17774000648465918,-0.19338259118022552,0.010912205704893329,0.019884346174199173,0.00897214046930584,0.1387781621092084
,,,,-0.16121160149620914,-0.16098683675689596,-0.18164643786459564,-0.1894548717662398,0.010938287392762135,0.034176571077718265,0.02323828368495613,0.2709361284988553
,,,,-0.17578089432133961,-0.1782414127572228,-0.20509328640383653,-0.20708491684034092,0.01793297714144554,0.023913890906763532,0.005980913765317992,0.12310882625719069
,,,,-0.16310879039245724,-0.17167643052082246,-0.18555807756832346,-0.19727323903661062,0.017114584965052772,0.023504741297516188,0.006390156332463419,0.12310925137550371
,,,,-0.16777019070612767,-0.17161901312684166,-0.19336045965333404,-0.20119708123380467,0.011932644359841116,0.019899715357491406,0.00796707099765029,0.12217054259098803
,,,,-0.1610134122898492,-0.173677814036677,-0.18555866397198628,-0.1992622052935218,0.02612702710140855,0.03544388099248166,0.0093168538910731,0.16192464006205062
,,,,-0.14986387994663788,-0.18130155018491248,-0.1621080915940312,-0.20117706282388162,0.009913985514567077,0.01421270461786954,0.004298719103302465,0.087016434343633
,,,,-0.19505393861363654,-0.2065053978786333,-0.21290127473777828,-0.2226826963210276,0.006180040756980755,0.011797097035217977,0.005617056278237224,0.07924725828668501
,,,,-0.18710548894995724,-0.22151343805794416,-0.19727287960998288,-0.23048883652836588,0.003809675842032237,0.0028720282008690063,-9.376476411632315E-4,0.017809104807079718
,,,,-0.15744839594934604,-0.1829652830179455,-0.16798488967536487,-0.20706605728419566,0.01329648182373423,0.02047604261521993,0.0071795607914857,0.15504232031227722
,,,,-0.05568652106410187,-0.10592733825131145,-0.06055615790570931,-0.11523460946649795,0.08334441225667888,0.06274893494251801,-0.02059547731416084,0.11686871018464393
,,,,-0.11182186938978343,-0.15221617458189735,-0.12305154709005081,-0.17383253798296905,0.022758058897832115,0.026745417474888945,0.003987358577056826,0.13207159587710413
,,,,-0.17444507237755275,-0.23244469902585788,-0.18165507260221772,-0.2441588663230128,0.004613206375596357,0.003188353419375345,-0.001424852956221012,0.015277220141930652
,,,,-0.18026210426516961,-0.2232967560436841,-0.1933658495123865,-0.2383014821323233,0.007391034304637355,0.008916299585556132,0.0015252652809187766,0.04589862258155609
,,,,-0.2301105125749886,-0.27143136710402,-0.23633629543630727,-0.2793025244094389,8.911129346615387E-4,5.080387126311668E-4,-3.8307422203037196E-4,0.003507919550218974
,,,,-0.14526351202211082,-0.15722554447287193,-0.16603585547208377,-0.1836510818095833,0.037832053499976676,0.04055995148294449,0.00272789798296781,0.11810384674798406
,,,,-0.13775013760381272,-0.1424468505309122,-0.16019082376980073,-0.1699336560249475,0.024021974534639556,0.025577456339969586,0.0015554818053300275,0.10847087992206639
,,,,-0.12028859732711698,-0.1239137692984369,-0.12696618044985944,-0.13867748967272114,0.015019087101872336,0.021098894669842362,0.006079807567970025,0.14365524617363865
,,,,-0.17681778350115177,-0.17665877869772648,-0.19729569243476033,-0.19337700169492616,0.005051483060538008,0.009027645447745286,0.003976162387207276,0.05981846809852954
,,,,-0.1428629835008885,-0.15315527949652744,-0.15819759303198128,-0.1777504336366361,0.010759273056076381,0.021999162805288075,0.011239889749211692,0.1563006395392194
,,,,-0.12995247885016276,-0.13449517010161927,-0.15039791625982699,-0.168529338055228,0.039601766778219194,0.06300823859735392,0.023406471819134727,0.3072622698711245
,,,,-0.14615498098257576,-0.1410964645804637,-0.15819698161091814,-0.15236523236722038,0.014728924224005837,0.02636605770235345,0.011637133478347614,0.1649086648130408
,,,,-0.17330206213155827,-0.18205911805401367,-0.1972785695742837,-0.21289918432091368,0.022859250470604973,0.033037654769946044,0.010178404299341068,0.1546722760715393
,,,,-0.13179648300409735,-0.13754601249027273,-0.1425895808314078,-0.15821402588592817,0.02659834812556475,0.050454382961773715,0.023856034836208975,0.3095343360540806
,,,,-0.15922437720444466,-0.16421153923500578,-0.17773368405163562,-0.18946247774469344,0.014973955096320688,0.03190148209197774,0.016927526995657048,0.21927791762399765
,,,,-0.2246581356041375,-0.2263968383050695,-0.23633284769729435,-0.236338147752867,0.002889356037918556,0.00477569019776997,0.0018863341598514133,0.030002500370489585
,,,,-0.1910939327080502,-0.19689750336430503,-0.2168213439724407,-0.22072501857602167,0.012509318410001977,0.01839473291695231,0.005885414506950332,0.09760400730631301
,,,,-0.2049904669733095,-0.22189793605718133,-0.22462597474724788,-0.23831668263250366,0.007633980647838578,0.008158907696746567,5.249270489079881E-4,0.042029833036511643
,,,,-0.17784293282363892,-0.1852935752147357,-0.1972681587308577,-0.21291386880260788,0.011726470894457225,0.021268780669979497,0.009542309775522272,0.12549825433261946
,,,,-0.15683512238946137,-0.1660731076580329,-0.1738328109695788,-0.1914392108504255,0.020040774424895887,0.025316253302502832,0.005275478877606947,0.12704626336539804
,,,,-0.1740932903559269,-0.17801991998115985,-0.1933671350887516,-0.19927617202914186,0.010877549775523757,0.015044565986071656,0.004167016210547897,0.08572762793650536
,,,,-0.17199869677914797,-0.1866485461911489,-0.18946478012879528,-0.20707251737861462,0.012076933056262874,0.01278101226582842,7.040792095655476E-4,0.06467903003477798
,,,,-0.10491210993263209,-0.14552485582085586,-0.11913993314620061,-0.1679761255426572,0.057124481537379805,0.050798825919752794,-0.006325655617627009,0.12947658024217412
,,,,-0.13650333412458282,-0.19551182527455221,-0.14649034612692333,-0.21290046101204735,0.00881573826807051,0.00905371793097804,2.3797966290752865E-4,0.05154713648333306
,,,,-0.12059412652187276,-0.14905072370009553,-0.1347750777538618,-0.17383416565943324,0.02281587972892872,0.034310534594707315,0.011494654865778595,0.2088374589625853
,,,,-0.09305526099820081,-0.06843208184819756,-0.09766976470884108,-0.07421710028084175,0.05731063533577498,0.0694947329808774,0.012184097645102426,0.36796645151483215
,,,,-0.10052537268444031,-0.06378162646800985,-0.11329534759115512,-0.06641031235342562,0.012912234910328424,0.03317473030704151,0.020262495396713095,0.2405507772613506
,,,,-0.12129216989134124,-0.10459859811344256,-0.1308587829119987,-0.11133370785649353,0.009717100131385296,0.019315434229525197,0.0095983340981399,0.13167123096403308
,,,,-0.10738353300585977,-0.0942707181293256,-0.12110945762449482,-0.09764968223981763,0.012234356653682563,0.023905870883495398,0.011671514229812836,0.14932527485044803
,,,,-0.10894444977053276,-0.07466061462262892,-0.12305567812764927,-0.07617239287828043,0.020019304577925976,0.04206795080621178,0.022048646228285812,0.26678744907068586
,,,,-0.12231398145546686,-0.10307953240360397,-0.1367535316736511,-0.11132530402207162,0.017067554420266678,0.03037056929120889,0.01330301487094221,0.18244832554017526
,,,,-0.1133567370186483,-0.08233372426440455,-0.12305045380860756,-0.08397755062798858,0.015253889010940836,0.02742823277341723,0.012174343762476395,0.16346549287094111
,,,,-0.11398873286305947,-0.07725539206622532,-0.11914306876136829,-0.07420370258855888,0.012716769396016911,0.025929173111100417,0.013212403715083509,0.172878786919898
,,,,-0.08919111293124089,-0.06105098590098063,-0.09180237412330486,-0.05663988672124334,0.02189360067810195,0.031178728832842922,0.009285128154740979,0.1892197761371829
,,,,-0.0984226879019254,-0.061817145295820136,-0.10352057361694847,-0.060539189007361986,0.019313870442081195,0.034520882683715386,0.015207012241634203,0.24243425110709357
,,,,-0.07385894820726048,-0.054750668932752974,-0.07421558716999156,-0.04883125202668367,0.03027090824903581,0.03593272593464223,0.005661817685606418,0.2083897654353197
,,,,-0.07399903541301908,-0.05102375389011184,-0.07421559362520697,-0.04295594741568651,0.02850831334368386,0.034052190784002685,0.005543877440318823,0.18387028167706398
,,,,-0.09086805452499938,-0.06493581785304825,-0.09570478275706187,-0.06054742029170261,0.021700669944679722,0.026425488183670912,0.004724818238991186,0.12846401838360924
,,,,-0.03839585420128905,-0.03806026508971895,-0.03319968971964075,-0.029293786924613173,0.05383854974196151,0.026355903975548788,-0.02748264576641271,0.10988489970552735
,,,,-0.08517301992811468,-0.07592861096352546,-0.08789353037339731,-0.07225498798620705,0.01591741379602756,0.020541690720906607,0.00462427692487905,0.12509410204634377
,,,,-0.02473014602525112,-0.033931984574918556,-0.019526798671532477,-0.027334591120716914,0.07171164790990904,0.05909675130996607,-0.012614896599942999,0.3072767479405218
,,,,-0.030528024493345376,-0.01898036241851402,-0.027342315245515152,-0.011739001994288428,0.0585949064085429,0.09722554318400013,0.03863063677545723,0.6569688514298581
,,,,-0.04751151684123048,-0.0755089415351203,-0.04492495984429342,-0.07420421008185564,0.05766216668563928,0.012311444199027011,-0.04535072248661227,0.021762776008496895
,,,,-0.040314825029743165,-0.04488652712071335,-0.03711239701226178,-0.037083997800158766,0.06295406509610743,0.02828062099545155,-0.03467344410065587,0.11563774390691299
,,,,-0.004605231035089322,-0.0444694938587501,0.013674907243300368,-0.042977463419651016,0.151331707677284,0.04054259740733219,-0.1107891102699518,0.0964375706178813
,,,,-0.02472652660029294,-0.03253132955518994,-0.01758108506128344,-0.02539041442032647,0.06124432169761972,0.04302763891380223,-0.018216682783817488,0.17928140806978066
,,,,-0.0194383048896575,-0.03196230956788506,-0.017576167081775857,-0.027341600305103863,0.0690275347658299,0.05366689377643369,-0.015360640989396214,0.2868358760091512
,,,,-0.001100447873792992,-0.026997882220121252,0.011743579770119738,-0.01757722987575077,0.11469757971344054,0.03258642533421358,-0.08211115437922695,0.06529749589180776
,,,,-0.07492752470551414,-0.06018673748707234,-0.07422740335391718,-0.05077717253745706,0.029736332918035898,0.03831517641864253,0.008578843500606621,0.2459871362441674
,,,,-0.09554342733048136,-0.07514359771542445,-0.10351612790281144,-0.07420917896352056,0.022722203747025764,0.03629286491322033,0.013570661166194573,0.22154826925666207
,,,,-0.076670308778732,-0.0571844334996423,-0.0761675022814322,-0.05273087259134884,0.028176908853712074,0.04308829956879703,0.014911390715084958,0.28281758859622064
,,,,-0.10666382139644644,-0.08098838311422925,-0.12112974293225393,-0.08984166757059574,0.02323172007905658,0.03466404082796791,0.011432320748911325,0.2011882417700687
,,,,-0.10796867584111096,-0.07902715339677484,-0.11915015491255591,-0.08203496411797058,0.01536192800326879,0.02426613666290456,0.008904208659635763,0.17427830559129218
,,,,-0.07981844358382112,-0.05378011792034701,-0.08986915662353033,-0.05861129915009901,0.03369213195677783,0.05228096378290101,0.018588831826123184,0.3102851866098771
,,,,-0.12289833901193019,-0.09366308961555729,-0.1445713007523498,-0.10351931448771323,0.015159360115500325,0.029256407854362114,0.01409704773886179,0.18793394989211168
,,,,-0.07865114680618597,-0.052930389981024305,-0.08987264308331129,-0.058614297701396215,0.022669208272470126,0.052281018702052144,0.029611810429582032,0.378046347934441
,,,,-0.06561803723315161,-0.028862099473285597,-0.06444296816163941,-0.021471841057973697,0.01948270124568565,0.05149332417988207,0.03201062293419641,0.3940397166606277
,,,,-0.0785467989355582,-0.05038396165054612,-0.08986343270363104,-0.05079174706223189,0.02334681736166947,0.035191267201150116,0.011844449839480645,0.22435419683032007
,,,,-0.01910554547278949,9.929327122475246E-4,-0.003914727562935888,0.011735288098505854,0.05381171015297396,0.08736541444167412,0.033553704288700165,0.5469423046860076
,,,,-0.019874226396479972,-0.006277225296134882,-0.011699707983750819,0.00389855263372062,0.05045291961725066,0.07477197462951998,0.024319055012269317,0.4427778288202341
,,,,-0.030523288589113986,-0.01408878122745407,-0.021483930230327235,-0.003912681935036324,0.050296996995183876,0.05147905964430915,0.0011820626491252568,0.2858175521106089
,,,,-0.05828466469596673,-0.015731573715468312,-0.052733068845586546,-0.0039228607579372765,0.018236163364597897,0.032785026584402355,0.014548863219804458,0.2555382242501661
,,,,-0.06371240745333173,-0.02941148077036249,-0.06054469053016458,-0.025390333847749625,0.01393848825388743,0.025713819703218024,0.011775331449330597,0.16907283317800784
,,,,-0.07635009934336194,-0.05235386013442206,-0.07617388624373787,-0.048832259728493775,0.011928527082801645,0.02324445272200508,0.011315925639203436,0.1625202349883561
,,,,-0.07823952625991482,-0.06488922299341515,-0.08008030420841629,-0.06445690433179918,0.015576054251914658,0.027801287015200977,0.012225232763286319,0.19964297941810544
,,,,-0.0541900793419259,-0.03538134545070795,-0.05272646719598223,-0.0331972297585964,0.033685335616921455,0.052460710047642856,0.018775374430721407,0.35462749007384875
,,,,-0.03905636509958342,-0.025657385726493415,-0.033200770290069404,-0.017570839201051573,0.021713437540376586,0.040813636371326525,0.01910019883094994,0.3101249647831812
,,,,-0.03791371948683991,-0.02281993952513446,-0.02929948953052772,-0.011714362307058865,0.029853907727721316,0.0323958375526896,0.002541929824968293,0.1995872357389002
,,,,-0.029234869001099544,-0.025108201036599564,-0.021485058671507,-0.019528462801089563,0.05161446862408675,0.06545625102140733,0.013841782397320573,0.4280746406838817
,,,,-0.00891915015990638,-0.011513328869450258,0.0019303128259522786,0.0038892586470160397,0.09291791065363428,0.08358479252249121,-0.009333118131143082,0.47866948353209193
,,,,-0.055172803242510955,-0.022917150066395754,-0.052732599883785224,-0.011696843709036637,0.01759614357880844,0.02964520746186269,0.012049063883054248,0.22731642372662697
,,,,-0.014919996389642582,-0.010549327726540415,-0.0038956579973376247,0.003907900681507556,0.022050934306365202,0.03164781231540091,0.009596878009035706,0.23221946102091734
,,,,-0.03966915409966403,-0.00475587144210321,-0.027333657886483453,0.011740678224171054,0.02614024908319626,0.05557211546650929,0.02943186638331304,0.4134628839451819
,,,,-0.04396824723878494,-0.01205701675641398,-0.04101604333042427,-0.0039099719505015645,0.02373122556409855,0.03583236763159631,0.012101142067497751,0.27642453019182833
,,,,-0.05560046695415472,-0.013231877765276102,-0.052737943325963224,-0.0019739212385990693,0.012195573062866462,0.037175344811761456,0.024979771748895,0.2891531342452686
,,,,-0.02911022052563554,-0.009163797370768745,-0.017570866781014917,0.0038913984753059052,0.02414162157460491,0.08646124751101245,0.06231962593640749,0.7400322168957263
,,,,-0.03968406530147011,-0.005781481070926561,-0.03320598828504313,0.005862507705452038,0.02925487377348198,0.05284242729567013,0.02358755352218813,0.3930382137793263
,,,,-0.007655476177257454,0.029822843712515836,0.0019391169018260625,0.04103286148739173,0.06436732788834157,0.12920997823411182,0.0648426503457702,0.9556564021193816
,,,,-0.0648916555593402,-0.010435553091608603,-0.058585214060411554,0.003939780448934702,0.02438180949475616,0.040850928944108814,0.01646911944935266,0.29467779488611656
,,,,-0.013805045648388659,0.0023912333527978643,0.0019353518583469986,0.011750577891735729,0.048830416726932724,0.04520163664609391,-0.003628780080838822,0.30316468865702223
,,,,0.006074674086197248,0.019910267654013755,0.021487749502701638,0.035196731743124855,0.07485514963280367,0.07656413573990031,0.001708986107096632,0.5107043938814918
,,,,-0.014726887131368062,0.013801850104517724,0.0019426774748137956,0.02738659101355073,0.06364167630187652,0.06456662992742554,9.249536255490459E-4,0.41296812153927953
,,,,0.011054913044693086,0.031717716717172995,0.02539744684735352,0.04884134863889274,0.09413400752865442,0.14769476051302613,0.05356075298437171,1.0401042516223018
,,,,0.0022883195303987445,0.0032643538487140385,0.017591645638140443,0.027386717342641562,0.0679819832132051,0.08925324988111837,0.02127126666791329,0.5369699047642051
,,,,0.014733206682682002,0.020490824371464142,0.02539949947657704,0.03519824953666919,0.11825016142978814,0.10641677693949345,-0.01183338449029474,0.5206659943417317
,,,,0.06584351436672424,0.020472299335087964,0.08009588546570162,0.03519744431010844,0.37174648818436057,0.16546525264706197,-0.20628123553729866,0.07619556677945472
,,,,0.013212522734629572,0.03536001677395172,0.02148862294765431,0.05081536396691224,0.08560452252212009,0.16705714976436825,0.08145262724224812,1.2589284090411896
,,,,0.021127605953885048,-0.01241526569485013,0.03712253216967684,0.011756980793157748,0.08702042045506234,0.061396902323593565,-0.025623518131468778,0.3203055026538672
,,,,0.012035417686328053,0.02299442166934289,0.021487286283116875,0.03520264037254186,0.0839170256981089,0.12278620239851318,0.03886917670040429,0.8495649064564182
,,,,0.0033492668692108943,0.0037402705351729545,0.013668042068583216,0.01957263391572381,0.07270507916998838,0.08570063234022524,0.01299555317023685,0.5569661076994771
,,,,-0.015164377472568014,0.008543637596090147,-0.003910309235204957,0.027373847275573886,0.03276177734277397,0.10331041209960495,0.07054863475683099,0.8794549887321871
,,,,-0.005253111738848746,-4.5071798727698944E-4,0.0019339604173718133,0.011747272739211919,0.0451919461680085,0.06996790066398365,0.02477595449597513,0.4976586190087161
,,,,-0.011118330698277275,0.01329458820324934,-0.00390404451917347,0.035202427533646004,0.03653870053214802,0.12051806766874838,0.08397936713660036,1.0166533746058064
,,,,-0.017401540398530688,0.01610426189615799,-0.009760269232596623,0.0351845429011048,0.021468348364733707,0.07171597635635331,0.050247627991619595,0.6181575096601973
,,,,-0.013369444851133137,-0.010639340093710826,-0.0058587383316014985,-0.003927542867408358,0.041479323503503376,0.07513980570368395,0.033660482200180544,0.5769326913724399
,,,,0.0017959568750089893,-0.0013786103995239462,0.011725724122001036,0.011728202404604189,0.10783206562540344,0.10397844021984191,-0.0038536254055615347,0.5723880997410116
,,,,-0.006317078205670511,-0.021508551804238555,-0.0019920726007778885,-0.011713534680915821,0.08141366290293073,0.08544806553331975,0.004034402630389033,0.5206770102134403
,,,,0.019030905581982747,0.017831485815228212,0.029300438198590007,0.035181557019813146,0.1540700950231173,0.17831172007940277,0.024241625056285472,0.9773531118247876
,,,,0.04326119305209679,0.030496633172417867,0.06446132537452752,0.05866663662782397,0.2647643576893178,0.19779615418343902,-0.06696820350587877,0.7803265300457723
,,,,-0.007506156133520264,-0.02820122654309957,-0.001987032843456942,-0.019518402551792824,0.12655665138851402,0.05218186487916148,-0.0743747865093525,0.18308550478112579
,,,,-0.02176046014783615,-0.045228962857936136,-0.019531132152199274,-0.041020073851487135,0.0891821952968697,0.041433281587238024,-0.04774891370963169,0.12082408806626263
,,,,0.0026799705860043473,-0.006990031684056416,0.01264010077963633,0.0038942195763222573,0.10891483016172798,0.07767306458248707,-0.031241765579240927,0.3607409010981998
,,,,-0.004445070637359581,-0.015779224823656308,0.01172662366592342,-0.003912330706581652,0.11807119351208592,0.08225336918468765,-0.03581782432739828,0.3752867071212666
,,,,-0.01047067693605969,-0.03949049374084439,-0.001974760036231265,-0.027337838635313062,0.08832327925151917,0.03474425787648884,-0.05357902137503034,0.13964000162778512
,,,,-0.0012716839390971867,0.004150563695817176,0.01367574976592006,0.01955666367275521,0.14298879026031594,0.12592773862596923,-0.017061051634346708,0.6608075322085951
,,,,-0.006243122882010973,-0.029459547296127514,0.011723452845700469,-0.011708905856566752,0.17394196961416472,0.09302211219425238,-0.08091985741991232,0.31394761837640667
,,,,-0.030397635060872615,-0.052233070028410405,-0.003920718330078846,-0.027325733898067684,0.08818679732049786,0.042492361609891074,-0.04569443571060679,0.2033969855405501
,,,,-0.06519519341352446,-0.07858146289150289,-0.027309891498118653,-0.04292451329582078,0.07949513822796224,0.07593857653781717,-0.0035565616901450767,0.48196101713003414
,,,,0.005048305332650244,-0.019974038163991983,0.027382637948686166,0.0038892884102757425,0.09388810431548902,0.09246227603262787,-0.001425828282861132,0.6312484986622963
,,,,0.012420188529022796,0.007458182551824723,0.03320539573883995,0.02737103971769695,0.13784514176476367,0.11569717238790611,-0.02214796937685756,0.6360846588865401
,,,,0.012452845215159014,0.012239011211819476,0.035200453204218954,0.03519601971120225,0.10692353956925918,0.12673718303460846,0.019813643465349272,0.7720971787711127
,,,,0.03328683339760284,0.03339030987531733,0.056651474455370436,0.058672647665365486,0.16857474470112396,0.17726921422912365,0.008694469527999715,1.0250872738104628
,,,,-0.04864007724774421,-0.05199635502769506,-0.037107574768317705,-0.04295564811531088,0.0271244830338002,0.0485531584860502,0.021428675452249992,0.3668219460450213
,,,,-0.11940430815202394,-0.12386927539480576,-0.10741982763124118,-0.11325258686393222,0.03352778677925956,0.045934307433094186,0.012406520653834621,0.27010930790620064
,,,,-0.05340415169222076,-0.06693487050783004,-0.029296436066831667,-0.048827806359657444,0.0399657343186199,0.052757247732010584,0.01279151341339069,0.3667380644816536
,,,,-0.015664015454218964,-0.044555024567428776,-0.00390625531712398,-0.027334356258140527,0.050915418527149,0.06104201078781684,0.0101265922606678,0.3915499599588069
,,,,-0.03513139864337424,-0.04652327530739207,-0.02733198571713935,-0.03514134493737125,0.02299448981355495,0.035448977823453215,0.012454488009898266,0.2647516835061751
,,,,-0.049687372589204575,-0.05110253345558328,-0.04491623213948516,-0.04295554318157964,0.05112292126576763,0.05874311556180343,0.007620194296035805,0.39399484330372686
,,,,-0.031549835002668836,-0.04226511816922693,-0.02733169860682818,-0.027330040005426014,0.05220016312252881,0.05728407855135943,0.005083915428830612,0.3094268357048017
,,,,-0.04444929825245351,-0.05253288064034129,-0.035148256049768525,-0.042951075392967886,0.018019368043986028,0.032729166002788565,0.014709797958802538,0.23676768800695117
,,,,-0.04768754312189639,-0.05071086010685244,-0.04296893785541778,-0.04296164953912372,0.022405958507481376,0.0396848973214917,0.017278938814010325,0.30626339449323065
,,,,-0.049755435089591175,-0.04317987851262716,-0.04295688575973869,-0.02732297009244215,0.019213069908325466,0.03757977212665946,0.01836670221833399,0.30138674421638934
,,,,-0.043480940975334274,-0.024866767409599068,-0.035155242381959856,-0.003886694161391258,0.02542554244052674,0.035956454801999646,0.0105309123614729,0.27811661448501934
,,,,-0.022472023373327356,-0.027535647469838696,-0.0116960025804565,-0.011694441118378775,0.05511739666240038,0.051308581740482175,-0.0038088149219182004,0.31212959103540344
,,,,-0.020643910344635454,-0.015732645368728624,-0.00198225650087615,0.0019262545566694985,0.04008426570753637,0.05356770465307394,0.013483438945537558,0.37684785732639503
,,,,0.033773700515611245,0.03606203731822479,0.05274708981524069,0.05665489651055381,0.1886759562415499,0.1758148982687232,-0.012861057972826684,0.9120897329704246
,,,,-0.006717517687882095,-0.005511394211595504,0.011745747629978905,0.011764916014266593,0.07716274456694622,0.060642351711001775,-0.01652039285594443,0.30250546667850625
,,,,-0.005757432012747936,-0.002798465584337518,0.013674686191195919,0.011767183146162154,0.06847068722199046,0.06420547823858397,-0.00426520898340649,0.3729375445186686
,,,,-0.02172356161600156,-0.020756575294389724,-0.003910097450293205,-0.0038889098503978345,0.05677391341066563,0.045147257809271264,-0.011626655601394354,0.22446471538381133
,,,,-0.028768826934355136,-0.021562091441358813,-0.01169732415569843,-0.003886968997876377,0.04517431093916028,0.04263256627672121,-0.002541744662439059,0.24860718109560206
,,,,-0.046626299198131604,-0.05167588630292293,-0.027321743941010918,-0.035130938664182744,0.039266627694524756,0.02920873734238434,-0.010057890352140412,0.16492349089583896
,,,,-0.008994229922391612,-0.019200595526941092,0.011750669721347317,-0.003917555917485467,0.060076996204421904,0.05233177498606998,-0.0077452212183519295,0.3261191203250349
,,,,-0.012898749903431608,-0.031086176158824086,0.00389377365115039,-0.0195122416882966,0.05260274681509017,0.02776447698621223,-0.02483826982887793,0.13496848671771286
,,,,-0.003749957854827795,-0.022913594301588007,0.019568270782907654,-0.011694958130339848,0.07996865977231744,0.04313195337082886,-0.03683670640148858,0.18520213306117614
,,,,-0.1013815905549103,-0.09349120319549697,-0.10742176671734359,-0.0976620308263093,0.022436471408430747,0.021623382853011394,-8.130885554193485E-4,0.11456390367492801
,,,,-0.023379050876006738,-0.007397182450429947,-0.011688796003569845,0.011771253892464214,0.03875196362516211,0.06405647968866558,0.02530451606350349,0.45287023417879907
,,,,-0.026436705430471063,-0.02419997865886777,-0.0039053249691941177,-0.003924968089141384,0.060711983245604076,0.09023167374195212,0.02951969049634805,0.5552342890031394
,,,,-0.024427673285850972,-0.01486160984091465,-0.011698967341796557,-0.0039016852039977434,0.04531931187173651,0.061282823469365005,0.015963511597628485,0.37330686608164554
,,,,-0.05141353683299856,-0.05586254805312266,-0.042957235721255746,-0.04295266680703524,0.013372399276512367,0.017387344590105654,0.004014945313593288,0.12029717286640401
,,,,-0.038476194526281295,-0.045033468599851814,-0.02733228898065363,-0.035146603572797835,0.025715997273109574,0.02716983577880361,0.0014538385056940264,0.16606191002844473
,,,,-0.003385098354005959,-0.01253596871990489,0.011739594945909353,0.0038944287877812774,0.07499687170800155,0.04680348800869998,-0.028193383699301577,0.21971889618133292
,,,,-0.030675929830627686,-0.011858015325253629,-0.017573435143989676,0.003905100895324631,0.04722514294413911,0.06515494069526642,0.017929797751127307,0.4419735563666534
,,,,-0.03746620756654993,-0.018045492668035196,-0.027325001611102313,0.0038983600181578793,0.04472296051228658,0.06736601065178227,0.022643050139495684,0.4553806406546511
,,,,-0.01996721052760795,-0.03041406172923919,-0.0038990962530493557,-0.019525435886231016,0.07521265600534369,0.06344102930699434,-0.011771626698349344,0.3653999636157427
,,,,0.010355344919589336,0.007778192132147782,0.02930333369859247,0.021490223446741827,0.1345358531965258,0.09530158556715874,-0.03923426762936705,0.48568948377289883
,,,,-0.023730805633211744,-0.031014078590366534,-0.02148570048242387,-0.027350097249382744,0.05181977412841169,0.054653082259474274,0.0028333081310625715,0.31361876831250945
,,,,-0.025210767635415073,-0.017966303518755753,-0.021485997020216273,-0.011708251536020177,0.03786028148571873,0.04995519979306845,0.012094918307349729,0.32195345375611667
,,,,-0.041794310163442094,-0.038508781890107216,-0.04492460854953005,-0.03320485441390594,0.04698283958594303,0.038191873982921,-0.00879096560302202,0.1927180034705857
,,,,-0.0302284454285018,-0.008578328839510064,-0.025398866289212823,0.0019188757010032884,0.02833479205877255,0.05890129076288887,0.030566498704116322,0.43068259009019483
,,,,-0.021779146179080725,-0.020863835535748235,-0.013669271519975407,-0.0038762661907195293,0.026703930370350938,0.0355958402722159,0.008891909901864958,0.24366720625398106
,,,,-0.03890344336802424,-0.0029024146554654006,-0.03319487023798978,0.013651947526894874,0.01633783404402882,0.05589934931355475,0.03956151526952593,0.4543723973314296
,,,,-0.032266459678001354,-0.028131127192749107,-0.021475491356794957,-0.003934338569120683,0.032176740367899935,0.05490730318083901,0.02273056281293908,0.4127055442732226
,,,,-0.06042093636883689,0.005717930006025024,-0.05664359187550948,0.019568215097429384,0.014352692046077592,0.05087538430383475,0.036522692257757165,0.42614181635143655
,,,,-0.018759225753042463,-0.057275068954359215,-0.005853188869823056,-0.04294567885158844,0.059606657525067545,0.042028724947991467,-0.017577932577076072,0.1949330175531461
,,,,-0.040457191270096164,0.005157010816082806,-0.03515281781847117,0.027386393785744607,0.024323759604968204,0.077801785916399,0.05347802631143078,0.6393361241180294
,,,,-0.027740239188109108,-0.01647917107541181,-0.019518632777247042,-0.00391020170793876,0.03515654430145514,0.03769894153446535,0.002542397233010217,0.23513421895776038
,,,,-0.027995875612361887,0.011528025255701525,-0.01952277816167337,0.027378597760588895,0.029931224992140213,0.05991188614965932,0.029980661157519118,0.45584872134180576
,,,,-0.03806014291912798,-0.008692759770930491,-0.03319978874979298,0.003937233477040347,0.019654602255586733,0.033120879016294465,0.013466276760707729,0.2327368430522015
,,,,0.004230395065201039,-8.906402644121453E-4,0.017585620808310717,0.011744641728689236,0.053179718403127185,0.0385986546224969,-0.01458106378063026,0.1922455051916445
,,,,0.010164953012497122,-0.012508227622757124,0.021491045408349133,-0.003902876485274514,0.08479956760949492,0.0334391548984912,-0.05136041271100375,0.058641511850562524
,,,,-0.02406864492083358,-0.02144680490721301,-0.013669415584775203,-0.011693152212769323,0.04072605718300469,0.02125182797549833,-0.019474229207506362,0.07284592454770193
,,,,-0.017859696912302415,-0.0012628894887764064,-0.005847652231652597,0.01174709208312138,0.04862916696781378,0.057956867669929,0.009327700702115208,0.3509803404743146
,,,,-0.016360237229184667,-0.02370904807388054,0.0039006890052576755,-0.01169535197993592,0.05444888899332334,0.05531979468259394,8.709056892706137E-4,0.28102169623171225
,,,,0.005704119841355036,-0.025892632553988285,0.019565941851320937,-0.019512672973615277,0.05664956954124664,0.03036639158003429,-0.026283177961212358,0.10977677729953712
,,,,0.017093100011910074,-0.011364298965220863,0.02930312251096229,0.003898951054813004,0.1004327154055587,0.03633246079556773,-0.06410025460999098,0.12049321661890744
,,,,0.033472604545872135,0.006054852478799368,0.04492847301902977,0.011740934683177542,0.16007224102192844,0.06670253016417563,-0.09336971085775281,0.24910685509426672
,,,,0.0364438743018403,-0.0104735176250679,0.050828972726175856,0.0039044168593262937,0.14652514453647827,0.032375636689935657,-0.11414950784654258,0.018142550270617265
,,,,0.052060950351423343,0.010588566642662169,0.06643357414643121,0.019554631090640113,0.23337832363987246,0.09992738547319126,-0.1334509381666812,0.2775475342195937
,,,,0.02659041645522337,0.004849918547135048,0.043002255093901806,0.01956507652546061,0.1261737810200569,0.05773960891745348,-0.06843417210260343,0.2724136983256755
,,,,0.018552511512036372,-0.05444058191599434,0.03518640093768107,-0.05076147456704885,0.10276715113736197,0.018139932238733867,-0.08462721889862813,-0.02212915015584327
,,,,0.08380928492166372,0.0315454275224813,0.09767343344318638,0.04297460977612517,0.4671389121120067,0.1695182690119424,-0.29762064310006436,0.015304807817822322
,,,,0.06332796718170428,0.014386766947714862,0.07424432301699514,0.027364555467820354,0.315851512935485,0.12695215052437456,-0.18889936241111047,0.1285789353977656
,,,,0.06758378186156627,0.02017665654901809,0.08205780577084401,0.035167843350077686,0.3776885675738509,0.16298238512317442,-0.21470618245067646,0.13824660592293533
,,,,0.09340049545323433,0.04116884352001757,0.11330656231237639,0.0507976651065638,0.5565627962562504,0.3002965498502747,-0.2562662464059756,-0.0936961754981096
,,,,0.07991274324154288,0.06307842608657865,0.10547804412765373,0.08204684753681339,0.5087385477661496,0.4137614181139617,-0.09497712965218794,0.35626449540223837
,,,,0.06670998532535655,0.04612502101648775,0.08206765462682926,0.05861114518478123,0.4224513701170891,0.31022941606994137,-0.1122219540471477,0.4577643223481247
,,,,0.08116357057795573,0.0538727887197398,0.09768024272275039,0.05860795192766715,0.4748100160675956,0.28271794205360273,-0.1920920740139929,0.36464116980890543
,,,,0.04547762662219395,8.751502511795603E-4,0.058657366471437114,0.011766115286532397,0.20501531469080825,0.04252340217643524,-0.16249191251437298,-0.004437644866029859
,,,,0.021165389305144586,-0.007017668854608031,0.04302308754160531,0.011750531251444672,0.15751150840328537,0.04313434817615323,-0.11437716022713215,0.04660505188020822
,,,,0.048446165237523146,0.001372958777764097,0.05862475013511226,0.01175245250385704,0.21571049094259573,0.06391713909261777,-0.15179335184997803,0.029533684537723932
,,,,0.05411504088001154,0.012850518662474766,0.07427240822330651,0.027382302485627497,0.29060711633441955,0.0798815326654847,-0.21072558366893487,0.07238036113285794
,,,,0.06424204522132858,0.02043381279214937,0.0820513164502844,0.027364020908312966,0.3647771831017534,0.1538431678353875,-0.21093401526636596,0.055206496581969224
,,,,0.07546990541102204,0.053014178729929945,0.0977047749454156,0.06641373276554836,0.4584911466367566,0.2952716089768691,-0.16321953765988753,0.4873997386064885
,,,,0.07078331235324212,0.048420126764903614,0.08988165574012598,0.06644041088568532,0.4019949254207549,0.24593070641873127,-0.15606421900202358,0.5643272677130395
,,,,0.043109217898481086,0.015806109850379998,0.05864095355777452,0.027385328780993947,0.24596438841190107,0.11082587172729569,-0.13513851668460541,0.2683295973002934
,,,,0.011479421786194176,-0.030681589406133854,0.01954280841705723,-0.019517699046919672,0.10499183989538621,0.027510860247282838,-0.07748097964810337,0.02308250847557397
,,,,-0.0077376807224054526,-0.06805297599919688,0.0038982969167581896,-0.07422742161724945,0.06299108847322493,0.03163134973264955,-0.03135973874057539,0.12418987184922534
,,,,-0.01377024794656901,-0.05225931749661548,-0.003912364551851286,-0.05076892879346029,0.06881489986750675,0.06047021886032363,-0.008344681007183118,0.26130604072425917
,,,,0.027254252067544008,0.03178257837216373,0.03518315729454022,0.027346403005364082,0.21837530856336676,0.24573825907663993,0.027362950513273268,0.8356948229119686
,,,,0.03181904418233603,0.04413934755089209,0.04298506193790271,0.042976435407039784,0.21219915088680633,0.2541447389849682,0.041945588098161846,0.9392405836335151
,,,,-0.007365730321398644,-0.03215227969899759,0.003913479936479477,-0.019529208484944674,0.056198901534636365,0.03412190552827186,-0.02207699600636449,0.1453103885969176
,,,,-0.0021357765868220513,-0.0182250667098577,0.011742413389985789,-0.0038860214654577938,0.0810430335851474,0.041072055985405566,-0.03997097759974186,0.17626148360808674
,,,,-0.0030262369896216427,0.002679371174064044,0.011733784076090931,0.019572854047033957,0.07550993526620185,0.07111910449445945,-0.004390830771742406,0.4283522754874708
,,,,-0.01655789521339539,-0.008263420657413248,-0.003922954437265864,0.011746564098774325,0.04230857753323775,0.05966913456990314,0.017360557036665385,0.38810725595158296
,,,,-0.04617253473619721,-0.014337793089555928,-0.03320027430892616,0.003897302570133772,0.03730605517520119,0.06727780743476156,0.02997175225956035,0.4832968739326106
,,,,-0.01933631034665977,-0.005033310756357101,-0.011701302135225359,0.011747348996797002,0.0368110472345356,0.06217535634102131,0.025364309106485697,0.422816849502279
,,,,-0.006998825678267153,-0.028095494714891384,0.009772327868448715,-0.011689203799884631,0.04064959803203975,0.02303181920565335,-0.017617778826386408,0.11888588043851325
,,,,-0.020190867617813055,-0.03427604771322883,-0.005853937841960312,-0.019517712547002204,0.01934444474387958,0.024171600205491018,0.004827155461611443,0.16787199234321842
,,,,-0.004174231873289612,0.008417631848787924,0.011736117820307458,0.027372362308550204,0.08934314464504686,0.10900437069595649,0.0196612260509096,0.6753662698693202
,,,,-0.02459007328890043,0.0019251600173250463,-0.01170562358851806,0.027378613842702824,0.05721967757520684,0.08914740743798664,0.03192772986277978,0.6128307263354087
,,,,-0.02045204852215313,0.009564455746683928,-0.011709484908624038,0.027372875658061693,0.05189932900864836,0.08850072395633649,0.036601394947688125,0.610547229110718
,,,,-0.029692217184510792,0.008614912959023124,-0.019519442059827658,0.027379057859890678,0.03500277925623761,0.0816987302352841,0.04669595097904648,0.6449756683210529
,,,,-0.012614640638731961,-0.007144935774455089,0.003887469060990989,0.0038733978896013954,0.05628596739310936,0.07033082742961988,0.014044860036510527,0.4477675309973777
,,,,-0.0033307851656313105,0.00882781071941245,0.01174359988141149,0.03518974173079652,0.10525499026839916,0.14668990627178008,0.04143491600338091,0.8093527016899509
,,,,0.004195059734962571,0.010807029044892748,0.003870327579246543,0.0038772012933649728,0.1813082651183433,0.2024969713861431,0.021188706267799756,0.5123113972023814
,,,,-0.016475369127869666,-0.002528618185877262,-0.003916359107353726,0.0038891971764239233,0.041645676039325646,0.07301165256538172,0.031365976526056084,0.511414239388035
,,,,0.00425233919902667,-0.0018980810159269664,0.01956615033271004,0.009774858784903143,0.06571199264828771,0.04107786693461711,-0.0246341257136706,0.24773463226355324
,,,,0.02034097602206675,0.030236138219681907,0.01954186889754867,0.019526773141533026,0.22953511584921643,0.25885207483770667,0.029316958988490124,0.5166648447012192
,,,,-0.04070418546049149,-0.017682224514983535,-0.04295701643930694,-0.019527625027458438,0.08317280083735128,0.11288043329499954,0.02970763245764826,0.45771181246183634
,,,,-0.05122698761313882,0.002171065651678995,-0.05078720248784385,0.019574932753859926,0.011237654886663432,0.03963504999609942,0.028397395109435987,0.3433469628397585
,,,,-0.05652386073380053,-0.0029739908927600344,-0.050785951467885025,0.019569778793603314,0.015461563511070212,0.054778393484290824,0.039316829973220606,0.453994410323178
,,,,-0.053705627438566446,-0.019603898859533318,-0.04492032992453394,0.003929089215038226,0.028555109417675004,0.04334941550123878,0.014794306083563778,0.3353394975787526
,,,,-0.052088348713904935,-0.029075412634884563,-0.04296032499818843,-0.011695740899919056,0.022638369163400916,0.04832705246547856,0.02568868330207763,0.3935856305225568
,,,,-0.05895742139362968,-0.04365818476070481,-0.05273625122010714,-0.027319743154129855,0.013436339177912588,0.0254713280548003,0.012034988876887719,0.19732276320949932
,,,,-0.04264427279770169,-0.013905762252243591,-0.037106802318185694,0.003913991302882014,0.02864238442123309,0.042763479167888974,0.014121094746655896,0.3356944517437248
,,,,-0.041664208353387716,-0.0435976072147654,-0.02929257764986716,-0.027317928171200552,0.03158402192491286,0.03537356758876347,0.0037895456638506173,0.2522701766188816
,,,,-0.023254186650968973,-0.034679050313299466,-0.011697376463432434,-0.01949988902778964,0.036024755873718804,0.031325431277671824,-0.004699324596046991,0.20766591170456117
,,,,-0.054801473254236836,-0.0422571614536701,-0.04296406490353576,-0.027334049864845233,0.03305273081589451,0.03596152760317294,0.0029087967872784407,0.26380761541973025
,,,,-0.08133683634751866,-0.05726971203341654,-0.07421619226194352,-0.050763751562753937,0.014942077575085224,0.03620188459422556,0.021259807019140344,0.26699237991036745
,,,,-0.05758076975012206,-0.04826043555165999,-0.05077632361745347,-0.035147804643056786,0.013239118113128837,0.024512322566924986,0.011273204453796147,0.18531259070183959
,,,,-0.0538489629563939,-0.03388290616188795,-0.04100872197334218,-0.01951039710715037,0.022348698201067347,0.04069581486631717,0.01834711666524981,0.2738301352734663
,,,,-0.015180721054329379,-0.005982413531360353,0.0019300722910374033,0.011760373369612089,0.03799799100657021,0.04577534417466611,0.007777353168095894,0.34950444683815207
,,,,-0.026696900439491408,-0.02829631552255894,-0.01367008580234471,-0.011673972128591349,0.01597340352372392,0.024943908463276005,0.008970504939552084,0.1826635248209769
,,,,-0.03766053762390646,-0.04127460691757126,-0.02732459702694209,-0.027317117132403035,0.016961899133755513,0.021333310151398617,0.004371411017643105,0.14135028033554245
,,,,-0.06354857114309372,-0.06568476922425555,-0.058594804860782716,-0.058588448512471435,0.011495555573179049,0.014478363024277137,0.0029828074510980865,0.10397538763828053
,,,,-0.028826648059580032,-0.036880617649440166,-0.01366200306851468,-0.019505084925052377,0.02411697648841472,0.032688093650375526,0.008571117161960807,0.21380595516685327
,,,,-0.054767530292773293,-0.05954038082068071,-0.04101151572056129,-0.05075115765150278,0.01045494670247232,0.015846434468322533,0.0053914877658502135,0.11084339144408163
,,,,-0.014210399737615238,-0.030670842529717305,0.0019274239006669774,-0.0195092655385173,0.028163837104648478,0.020531975372856667,-0.007631861731791802,0.12150393370087592
,,,,-0.01333611227530751,-0.030516474530265278,0.0019296837171967382,-0.017572273438176054,0.030895324014411623,0.021845805939656935,-0.009049518074754685,0.12521443184001085
,,,,-0.045667943744991606,-0.05306658700653333,-0.03319612472375375,-0.035139984022080996,0.02312858996277583,0.02058782247653854,-0.0025407674862372863,0.13299338697915064
,,,,-0.061397167397164894,-0.03954092172046144,-0.03512753451218618,-0.01951263139818943,0.051758446800823435,0.07287374831581611,0.02111530151499266,0.4989633951773618
,,,,-0.029637639782344325,-0.025147911605248867,-0.019529614238360145,-0.011694616611144402,0.06226345180035428,0.05098559736816372,-0.011277854432190556,0.308298088730818
,,,,-0.020682779963767745,-0.031256012724203176,-0.0039166543362397005,-0.01952092672808625,0.0387453234228289,0.038132935946295465,-6.123874765334397E-4,0.24953934433480893
,,,,-0.04052933982420081,-0.03495272792142544,-0.003909775168604716,0.003907894815373628,0.0771176795925104,0.08640462388493812,0.009286944292427754,0.549069112972171
,,,,-0.029443211338124,-0.02972973129572801,-0.019514951345580657,-0.019520103230339553,0.030333761741083834,0.040069206330488244,0.009735444589404414,0.29963524101969896
,,,,-0.06006511861582378,-0.05795111752727676,-0.03513387635069537,-0.035129600005007755,0.035241224404652285,0.049024983396952514,0.013783758992300232,0.3289988006778066
,,,,-0.0695231119574365,-0.06196964162658049,-0.03511504107746195,-0.01949267661999943,0.02053142196954241,0.041823371366550184,0.021291949397007775,0.3267843030215244
,,,,-0.060068970386689124,-0.03865036151755805,-0.04491632393073843,-0.013664102372801839,0.010977002714498963,0.030529070925103007,0.019552068210604043,0.25909433237863405
,,,,-0.039852173271635746,-0.041185588273314144,-0.027330770717826903,-0.0273219327487077,0.020549924356763893,0.03269337617883976,0.012143451822075867,0.25265218582739907
,,,,-0.04589226345096455,-0.05535406377084889,-0.03319526024475235,-0.04293914252006414,0.010576831038001737,0.012250224418839639,0.0016733933808379007,0.09016267680392413
,,,,-0.0617890218007709,-0.05534680337007599,-0.050767620463040404,-0.0429460022310547,0.01632262272533459,0.025989454773246934,0.009666832047912348,0.20781423462401002
,,,,-0.061779306985883,-0.050289208104179056,-0.05076028148458133,-0.035134297465589846,0.014574406632493023,0.02820086392374685,0.013626457291253826,0.21456116460257166
,,,,-0.030438140997388084,-0.01722251554068137,-0.017574488397387178,0.0019350623354643561,0.011451109878879063,0.014274123360592583,0.002823013481713519,0.09428669585194047
,,,,-0.018718252505558603,-0.02469596281961129,-0.005857734538414994,-0.011698949104444072,0.029755163775384556,0.01958952032728818,-0.010165643448096381,0.10694710600290015
,,,,-0.03761620421274408,-0.013998823489079174,-0.025387289844545878,0.003931236031525051,0.00968559570018478,0.016651726171602748,0.006966130471417969,0.1304864984254969
,,,,-0.03217659895278714,-0.01291180855238756,-0.021477513799034346,0.003971818706652421,0.012452806126396767,0.013360474209128052,9.076680827312859E-4,0.08566966574904497
,,,,-0.057963493638053594,-0.024421408885643283,-0.04101073991853058,0.0019330821064344843,0.007034680557427323,0.012450611903555658,0.005415931346128336,0.0980235722278465
,,,,-0.03927338037891437,-0.02157714254515611,-0.02733239961893796,-0.0038983471568933437,0.01608994180841018,0.022591829624133048,0.00650188781572287,0.15871587518472033
,,,,-0.044513446249772215,-0.04465040983794963,-0.027321543116072544,-0.02732830507044228,0.028464249658358216,0.03097975913289833,0.0025155094745401107,0.2134483433661698
,,,,-0.029735348091916025,-0.019199835437022278,-0.017575755901904338,-0.003908001394222872,0.027374996645312576,0.04064147692059403,0.013266480275281458,0.27655118769811465
,,,,-0.04200179353136093,-0.018414785310231815,-0.0332016437994835,-0.0038834149174520336,0.013143368107924984,0.015669969305430943,0.0025266011975059594,0.11026082205623695
,,,,-0.01818563652919621,-0.0044276790889599075,-0.003925607792546335,0.011741962727342186,0.05816695868864553,0.056016287949402735,-0.0021506707392427997,0.39085261738013927
,,,,-0.034746630149050224,-0.018458555030511647,-0.01952283275208245,0.003916864917019404,0.04497170609570589,0.03503365062530248,-0.009938055470403424,0.20434216931429558
,,,,-0.005184668725764757,-1.416900609932641E-4,0.011743663992885296,0.01958152561340998,0.06270177246875801,0.05016612041959393,-0.012535652049164082,0.31004811606939986
,,,,-0.007523888477292911,-0.03840356699053886,0.03521362380642985,-0.019498319924278185,0.0944305267187984,0.02290096400502287,-0.07152956271377552,0.03554254289416133
,,,,-0.03887391912944646,-0.060610863386557606,0.0019340657060083679,-0.02732641194913739,0.0985145500509324,0.028937353004593037,-0.06957719704633938,0.07633548037214902
,,,,-0.013473247104591596,-0.048464268020331894,0.0214931685068904,-0.0351355603732531,0.07124753539409585,0.021495859596919638,-0.0497516757971762,0.054648990525600384
,,,,-0.021978251475737082,-0.0448741333535038,-0.001988337599164887,-0.027304640050257168,0.04937369395158267,0.020305991715692744,-0.029067702235889926,0.07680373276962024
,,,,0.001014093621405948,-0.01319227869154128,0.02539988418857868,0.003908129067828299,0.11032447573521638,0.051759839661857064,-0.0585646360733593,0.22359955349788294
,,,,0.028637073521193452,0.004043320234003324,0.050818142632129304,0.019549728269215638,0.17160411815057694,0.04411910715361058,-0.12748501099696635,0.10108198093153695
,,,,-0.013874199630815076,-0.02498388730303059,0.011744482902352912,-0.003915737822079983,0.09109487976443645,0.056289224665425616,-0.03480565509901082,0.2804234108328801
,,,,0.02195261089170233,4.500269026398334E-4,0.037112313987198865,0.01176913149418452,0.12730554997194385,0.04261510774820802,-0.08469044222373584,0.12864821439602267
,,,,0.02895925953114751,-0.006511589707078295,0.04884274959266838,0.011749743566365208,0.1274340315541347,0.028514197015248266,-0.09891983453888646,0.03517035066348111
,,,,0.027656687704130285,-0.009910786872117414,0.043017792138519945,0.003915873008913155,0.1266088701267002,0.02298178681887779,-0.10362708330782243,0.01283079439039568
,,,,0.012487444687365429,-0.01377458703330985,0.03712127841581114,0.003892934050539369,0.10115101408930506,0.03192569920632182,-0.06922531488298324,0.09375839956740525
,,,,-0.02968039394555997,-0.049837153664686225,-0.021480304992879895,-0.042949529824745175,0.021216322571615757,0.01482300025674686,-0.006393322314868896,0.07526057556670966
,,,,-0.02394066772579269,-0.047991328082408885,-0.013670275800587,-0.041015628920374206,0.019382404324120507,0.017855566061182302,-0.0015268382629382072,0.10204093314870877
,,,,-0.058547001337188716,-0.07330322633859383,-0.050755637168514556,-0.06639550585119197,0.00882365794441562,0.012901275615229614,0.0040776176708139916,0.08648870103762993
,,,,-0.050749062878618766,-0.061881335252994184,-0.042940973021649044,-0.058591265088087346,0.022443951525073384,0.015922199849614495,-0.00652175167545889,0.08654683120482597
,,,,-0.007728476414533093,-0.03617123046999021,0.0019354880076566392,-0.027317764856060956,0.04285853661536885,0.019137620972360787,-0.023720915643008062,0.0838581705607667
,,,,0.024643265756031412,-0.007407822136417766,0.04303145310601372,0.011762138742940997,0.13093360514224425,0.034292996472935384,-0.09664060866930888,0.08184222867250872
,,,,0.020523271129796874,-0.01507952419593629,0.041026458076159414,-0.0038994275955996703,0.10385511628633437,0.024870402191049773,-0.07898471409528461,0.06592264591892323
,,,,0.014506558783368005,-0.012421018576219417,0.033214210804519556,0.003902717739322541,0.07286197285996243,0.026616810333065385,-0.046245162526897074,0.12267483279136038
,,,,-0.020368672532021216,-0.038591212480507536,-0.00976038788036678,-0.027311174836901767,0.024059955584164874,0.012711440201293379,-0.011348515382871495,0.06985236523354305
,,,,-0.0054352671415363344,-0.005794427503385617,0.0038918687459494334,0.011773490466979779,0.046213869764197786,0.04374790211855599,-0.002465967645641793,0.2898723535746329
,,,,-8.366428549177284E-4,-0.026919360205347,0.019549535558502168,-0.011692573013970779,0.07570073293104881,0.03364985059627546,-0.042050882334773346,0.15966018681367247
,,,,0.007882137014248093,-0.012924264114585358,0.019556832247716097,-0.003906352409709544,0.06758682811768023,0.033734510916940165,-0.03385231720074005,0.14930832724150703
,,,,0.012333791569718502,-0.016490590685500708,0.025395544040437805,-0.0039006493959487343,0.08147793359799814,0.03860646556413365,-0.04287146803386449,0.14320560270924484
,,,,-0.01614923653647535,-0.03036596358443775,-0.005853832622058953,-0.01168202981160318,0.021210151307299918,0.020781094061007706,-4.290572462922132E-4,0.1305984771650142
,,,,0.0010799170755557003,-0.029995462213841126,0.011750870131843508,-0.019503847235562713,0.04159363657024125,0.02124708303217503,-0.020346553538066216,0.11143330498065417
,,,,0.0069680959037863675,-0.03200522637541743,0.019558191851231522,-0.019529096542392897,0.04763361559802609,0.01935650918765759,-0.028277106410368492,0.08275827086236792
,,,,-0.02255579240755161,-0.04345838686778487,0.003911523669495245,-0.027321428284384164,0.05514470282035999,0.016302199009480847,-0.03884250381087914,0.05680486924819514
,,,,-0.025893177313313153,-0.0647656623137904,-0.003922797621895196,-0.05075869765640241,0.04066182829940157,0.01599553900188987,-0.024666289297511704,0.07576732894758123
,,,,-0.005476625116386677,-0.04816377334976453,0.011741486936934038,-0.03513966971017408,0.04483562239397543,0.02794249020433893,-0.0168931321896365,0.12105030426967542
,,,,0.007657234816514809,-0.009864057835399951,0.021495989746066306,0.0038987941843765905,0.05289228052260335,0.02552292547385137,-0.027369355048751983,0.12104988326449767
,,,,-0.014917186980828659,-0.05427079279917927,0.0019244433127154148,-0.04295477762503069,0.02972885744477494,0.013916841123750938,-0.015812016321024004,0.06164760291018126
,,,,-0.0315508305353775,-0.05369196836192759,-0.021482928610470603,-0.04101754313484483,0.02342661049543657,0.023074877250134664,-3.517332453019049E-4,0.15243220872611563
,,,,-0.004198381303696492,-0.042245118161756946,0.00977773876249526,-0.035136680044988815,0.03819053808000774,0.02331248489136967,-0.014878053188638071,0.12736343404026298
,,,,-0.01934993127153315,-0.04045794245110965,0.003886485209573133,-0.019504739033568735,0.06455335163773053,0.05068237477113403,-0.01387097686659649,0.24238554259384792
,,,,-0.022398073426709367,-0.04138671324306037,0.0039047037947789907,-0.01950139764811551,0.045566244771747005,0.031170065674763246,-0.01439617909698377,0.18978362624300973
,,,,-0.011473440585259724,-0.03009581200777272,0.009772573897029405,-0.009745699176622906,0.07061345625086418,0.03355644242709944,-0.03705701382376475,0.16067290625347477
,,,,-0.017726147685940514,-0.045069231068898805,-0.005858750109229775,-0.027315768589797472,0.015081362485269274,0.014805697011058648,-2.7566547421062294E-4,0.09269308588682776
,,,,0.010475540023090287,-0.006730208553798119,0.027371173562949613,0.003916825270125305,0.0610714507494432,0.028251203791889733,-0.032820246957553485,0.13860841201022808
,,,,0.014245889720001447,-0.012417500831973214,0.02930713465719103,-0.003908668544995266,0.07543890133353354,0.03557025109840306,-0.03986865023513049,0.16479581503411872
,,,,-0.006917459942428922,-0.020342972412321903,0.0039015032663510126,-0.01169414551518255,0.028308535918168273,0.022136884420406823,-0.00617165149776145,0.13479067090150243
,,,,0.010175962687879656,-0.005025968738900432,0.02737486909069325,0.003896432966230981,0.04407078252906724,0.03998679056214138,-0.00408399196692586,0.272836400476359
,,,,0.009272226070057265,-0.0030343633241045613,0.01956887514273172,0.011749487199366337,0.05540858127563671,0.0329143389026519,-0.022494242372984818,0.18967952637209817
,,,,0.014225216077963976,-0.020733547405949803,0.027365707273819755,-0.0039088552124198145,0.06748427704041182,0.026994855125439754,-0.040489421914972054,0.1040316449686167
,,,,0.002233927483636537,-0.03252885757279074,0.011739227088367787,-0.027327543252298202,0.04282014959278923,0.021370632273916907,-0.021449517318872326,0.08643009851667521
,,,,-0.0010157013613492998,-0.026239356429942122,0.011742091430240678,-0.011698232487080566,0.0630394996315383,0.035569122095620555,-0.02747037753591775,0.13515115514782497
,,,,-0.006362901298101213,-0.030919984390554094,0.0038831956259688695,-0.019510793586645994,0.04689613593097134,0.02958691986600035,-0.017309216064970996,0.15299140373521922
,,,,-0.03262777973207671,-0.07950736779747865,-0.02732824665905033,-0.08203377527411966,0.03994731148960202,0.028651624475490294,-0.011295687014111726,0.12637711691146894
,,,,-0.02400059316638973,-0.10448496664913537,-0.019516596038203823,-0.11328905279803377,0.036390566572295314,0.022034342704949004,-0.014356223867346307,0.07449710998033586
,,,,-0.026611161654435528,-0.08563321071907255,-0.019519633877496455,-0.08985289908036448,0.02879988024224779,0.024692557789026688,-0.004107322453221094,0.1193917954262415
,,,,0.01346767551761062,0.05666507466949256,0.019529076156259158,0.0663803888507333,0.2295468556862799,0.4062683702886915,0.17672151460241162,1.8984102493905612
,,,,0.007999288191274555,0.0024397734241956275,0.01956288107029156,0.011745861369128158,0.05914931655363353,0.0520544155539479,-0.007094900999685629,0.33499150445469533
,,,,3.467730845886686E-4,-0.005229754037164872,0.011740563978352436,0.0039013440230857917,0.07498232399545145,0.06391955932696433,-0.011062764668487109,0.31931067420879067
,,,,0.010671883786217796,7.441522646338923E-4,0.025400819028028532,0.011983085301175287,0.052003498957110775,0.051935849523774,-6.764943333676079E-5,0.3588950309709109
,,,,-0.0038341368915628987,-0.008354861376334738,0.01175739513114208,-0.003915425183757453,0.04532128412617723,0.050026540333085866,0.004705256206908627,0.2871259589296011
,,,,-0.0035074018164307787,-0.008396641158698625,0.011756547462282212,0.003886796699528409,0.040364876717965854,0.03670846605824447,-0.0036564106597213753,0.24842537443312912
,,,,0.01796346577196096,0.03116374466669895,0.01953520714252957,0.02733871554600552,0.21502145420824145,0.23743541162682097,0.022413957418579468,0.5582422101378681
,,,,0.040828107424437494,0.06783772258563835,0.058605792508491884,0.07420980949106332,0.36237154083374795,0.4224094787565219,0.06003793792277387,1.0228284081854664
,,,,0.04597242681251632,0.06943143180834925,0.05858443180152014,0.06637401087332856,0.3791860164779118,0.4121765347360832,0.032990518258171384,0.8108949548743037
,,,,0.002672052331724424,0.01890056242908093,0.003865239431600194,0.011709940339734218,0.2366517446989838,0.24858646067906284,0.011934715980079101,0.48521999594284965
,,,,0.027975651433113927,0.06141523893614553,0.027326580454956728,0.05855994571003173,0.30142558985162493,0.36328333211608116,0.06185774226445627,0.9465769860732276
,,,,-0.0038152202626582574,0.041036204398562155,0.0038842886403963467,0.04296776647422186,0.18819556417861452,0.2943125002838595,0.10611693610524504,1.2372546802511866
,,,,-0.06269935898005222,-0.002414927749101354,-0.02731867103261982,0.019554091980087514,0.1071476056493633,0.26206763435678987,0.15492002870742655,1.709850301191888
,,,,-0.0025289631413299637,-0.001292909365577209,0.009764429985187653,0.00976721518451732,0.06732917090300537,0.09971929849122395,0.03239012758821857,0.731962408414442
,,,,-0.011557829300358759,-0.005961597648069751,0.0019238004652060055,0.011745969856698322,0.038490873654374,0.10692968830759454,0.06843881465322056,0.8814429725935068
,,,,-0.013344641345932535,0.005417787118068488,-0.0019706193121778264,0.027372020766792224,0.03930711631630157,0.11410132885601741,0.07479421253971584,0.9465506541462431
,,,,-0.024472568050522628,-0.02253459214229819,-0.017575733321188728,-0.011707740351586332,0.08092865231467948,0.0782491722520327,-0.0026794800626467954,0.41289100086176983
,,,,-0.048532658567311704,-0.023931294551975874,-0.041013108800721246,-0.017586146894115508,0.03076358452300369,0.06855056862887665,0.037786984105872966,0.5273848136353362
,,,,-0.009777196149185395,-0.008447538861655985,0.005861861979989313,0.01174384103394812,0.07614769662539994,0.0957020127881067,0.019554316162706763,0.6537390087864605
,,,,-0.10384643661877359,-0.10201599545677102,-0.11523695340722923,-0.11329407790680351,0.016332719534322575,0.02437781591750182,0.008045096383179252,0.14596924898552907
,,,,-0.11919843601066665,-0.09615284308529862,-0.13674479069619602,-0.10547148731208178,0.017938388946633434,0.035366307115212395,0.017427918168578967,0.21612282389334836
,,,,-0.07306104346786808,-0.033053779422291985,-0.07422975069739787,-0.027337184681124983,0.022246802201750328,0.044895367378589485,0.02264856517683915,0.30488251755917783
,,,,-0.07403038573175587,-0.044404117331731836,-0.07616494259584801,-0.041018977455277834,0.02162117247011315,0.04633983210761164,0.024718659637498485,0.35081103211544556
,,,,-0.05926033672968825,-0.06978868081727134,-0.05273082018435252,-0.05856933583392921,0.011637417179701464,0.013063730035481785,0.0014263128557803239,0.0803571464335704
,,,,-0.04134077014646141,-0.03441506533113975,-0.03514065731855089,-0.019488096964926392,0.020463465773175347,0.04130528159267399,0.02084181581949865,0.32260314341677343
,,,,-0.039672519003498254,-0.043156360765195204,-0.027316960902713384,-0.027319423735273806,0.02138044258755293,0.02532093941759811,0.003940496830045182,0.16867708139283183
,,,,-0.05561183454988391,-0.07786523392905127,-0.048831592910524045,-0.06639537311307937,0.010557517946120504,0.014222480249122146,0.0036649623030016423,0.09772122331772717
,,,,-0.01570173603634904,-0.0187255067503252,-0.001968420209307666,-0.0038934647364450388,0.03591900876882596,0.04666620826083452,0.010747199492008565,0.3063711423642982
,,,,-0.05347577597973406,-0.02958146844201465,-0.05079056453301666,-0.027349379137498055,0.049387976800207865,0.07383267294728571,0.02444469614707784,0.4575717415174603
,,,,-0.014339609416205032,0.006600774023078099,-0.01367363929484195,0.01954242780385281,0.10698829799881661,0.1503329756954797,0.0433446776966631,0.8581218440160608
,,,,-0.006164779923727277,0.0036445938950577534,0.0058602991375176555,0.019551201320234055,0.11955976693653513,0.13618172452992422,0.01662195759338911,0.7746623544676456
,,,,-0.1983185284477683,-0.12389097016905118,-0.22269693801174686,-0.13671704345966934,0.03485352704771208,0.07562065656603649,0.04076712951832441,0.4708048949419633
,,,,-0.3521674488122641,-0.21127940652909538,-0.3164056373441103,-0.15235278841614222,0.019214608300423482,0.1226635433071345,0.10344893500671098,1.067318998018876
,,,,-0.22768572961329198,-0.12530021989285262,-0.2226850203232414,-0.1054832393053805,0.03062956222634045,0.0977435028271715,0.06711394060083106,0.7442966082005178
,,,,-0.19086935438038655,-0.16188807629794436,-0.21486108063151646,-0.17579900975870574,0.018370435635830375,0.02926646480867089,0.010896029172840513,0.1671576403637782
,,,,-0.15550778402599966,-0.14469176868400668,-0.15234140857457346,-0.1445287246636646,0.012700726823842297,0.019975537289215764,0.007274810465373464,0.13065521458609372
,,,,-0.46616891088722867,-0.2718137104251299,-0.535165323762157,-0.1992150861330387,0.03494198449904873,0.1699059679257052,0.1349639834266564,1.3705002011320504
,,,,-0.4191108273812895,-0.31491668928420535,-0.4804619420176665,-0.2617115542530049,0.0976574033977244,0.16454887275579438,0.06689146935806999,0.7886222837566244
,,,,-0.14919795383839976,-0.09763375089564809,-0.1445420985144231,-0.08202544519760106,0.10145517389243033,0.16835664218015584,0.06690146828772553,0.8486543056465289
,,,,-0.16632632446446396,-0.16218602457799267,-0.17577677963428406,-0.17580024885525694,0.040198525136005143,0.03817013128909532,-0.0020283938469098086,0.17327628027440856
,,,,-0.17774531234844845,-0.17570054887785436,-0.1914089426031489,-0.1914275873605989,0.0319221315821274,0.030013178280168484,-0.0019089533019589077,0.11593611482410729
,,,,-0.1683223184002198,-0.1276908192871857,-0.18360822453349507,-0.14455530551686,0.06371046571035732,0.11282970386123475,0.04911923815087742,0.6352607308326091
,,,,-0.15824210919098358,-0.153415959022151,-0.18360976264700932,-0.16798947309377102,0.04956721810165639,0.03781126625450881,-0.011755951847147594,0.10488807704404861
,,,,-0.31726263836668134,-0.1966165199795214,-0.26172834219997587,-0.16016249311680986,0.028131634469926108,0.09630430423747584,0.06817266976754974,0.7523784152954232
,,,,-0.14268918771702305,-0.15161608774076832,-0.14454587573889377,-0.1601436072487593,0.04289330429765154,0.0342175758237302,-0.008675728473921356,0.12308027322331562
,,,,-0.19554385943897692,-0.17203063383961725,-0.2148491006531823,-0.18361327600526076,0.01211389884319633,0.019114100105585244,0.007000201262388913,0.1331309653536725
,,,,-0.2762334440572686,-0.21138204205114808,-0.2382970273031645,-0.1836117659951943,0.014841781673101972,0.0634296053754463,0.04858782370234431,0.5189847823930824
,,,,-0.11439544145734144,-0.12701853385847509,-0.0976360091512076,-0.11327511473362212,0.014560820679619887,0.016405781456957095,0.001844960777337203,0.07394996156344508
,,,,-0.11888579206158652,-0.11975190854377124,-0.09764263254070146,-0.11327940946605473,0.026005044052448915,0.03309982773488385,0.00709478368243494,0.1655911719652099
,,,,-0.11974566697760665,-0.14935061555846443,-0.09764094012481814,-0.13671876402946084,0.00804199085632042,0.008829351700642337,7.873608443219183E-4,0.052122446444622245
,,,,-0.14600132063535967,-0.1540652899324461,-0.12889610140319543,-0.14453313811438984,0.007363247048585328,0.010860862467410788,0.0034976154188254595,0.06885223156286337
,,,,-0.13609869608522762,-0.11586718663235153,-0.13671209089162525,-0.12109452021933184,0.028548596195887756,0.03900513029210487,0.010456534096217123,0.1889448764130286
,,,,-0.15169025937526034,-0.14623700038811036,-0.15235570747172084,-0.1523508958913843,0.008049045250741097,0.01387288140200385,0.00582383615126276,0.08251558624632714
,,,,-0.10067675822296847,-0.07979973039512396,-0.07420020377492058,-0.06641069766357371,0.04663410118918077,0.07146143430359851,0.024827333114417722,0.3473786749281151
,,,,-0.14577072845476263,-0.1295566065835102,-0.1367234460473808,-0.128915146812824,0.05035940794902455,0.04265904961049268,-0.007700358338531872,0.1408293327306377
,,,,-0.08940331935746479,-0.07561286350267678,-0.07420946632886372,-0.06640155955709355,0.02412490323665296,0.036561801438885745,0.012436898202232776,0.1973587686735962
,,,,-0.186819605875072,-0.1502876562268761,-0.20704138112617945,-0.16016201979112665,0.02734897530140832,0.034981053052016535,0.007632077750608215,0.19536943008674604
,,,,-0.170478744330911,-0.13856276855346197,-0.18360845487321992,-0.14453195801440763,0.025030702499584122,0.04360974386281059,0.01857904136322648,0.2507622331747645
,,,,-0.2001967061066604,-0.17300951680174817,-0.22268622203345687,-0.19143373742922976,0.02135642504548086,0.03419073127666644,0.012834306231185586,0.2014271586548075
,,,,-0.15325383858605754,-0.1539902252734812,-0.15232424033699238,-0.15236227996118698,0.01943565509427465,0.025603776856888312,0.006168121762613657,0.13754072399870487
,,,,-0.12295799253578393,-0.13169139027715,-0.11327117698298655,-0.12890244347298388,0.03646033120196478,0.03308864180848539,-0.003371689393479394,0.10765815094940766
,,,,-0.12693900149047901,-0.12499360977458057,-0.1367382866748671,-0.13672808434469397,0.09104267478701236,0.07334572151581373,-0.017696953271198627,0.15514350780587363
,,,,-0.12204162703497737,-0.11671609750014045,-0.11327598841332989,-0.11327865627793751,0.03643941416176397,0.04466069304399087,0.008221278882226927,0.1872880041255141
,,,,-0.21015402170060987,-0.20582312353803958,-0.23831633691885867,-0.23048849037348546,0.007823717000117978,0.010118128379853049,0.0022944113797350686,0.05110788946441938
,,,,-0.15785491236562418,-0.1687957402327204,-0.16015585226637488,-0.17578968774919845,0.012374600061320204,0.013303830746895522,9.292306855753137E-4,0.055356539660888396
,,,,-0.09153683814413352,-0.09997093854930146,-0.07420430203337768,-0.08983142684699877,0.05158483686831929,0.05460631076359892,0.003021473895279624,0.19348865188984615
,,,,-0.20642264032796895,-0.19575610120647816,-0.22268028541626228,-0.2148597675286401,0.009325774602386256,0.014930832668648345,0.005605058066262087,0.09246399747538879
,,,,-0.17843977909005718,-0.16623693351203456,-0.1992462393053706,-0.1836237890906063,0.015373219890870609,0.0257274849549249,0.010354265064054295,0.15201272553109846
,,,,-0.3547512013116323,-0.22563799252265787,-0.3085762670634873,-0.12889477347191394,0.10626328179474477,0.15117585811082562,0.04491257631608087,0.6547120812481216
,,,,-0.37547613814902914,-0.22407720943531656,-0.3825650837788055,-0.12108637429048943,0.12719936931258313,0.19879081664770995,0.0715914473351268,0.8868394877941856
,,,,-0.1825218101165023,-0.17908964311431905,-0.19922351207261704,-0.19143481471544738,0.021233310246198685,0.019947169817406744,-0.0012861404287919519,0.06352254752411864
,,,,-0.15759976209646193,-0.1562960131744212,-0.16015133111006213,-0.16798649868541135,0.038877043132724484,0.031518227362893295,-0.007358815769831201,0.06581330755139356
,,,,-0.12306402725200717,-0.1349855043912792,-0.10545683734954298,-0.1289023403157075,0.039291519244544645,0.03864752204466878,-6.439971998758621E-4,0.11839015665169408
,,,,-0.130208508390166,-0.13922482341563655,-0.12109628482103649,-0.1445294003399518,0.043971570664281034,0.046524283422378965,0.002552712758097929,0.15951146021909582
,,,,-0.24748065410378536,-0.17237744434087518,-0.19922688580488046,-0.12890986123089251,0.05085693828750015,0.10430681284345729,0.05344987455595714,0.606748990284863
,,,,-0.14524425281875275,-0.13654773715295665,-0.14451902666390024,-0.13671144248194217,0.04783540920692083,0.04353016232596466,-0.004305246880956169,0.13072042559037175
,,,,-0.15357461399228908,-0.1546191954543306,-0.15234226180271526,-0.16014344719851123,0.043039877136601366,0.03853776115655183,-0.004502115980049539,0.11143728503456932
,,,,-0.15727815339654275,-0.15829317151587366,-0.16798391948646413,-0.16797793606947958,0.04997159643585581,0.036019304233982384,-0.013952292201873431,0.0855687986786232
,,,,-0.06973414750289489,-0.11115865790120438,-0.050768872540220625,-0.09764229233846215,0.0934015995073561,0.05557380542817845,-0.037827794079177676,0.06232089249127619
,,,,-0.1661084860329043,-0.17529520395141326,-0.17579409987308223,-0.18361140430808148,0.037591476253507124,0.02276065467716186,-0.014830821576345255,0.03882184180875744
,,,,-0.09871723043700896,-0.1139014389821161,-0.08200422712130498,-0.1054695970148433,0.061367347926444965,0.05025655671220746,-0.011110791214237505,0.12254465348649037
,,,,-0.10269320668749679,-0.12039935195431947,-0.08984061691025817,-0.12110476836399016,0.07304934715763815,0.05674918242692626,-0.016300164730711882,0.10782989953717913
,,,,-0.057734225392461404,-0.0975521846876548,-0.03513892919561991,-0.08202404486215732,0.15025770315819725,0.0707730675291529,-0.0794846356290444,0.011012163336588396
,,,,-0.09030052745457805,-0.0942610132638095,-0.07421089124939281,-0.0898494151072244,0.12945893865584798,0.12569239196895282,-0.003766546686895118,0.2402997846265746
,,,,-0.16663961830492674,-0.16282710393443084,-0.1914326803656701,-0.18361815939236423,0.0738307756807517,0.06647764245382415,-0.007353133226927557,0.12358821596969173
,,,,-0.11819423238823568,-0.11207685060140868,-0.1054468414554568,-0.10548896691814312,0.04568944467886108,0.06873390166088526,0.023044456982024203,0.32219701979864934
,,,,-0.10882459796666913,-0.11776227591062266,-0.08982600510200785,-0.11330507177148748,0.04625699967355074,0.07192529163124459,0.025668291957693854,0.3516944614293684
,,,,-0.19036099435055026,-0.18964183841877405,-0.2148658766025086,-0.21486384489864996,0.020583592832657496,0.031157059008506332,0.010573466175848839,0.16408825746721004
,,,,-0.14463936060902483,-0.14907257439218075,-0.13671905893210176,-0.16016705888682523,0.03435381072936284,0.0450189185340714,0.010665107804708569,0.20298271748795965
,,,,-0.12939741729216847,-0.14662844338307826,-0.12107095823327159,-0.1523493659844612,0.04100584443740838,0.049303822096855646,0.00829797765944725,0.20622455490169792
,,,,-0.18710954251133008,-0.18666953615808843,-0.23051119119976987,-0.23050832738369667,0.039408614547888916,0.04717488544746585,0.007766270899576923,0.22225285756993596
,,,,-0.15485143798721213,-0.1468719847498974,-0.16015923379544855,-0.1523402233597431,0.032755417274334384,0.03523395719387055,0.0024785399195361587,0.1270893360594777
,,,,-0.12173332826056171,-0.1220368319327245,-0.12111027268799637,-0.12111636034767727,0.025996119288459248,0.028180559014362644,0.0021844397259034,0.1316889635315969
,,,,-0.1847203971813913,-0.17373892798005666,-0.19923325803236835,-0.19924783220727338,0.015343256886394145,0.027539249491219726,0.012195992604825586,0.1504203654293466
,,,,-0.18092573841566864,-0.1585824106837055,-0.19141425874567825,-0.16798003628212466,0.015270082140446195,0.02878719865465867,0.013517116514212472,0.17655189101479207
,,,,-0.07735253270339529,-0.06723882702620276,-0.060532944813168524,-0.05663514650225614,0.04825045684999869,0.09498023602982983,0.04672977917983115,0.719618062872916
,,,,-0.1742465846215085,-0.17436152973212848,-0.19924335398883844,-0.19923522322561663,0.03505043170636397,0.04500277475807661,0.009952343051712638,0.2693876785192486
,,,,-0.14696558569589965,-0.15265500515075564,-0.14647667861068187,-0.15429279443935914,0.01811578544460159,0.033653931290036146,0.01553814584543456,0.28434783181058954
,,,,-0.18565563637284074,-0.1803635043378438,-0.21487966412031703,-0.2148757843935212,0.022885441426077336,0.047388765243692337,0.024503323817614997,0.34140748117925906
,,,,-0.06625504577842296,-0.04844954598075652,-0.05858725223422306,-0.03513667007699429,0.04245279444520184,0.03890474072095897,-0.003548053724242865,0.21988171325331693
,,,,-0.0419046872145363,-0.06234488795228479,-0.029294382650643217,-0.058582628071677856,0.08395105880563848,0.03387725137139362,-0.050073807434244895,0.18066787572471887
,,,,-0.0587945298518376,-0.07211223536413201,-0.04295436813137167,-0.058576993185524825,0.07532061726025856,0.048969128753446806,-0.02635148850681175,0.26317658910154285
,,,,-0.08101431585964136,-0.09420082776569934,-0.06639406135562663,-0.08984827704901777,0.08126303158181161,0.03145857405045688,-0.04980445753135473,0.1603486716903941
,,,,-0.05194867267811392,-0.08770574117904588,-0.019523035753170836,-0.05853996049665696,0.12401352182791404,0.03152484434704902,-0.09248867748086503,0.07753906480065864
,,,,-0.08504763728858655,-0.11393442588377875,-0.06640126205471573,-0.08982019235294637,0.1327963308472635,0.027271094083894717,-0.10552523676336872,0.020513986032161268
,,,,-0.10243284626526569,-0.060966383262125126,-0.10547781731225497,-0.058593787340175243,0.027653593334487046,0.0500339489764735,0.022380355641986458,0.31578473121989514
,,,,-0.11196490041979969,-0.08087032654627259,-0.12111608574069313,-0.08203241009843225,0.05657453764335657,0.08173669703078466,0.025162159387428083,0.40170770729977545
,,,,-0.10605531102938094,-0.05625248393164942,-0.11132861317327461,-0.05076797313436016,0.015593166078011186,0.020220376714892838,0.004627210636881655,0.12389551285909489
,,,,-0.22146663830519742,-0.2426046588368243,-0.23829598329171148,-0.2617409577603603,0.01131857698865851,0.013837124618923642,0.002518547630265131,0.06510244129033081
,,,,-0.21397661670716542,-0.25877772726045584,-0.22268228182805896,-0.26953565407074015,0.0019099501271732393,0.0030886523068823298,0.001178702179709091,0.01911619354844947
,,,,-0.215560546433554,-0.25382775089962456,-0.22266379415879087,-0.26953159236268653,0.0048084224969972365,0.007472403686247656,0.0026639811892504184,0.042814757920712807
,,,,-0.1597205095732743,-0.2047363091524166,-0.1836165840476898,-0.23051934702482632,0.02673544263132812,0.029645999273429282,0.0029105566421011647,0.10404806618534958
,,,,-0.18348224219408826,-0.2264874383459803,-0.2070581100038286,-0.2539314577040387,0.04505432242374038,0.03836316297119788,-0.006691159452542489,0.0716532692532865
,,,,0.007564340400166216,-0.01622116090254162,0.02538357331780096,0.011728442129596882,0.2204334394424614,0.23800745831683012,0.017574018874368727,0.8123468580881097
,,,,-0.04443828382785439,-0.08819252080636368,-0.03514479201761434,-0.08983155953209598,0.14562977825111467,0.11793779260200814,-0.027691985649106535,0.2665350974633844
,,,,-0.06680036130890538,-0.1425272524818331,-0.06641249975974646,-0.15236382312781913,0.09263034288056275,0.04364618780610063,-0.04898415507446213,0.1309206091337833
,,,,-0.016641576759143947,-0.07517258257520713,0.001943638666327707,-0.06635805575912869,0.17176273083534505,0.10088783382658201,-0.07087489700876305,0.3114635092321428
,,,,-0.06438627576750197,-0.11227829672892485,-0.058573297372646965,-0.12891948573648754,0.12846226937683816,0.10230526964140675,-0.026156999735431393,0.4071794849901021
,,,,-0.0573254571323296,-0.10946634409749326,-0.06640111396516232,-0.12109499480146578,0.15148450973380603,0.11934602882531332,-0.032138480908492695,0.29470362673318684
,,,,-0.07920300538161981,-0.12892207850569035,-0.09571992566660305,-0.16017792667871775,0.08022311841968449,0.06460390102416708,-0.015619217395517396,0.21250622137309375
,,,,-0.10201166887944596,-0.14181933671181757,-0.1269697988434732,-0.17580282814672174,0.11903045530617722,0.11413734737868102,-0.004893107927496212,0.2775712086625396
,,,,-0.10523486140031639,-0.13208202821966925,-0.11132116905449668,-0.12890224117863125,0.03838434016875365,0.038170676423285865,-2.1366374546778457E-4,0.16788821543176508
,,,,-0.04281073159730802,-0.08858050691883339,-0.03514001655822865,-0.07418805352401048,0.09981283731680252,0.0795111768345272,-0.02030166048227532,0.35115952749108237
,,,,-0.03475292280075541,-0.0769756898909907,-0.03711672723165246,-0.0742054400474105,0.13639550108732226,0.09710966156158204,-0.03928583952574021,0.3510078908653704
,,,,-0.02207698968715915,-0.07519723139664906,-0.025392958241757992,-0.08204926590756863,0.09906131679556061,0.04751130187622616,-0.05155001491933449,0.13548135604841674
,,,,-0.044801712083487974,-0.07332241793650121,-0.056645660569770065,-0.06638761417285043,0.11480361582390097,0.0907956281323044,-0.02400798769159655,0.3570668308415434
,,,,-0.060874190238731314,-0.08373911896971077,-0.06836017523885785,-0.0820309478450557,0.060196373794436445,0.04601165729849297,-0.014184716495943467,0.1495610391538807
,,,,-0.08536632767920975,-0.11268551900445561,-0.09571127819248798,-0.11328250247253958,0.05345009077937578,0.038762521379114796,-0.014687569400260982,0.14442403816595736
,,,,-0.09204877295761692,-0.12923676579087545,-0.09569986118302608,-0.1289217119197789,0.03259455083291756,0.023346633603897216,-0.009247917229020344,0.09667268586937393
,,,,-0.07408960987064242,-0.1003000710204892,-0.07617604191895404,-0.09766851703660354,0.037979964247140285,0.03884188508464974,8.619208375094576E-4,0.22041994418764305
,,,,-0.09560192373114178,-0.1489905883559671,-0.09765771882006878,-0.1601575447965963,0.031132600399302067,0.01960353454559231,-0.01152906585370976,0.08925082727231715
,,,,-0.073472649380268,-0.12827964302551084,-0.07617653218305438,-0.12890769822639223,0.04897501394288133,0.026903432090697968,-0.022071581852183362,0.10699519972815105
,,,,-0.0896875523233559,-0.1310426365540989,-0.0976503377217275,-0.14454026883915377,0.05066109669171791,0.02925749137609947,-0.021403605315618426,0.08721791992141768
,,,,-0.10797731817564019,-0.16736279113363456,-0.10545478680368385,-0.17774817790474534,0.009600023694926641,0.0037571224166024417,-0.005842901278324201,0.01312768304233603
,,,,-0.031173511125304715,-0.09671945567394545,-0.025396153954941103,-0.11330396561203833,0.11811950959816353,0.06787694154611564,-0.05024256805204789,0.19109273024876738
,,,,-0.08312735056923352,-0.10070222294291373,-0.08789674547698674,-0.10351086730544184,0.033968120485771684,0.029901916865035794,-0.004066203620735892,0.09786757460611496
,,,,-0.06529373684320466,-0.1189124684297999,-0.07422007694325791,-0.1289195423053177,0.10377343704492419,0.04165893400727925,-0.06211450303764492,0.09312515631947242
,,,,-0.0427854648572353,-0.09690929672016264,-0.03710438620798191,-0.09766020238270075,0.04910378305624134,0.024157990005034644,-0.0249457930512067,0.10629900191134564
,,,,-0.03498597479993564,-0.12480892798441255,-0.033203702452296695,-0.14456767303496867,0.05344208294680232,0.026509894437012387,-0.026932188509789946,0.08440127643089704
,,,,-0.08287905736029375,-0.16094770723489826,-0.08007956077507042,-0.18165668842148114,0.016508527058972905,0.015450391807666511,-0.0010581352513063923,0.0699171047299611
,,,,-0.10909342767625331,-0.16305902497832292,-0.10545312783408352,-0.18363373940195885,0.022092943210322107,0.0236417071699538,0.001548763959631697,0.10685274765316709
,,,,-0.103971947124749,-0.16959901894241966,-0.09765572202388549,-0.19926912605442776,0.01540326054571742,0.020293996507904803,0.004890735962187382,0.11831993509313717
,,,,-0.10220620244878456,-0.19035868280602622,-0.09765586398978536,-0.2148877656005572,0.009204050500247528,0.011824822942377468,0.002620772442129943,0.07848811162754718
,,,,-0.11089815493463698,-0.159681375108026,-0.10547294906055316,-0.1758034478341767,0.018331712046551634,0.01683426049073957,-0.0014974515558120625,0.09250178125375191
,,,,-0.13995951663514208,-0.17771479135030815,-0.13669939713763107,-0.1992452238987337,0.01259240365365643,0.020213975874645324,0.007621572220988895,0.12289718642005776
,,,,-0.11289720365738289,-0.1260594201976171,-0.11914591534739377,-0.12109052711532098,0.014549506618388877,0.020139223424157304,0.005589716805768431,0.12679232969892515
,,,,-0.12138427903296854,-0.14359961319764505,-0.1289305067330963,-0.1523360711509896,0.023141637301042,0.03245030819319274,0.009308670892150737,0.19858192783183182
,,,,-0.05730547259294985,-0.13399701684047427,-0.05861290807778324,-0.14450701571898253,0.1138659119407971,0.04709072971410452,-0.06677518222669256,0.15835232738445723
,,,,-0.11103789445367984,-0.14767334208936073,-0.11328216869283927,-0.16015617431662493,0.03236673366904503,0.017664612122884782,-0.014702121546160244,0.08995553482159493
,,,,-0.08972591207881034,-0.1502490352839889,-0.08984927914032154,-0.16798578894090688,0.07061566750973071,0.03551656715729192,-0.0350991003524388,0.12763598202028675
,,,,-0.10643222257383422,-0.13877796575293416,-0.11329695187364623,-0.14453725467492007,0.027083496798729213,0.025184315787072923,-0.001899181011656289,0.14139671696278425
,,,,-0.13455851885807338,-0.14787695223877334,-0.13671571901502141,-0.167975066810152,0.011221436181127108,0.021669212259243145,0.010447776078116039,0.13871127033052744
,,,,-0.12653566644440983,-0.15599353833098456,-0.12304818277714666,-0.16014092407007283,0.006176482878377598,0.016320196819668575,0.010143713941290981,0.11630668863928265
,,,,-0.14215496895673907,-0.1599361318937728,-0.14453409809573292,-0.17578058531783178,0.01784351684644544,0.027656745834483413,0.00981322898803798,0.14079267524072192
,,,,-0.16958168479331343,-0.17638606990477115,-0.18361557924123476,-0.19923772349400531,0.025193088908640776,0.02472268676556286,-4.7040214307791467E-4,0.09971603844092726
,,,,-0.15411664700347188,-0.17348536221965222,-0.15231974212199068,-0.19141680597685676,0.017857158743536338,0.026999272225730512,0.009142113482194174,0.13581240753063167
,,,,-0.17033822599022888,-0.18765785667797286,-0.17576209416831778,-0.20704186369144814,0.022208087497374705,0.026160306491293306,0.003952218993918605,0.1029690341923191
,,,,-0.1417047810728838,-0.14563664610559415,-0.1523475617541186,-0.16800334337489362,0.02954670355576066,0.0372915175684567,0.007744814012696047,0.24311109003078168
,,,,-0.15813136976509257,-0.16602156919063976,-0.15233314994322916,-0.17579034297357188,0.013659986882321649,0.01826950178677597,0.004609514904454326,0.09243889784458025
,,,,-0.11998081890217434,-0.1491505264587516,-0.11327010909582291,-0.15235632195679152,0.010271022847896156,0.015646406255688257,0.005375383407792103,0.09123011399886521
,,,,-0.09922896142165206,-0.09363913969692375,-0.0741711759653894,-0.07418191971553252,0.017978182411176075,0.052224652745101144,0.034246470333925076,0.4135528388151451
,,,,-0.10860555222113909,-0.12430202838744342,-0.07420363384475542,-0.11325605491341131,0.023412382966955036,0.03647633312064438,0.01306395015368935,0.25193999542308176
,,,,-0.14642795029058597,-0.15610296879090188,-0.12885877561754502,-0.15234720867368728,0.023635143953677735,0.03152809635128037,0.007892952397602637,0.16883112517498863
,,,,-0.13044655794844578,-0.13457494379547558,-0.13672960716249744,-0.15237661482715908,0.025424208821884463,0.042315239641189155,0.01689103081930469,0.22472272509745903
,,,,-0.13886028542960885,-0.10578804143820454,-0.1211065288818787,-0.11328428595029236,0.04612663192571141,0.04672363056245681,5.969986367454054E-4,0.31135143494804607
,,,,-0.13883900096211998,-0.15232502427499986,-0.1542949823036649,-0.1836044200702416,0.03622564899697813,0.05903368598474736,0.022808036987769238,0.27632672452921336
,,,,-0.16210659269089983,-0.16794160876653091,-0.15239347579221307,-0.17578395304311345,0.016285648428612517,0.023829096093112453,0.007543447664499933,0.1406776261413794
,,,,-0.14271525272127913,-0.11940182448800186,-0.1425813173079837,-0.12109801591132578,0.018352608316219633,0.023413389454745172,0.005060781138525544,0.1277595174307541
,,,,-0.09000415464178031,-0.06834777997734559,-0.07423447365567204,-0.07420171782190879,0.06590022062378174,0.1005370153519984,0.034636794728216666,0.7141279359319191
,,,,-0.12069521000060479,-0.10169356516195509,-0.09959217293865633,-0.10548170461076202,0.03155717045995361,0.03653793545020542,0.004980764990251804,0.21749322235638824
,,,,-0.08139925401482682,-0.0848499956413897,-0.05854524738284306,-0.06638367966197585,0.018983333859020336,0.021775602719310207,0.0027922688602898668,0.14118176404445312
,,,,-0.07692021327709497,-0.07091743314704675,-0.05856804553301972,-0.06639784066560062,0.05328950494974593,0.05649228584278888,0.0032027808930429652,0.3450247257239228
,,,,-0.09131949589042147,-0.11112515736510511,-0.07420497841119982,-0.10544022671146558,0.04570131837978096,0.045900975364233404,1.9965698445244536E-4,0.23741726256638251
,,,,-0.10605792071556923,-0.08976561821829054,-0.09764058968123793,-0.0898469939966375,0.04284612944801566,0.04989802737557326,0.007051897927557591,0.33475600783020026
,,,,-0.1349260546338714,-0.12129700701007627,-0.1425769281614056,-0.13673426550696585,0.0325161143175533,0.04610278881210326,0.013586674494549957,0.3111933959750497
,,,,-0.09011487024083559,-0.1487037227845258,-0.08201671864795995,-0.16797357109069033,0.06465654318711214,0.030613321367160225,-0.03404322181995191,0.09141749100103844
,,,,-0.1008980530839224,-0.11580620221062196,-0.10742009818451885,-0.12112707572762782,0.04617656660072336,0.02980966538768223,-0.01636690121304114,0.1331597171714684
,,,,-0.08365044614049315,-0.0938225164544551,-0.08789457066329985,-0.09570831974343062,0.055097035893533625,0.03661089015305673,-0.01848614574047689,0.18205596123053094
,,,,-0.08673937440924871,-0.09178754397491401,-0.08398984213233116,-0.08984227864604548,0.024772923186651516,0.02489080398686679,1.1788080021527134E-4,0.12732766665526538
,,,,-0.12648773085605425,-0.11631138146005528,-0.12108962728630576,-0.11327650797590152,0.011714973378120776,0.022381177384853592,0.010666204006732816,0.16630860464385747
,,,,-0.11167074490875596,-0.11724984911709296,-0.11327081914709312,-0.11328175864966906,0.009626820109680833,0.015984617435982687,0.006357797326301854,0.09702254578544998
,,,,-0.10671621189972282,-0.11656136930572425,-0.10742737695141272,-0.1210732583422919,0.013310040743663492,0.016153573052230485,0.0028435323085669916,0.07741171939646149
,,,,-0.11102223058139908,-0.12451184147509126,-0.11328617881202886,-0.12892264757597502,0.015010275070367935,0.02246210416514547,0.007451829094777528,0.12352748476716084
,,,,-0.1327750434431367,-0.189572012896797,-0.1367244661636839,-0.22270140133542812,0.03674232270568631,0.018050208011734816,-0.018692114693951486,0.06571406910123505
,,,,-0.12090729156336362,-0.18307362603313396,-0.12891201391377993,-0.22270928375916746,0.07558553439261786,0.04420857089574336,-0.031376963496874515,0.20093845843968536
,,,,-0.12120268002771262,-0.1394579626203542,-0.11328972733274652,-0.1445299763804566,0.05793142267550314,0.05021340333089137,-0.0077180193446117935,0.27261392928256134
,,,,-0.105652486321903,-0.1128009325932822,-0.09765097407022938,-0.11326467009661681,0.01888637579200127,0.027127988051412654,0.008241612259411384,0.1434439598948381
,,,,-0.09542210758669761,-0.09869522453364667,-0.09180197805088082,-0.09961107261877387,0.010005008657322545,0.017623755371229295,0.00761874671390675,0.10141237849804688
,,,,-0.09016060275016788,-0.06402882270321975,-0.07418361875694089,-0.05076865617406989,0.010477428724109141,0.026382033828711838,0.015904605104602707,0.18722927092644978
,,,,-0.10813069036363276,-0.10333337064346616,-0.09765582532045333,-0.0976650804311785,0.019703606158598876,0.030511664328551465,0.010808058169952587,0.15510807277031455
,,,,-0.12257813854119248,-0.106559429621186,-0.11327354390984566,-0.09764239002655882,0.013767569127135173,0.022447903455285675,0.008680334328150506,0.14491852165689909
,,,,-0.05819042765599541,-0.11519951023311716,-0.011687980983733932,-0.11327929290728492,0.12665861487687838,0.1124782638351677,-0.014180351041710677,0.5849828202212326
,,,,-0.03634472620079099,-0.10196964064685982,-0.0038901296807462835,-0.08201811240487746,0.17886025481041776,0.09307498995265069,-0.08578526485776705,0.3266477586174519
,,,,-0.1157330440099546,-0.14664312109944136,-0.12109931820660114,-0.16015582319872215,0.05847910435843458,0.056447335561415915,-0.0020317687970186713,0.32983543113792846
,,,,-0.06852064784417117,-0.08709970869279113,-0.058560603410452196,-0.08202891514828548,0.03781474906840548,0.05235666078321803,0.014541911714812561,0.28908804380827824
,,,,-0.16017770638681025,-0.1397930332648415,-0.16209887115243307,-0.11322280493562695,0.009582573717601054,0.013023837357798827,0.003441263640197777,0.07660342198308072
,,,,-0.07622797289227175,-0.07620354211135533,-0.06054350649865469,-0.050766935717452874,0.03064432280023741,0.05215070000043818,0.02150637720020077,0.3160188642031984
,,,,-0.17849286944214013,-0.20006946780917342,-0.19925639545654095,-0.24417740696513188,0.009178210170215187,0.012375333621259397,0.0031971234510442107,0.07103912229298062
,,,,-0.006660946941337177,-0.030965658015845825,0.011714933883177646,-0.003925483425041008,0.15477309946560094,0.18835047347425024,0.03357737400864928,0.8167057318907978
,,,,-0.1350117683204035,-0.21673493903404742,-0.14650341701648895,-0.27540475155868954,0.0332280266982039,0.020996488726483367,-0.012231537971720522,0.10174995498594752
,,,,-0.10415151013667684,-0.14847601899955767,-0.11133087809795016,-0.1601594593917215,0.05111796299015992,0.05268767755046466,0.001569714560304731,0.33819223622970396
,,,,-0.09539384175052523,-0.12257415086101141,-0.09765652558417488,-0.11327995973398024,0.05424200958849703,0.047908302410750295,-0.006333707177746743,0.25096020610943537
,,,,0.01481388180960732,0.014732246635176697,0.04301480985857171,0.04300687911931162,0.24792861062788887,0.3178484463644286,0.06991983573653977,1.1996469163839019
,,,,0.0512731470631765,0.050095012447823994,0.07424805585132352,0.08207622974563043,0.3556678748210562,0.4168998042389539,0.06123192941789775,1.3404499775821153
,,,,-0.008029450413394094,-0.0055142986943140715,0.01957703955442689,0.01955684701046965,0.2114098968659474,0.2841759669163166,0.07276607005036918,1.168546153135987
,,,,-0.10471543047420931,-0.10730726945610274,-0.11915155479019551,-0.11915124289752851,0.04582948781315197,0.11077887363864976,0.0649493858254978,0.8089468726183764
,,,,-0.09965061511835535,-0.10758209275617045,-0.1132983717027158,-0.11328844645568185,0.04793027568408983,0.09193014934727045,0.043999873663180616,0.6666903726951273
,,,,-0.1046106729110056,-0.11040297231358517,-0.10742382268845424,-0.1132677521743617,0.08747749043654933,0.13265678101443884,0.0451792905778895,0.7401719088512809
,,,,-0.0886993900641217,-0.09822741012976204,-0.07615989053264906,-0.0741901808453441,0.13803479120326675,0.18447526129420036,0.04644047009093362,0.9585029226819239
,,,,-0.08237454311157948,-0.07567210426654732,-0.07420698994128598,-0.050759056749430514,0.12383381670252298,0.18183875126229818,0.05800493455977524,0.9375579093396537
,,,,-0.14380151004590072,-0.18752106080161512,-0.17582598038707362,-0.2382910784297605,0.05973110476654225,0.06319592349388184,0.0034648187273395815,0.2747624641709075
,,,,-0.010250827220446576,-0.02074724953944455,0.03520057108398784,0.04299655695761654,0.2549683018538419,0.34631314576422484,0.09134484391038304,1.3866171342024831
,,,,0.04502922583453339,0.05229484818437303,0.06644512928039936,0.08208191706263357,0.2986665595239831,0.42912228936694524,0.1304557298429621,1.9091573361095695
,,,,-0.10092432280143677,-0.12083033822980209,-0.11330735359932825,-0.14456168772243036,0.05452109390714289,0.07454239946795742,0.020021305560814547,0.45301781603118696
,,,,-0.10817437256053339,-0.09926213453392078,-0.11327846935557152,-0.08983958839528823,0.06399970538938704,0.11551366564274045,0.0515139602533534,0.8167987020639331
,,,,-0.1619908320324437,-0.2041698902863988,-0.18358459354939002,-0.2774439573010843,0.05863885985703859,0.04153141350203638,-0.017107446355002214,0.18238738008001085
,,,,-0.16090281347613175,-0.1708099565590033,-0.2070675952121881,-0.22269082301267137,0.05767184770212857,0.053977838448943515,-0.003694009253185058,0.3000154344003983
,,,,-0.15082211240544705,-0.1508823267829479,-0.1699087002757914,-0.18361404867258466,0.05019023686782123,0.054143993089096606,0.003953756221275361,0.3240582383945363
,,,,-0.15962025596194193,-0.18121435316367893,-0.1679187524858448,-0.21488143342592264,0.04005841294106916,0.03806653631939867,-0.0019918766216704834,0.20376952158265452
,,,,-0.19023814648091988,-0.19364432326039172,-0.19921393105770843,-0.21485273149610765,0.016787981678872316,0.01808968071770198,0.0013016990388296653,0.10605755501931877
,,,,-0.17576010742728518,-0.18074568922223466,-0.17580876212913588,-0.18363631247795337,0.008620299184441039,0.010005642650156799,0.0013853434657157598,0.056634815164063636
,,,,-0.1313518392914428,-0.129291878293982,-0.12108331239364206,-0.12111173279734362,0.014287525986543112,0.01650114301052891,0.0022136170239858,0.10531654249413434
,,,,-0.2479524319582519,-0.2712668528967642,-0.3243445084897227,-0.332159238526272,0.02434339317905007,0.011423093972988008,-0.012920299206062065,0.04086581646130446
,,,,-0.18937819880050988,-0.18622607358815083,-0.23047451609081115,-0.24614391969593155,0.037013700163082607,0.07904548278959246,0.04203178262650986,0.5850039449418595
,,,,-0.17901760857977303,-0.18219006812188646,-0.21487947310675237,-0.2305090319931644,0.021921560182392687,0.04671781919561354,0.024796259013220842,0.3511582393440636
,,,,-0.11162986878820118,-0.10110539152287965,-0.12892082011623865,-0.1054791459071122,0.09232546746236078,0.13348495425029652,0.04115948678793573,0.7233220791515398
,,,,-0.11566174770299559,-0.1345283607560155,-0.10543758155276792,-0.15233601310462516,0.06460210961083833,0.07264773957278187,0.00804562996194354,0.39829166130479776
,,,,-0.16597111846394935,-0.17203296578800573,-0.17574401850460405,-0.19922731367499952,0.05274910461095428,0.04784711314387584,-0.0049019914670784415,0.21957279254955583
,,,,-0.11149693451666144,-0.08522094170133888,-0.105466956705556,-0.0663751115083008,0.021251108283459465,0.05771634608197015,0.03646523779851069,0.44599523259836504
,,,,-0.17980609171222964,-0.16867779818643303,-0.16207881674856087,-0.18361464155842713,0.015961171956211353,0.0319798636363381,0.016018691680126748,0.2298405990813564
,,,,-0.1317168351372589,-0.11575995368057597,-0.105438434158282,-0.08200005444904397,0.01925287639992557,0.0384537570113918,0.019200880611466235,0.2567213829747936
,,,,-0.1386333704615233,-0.14635608788836546,-0.12886745443121944,-0.1367045504770674,0.01573311908332003,0.023837859706630736,0.008104740623310706,0.1445836947874521
,,,,-0.10424920872027077,-0.07244932561227413,-0.10546708526203459,-0.05856288741499497,0.02553436971103764,0.03614531937453351,0.01061094966349587,0.22179719207461163
,,,,-0.05226502671735509,-0.0750303068002876,-0.03711319269528252,-0.058580341902616635,0.12769435951402675,0.11837847540582404,-0.009315884108202652,0.5942515237777956
,,,,-0.08609149500827191,-0.1336701622740916,-0.08201203116474126,-0.17581830984520253,0.07142804450631648,0.060895138705686566,-0.010532905800629926,0.2708487308060873
,,,,-0.11753451324652438,-0.13993902498461444,-0.12892649512131987,-0.16796161184399472,0.03413581603000422,0.03171393743859821,-0.0024218785914060146,0.17683555352360145
,,,,-0.12887533636206305,-0.13636552293749166,-0.12305095780148917,-0.13671793775567506,0.0053480428929666216,0.009993752893991346,0.0046457100010247245,0.06633084368277675
,,,,-0.1426222908835636,-0.129555833649898,-0.1367222723782647,-0.12890915620571217,0.006932491403743263,0.01266854860446758,0.005736057200724316,0.0743325441033488
,,,,-0.1382901584285366,-0.13745782813668544,-0.13669527596128195,-0.13672742630344,0.005866426611371772,0.010695586993059536,0.004829160381687761,0.06587434311858856
,,,,-0.11142358922540968,-0.0997746232915105,-0.1054463448221169,-0.09763719813772395,0.008311648207277502,0.023541920950512017,0.015230272743234517,0.1834951508435324
,,,,-0.13670397871062212,-0.1336238546390177,-0.12890345559868416,-0.1289281728075609,0.007064953148479096,0.013542281715746013,0.006477328567266917,0.09274609611412478
,,,,-0.12520251858511336,-0.10963212327558351,-0.12108839449507285,-0.10547875670147688,0.00799698493512698,0.018967993047081612,0.010971008111954634,0.1410774704347588
,,,,-0.1255835086975728,-0.14278900032415748,-0.12109232303563383,-0.1367256548691853,0.00931907645986355,0.012150937585261454,0.002831861125397902,0.06365442952169019
,,,,-0.12754858308360031,-0.13827276039847614,-0.12111025359293162,-0.1445414717480905,0.012500261194033158,0.01698151342943262,0.004481252235399463,0.0931175941667626
,,,,-0.1250881378308803,-0.1350807017278432,-0.1054468851770546,-0.12891232591399798,0.017615934423145383,0.02506867495263143,0.007452740529486046,0.14006561516310317
,,,,-0.1260264148639003,-0.1444793621438694,-0.1210949401469153,-0.1445341729287496,0.009317361321229189,0.014112436534437936,0.004795075213208745,0.07796607081346317
,,,,-0.1493595253755753,-0.15783848137568285,-0.15431179257750824,-0.16797140179245876,0.0032976499062491137,0.006323297439593567,0.0030256475333444535,0.04069851531189676
,,,,-0.14355838222551529,-0.15444169964855906,-0.142585674573843,-0.1523514437984314,0.0027368822532401345,0.006255122707014061,0.0035182404537739283,0.04298891631513882
,,,,-0.1372359835775948,-0.15538138362013618,-0.13672360716050116,-0.1601761201189224,0.01183862713086882,0.017664167167542662,0.005825540036673837,0.0997604896094659
,,,,-0.16225801733438386,-0.1719425014459152,-0.16796925880999325,-0.18362027877933573,0.006196831747950294,0.01059645020668853,0.004399618458738237,0.06281883107522669
,,,,-0.1470269933613145,-0.16373032676925878,-0.1464823453622497,-0.16014832709392565,0.004748985704917817,0.009560156996436319,0.004811171291518503,0.060269788318107545
,,,,-0.14655571201607367,-0.1592136477660264,-0.14451429487264658,-0.16015842828116267,0.011597493673276152,0.018963285972661018,0.007365792299384867,0.10864558644565245
,,,,-0.1551891839933206,-0.16365237925069148,-0.15234901853552263,-0.16798311121246262,0.0067217684666299555,0.009709598127188947,0.002987829660558992,0.055255569051397765
,,,,-0.16924716283722965,-0.18895930593861268,-0.1660069333905146,-0.19140101787173439,0.0012148385320490602,0.0038384327677577863,0.0026235942357087268,0.02968715285230077
,,,,-0.16530263000050982,-0.17924230985670117,-0.16014767905637992,-0.17578890079704998,0.003535478431840613,0.00870252176220036,0.005167043330359748,0.06033602779836048
,,,,-0.1843010638450275,-0.1973233681213576,-0.18554471748395251,-0.20702759349120803,0.0022210913700214077,0.0061095000624320096,0.0038884086924106023,0.04563232179313645
,,,,-0.19567174064273746,-0.20371120326487863,-0.1757593648117539,-0.19919661923189777,0.003576129691194874,0.0062651773250609446,0.002689047633866071,0.03941441139567581
,,,,-0.1735771554872515,-0.1708787010659318,-0.17579292548434644,-0.17578602654471853,0.0058469552800034675,0.013803585507550415,0.00795663022754695,0.09173482307759988
,,,,-0.16341035123368142,-0.16466534678256645,-0.1679912654559747,-0.17579678991499112,0.006233905478128672,0.013721500804869996,0.007487595326741323,0.09171577395284686
,,,,-0.16406186084212984,-0.16220066162609773,-0.1679603966275441,-0.16796132844392678,0.007192390744671799,0.010895575186050907,0.003703184441379109,0.06014222719436653
,,,,-0.12849249372083082,-0.1200064648558425,-0.12890881455348638,-0.12110051800474211,0.057662039454914805,0.0852048038848646,0.02754276442994977,0.3672143520380577
,,,,-0.07522068565544525,-0.06096785225317137,-0.05075156590372502,-0.03514488636660789,0.12984418601987793,0.17748926850096344,0.04764508248108552,0.6969129481508778
,,,,-0.13076628819462446,-0.12634869172773427,-0.13674229898915757,-0.13673132110527103,0.028860115961982957,0.04824924377681805,0.01938912781483508,0.25248081377149456
,,,,-0.1737460956477098,-0.1693273034358201,-0.15231098116254163,-0.15234669869720327,0.024536927574013337,0.03921569863220289,0.014678771058189554,0.19956390049076952
,,,,-0.15693207259663888,-0.17328107715154592,-0.16015545487559174,-0.17576250363793589,0.007846110695199644,0.01138120819192519,0.0035350974967255423,0.057787177897635454
,,,,-0.16713486415796486,-0.18201195764037637,-0.1679605731060189,-0.1835976337117475,0.019539700602339276,0.01916581436806926,-3.7388623427002E-4,0.05369079796181109
,,,,-0.18920990527090248,-0.19292497398845374,-0.1836103272293878,-0.19140160786791566,0.03325113553246516,0.03325176108363307,6.255511678976232E-7,0.07187153757362383
,,,,-0.21378096254298654,-0.23098911401048147,-0.20702716083507358,-0.23048027064445606,0.013936705123257674,0.015847312223414855,0.0019106071001571796,0.04585552489679519
,,,,-0.2807730877899228,-0.2736989450328145,-0.25390540158230596,-0.26950728441493454,0.011624316749904271,0.012460151772450587,8.358350225463156E-4,0.0374332578864439
,,,,-0.11774381942253818,-0.10780959315037247,-0.08981871265511886,-0.08199120380063404,0.0695050304052527,0.09358270939688443,0.024077678991631723,0.42203753302128927
,,,,-0.22988704131833732,-0.24793423337173495,-0.23047254077791185,-0.253947931955633,0.02276801172823405,0.02089854879566423,-0.0018694629325698234,0.028340665865641917
,,,,-0.24833421045817686,-0.27545176596293985,-0.2539557601885452,-0.28517319707326627,0.012014371850347936,0.011184727375674516,-8.296444746734185E-4,0.04188155237534057
,,,,-0.1866884436370462,-0.21067222764595556,-0.1601559111908504,-0.20705206113286134,0.017204012294457526,0.019223717144332356,0.0020197048498748287,0.12782137536024202
,,,,-0.19720919249191815,-0.21678573626415376,-0.17576997728567764,-0.19920800234958436,0.017846568697495045,0.016729847155128753,-0.0011167215423662886,0.05670561767410619
,,,,-0.17445851297858514,-0.1784231902118581,-0.11326910762924197,-0.12107673535148611,0.050122946704313484,0.043201068464218395,-0.006921878240095095,0.23444276216990642
,,,,-0.1353327993621655,-0.1250856315852655,-0.14257055865321544,-0.11325750422462061,0.017758849689152832,0.01904133660216972,0.001282486913016888,0.09553728102753406
,,,,-0.1560898040771912,-0.10721148884570793,-0.1679887583809253,-0.09569932741258255,0.015566556722573184,0.015554438109094253,-1.2118613478928219E-5,0.05933236349335522
,,,,-0.1696873073612396,-0.15895938781018282,-0.1757710845657301,-0.16797359885344032,0.016294448080765144,0.019438707230851622,0.003144259150086482,0.10904970129153617
,,,,-0.14113622860518066,-0.09368179253865502,-0.1445364632373039,-0.08983436956885778,0.015246987675497887,0.01802088307678383,0.002773895401285944,0.08793815591382768
,,,,-0.12294493069025036,-0.08814538713758391,-0.12888325698980613,-0.08201590550727876,0.014876504119735592,0.018898083074923938,0.0040215789551883456,0.08686170505983601
,,,,-0.11067419090805622,-0.08269905724949198,-0.10544227727212245,-0.07420377423691125,0.01985349288747369,0.04717413645671991,0.027320643569246215,0.35644186482372864
,,,,-0.11096968374638745,-0.12591330239122533,-0.10544925847735617,-0.11324973113948278,0.02537813833934004,0.040682339505990164,0.015304201166650115,0.2554002004187698
,,,,-0.1307076846578655,-0.14520487579764096,-0.12108142677655455,-0.14451644351477225,0.01500779598943154,0.018547792874858617,0.003539996885427079,0.09190297544094457
,,,,-0.11223841952168927,-0.12244767415433414,-0.11327952530170554,-0.12892392187292645,0.046720711023205665,0.06808736690955536,0.0213666558863497,0.3385682059984904
,,,,-0.13405697484753207,-0.15159075132702599,-0.13671493547038144,-0.16014842277659896,0.017698642592012766,0.020870996552853294,0.003172353960840529,0.09948078120809074
,,,,-0.11391992735077075,-0.1124939773315183,-0.10546030043254855,-0.10544258459574961,0.017678776248953705,0.02455482756100493,0.00687605131205123,0.14164197308398999
,,,,-0.12433325544762364,-0.11888918976686029,-0.12891949440027048,-0.12891040796532294,0.02964494009556865,0.04578401739684078,0.01613907730127214,0.23399492387763998
,,,,-0.11149894431482439,-0.09619762047172696,-0.10549896398820088,-0.08984219530988924,0.09236549228614002,0.12939427828012107,0.03702878599398105,0.5700551916486613
,,,,-0.13734067907684142,-0.13722351248676176,-0.1425689352834791,-0.13667602108379817,0.01827081373730212,0.02421704756069187,0.005946233823389749,0.12166748876228153
,,,,-0.1107870949845796,-0.10684968920971664,-0.12108553098948194,-0.12107730886689391,0.04599174617950431,0.06563877704956664,0.019647030870062306,0.29183703710931624
,,,,-0.15229864941394958,-0.15063930092666988,-0.15234360792408985,-0.1445069138275772,0.013392171134036181,0.015891289766249882,0.0024991186322137005,0.07050865698408533
,,,,-0.19236748125555014,-0.18419537760429253,-0.20702959609682495,-0.18357534545066398,0.011773102759646287,0.011082708234821983,-6.903945248243036E-4,0.0497177848852144
,,,,-0.19171716018756943,-0.17702900847329928,-0.19921539874248734,-0.1835977570303771,0.007801878920974857,0.009984368898590794,0.002182489977615939,0.054236994855011496
,,,,0.005718445603592146,-0.0024012586035271582,0.02149390838516863,0.013670577249230188,0.08563591876746365,0.08078499315184974,-0.004850925615613916,0.2967732703436892
,,,,-0.0046435822652202054,0.0013328502808910426,0.0058595223176079935,0.003873002346380998,0.10425393447582755,0.13058208132721624,0.026328146851388692,0.5799115553735731
,,,,-0.02241939057905126,-0.025949640960756533,0.003905725087358217,-0.0039184581437375,0.05147011097179737,0.05895123251509399,0.007481121543296608,0.301519839450135
,,,,0.013850007470319088,0.01314818067961417,0.03518283725238206,0.035185709064109214,0.14880848401499466,0.18399615171372066,0.03518766769872597,0.7421366154824987
,,,,-0.0039046319740711423,-0.009835543894450537,0.01955959065668558,0.019568746511367828,0.14052438335491357,0.1851627376310533,0.044638354276139734,0.843900903661764
,,,,-0.0024957576921903982,-0.004398175225877267,0.019564706175577245,0.019534912516729962,0.1192760196913539,0.16841798031775151,0.04914196062639764,0.812519715792986
,,,,-0.018859877096614856,-0.024035179874998983,0.0038830825516344594,-0.003911061799447867,0.0931012292923,0.10569239327488353,0.012591163982583536,0.48019220112140054
,,,,-0.06174629183918352,-0.06904752587825948,-0.05075636827603869,-0.05858019127293735,0.05435167258963087,0.05293829033340129,-0.0014133822562295724,0.22816199685674474
,,,,-0.10929027824779719,-0.12154392885997274,-0.1289230178379997,-0.1445600203269196,0.06322925607615007,0.053614889024194354,-0.009614367051955714,0.13348149904205367
,,,,-0.1142989958591847,-0.13602077573034319,-0.13672991532851833,-0.16797763381185132,0.09242661134456948,0.08488715232226315,-0.007539459022306338,0.15686648272701595
,,,,-0.14612161929307638,-0.16072905103192234,-0.18365041182282021,-0.2071077033180447,0.05679541110829124,0.04827072344420839,-0.008524687664082846,0.12209002692051389
,,,,-0.15184682660147344,-0.10195963670381857,-0.16801263208458314,-0.09762351612340678,0.020866401373216766,0.019727732626090254,-0.0011386687471265104,0.07124949272759841
,,,,-0.13327035124398198,-0.12390637197650338,-0.14454204183657648,-0.11325782131489343,0.02728293249600503,0.01863635840064409,-0.00864657409536094,0.04172037281307087
,,,,-0.0732042388384235,-0.10634544871708336,-0.07422331849636128,-0.1054552080525079,0.06440812948653898,0.044724535288213796,-0.01968359419832518,0.11900099328660786
,,,,-0.04949910531696371,-0.06218919969448063,-0.03513353060564674,-0.05078139547159285,0.08089358869689504,0.09160285028759034,0.010709261590695289,0.4428501118438837
,,,,-0.06065950397866986,-0.08875055797382746,-0.05076794017806157,-0.07419743638924128,0.06298698767244777,0.03850931323319839,-0.024477674439249367,0.10364156036208842
,,,,-0.060990776068862364,-0.09109483698440997,-0.05858972351876728,-0.0898464373924466,0.07503031438470127,0.04085960026082868,-0.03417071412387259,0.07527852669913279
,,,,-0.04079037067438157,-0.05612931114076559,-0.019502573978364947,-0.03320801568463835,0.0905394834732332,0.07115967352363461,-0.01937980994959856,0.23489652407371375
,,,,-0.02593567066502508,-0.04462796184099235,0.0019328851379736883,-0.019495713738491245,0.09904010326672633,0.09423183279721221,-0.004808270469514098,0.38903353830069615
,,,,-0.08267571240932657,-0.10058671074118836,-0.07420967947256128,-0.10546016446488052,0.06266873904470686,0.041776241447522545,-0.020892497597184305,0.09771028887893425
,,,,-0.0629400242034503,-0.08261466632621005,-0.05077475414831686,-0.07423014568862851,0.056239461553072904,0.05121547774894016,-0.0050239838041327405,0.21027407213197863
,,,,-0.07266982841801584,-0.09348210403615193,-0.07421789961383178,-0.08980550052566023,0.07214245220128962,0.07105275690731275,-0.0010896952939768783,0.21851845360226088
,,,,0.042524560155155544,0.05382179365564962,0.05861937290688647,0.07226912368685835,0.2540479831526357,0.3564518985508614,0.10240391539822562,1.384644667685263
,,,,0.04654226240147213,0.05168271239653422,0.05862138325119619,0.07426818257855251,0.27673506180192015,0.34887318853348814,0.07213812673156798,1.1806333883846722
,,,,0.035985675949979146,0.03791699978474203,0.05082067471808422,0.05665339871414767,0.18862071894246635,0.2392360401651047,0.05061532122263826,0.8906677835317826
,,,,0.010952092186808041,0.005719251100003898,0.03522311129879612,0.03321694673594566,0.1656131104589321,0.1487274252970595,-0.016885685161872572,0.3315707476712174
,,,,0.0120281149292736,0.004364916707096375,0.03521492608830416,0.029300193710501028,0.14218583235976082,0.12104796222463055,-0.021137870135130313,0.3125599697339703
,,,,-0.0602595627713054,-0.05215916128929505,-0.02729975423338641,-0.019493481338435318,0.06255929070231232,0.07762968333897574,0.015070392636663411,0.3129949667457089
,,,,-0.001651936471813799,-0.002806543546860034,0.01758192574004137,0.01367971951390979,0.08816355415276966,0.07790730317894949,-0.010256250973820163,0.21265786546849738
,,,,0.023077878772747727,0.02136170235923789,0.04300382628831194,0.043005887303930845,0.18975028730470894,0.20915234287558293,0.01940205557087406,0.6991627302602389
,,,,0.028312873371764042,0.022772123031047704,0.05080814961001611,0.0508204752871994,0.23319800707257027,0.2498728478199871,0.016674840747416802,0.7617279542584139
,,,,0.05292096956514357,0.06808478273389872,0.06642703376767009,0.08988569190206741,0.31351598169620687,0.45357028006311484,0.14005429836690805,1.8009826011083605
,,,,0.02660825503150738,0.029932542499503154,0.04493219857475105,0.058631134492295504,0.21319905075711598,0.2901118784170738,0.07691282765995786,1.2244676097044476
,,,,0.021016925707888892,0.024893516441400133,0.050827869592531286,0.058623285032435704,0.21222503420816058,0.3223162710619577,0.11009123685379717,1.5007112071295907
,,,,-0.015385973974682818,-0.0021320996831091905,0.011748371362282276,0.027376458764095862,0.10480523304834205,0.23019107372128406,0.12538584067294198,1.4385494331897053
,,,,0.008556806859871402,0.021754674066123608,0.04301850226623332,0.05864074431713892,0.17805361261443337,0.3095231677158996,0.13146955510146627,1.559584802020623
,,,,-0.03934383843851762,-0.0423122504157644,-0.011702436539988776,-0.02731998433473957,0.10839889807845997,0.18090245625850532,0.07250355818004536,0.9746685100504114
,,,,0.015352477660938816,0.00757205888084159,0.04301542369379845,0.043005803036695926,0.20309984532413236,0.2184257508474429,0.01532590552331059,0.7177423583555638
,,,,0.022412641270103045,0.014086639657357887,0.0430063453092965,0.04300408553517884,0.20482374825075286,0.22461021879475648,0.019786470544003586,0.8104836123208633
,,,,0.001398451850126315,-0.007884306381830993,0.027379269632024982,0.019573087681828038,0.13748328180081842,0.16665801055618262,0.0291747287553642,0.7767034803125663
,,,,-0.010368922244385913,-0.027651190528625,0.017586349987269545,0.0019447592524434246,0.14556710777189627,0.10990841046282555,-0.0356586973090707,0.299699885793351
,,,,-0.08143340853607983,-0.0944406549060178,-0.06834880540585483,-0.08983322331550962,0.05642406333406567,0.04184378945801645,-0.014580273876049214,0.11413056006980185
,,,,-0.13216164504376898,-0.12908639967865077,-0.13477345752947983,-0.12108604762554892,0.01187785635424574,0.010906437175893952,-9.714191783517899E-4,0.047218089580321365
,,,,-0.1255171377392213,-0.14781317336131874,-0.12893092014825366,-0.1445046753137395,0.01645233708966815,0.008750476321253269,-0.007701860768414882,0.03996359888616209
,,,,-0.14952792875832793,-0.16267604324130433,-0.16019448564318525,-0.16796259831714364,0.021146179964866476,0.018657731717824626,-0.0024884482470418487,0.09188177462813538
,,,,-0.14143670317013196,-0.14791514946021878,-0.16018026860799442,-0.16015890515080178,0.02756613125233424,0.026405437449382632,-0.0011606938029516147,0.13111764750748223
,,,,-0.12103356642902176,-0.11096733068678472,-0.13675041935889878,-0.12890283111120077,0.04426921136345592,0.06521190454673362,0.02094269318327769,0.29834931966719075
,,,,-0.09655122359396535,-0.09201632609578636,-0.09765126555984176,-0.09767567496948742,0.07489128717074096,0.11159834486458033,0.036707057693839376,0.5118635755509758
,,,,-0.13130196827117588,-0.1260809430679532,-0.1367291825191563,-0.1367143103940002,0.062523472939592,0.0747842568517957,0.01226078391220371,0.24929952819843632
,,,,-0.15210816515855807,-0.143831585306111,-0.16798119042266182,-0.16019677901718693,0.01958648675221056,0.03256574441749892,0.012979257665288355,0.17984360129020738
,,,,-0.1562816975658973,-0.16463052339341963,-0.17581952287257896,-0.1816330374594998,0.014957593581332624,0.018861219546021074,0.003903625964688451,0.09782390565602411
,,,,-0.1729846599992998,-0.16669532571890272,-0.16016697445425102,-0.1601545222366727,0.01859761436948521,0.018772335793513846,1.7472142402863308E-4,0.06800314647229275
,,,,-0.13195191107507184,-0.14620874269653442,-0.1289053176039906,-0.15038353771272955,0.019734409790764462,0.020013262280620035,2.7885248985557424E-4,0.1029715934518235
,,,,-0.140216997014175,-0.1480794565742681,-0.14456907581714268,-0.144542476510409,0.017310009284360356,0.017964447445796134,6.544381614357828E-4,0.08203465920315224
,,,,-0.17427201975307272,-0.1539311283457655,-0.14452067659789766,-0.12890696674599467,0.027535784361518295,0.025145188396937187,-0.002390595964581111,0.05957610774785177
,,,,-0.19746514992513287,-0.1691675254487926,-0.16797753622678274,-0.1367237848518862,0.010594571573303012,0.011539741142859647,9.45169569556637E-4,0.04969627752673354
,,,,-0.018673240171371418,-0.010107366394646985,0.019553242346395494,0.02739099027173928,0.21536094669823366,0.24649890359530727,0.03113795689707356,0.7622805838066813
,,,,-0.02548293635806729,-0.027065952023633127,0.019564128973204115,0.011736021780981891,0.2651994339184842,0.25363064076596975,-0.011568793152514533,0.45308873670367467
,,,,-0.4250977548814223,-0.457823441567604,-0.4336054239582631,-0.47270303379424805,1.5382534508816254E-4,6.221460593261605E-5,-9.16107391555465E-5,2.3752557375474604E-4
,,,,-0.11197914576305958,-0.11057986566868913,-0.11328817614505617,-0.11328876103864287,0.07855243943423947,0.0739500230935608,-0.004602416340678662,0.20857275614478213
,,,,-0.1771468087469395,-0.17772853126288687,-0.16799840061112123,-0.17578375935125223,0.032588123618248394,0.024047876218709113,-0.00854024739953928,0.04137652455124174
,,,,-0.20384853365395997,-0.19421956086270342,-0.19925079658427086,-0.19143098012512133,0.008281033373121001,0.0062529393231160494,-0.002028094050004951,0.01761119569678117
,,,,-0.22776850028381398,-0.22538727199679984,-0.24613096838574067,-0.24021414933336013,0.007827706556616226,0.0054927540964510475,-0.002334952460165177,0.017165142422095294
,,,,-0.17136840990218458,-0.1710328128674857,-0.18361454954884032,-0.18555853707395006,0.009379147326509556,0.007564012950558953,-0.0018151343759506043,0.026237753877548523
,,,,-0.11540828224169312,-0.11875657588954373,-0.11329608498722929,-0.12109746810425287,0.06433909090233757,0.061971775338389226,-0.0023673155639483312,0.184936943797123
,,,,-0.18408691305082986,-0.19262751439235032,-0.17579737241880813,-0.19140986395542448,0.012161547956855309,0.013084750801173268,9.232028443179591E-4,0.05935265519900501
,,,,-0.19397261604421223,-0.2027144455934014,-0.19142049153039292,-0.21486212614096278,0.01222448489186252,0.015481650906988973,0.003257166015126454,0.07649369990342944
,,,,-0.10905731622004161,-0.16636540321908136,-0.1054962095750477,-0.18943936762980623,0.01660082261888719,0.011248595352490554,-0.0053522272663966385,0.04155080868156388
,,,,-0.20891364910398252,-0.23375529974305637,-0.21488289788697607,-0.24611313484175645,0.007529990846298045,0.0046402516856419605,-0.002889739160656083,0.016560430226167277
,,,,-0.14086785189902154,-0.16569525542549174,-0.16017690169535134,-0.18556336208845142,0.01831560365523705,0.010810212734729225,-0.007505390920507825,0.03218012929660923
,,,,-0.18588018194191405,-0.20370008709900447,-0.19924954738167597,-0.22071855713136698,0.009541036986991701,0.004774344202756218,-0.004766692784235485,0.008148373318370823
,,,,-0.14616228563250636,-0.1615932649364948,-0.15236108020580938,-0.17382910972372204,0.00826157226718932,0.004949819802433057,-0.0033117524647562602,0.01315477326918224
,,,,-0.19370300959091957,-0.19472896862508227,-0.19143938911898983,-0.1933572084745545,0.007460931578870357,0.005082701079391964,-0.0023782304994783942,0.014202637719062768
,,,,-0.13808207633166383,-0.13703821234069338,-0.1289008765615801,-0.12696196791656875,0.011754584795068454,0.007553231344296517,-0.00420135345077194,0.019917561414044646
,,,,-0.17352097324940993,-0.16786830591133853,-0.1601336544476772,-0.15234923079776974,0.012360458314254766,0.008812524575855536,-0.003547933738399229,0.02161485050655678
,,,,-0.11100223346128343,-0.12578063244501628,-0.09762378460147829,-0.123029298875622,0.007289367200247823,0.006901813358435031,-3.875538418127938E-4,0.03853009718524097
,,,,-0.12467464583596748,-0.13767954865046894,-0.12891338372343866,-0.16211488706887592,0.01667946937913097,0.0157274263748983,-9.52043004232669E-4,0.08274118428701635
,,,,-0.10874430309000888,-0.13737644336618884,-0.1133041915794968,-0.1542822380842279,0.01840526301408312,0.009774781984410254,-0.008630481029672872,0.027960013081549988
,,,,-0.1539588724059794,-0.18782194570177338,-0.16799957990278844,-0.20508294441585156,0.009685319987810097,0.004818344229016369,-0.004866975758793729,0.010230864107603883
,,,,-0.34934350792864405,-0.4005434398995648,-0.3867669065984808,-0.44147673229788853,0.0016003882411279695,9.848142436250282E-4,-6.15573997502941E-4,0.0036056724838064535
,,,,-0.14657855044514273,-0.1648491131164608,-0.12111398270243587,-0.16016268719088197,0.015596813240134724,0.01829256124454997,0.002695748004415243,0.12809596815939564
,,,,-0.41137747655309853,-0.42784418273090563,-0.433650787415337,-0.449299202647579,9.907326888441695E-5,5.549772029806017E-5,-4.3575548586356756E-5,1.7663662756290023E-4
,,,,-0.16343758411534554,-0.18645321221384947,-0.175820804537826,-0.20509693795842607,0.00878033304204985,0.004117503802970897,-0.0046628292390789505,0.01316880744996625
,,,,-0.10656818014329786,-0.10736039445831119,-0.0820296042444391,-0.08986013616340316,0.024202165534733575,0.04309626271737323,0.018894097182639666,0.3090368122262074
,,,,-0.14500698965939535,-0.1370718163487107,-0.0976355675924168,-0.11327485249844833,0.03992831773373693,0.04332131129129073,0.0033929935575538086,0.2372336179282328
,,,,-0.20277419465129756,-0.22143231695581447,-0.20701752763800677,-0.23831375720572262,0.02168706036361578,0.019890423561324214,-0.0017966368022915694,0.10976684266156536
,,,,-0.208415097837397,-0.24568295816658084,-0.19920735526962982,-0.23829721168628948,0.02169918491471069,0.018013434388397927,-0.003685750526312762,0.09273954397650563
,,,,-0.2438721209067703,-0.2206451010119429,-0.16012156154050242,-0.1425484236796065,0.010073789094604118,0.0069095384655621876,-0.00316425062904193,0.028479105201799828
,,,,-0.6403818362700185,-0.5182769990757764,-0.6362311414013871,-0.5146225478663641,0.0,0.0,0.0,0.0
,,,,-0.6291405797943559,-0.5121767906774791,-0.6196165839423127,-0.5114678875889255,0.0,0.0,0.0,0.0
,,,,-0.09207321197504667,-0.11805086350278415,-0.09766257854366164,-0.11324552519672697,0.036896830772514745,0.019977453731839803,-0.016919377040674945,0.052886909696745685
,,,,-0.09641188939899231,-0.09332920401264606,-0.10547946511919398,-0.08200937274409623,0.04361220465289693,0.027151423828002084,-0.016460780824894845,0.05163134170977498
,,,,-0.07574056569841874,-0.08315689909844959,-0.08203527338200778,-0.0663822353107869,0.063771769523305,0.042101236278758794,-0.021670533244546205,0.0634708807359755
,,,,-0.17660003929677676,-0.15344454553801903,-0.1835917827839557,-0.12887589345298264,0.013317670606807684,0.010814028653084385,-0.0025036419537232974,0.03523487432605184
,,,,-0.1408779863287615,-0.10451325179390616,-0.16017865268355186,-0.09765284551227761,0.022811712682230846,0.01674351749992235,-0.0060681951823085,0.04503097218809437
,,,,-0.19267128671843026,-0.18657546762429125,-0.20703731575085124,-0.19141266628130837,0.010301364851738161,0.007880445845997043,-0.002420919005741118,0.03285495404024236
,,,,-0.16828359321606956,-0.17288201338192583,-0.1757911045777454,-0.18359623497146232,0.010582363591001825,0.00673290335739191,-0.0038494602336099164,0.02445808719880152
,,,,-0.18581158627512204,-0.19731715417090764,-0.19924569089114064,-0.20703601619006437,0.005292484172847215,0.004874336526740558,-4.181476461066565E-4,0.026658044267087844
,,,,-0.15961500256426164,-0.15214370647736197,-0.16795976856669947,-0.14448796216290952,0.01872401010667492,0.012026223940947255,-0.006697786165727666,0.03162652552177072
,,,,-0.05085259697632715,-0.08734236745696816,-0.050778097638535316,-0.0819991660436297,0.09766140079230205,0.06670218098799521,-0.030959219804306822,0.10173480130404065
,,,,-0.0863471919012221,-0.1277233693953765,-0.08203198719458926,-0.14451514077270353,0.08839769872077091,0.07345027687414625,-0.014947421846624669,0.22223978523827315
,,,,-0.04558946522449798,-0.0785373098751706,-0.027318145867811415,-0.07421049455584099,0.1816080153206367,0.11350275540658254,-0.06810525991405421,0.12173059172802642
,,,,-0.20632557686319528,-0.22317567390522236,-0.2539550699609687,-0.2696246020998988,0.030242199700494073,0.016654433872645882,-0.013587765827848193,0.051558006543414296
,,,,-0.22599804541367496,-0.23430762140580558,-0.26175455202338516,-0.2617850406618088,0.006887399733173655,0.005471636474360394,-0.0014157632588132599,0.021350229608447985
,,,,-0.25280090028208174,-0.2527373352815473,-0.2852233629499762,-0.2852453329255893,0.003954891068016942,0.004650900853643279,6.960097856263365E-4,0.02596140197836354
,,,,-0.24367729948258046,-0.24265358892789918,-0.26955855784920135,-0.26175399397196575,0.005117048896642493,0.007533819857856868,0.0024167709612143763,0.04391726381588421
,,,,-0.1960930258658947,-0.22211761112435957,-0.23047693776213907,-0.26176760168649055,0.03486145881757735,0.012276571258933144,-0.022584887558644205,0.0123715735098229
,,,,-0.1291013472486377,-0.15381383427111142,-0.15233029037480883,-0.1914131990002392,0.10319603116433167,0.07739628310087754,-0.025799748063454118,0.17327342208849641
,,,,-0.19560866032142044,-0.22430572269556284,-0.23830784339526792,-0.2695966884708035,0.0461539794144867,0.03017164516991449,-0.01598233424457221,0.06888231916646977
,,,,-0.22743832964583804,-0.2556835848880592,-0.2539631863807644,-0.2871384623015088,0.003334817458736916,0.004056757590271662,7.219401315347457E-4,0.021791213564616368
,,,,-0.21959256226880564,-0.24962021608642188,-0.24807198807956246,-0.29103769245603833,0.005367469959119988,0.0048043076727655966,-5.631622863543913E-4,0.024108152871497153
,,,,-0.17430546972769595,-0.190605942364478,-0.18361236993414912,-0.2070458653923587,0.009688289475796393,0.010001779050017055,3.1348957422066296E-4,0.05357875624338675
,,,,-0.20075473907775898,-0.20173886259127646,-0.2070402104026624,-0.21487001090495048,0.008056702406314347,0.013393417068893593,0.005336714662579244,0.08217060054000827
,,,,-0.2208741198218092,-0.19013235358708686,-0.214860277342639,-0.19145719389222088,0.015048038220545299,0.03144307875738289,0.01639504053683759,0.20360166864098606
,,,,-0.1945964665370535,-0.1585450712491348,-0.18363369491026243,-0.14452574741792357,0.01976090375886033,0.025630667841883472,0.005869764083023144,0.12381071691282593
,,,,-0.1650156252234847,-0.15589143800753882,-0.17581193994860522,-0.1679852005917004,0.030063473980493364,0.04066127657656958,0.01059780259607622,0.21466384140141526
,,,,-0.21368627179791153,-0.19452154653424328,-0.20704343558560678,-0.1836214818625955,0.013686140573026183,0.013474751048954417,-2.1138952407176507E-4,0.05256262230368573
,,,,-0.22972770748825216,-0.21415241836313795,-0.23048591683940917,-0.23049120462282227,0.01840214207798754,0.03269566205723854,0.014293519979251008,0.20676688301027718
,,,,-0.2614168095769148,-0.2568618837129769,-0.28322351634931614,-0.28523807951144203,0.0024941154543262544,0.004379485692012207,0.0018853702376859527,0.02718019429668235
,,,,-0.23892620026286743,-0.2578142701161205,-0.26178183214190914,-0.28521420041332873,0.0028812251594103064,0.0037208956283583416,8.396704689480353E-4,0.020212119743992365
,,,,-0.1993854773361896,-0.2167564262021471,-0.23052622814488646,-0.25399017723048906,0.008675603777459224,0.007296496245378218,-0.0013791075320810054,0.03351776258459644
,,,,-0.2125897475172615,-0.22179587014828725,-0.23831782164204893,-0.24616051416055823,0.008337401354500647,0.010044291264469948,0.0017068899099693014,0.0530037135168923
,,,,-0.1790426809119704,-0.17868660493959646,-0.1836024180686549,-0.19141485301183817,0.0145503375313165,0.013869622329255501,-6.80715202060999E-4,0.06559722837984268
,,,,-0.16320347043428865,-0.15407430502942018,-0.160148694437603,-0.15235528404140722,0.018419289581637594,0.013165369225768785,-0.0052539203558688114,0.029606017318298504
,,,,-0.11291621296916526,-0.11444873691625555,-0.09764402308093595,-0.10544054170687683,0.07505881002586222,0.06384426581104198,-0.011214544214820231,0.12826613681049673
,,,,-0.0788881986877697,-0.0771492298338393,-0.0664054899099067,-0.06639908439030452,0.026554618875619617,0.03740561187732018,0.010850993001700567,0.2649634719687306
,,,,-0.1214855867314055,-0.12010805814925796,-0.11327255182869288,-0.12107315825465971,0.02018772575151673,0.01898476700679354,-0.001202958744723191,0.10401094401739266
,,,,-0.08690724024679705,-0.1129132199260899,-0.08200419091509317,-0.11330278847671883,0.03489451913659108,0.023289144799120583,-0.011605374337470498,0.11711743986783865
,,,,-0.11213592251070657,-0.14936616201906674,-0.11329146211957637,-0.16017781867779293,0.046599630307167725,0.019379810543566856,-0.02721981976360087,0.044745599072379
,,,,-0.09088770412253809,-0.12510414587662122,-0.09765685578358968,-0.13673538111441258,0.049096008308429126,0.04886565299820539,-2.3035531022373563E-4,0.2681040733083485
,,,,-0.08776166689047721,-0.11306453231520436,-0.0820166385802681,-0.11329469877080794,0.06301618018241606,0.04573677118951454,-0.01727940899290151,0.14359345258892148
,,,,-0.09306020555805093,-0.11658240113340987,-0.09766248475987424,-0.12108284490012394,0.04215879522606055,0.040679209224106734,-0.0014795860019538103,0.20244346873583133
,,,,-0.18897734228083324,-0.25181403375347555,-0.20706246393068697,-0.29308266479451706,0.00781909871508341,0.006086305766514785,-0.0017327929485686237,0.025548752366749358
,,,,-0.1922852940598519,-0.24310565072953289,-0.20704143566894978,-0.277423201856469,0.006125590415499791,0.004395418979328815,-0.0017301714361709763,0.019938654098606703
,,,,-0.1727745530631295,-0.17115025236434223,-0.18359402355820126,-0.19143182510607828,0.021153754203897538,0.026488390535458848,0.005334636331561309,0.14452488370267896
,,,,-0.13859640323878702,-0.17523275214098333,-0.1523461143550587,-0.1992331263024609,0.027385809999480416,0.029057579920543423,0.0016717699210630163,0.15887102333527484
,,,,-0.10526504813328244,-0.1655016117531941,-0.11133519493513631,-0.19143010898801696,0.02800609488971783,0.02472927301052895,-0.0032768218791888854,0.09377105619286213
,,,,-0.14777168593488574,-0.19559782371868692,-0.18362755941513373,-0.2383186178864836,0.07333183335137289,0.07418096158867594,8.491282373030543E-4,0.26410125672421136
,,,,-0.09318862476658506,-0.15958666700090313,-0.09960406634279169,-0.1914489816951617,0.07699912604561297,0.0639154168107847,-0.013083709234828258,0.2548828395867061
,,,,-0.12927917658175866,-0.17814744761601398,-0.14257799962791967,-0.21487579728214715,0.04187047230774614,0.04393157630946341,0.0020611040017172837,0.20877003645011769
,,,,-0.052893915739395815,-0.0952603973767609,-0.04883052460706106,-0.08983331993463296,0.03359322935117398,0.033025145072244626,-5.680842789293611E-4,0.20679463563845168
,,,,-0.10606715224202344,-0.11638904021963802,-0.107419969147709,-0.11327660748951558,0.006771074667755783,0.015101942603785598,0.008330867936029811,0.11382097595669248
,,,,-0.17471581352768348,-0.22559885775244334,-0.19142793824637658,-0.24610974946104655,0.02750432778306522,0.024711951126838345,-0.0027923766562268732,0.0625580567064714
,,,,-0.25376739879148025,-0.2695205994799673,-0.2695511521609477,-0.2851629308732736,0.006581103336324731,0.005732008878557363,-8.490944577673672E-4,0.02361490177510237
,,,,-0.2189449047580516,-0.2515464534461976,-0.23048067917456577,-0.261725588763665,0.01563591329920815,0.01196120627498308,-0.003674707024225067,0.010100980472059892
,,,,-0.06365052773365913,-0.07591987949042481,-0.04295331838708212,-0.06638935800013034,0.08672628286449986,0.10137712772756878,0.014650844863068913,0.45234545604456844
,,,,-0.07446161289230338,-0.08617290682020905,-0.07421777673835853,-0.08200536556939454,0.07320515953409934,0.08326642586891804,0.010061266334818655,0.32553553053053663
,,,,-0.052727798368780956,-0.07793651035635707,-0.042953763896003194,-0.0820455187410995,0.09438233152481348,0.07163571556276223,-0.02274661596205129,0.21846799408739512
,,,,-0.05135526715978312,-0.07905718660518796,-0.052747572160399915,-0.09179563002355544,0.10699455100011401,0.10477192185032444,-0.0022226291497895573,0.39357014282408326
,,,,-0.04142726453304132,-0.08758650103409031,-0.03513347850641346,-0.08399148359293895,0.14554087840055327,0.10903769612127241,-0.036503182279280864,0.3189549538252915
,,,,-0.010556457275844942,-0.03701906150429556,0.003908212964308356,-0.025391339920955203,0.21602950530058435,0.15622942991534894,-0.05980007538523542,0.2425940502305134
,,,,-0.019827564854637308,-0.037077517408782755,0.0039065189101237215,-0.01951704444770026,0.22868605491818914,0.24018703758869947,0.011500982670510314,0.6715433368177232
,,,,-0.04069254240826695,-0.07899991386810987,-0.027341224161039634,-0.07420618651815786,0.21647218594997777,0.12781066954789005,-0.08866151640208765,0.10513927778825957
,,,,-0.0029797155039283487,0.008791733766997531,0.027383471774097713,0.035176020016994505,0.17394299645992137,0.25490100033861374,0.08095800387869236,1.0339247659442936
,,,,0.042356072501620476,0.052843915519366694,0.058634837480953994,0.0683671521278764,0.24898661853531454,0.34286888374629754,0.09388226521098303,1.3014574500601404
,,,,0.02163049726300792,0.0331731201830384,0.03321611654115359,0.04493355043741244,0.14128354424147743,0.23546606083749785,0.09418251659602049,1.3072285791850067
,,,,-0.02695616480192065,-0.027956803180898573,-0.01758098725116164,-0.025375029704500212,0.06879057502420728,0.07521000672852651,0.006419431704319225,0.34518142904919186
,,,,-0.01650856326659613,-0.02206175871367278,-0.0039070705727636,-0.013667008076118268,0.0779754384498492,0.07770191622771282,-2.735222221363872E-4,0.3356908888663255
,,,,0.06435540011036135,0.061234168808525426,0.07424696679457682,0.0742282102974924,0.3741569716454505,0.39093519847419317,0.0167782268287427,1.09866505890168
,,,,-0.010958432534046839,5.136272534066932E-4,0.0038831130116194273,0.011735468720687696,0.12232350899309316,0.20503627106441935,0.08271276207132615,1.1200204733838002
,,,,-0.05316401564613155,-0.053940918078308676,-0.04296562865323743,-0.04294913104305556,0.08303595759760347,0.11604346345947483,0.033007505861871365,0.6606940102183935
,,,,-0.017568931323210298,-0.00954644003605799,-0.003905072561452151,0.003896206311819638,0.06089592682944234,0.0926950162083361,0.03179908937889375,0.4991832015481636
