village_id,state,district_code,latitude,longitude,population,ntl_2019,ntl_2024,ntl_growth_abs,ntl_growth_pct,ndbi_2020,ndbi_2025,ndbi_delta,built_area_ha_2020,built_area_ha_2025,built_growth_pct,ndvi_2019,ndvi_2024,ndvi_trend,road_connected,road_type,dist_to_town_km,antyodaya_score,has_telecom_tower,growth_tier_label
UT070000,Uttar Pradesh,7,24.75984,84.14272,1928,0.9241,0.9242,0.0,0.0,0.0707,0.0779,0.0072,133.6,138.2,3.42,0.2716,0.2022,-0.01386,1,0,37.6,73.4,1,low
UT260001,Uttar Pradesh,26,25.47778,80.21934,4526,10.1969,18.3114,8.1145,78.81,-0.2909,-0.1675,0.1235,48.4,136.3,177.59,0.5536,0.775,0.04427,1,1,4.0,28.2,1,high
UT200002,Uttar Pradesh,20,24.03011,79.53459,1758,3.3133,4.2031,0.8898,26.07,-0.0739,-0.0413,0.0326,48.9,65.2,32.65,0.4095,0.4638,0.01087,0,2,9.9,53.8,0,medium
UT140003,Uttar Pradesh,14,27.67147,77.49939,752,0.7892,1.0099,0.2207,24.82,0.0827,0.0758,-0.0069,142.5,139.8,-1.86,0.6487,0.6277,-0.0042,1,1,37.7,80.6,1,low
UT220004,Uttar Pradesh,22,30.25722,84.17751,728,0.5156,0.9534,0.4378,71.12,-0.1961,-0.2053,-0.0092,51.6,45.2,-12.18,0.6087,0.56,-0.00975,1,0,28.3,61.3,0,low
UT110005,Uttar Pradesh,11,25.67627,78.05911,635,0.5191,0.9594,0.4403,71.13,0.1113,0.1172,0.0059,55.1,57.8,4.75,0.4487,0.4568,0.00161,0,0,40.8,89.7,0,low
UT080006,Uttar Pradesh,8,29.95084,82.48365,231,0.7138,1.012,0.2982,36.64,-0.1925,-0.2016,-0.0091,26.6,22.1,-16.35,0.4984,0.4486,-0.00997,0,1,51.9,67.2,1,low
UT250007,Uttar Pradesh,25,28.4998,83.45389,200,3.4171,3.8049,0.3877,11.02,-0.2779,-0.2179,0.06,40.3,64.7,59.01,0.2603,0.2892,0.00578,1,1,22.3,49.2,1,medium
UT130008,Uttar Pradesh,13,27.49961,82.02858,640,3.3402,4.0363,0.696,20.23,0.135,0.1888,0.0537,181.8,216.7,19.09,0.699,0.814,0.02302,1,2,24.2,44.2,1,medium
UT110009,Uttar Pradesh,11,30.17475,82.97622,5244,3.8436,5.165,1.3214,33.51,0.1946,0.2078,0.0132,183.0,187.9,2.63,0.6153,0.6224,0.00141,1,2,21.1,50.6,0,medium
UT240010,Uttar Pradesh,24,29.59082,80.47648,805,0.4713,0.9045,0.4332,75.84,0.1048,0.1144,0.0097,100.9,105.1,4.13,0.3299,0.3384,0.0017,0,2,41.7,85.5,1,low
UT270011,Uttar Pradesh,27,28.53356,82.16907,2022,9.2648,11.5573,2.2925,24.48,0.1129,0.2596,0.1467,68.1,164.8,139.78,0.6161,0.7735,0.03148,1,2,14.2,22.0,1,high
UT170012,Uttar Pradesh,17,24.44094,79.28732,1829,3.2764,3.6748,0.3985,11.8,0.1262,0.17,0.0438,138.2,162.2,17.22,0.3918,0.515,0.02465,1,1,26.8,41.9,1,medium
UT260013,Uttar Pradesh,26,26.87494,79.37084,808,0.6966,0.7245,0.0279,3.5,-0.1157,-0.0998,0.0159,44.9,55.8,23.77,0.5883,0.6039,0.00313,1,2,36.7,85.9,0,low
UT080014,Uttar Pradesh,8,26.01735,80.45967,1387,0.8316,0.969,0.1373,14.74,0.0285,0.0412,0.0127,125.8,133.7,6.26,0.273,0.1884,-0.01692,1,1,39.0,92.1,1,low
UT090015,Uttar Pradesh,9,27.86605,81.68619,534,1.177,1.5055,0.3285,25.72,0.1074,0.0998,-0.0076,157.3,153.6,-2.29,0.5218,0.5007,-0.00421,0,2,30.2,84.6,1,low
UT290016,Uttar Pradesh,29,25.29703,82.16973,454,0.5438,0.9481,0.4043,62.79,-0.092,-0.0767,0.0154,101.1,108.8,7.57,0.4717,0.4487,-0.00458,0,1,27.8,76.0,0,low
UT220017,Uttar Pradesh,22,24.44936,80.32246,1845,0.788,0.9969,0.2089,23.52,-0.2182,-0.2165,0.0017,62.8,63.5,1.12,0.5867,0.5064,-0.01607,0,1,34.4,86.8,1,low
UT290018,Uttar Pradesh,29,29.64376,78.56439,370,1.6561,1.6299,-0.0262,-1.49,0.02,0.0167,-0.0033,51.1,49.3,-3.39,0.5441,0.5037,-0.00808,0,1,30.4,61.0,0,low
UT230019,Uttar Pradesh,23,25.65949,82.02841,347,0.9783,1.1766,0.1983,18.39,-0.0147,-0.0238,-0.0091,110.3,107.0,-2.92,0.5294,0.4885,-0.00818,1,2,50.2,94.5,1,low
UT220020,Uttar Pradesh,22,29.31592,77.91359,1376,2.843,4.1797,1.3367,45.42,-0.1098,-0.07,0.0398,68.3,78.5,14.79,0.4935,0.5899,0.01928,1,2,11.3,49.1,1,medium
UT040021,Uttar Pradesh,4,24.46332,84.25542,2854,0.6468,1.1074,0.4607,61.69,-0.0571,-0.0594,-0.0023,113.3,112.1,-1.04,0.3557,0.3472,-0.00169,0,1,46.9,66.5,0,low
UT220022,Uttar Pradesh,22,27.91048,83.22584,1196,1.0017,1.2896,0.288,26.14,0.1529,0.166,0.0131,93.3,101.4,8.55,0.6256,0.6263,0.00014,0,0,39.1,65.4,1,low
UT240023,Uttar Pradesh,24,28.70936,77.12024,200,0.4215,0.7561,0.3346,64.16,-0.2603,-0.2677,-0.0074,35.4,32.7,-7.41,0.3775,0.2879,-0.01792,1,2,29.6,99.7,0,low
UT250024,Uttar Pradesh,25,25.13947,82.24404,200,0.5592,0.7128,0.1536,23.3,-0.1496,-0.1301,0.0194,35.7,50.1,39.01,0.21,0.2206,0.00212,1,1,37.8,60.3,1,low
UT220025,Uttar Pradesh,22,29.67669,78.22941,1104,3.9499,4.6044,0.6545,16.16,-0.2418,-0.2128,0.029,69.8,88.7,26.78,0.595,0.6072,0.00243,1,2,27.0,54.3,0,medium
UT250026,Uttar Pradesh,25,24.44312,77.19617,1407,0.4448,0.8108,0.366,67.19,0.1682,0.1845,0.0163,50.2,54.4,8.24,0.5013,0.456,-0.00906,0,1,34.4,90.2,0,low
UT180027,Uttar Pradesh,18,28.2622,83.44492,1097,1.0423,1.2121,0.1699,14.87,-0.0929,-0.0781,0.0148,31.5,38.3,20.87,0.4407,0.3436,-0.01942,0,0,51.1,59.9,0,low
UT060028,Uttar Pradesh,6,26.44327,79.99802,602,1.4063,1.3862,-0.0201,-1.34,0.1714,0.1857,0.0143,190.9,196.3,2.8,0.5906,0.6144,0.00475,1,0,59.5,56.7,0,low
UT190029,Uttar Pradesh,19,30.30987,84.1616,430,0.4629,0.422,-0.041,-7.28,-0.1675,-0.1768,-0.0094,47.0,41.1,-12.38,0.5123,0.4696,-0.00854,1,1,50.9,82.1,0,low
UT270030,Uttar Pradesh,27,25.46,79.82847,1327,2.7228,3.4882,0.7654,27.12,0.038,0.0486,0.0106,121.6,126.0,3.54,0.6396,0.7212,0.01632,1,0,24.6,59.1,1,medium
UT030031,Uttar Pradesh,3,28.9282,82.65002,1021,0.689,1.0023,0.3133,39.71,0.0806,0.0754,-0.0052,75.8,72.6,-4.15,0.6959,0.6108,-0.01702,0,1,50.3,89.2,0,low
UT290032,Uttar Pradesh,29,30.47617,79.79915,1035,0.9978,1.0281,0.0303,2.76,-0.2991,-0.3037,-0.0046,23.3,21.2,-8.5,0.4012,0.4323,0.00623,0,0,42.1,83.6,0,low
UT280033,Uttar Pradesh,28,26.41424,77.47532,1313,11.0528,17.2653,6.2125,55.7,0.0181,0.1214,0.1033,136.8,182.4,33.14,0.4859,0.6584,0.03449,0,2,6.1,39.5,1,high
UT180034,Uttar Pradesh,18,24.52391,82.53234,1651,10.4196,14.6718,4.2522,40.42,-0.2343,-0.123,0.1114,20.7,64.3,200.61,0.2223,0.3774,0.03102,1,2,2.7,22.1,1,high
UT260035,Uttar Pradesh,26,29.73388,79.9902,451,2.4686,4.4368,1.9682,76.63,0.0271,0.0654,0.0383,154.8,176.0,13.61,0.3748,0.3974,0.00454,1,0,9.5,33.3,1,medium
UT290036,Uttar Pradesh,29,27.00492,80.12942,439,0.6778,1.05,0.3722,47.85,0.189,0.2029,0.0138,186.9,194.1,3.84,0.5792,0.5923,0.00262,1,2,40.1,70.5,0,low
UT280037,Uttar Pradesh,28,25.2137,77.71467,290,0.8464,1.1271,0.2807,29.67,0.1575,0.1635,0.006,166.7,169.1,1.46,0.6286,0.6645,0.00718,0,2,34.8,94.7,1,low
UT270038,Uttar Pradesh,27,25.07871,83.70265,264,1.9972,3.1937,1.1966,57.06,0.1451,0.1917,0.0466,173.0,203.7,17.66,0.4704,0.5175,0.00943,1,2,23.7,39.6,1,medium
UT030039,Uttar Pradesh,3,27.06337,84.4412,1818,0.7626,0.7265,-0.0362,-4.2,0.0408,0.0358,-0.005,49.4,48.0,-2.85,0.3702,0.4001,0.00599,0,1,51.3,84.3,0,low
UT140040,Uttar Pradesh,14,24.83752,80.13698,1207,0.4992,0.652,0.1529,25.51,-0.2363,-0.225,0.0112,61.3,68.8,12.08,0.6909,0.6841,-0.00136,1,0,26.8,67.8,1,low
UT230041,Uttar Pradesh,23,26.21264,84.51662,749,1.0557,1.1269,0.0712,6.16,0.0946,0.1018,0.0072,74.1,77.6,4.74,0.5688,0.5476,-0.00424,0,1,35.9,62.4,1,low
UT030042,Uttar Pradesh,3,25.5222,82.9793,858,1.4476,1.708,0.2604,16.83,0.0171,0.0092,-0.0079,93.7,91.6,-2.27,0.27,0.2115,-0.0117,1,0,15.2,56.7,1,low
UT190043,Uttar Pradesh,19,28.01093,77.86517,2122,10.0799,12.5284,2.4485,24.05,-0.0747,0.026,0.1007,101.7,171.3,67.73,0.5355,0.6948,0.03187,1,2,15.9,38.0,1,high
UT090044,Uttar Pradesh,9,26.62756,79.44022,969,0.9638,1.271,0.3072,28.88,-0.2949,-0.2859,0.0091,55.7,61.3,9.8,0.2603,0.2956,0.00707,0,0,17.0,70.4,0,low
UT030045,Uttar Pradesh,3,26.90173,83.06769,3166,2.6849,3.153,0.4681,16.81,-0.2938,-0.2825,0.0114,39.9,45.6,14.08,0.2828,0.2895,0.00134,1,0,21.1,51.2,0,medium
UT030046,Uttar Pradesh,3,25.48516,84.42864,1108,0.7847,0.7081,-0.0766,-8.66,-0.22,-0.2293,-0.0093,39.2,32.7,-16.18,0.2581,0.3015,0.00868,1,0,32.3,61.9,0,low
UT120047,Uttar Pradesh,12,26.22591,79.05388,430,0.8353,0.8345,-0.0009,-0.09,-0.2247,-0.2102,0.0145,66.1,71.9,8.65,0.3629,0.3818,0.00378,0,2,42.0,56.7,0,low
UT120048,Uttar Pradesh,12,30.16923,80.89806,4300,1.0926,1.3458,0.2532,21.23,-0.1984,-0.1855,0.0129,56.0,63.0,12.14,0.6328,0.6799,0.00942,1,0,34.8,57.8,1,low
UT020049,Uttar Pradesh,2,25.94607,79.72624,548,0.8462,1.0634,0.2171,22.95,-0.1997,-0.1798,0.0198,25.5,33.9,31.5,0.5165,0.4268,-0.01793,1,1,47.5,56.1,1,low
UT170050,Uttar Pradesh,17,29.64814,82.18129,2934,8.4777,11.2067,2.729,31.82,-0.0986,-0.012,0.0865,102.7,164.5,59.64,0.4026,0.5978,0.03906,1,2,10.0,31.9,1,high
UT230051,Uttar Pradesh,23,27.3811,78.08586,294,2.985,4.7843,1.7994,58.33,0.0609,0.091,0.0301,65.9,85.2,28.88,0.5575,0.6919,0.02687,1,2,20.4,66.3,1,medium
UT280052,Uttar Pradesh,28,24.2749,81.29118,1447,9.0021,18.1326,9.1305,100.31,0.0332,0.2068,0.1736,124.3,193.5,55.3,0.2527,0.3623,0.02193,1,2,2.8,38.8,1,high
UT240053,Uttar Pradesh,24,27.95039,79.24429,2946,3.1865,5.1433,1.9568,59.54,0.0411,0.0801,0.039,45.8,68.5,48.55,0.6117,0.6932,0.01631,0,2,24.2,40.7,0,medium
UT220054,Uttar Pradesh,22,24.85487,83.51418,577,0.7962,1.1805,0.3843,42.88,-0.2912,-0.2924,-0.0012,32.0,31.5,-1.59,0.2007,0.1456,-0.01101,1,1,32.9,65.3,1,low
UT100055,Uttar Pradesh,10,25.46498,78.48833,2019,10.4647,22.2813,11.8165,111.85,-0.0364,0.0972,0.1336,119.3,215.9,80.38,0.3687,0.4808,0.02243,1,0,14.2,43.7,1,high
UT060056,Uttar Pradesh,6,26.98089,81.26265,621,0.5541,0.4841,-0.07,-10.7,0.0966,0.1122,0.0156,71.2,82.5,15.7,0.6974,0.7042,0.00135,0,0,23.6,97.5,1,low
UT220057,Uttar Pradesh,22,27.67305,82.86436,1292,1.0722,1.4429,0.3707,31.62,0.1024,0.0938,-0.0086,114.9,109.3,-4.86,0.3269,0.2638,-0.01263,0,2,38.1,59.1,1,low
UT010058,Uttar Pradesh,1,27.72997,80.15859,244,0.4859,0.9369,0.4509,76.96,-0.1896,-0.1984,-0.0088,83.8,80.4,-4.07,0.6752,0.6625,-0.00255,1,0,55.2,76.4,0,low
UT030059,Uttar Pradesh,3,30.1151,80.8526,475,0.9044,0.833,-0.0714,-7.11,-0.1237,-0.109,0.0147,32.1,37.9,17.61,0.6655,0.6243,-0.00825,1,1,15.5,57.3,0,low
UT160060,Uttar Pradesh,16,29.82427,83.217,1580,0.6552,0.7777,0.1226,16.23,0.1924,0.2051,0.0126,154.9,158.6,2.34,0.4722,0.4786,0.00128,1,0,47.1,78.1,1,low
UT290061,Uttar Pradesh,29,25.78147,83.13374,626,0.4647,0.7637,0.2991,52.97,0.0824,0.0925,0.0101,84.6,89.5,5.82,0.4533,0.4114,-0.00838,1,1,40.2,79.0,0,low
UT110062,Uttar Pradesh,11,30.19104,78.72313,2604,3.0993,3.8924,0.7931,24.79,0.0364,0.0589,0.0225,109.2,124.2,13.62,0.653,0.7541,0.02022,1,2,16.9,41.4,1,medium
UT190063,Uttar Pradesh,19,28.10983,78.51234,428,0.8613,1.3555,0.4942,51.41,0.1574,0.1477,-0.0097,64.6,59.5,-7.72,0.6895,0.6728,-0.00334,0,1,43.4,61.5,0,low
UT060064,Uttar Pradesh,6,28.17061,82.34882,333,0.7634,1.0874,0.324,37.52,-0.1645,-0.1565,0.0079,33.2,35.8,7.6,0.6724,0.6828,0.0021,1,0,26.4,73.0,0,low
UT240065,Uttar Pradesh,24,28.70241,77.06881,774,0.6562,0.9586,0.3024,39.99,0.027,0.0415,0.0146,43.0,49.3,14.15,0.2079,0.1195,-0.01769,0,1,54.8,67.7,1,low
UT110066,Uttar Pradesh,11,26.77872,78.56725,243,0.6054,0.7265,0.1211,17.16,0.0937,0.0973,0.0036,138.8,140.4,1.2,0.4213,0.4187,-0.00052,1,0,17.5,59.7,0,low
UT200067,Uttar Pradesh,20,29.73099,83.18736,209,2.911,4.7828,1.8718,62.16,-0.0233,0.0238,0.0471,129.3,160.6,24.01,0.308,0.426,0.02359,1,2,15.7,65.4,0,medium
UT200068,Uttar Pradesh,20,26.67211,82.48666,1945,0.4564,0.4556,-0.0008,-0.15,0.0662,0.0716,0.0054,44.9,46.7,3.95,0.6454,0.5817,-0.01275,0,0,25.5,82.7,0,low
UT160069,Uttar Pradesh,16,29.65843,81.79878,1207,10.4944,16.8853,6.391,60.32,0.1902,0.3396,0.1494,157.2,252.3,60.12,0.6757,0.9,0.05429,1,2,14.0,17.1,1,high
UT110070,Uttar Pradesh,11,26.6297,80.68102,494,2.0108,3.8438,1.833,86.84,-0.2665,-0.237,0.0295,68.4,76.7,12.03,0.5242,0.5805,0.01126,1,1,9.5,58.9,1,medium
UT260071,Uttar Pradesh,26,24.43201,82.82551,661,0.7353,0.8454,0.1101,13.18,-0.2927,-0.2965,-0.0038,46.5,44.8,-3.38,0.3954,0.3192,-0.01524,0,1,33.7,81.5,0,low
UT170072,Uttar Pradesh,17,26.88508,80.4259,717,0.7852,0.8437,0.0584,6.6,-0.1377,-0.1397,-0.0019,45.0,43.9,-2.28,0.3323,0.3316,-0.00014,1,1,16.4,94.6,1,low
UT020073,Uttar Pradesh,2,30.47502,83.27316,950,3.3745,5.3189,1.9443,55.96,0.1515,0.2016,0.0501,49.7,73.9,47.68,0.4856,0.5333,0.00954,1,0,8.4,42.4,1,medium
UT290074,Uttar Pradesh,29,26.53886,77.5269,2012,3.0603,4.022,0.9617,30.43,-0.0016,0.0549,0.0565,96.6,116.6,20.59,0.6978,0.7952,0.01949,1,2,28.7,57.6,0,medium
UT290075,Uttar Pradesh,29,26.95862,82.07498,1494,3.1919,3.5343,0.3424,10.4,-0.0732,-0.0289,0.0443,93.4,125.6,34.1,0.6408,0.7659,0.02501,1,2,28.1,57.6,1,medium
UT190076,Uttar Pradesh,19,29.74979,77.95168,695,2.478,4.4328,1.9548,75.82,0.1237,0.1505,0.0268,183.6,201.3,9.54,0.6263,0.639,0.00255,0,1,11.2,68.7,0,medium
UT040077,Uttar Pradesh,4,26.30958,82.12236,288,0.9098,0.898,-0.0118,-1.17,-0.2225,-0.2301,-0.0075,56.0,51.1,-8.6,0.2686,0.2557,-0.00258,1,0,52.0,75.6,1,low
UT090078,Uttar Pradesh,9,29.4607,84.51983,559,0.6369,0.8506,0.2137,28.99,-0.0202,-0.0096,0.0106,122.3,125.6,2.68,0.5493,0.5117,-0.00752,1,1,33.1,88.4,0,low
UT250079,Uttar Pradesh,25,27.74799,81.24662,1700,0.6731,1.1365,0.4633,59.93,0.0647,0.0719,0.0072,45.6,48.3,5.82,0.46,0.4383,-0.00434,1,0,39.9,65.7,1,low
UT230080,Uttar Pradesh,23,29.02136,82.33891,586,2.6495,4.6488,1.9992,72.71,-0.1011,-0.0825,0.0185,48.3,56.1,15.81,0.4553,0.5919,0.02732,0,1,8.5,32.0,1,medium
UT170081,Uttar Pradesh,17,28.88,77.9537,4272,2.3101,4.0297,1.7196,71.35,-0.1171,-0.0696,0.0475,36.3,54.8,49.86,0.4093,0.4591,0.00997,1,0,21.2,66.5,1,medium
UT140082,Uttar Pradesh,14,29.16413,79.11378,311,0.5491,0.6058,0.0566,8.72,0.1677,0.1633,-0.0044,59.4,58.1,-2.17,0.2814,0.2707,-0.00214,0,0,48.9,91.8,1,low
UT250083,Uttar Pradesh,25,28.49186,79.06441,550,1.414,1.6763,0.2623,17.32,-0.2133,-0.2088,0.0046,82.8,84.2,1.74,0.5669,0.5618,-0.00103,0,0,54.3,73.5,1,low
UT060084,Uttar Pradesh,6,26.35002,77.70048,937,0.4353,0.6922,0.2569,47.99,0.0294,0.0353,0.006,107.4,109.7,2.19,0.6692,0.692,0.00456,1,0,35.6,66.4,0,low
UT170085,Uttar Pradesh,17,25.35889,77.64363,511,1.1897,1.4291,0.2394,18.56,-0.0118,0.0011,0.0129,59.1,62.4,5.53,0.5396,0.4511,-0.0177,1,1,56.8,65.8,1,low
UT240086,Uttar Pradesh,24,30.11119,77.35557,3611,2.808,3.288,0.48,16.51,-0.0934,-0.0505,0.0429,66.7,81.3,21.62,0.2784,0.2847,0.00126,1,1,12.8,66.7,1,medium
UT050087,Uttar Pradesh,5,29.35906,78.11292,968,2.6224,3.1054,0.4829,17.74,-0.0498,-0.0273,0.0225,61.6,77.3,25.17,0.3076,0.3915,0.01678,1,1,17.7,54.8,1,medium
UT050088,Uttar Pradesh,5,24.427,83.74211,1035,2.448,3.0204,0.5724,22.46,-0.0909,-0.036,0.0549,66.9,83.3,24.28,0.2083,0.2987,0.01807,0,0,28.4,31.6,1,medium
UT070089,Uttar Pradesh,7,27.82429,80.0224,681,0.371,0.5923,0.2212,46.96,-0.234,-0.2286,0.0054,44.5,46.3,3.93,0.3109,0.2585,-0.01047,0,1,29.9,89.2,0,low
UT250090,Uttar Pradesh,25,29.92022,81.16035,1358,0.5648,0.7099,0.1451,21.82,-0.2827,-0.2809,0.0018,47.7,48.3,1.37,0.643,0.6774,0.00687,0,2,32.9,71.2,0,low
UT170091,Uttar Pradesh,17,26.77866,79.51016,542,2.8116,3.842,1.0304,35.39,-0.2354,-0.1953,0.0402,34.9,54.4,54.25,0.4461,0.5439,0.01956,1,1,11.0,67.8,1,medium
UT220092,Uttar Pradesh,22,26.10483,82.02467,1097,2.0966,3.4268,1.3302,60.56,-0.2775,-0.2504,0.0271,63.2,74.4,17.54,0.4327,0.4449,0.00245,1,0,29.2,53.1,1,medium
UT040093,Uttar Pradesh,4,24.93133,82.43186,351,1.0289,1.5255,0.4966,44.0,0.1188,0.1272,0.0084,151.7,154.2,1.61,0.6621,0.611,-0.01023,0,2,51.6,77.5,0,low
UT140094,Uttar Pradesh,14,26.09772,81.21311,2431,2.0025,3.9305,1.928,91.7,-0.0428,-0.0053,0.0374,96.8,113.4,17.02,0.3201,0.3674,0.00945,1,2,25.9,46.1,1,medium
UT040095,Uttar Pradesh,4,28.55397,82.72639,314,2.0489,2.0044,-0.0445,-2.07,0.0837,0.083,-0.0008,74.3,74.0,-0.37,0.4755,0.4541,-0.00429,0,2,18.0,97.0,1,low
UT150096,Uttar Pradesh,15,27.54102,78.03123,244,0.7667,0.9465,0.1797,20.73,-0.0218,-0.021,0.0008,69.8,70.1,0.3,0.5833,0.5886,0.00106,0,0,20.4,72.0,0,low
UT150097,Uttar Pradesh,15,26.69637,79.94329,384,0.7184,0.8565,0.1382,16.88,0.0652,0.0593,-0.0059,75.8,72.7,-3.97,0.2556,0.2858,0.00605,1,1,31.4,66.4,0,low
UT040098,Uttar Pradesh,4,27.62929,83.61153,1303,0.7568,0.8483,0.0915,10.68,-0.1996,-0.2002,-0.0005,46.8,46.6,-0.46,0.2976,0.2994,0.00035,0,2,59.8,61.7,1,low
UT180099,Uttar Pradesh,18,24.82613,78.43856,1334,0.5381,0.7036,0.1655,25.94,0.1132,0.1208,0.0076,122.5,127.6,4.1,0.5157,0.5334,0.00353,1,0,23.3,89.4,0,low
UT060100,Uttar Pradesh,6,25.31491,79.93897,1114,1.0444,1.5159,0.4714,41.19,-0.2029,-0.1987,0.0042,59.3,61.4,3.58,0.6973,0.6276,-0.01394,1,2,29.9,75.3,0,low
UT110101,Uttar Pradesh,11,24.30532,84.05319,2506,2.6061,4.0458,1.4397,53.2,-0.0946,-0.0638,0.0308,61.0,71.4,16.8,0.2492,0.3391,0.01798,1,0,20.0,32.9,0,medium
UT090102,Uttar Pradesh,9,29.39905,78.7074,546,0.943,1.2103,0.2674,25.63,0.1052,0.1034,-0.0018,116.5,115.9,-0.44,0.2906,0.3342,0.00872,1,1,49.6,87.9,1,low
UT150103,Uttar Pradesh,15,30.10132,79.65889,298,0.5899,0.822,0.2321,33.64,0.0711,0.0619,-0.0092,115.3,111.8,-3.03,0.5475,0.5326,-0.00298,1,0,38.1,77.3,1,low
UT170104,Uttar Pradesh,17,24.59424,81.75518,696,7.3761,12.1315,4.7554,63.61,-0.0527,0.0384,0.0911,96.6,156.2,61.03,0.5058,0.6713,0.0331,1,2,15.3,37.0,1,high
UT250105,Uttar Pradesh,25,25.72899,79.52913,2173,0.7999,1.0386,0.2388,26.53,0.1659,0.1858,0.0199,181.7,187.2,2.99,0.3155,0.3501,0.00692,0,1,49.2,64.4,1,low
UT170106,Uttar Pradesh,17,30.27665,79.99102,769,1.4123,1.5692,0.1569,10.38,-0.1165,-0.1221,-0.0056,83.6,81.1,-2.96,0.2034,0.1819,-0.0043,1,1,43.9,95.6,1,low
UT180107,Uttar Pradesh,18,25.77904,83.92982,950,3.5118,4.6627,1.151,31.87,-0.0447,-0.0191,0.0256,122.4,130.5,6.61,0.6762,0.7755,0.01987,1,0,22.9,36.8,1,medium
UT180108,Uttar Pradesh,18,29.43687,81.17171,619,0.7292,0.814,0.0847,10.22,0.1906,0.2086,0.018,124.6,135.5,8.62,0.6611,0.5824,-0.01574,1,0,25.5,93.9,0,low
UT140109,Uttar Pradesh,14,24.79227,80.16055,725,0.7311,0.6751,-0.056,-6.74,-0.0924,-0.0898,0.0027,105.8,107.3,1.43,0.4095,0.3782,-0.00626,1,2,30.5,73.8,0,low
UT240110,Uttar Pradesh,24,30.03725,80.27207,1377,0.5255,0.4693,-0.0562,-8.98,-0.1828,-0.1703,0.0125,40.4,48.2,18.85,0.3373,0.331,-0.00126,1,2,16.4,91.4,1,low
UT100111,Uttar Pradesh,10,29.58195,79.4767,1384,0.933,1.0354,0.1024,9.91,-0.1461,-0.1489,-0.0028,41.4,40.0,-3.44,0.3457,0.3083,-0.00748,1,0,28.4,62.4,0,low
UT050112,Uttar Pradesh,5,29.33813,81.13919,1236,6.6192,13.0199,6.4007,95.26,-0.0586,0.1002,0.1587,83.0,123.8,48.59,0.6015,0.8022,0.04015,1,2,15.3,33.2,1,high
UT010113,Uttar Pradesh,1,25.69597,84.36908,556,1.8739,3.7851,1.9112,96.83,0.0818,0.1408,0.0591,145.1,170.0,17.03,0.5138,0.5357,0.00438,1,0,22.0,53.9,0,medium
UT090114,Uttar Pradesh,9,28.17817,81.56719,561,2.9664,3.5948,0.6284,20.49,-0.0637,-0.0279,0.0359,52.3,68.6,30.7,0.2361,0.3642,0.02561,0,1,26.7,62.5,1,medium
UT100115,Uttar Pradesh,10,24.5262,83.66227,2454,2.7442,3.6767,0.9325,32.79,-0.1306,-0.0837,0.0469,100.9,113.8,12.64,0.3285,0.3626,0.00681,1,1,28.0,62.5,1,medium
UT160116,Uttar Pradesh,16,28.05087,82.63637,4734,2.2213,2.5554,0.334,14.39,-0.1063,-0.0731,0.0332,72.1,91.4,26.4,0.3096,0.399,0.01789,1,1,14.6,54.7,1,medium
UT020117,Uttar Pradesh,2,26.52002,78.0516,613,0.7867,1.0468,0.2602,29.34,0.1877,0.1949,0.0072,62.2,67.2,7.97,0.2597,0.2089,-0.01016,0,0,50.0,74.4,0,low
UT080118,Uttar Pradesh,8,26.09344,81.25406,689,3.5456,4.2962,0.7506,20.59,-0.2036,-0.167,0.0366,29.0,52.6,78.84,0.6058,0.6144,0.00172,1,0,12.0,31.0,0,medium
UT160119,Uttar Pradesh,16,26.5061,80.85081,391,0.5785,0.8134,0.2349,34.62,0.1613,0.1664,0.0051,55.1,57.5,4.41,0.3682,0.4062,0.00762,1,2,25.6,58.4,0,low
UT020120,Uttar Pradesh,2,27.74925,77.906,615,2.5195,4.0419,1.5224,58.12,0.1719,0.1869,0.015,143.6,153.8,7.07,0.3731,0.4256,0.01051,0,2,14.3,57.4,1,medium
UT030121,Uttar Pradesh,3,24.41522,79.41216,1636,3.2738,3.7431,0.4693,13.91,0.1818,0.222,0.0402,155.9,184.7,18.33,0.4878,0.5751,0.01745,1,2,12.4,57.1,0,medium
UT160122,Uttar Pradesh,16,24.26217,79.47889,1041,0.6012,1.0096,0.4084,58.24,-0.1291,-0.1095,0.0196,54.4,59.3,9.0,0.3911,0.3363,-0.01095,0,0,35.0,59.5,0,low
UT040123,Uttar Pradesh,4,29.97039,77.35714,200,0.785,1.1661,0.3811,43.06,-0.2097,-0.1912,0.0184,71.2,79.4,11.41,0.5041,0.4708,-0.00666,0,0,17.6,61.8,0,low
UT150124,Uttar Pradesh,15,28.49618,82.0262,536,1.6199,1.7723,0.1524,8.86,0.0586,0.0661,0.0075,99.3,103.0,3.63,0.393,0.438,0.009,1,1,24.2,57.5,0,low
UT070125,Uttar Pradesh,7,29.07031,80.58436,1255,0.3763,0.5019,0.1255,26.35,-0.0716,-0.0718,-0.0001,56.7,56.6,-0.09,0.5528,0.531,-0.00435,1,0,33.6,68.1,1,low
UT070126,Uttar Pradesh,7,27.31277,83.90738,1215,2.5401,4.4756,1.9355,73.31,-0.0736,-0.0156,0.0579,87.6,110.3,25.59,0.3395,0.4893,0.02996,0,1,9.9,67.8,1,medium
UT210127,Uttar Pradesh,21,28.76554,84.5652,1656,3.2648,3.7297,0.4649,13.82,-0.2354,-0.1831,0.0523,36.0,51.8,42.61,0.3477,0.4479,0.02004,1,0,15.4,43.5,0,medium
UT160128,Uttar Pradesh,16,25.18341,80.89776,598,0.8941,1.3122,0.4181,42.05,0.134,0.1415,0.0075,60.7,64.3,5.81,0.3972,0.4273,0.00601,1,2,29.4,67.3,0,low
UT180129,Uttar Pradesh,18,26.01155,84.40927,280,0.8056,1.0902,0.2846,31.43,-0.2986,-0.2831,0.0155,15.5,23.1,46.73,0.6932,0.635,-0.01165,1,2,18.1,66.4,1,low
UT060130,Uttar Pradesh,6,27.30938,78.05883,1583,1.571,1.9511,0.3801,22.75,-0.1415,-0.1435,-0.002,96.1,94.8,-1.38,0.3798,0.3829,0.00062,1,0,28.7,75.1,0,low
UT240131,Uttar Pradesh,24,27.76554,83.7564,2311,0.8901,1.0569,0.1668,16.84,-0.1518,-0.1339,0.0179,30.2,38.7,27.08,0.477,0.4217,-0.01106,0,2,16.7,67.0,0,low
UT160132,Uttar Pradesh,16,30.49382,78.67449,323,0.4285,0.8547,0.4263,80.66,-0.2466,-0.2372,0.0095,54.7,57.4,4.9,0.2562,0.1636,-0.01852,0,1,20.1,83.8,1,low
UT180133,Uttar Pradesh,18,24.4243,83.24598,1414,0.8304,1.0539,0.2235,24.02,0.0759,0.0835,0.0077,51.5,55.7,7.96,0.6125,0.6413,0.00575,1,2,59.1,88.7,1,low
UT130134,Uttar Pradesh,13,24.908,82.43959,1914,7.9399,18.1524,10.2126,127.02,-0.1777,-0.0136,0.164,41.8,128.0,201.26,0.2962,0.5603,0.05282,1,2,11.3,16.4,1,high
UT260135,Uttar Pradesh,26,27.87625,79.08402,413,0.5727,0.9758,0.403,59.91,0.1466,0.1572,0.0107,93.0,99.7,7.16,0.5099,0.4215,-0.01768,0,1,51.4,97.8,1,low
UT120136,Uttar Pradesh,12,29.03472,78.65474,983,0.5627,0.4715,-0.0912,-13.76,-0.1889,-0.1926,-0.0038,86.0,84.0,-2.32,0.3754,0.4003,0.00498,1,2,52.5,94.5,1,low
UT220137,Uttar Pradesh,22,27.04889,77.53988,1085,2.5099,3.6825,1.1725,44.93,-0.0883,-0.0416,0.0467,81.4,95.1,16.63,0.3184,0.3371,0.00374,0,0,19.2,43.7,0,medium
UT090138,Uttar Pradesh,9,29.76578,79.09019,282,1.3072,1.4369,0.1297,9.22,-0.0811,-0.0818,-0.0007,120.1,119.8,-0.19,0.6374,0.648,0.00212,0,1,16.3,61.6,0,low
UT060139,Uttar Pradesh,6,29.3279,84.59506,2743,6.1288,8.9684,2.8396,45.59,0.085,0.1798,0.0948,52.0,110.5,110.34,0.4609,0.6016,0.02815,1,2,2.9,33.0,1,high
UT240140,Uttar Pradesh,24,24.41069,81.64468,1289,6.5695,12.1849,5.6154,84.2,-0.0326,0.1235,0.1561,80.5,181.7,124.15,0.4977,0.7186,0.04417,1,2,13.8,15.7,1,high
UT100141,Uttar Pradesh,10,26.96007,80.93692,927,0.9868,0.9741,-0.0127,-1.17,0.1911,0.1926,0.0015,120.3,120.7,0.35,0.4891,0.4788,-0.00207,1,0,37.8,68.1,0,low
UT260142,Uttar Pradesh,26,29.40621,80.52032,1157,0.8094,1.0352,0.2258,24.82,-0.2504,-0.2417,0.0087,31.1,34.0,8.99,0.4032,0.4422,0.0078,1,1,19.9,84.2,0,low
UT040143,Uttar Pradesh,4,30.42209,79.95936,813,1.1324,1.5398,0.4074,33.06,-0.1966,-0.1788,0.0178,70.7,77.8,9.9,0.3344,0.3841,0.00994,1,0,55.5,60.2,0,low
UT070144,Uttar Pradesh,7,26.21955,78.63863,619,0.6547,1.0377,0.3831,50.76,0.1761,0.1676,-0.0085,138.3,133.4,-3.5,0.2085,0.2525,0.00881,0,1,39.4,58.2,0,low
UT120145,Uttar Pradesh,12,25.02183,84.31377,308,0.8426,0.9023,0.0597,6.34,0.0112,0.0292,0.018,138.0,147.2,6.62,0.5346,0.5569,0.00445,0,1,19.6,98.2,0,low
UT050146,Uttar Pradesh,5,26.50319,80.17592,828,2.108,3.5986,1.4906,67.51,-0.2471,-0.1964,0.0507,48.2,85.0,74.79,0.4678,0.5951,0.02545,1,1,20.6,49.5,1,medium
UT260147,Uttar Pradesh,26,24.22854,79.4559,821,0.4628,0.5419,0.0791,14.05,-0.1609,-0.1654,-0.0045,81.2,79.9,-1.57,0.532,0.4677,-0.01287,1,1,45.7,74.3,0,low
UT270148,Uttar Pradesh,27,27.7913,82.58417,586,0.8631,0.925,0.0618,6.42,0.1946,0.1925,-0.002,69.9,69.3,-0.73,0.6997,0.7201,0.00407,0,0,18.5,73.5,1,low
UT030149,Uttar Pradesh,3,27.32969,80.70405,528,0.7057,1.0093,0.3036,37.68,-0.0473,-0.0369,0.0104,135.4,141.4,4.44,0.4467,0.4852,0.0077,1,0,28.6,71.6,1,low
UT170150,Uttar Pradesh,17,24.71592,79.96032,9096,5.8093,8.7344,2.9252,49.5,-0.2495,-0.1992,0.0503,54.8,70.9,28.9,0.6603,0.8825,0.04444,1,2,14.6,34.2,1,high
UT070151,Uttar Pradesh,7,26.64172,83.15121,1289,0.6786,0.6514,-0.0272,-3.49,-0.1049,-0.0975,0.0074,45.1,48.4,7.0,0.6216,0.6182,-0.00067,1,1,42.3,87.4,0,low
UT150152,Uttar Pradesh,15,28.02729,82.04253,336,1.2904,1.4742,0.1838,13.22,-0.069,-0.0519,0.0171,65.4,77.4,18.01,0.6704,0.6711,0.00013,1,1,39.4,57.8,1,low
UT230153,Uttar Pradesh,23,28.5392,79.23284,335,0.7001,0.6107,-0.0894,-11.17,0.0156,0.0105,-0.0051,40.2,38.0,-5.33,0.5005,0.5278,0.00546,1,0,18.8,71.2,0,low
UT220154,Uttar Pradesh,22,25.54366,84.43979,1910,7.047,13.1914,6.1443,85.97,0.0812,0.1449,0.0637,131.5,167.6,27.29,0.6029,0.7857,0.03657,1,1,9.2,20.9,1,high
UT010155,Uttar Pradesh,1,28.1088,80.8267,1362,0.9263,1.0293,0.103,10.04,-0.1953,-0.2041,-0.0088,89.2,83.1,-6.79,0.5003,0.4798,-0.0041,1,1,19.0,86.2,0,low
UT200156,Uttar Pradesh,20,29.73587,78.54668,1987,3.5143,3.8544,0.3401,9.41,-0.1504,-0.13,0.0204,41.1,47.5,15.16,0.3555,0.4717,0.02325,1,1,24.1,49.7,1,medium
UT220157,Uttar Pradesh,22,30.20375,83.64368,1797,2.1597,2.5149,0.3552,15.72,-0.0304,0.0038,0.0342,93.5,116.5,24.27,0.6984,0.7465,0.00961,1,1,28.9,32.2,1,medium
UT050158,Uttar Pradesh,5,28.64073,84.02741,714,0.7696,1.1194,0.3498,40.22,-0.1201,-0.1179,0.0022,51.4,52.5,2.06,0.6184,0.5429,-0.01509,1,0,21.5,82.3,0,low
UT020159,Uttar Pradesh,2,25.34318,83.64323,1576,3.1617,4.8988,1.7371,53.26,0.1904,0.2117,0.0213,174.9,182.2,4.16,0.2333,0.2371,0.00074,1,2,13.5,48.4,0,medium
UT190160,Uttar Pradesh,19,24.55975,81.24944,584,0.8305,1.1807,0.3502,37.63,-0.1527,-0.1549,-0.0022,69.3,68.8,-0.8,0.3416,0.3738,0.00644,0,2,30.4,75.4,1,low
UT170161,Uttar Pradesh,17,27.26183,80.32611,607,2.4712,4.115,1.6439,63.93,-0.1492,-0.0964,0.0527,47.8,64.1,33.35,0.326,0.4132,0.01745,1,0,28.6,60.6,1,medium
UT220162,Uttar Pradesh,22,24.736,80.08838,883,3.3565,4.1424,0.7859,22.74,-0.1272,-0.0953,0.0319,74.0,96.9,30.39,0.6739,0.7424,0.01369,1,2,18.9,37.6,1,medium
UT050163,Uttar Pradesh,5,24.97355,77.4984,220,0.6936,0.8588,0.1651,20.8,0.1468,0.1595,0.0127,70.6,74.6,5.59,0.3728,0.394,0.00423,0,0,44.5,68.9,0,low
UT100164,Uttar Pradesh,10,25.41558,82.14549,534,0.8976,1.0109,0.1133,11.36,-0.0144,-0.002,0.0124,86.6,94.8,9.3,0.665,0.6467,-0.00365,0,2,19.0,68.1,0,low
UT180165,Uttar Pradesh,18,29.2472,80.49321,660,1.9282,3.3578,1.4296,70.48,-0.2111,-0.179,0.0321,71.4,92.1,28.61,0.5196,0.6303,0.02212,1,0,11.8,37.1,1,medium
UT260166,Uttar Pradesh,26,30.3214,81.13463,503,0.7218,1.1506,0.4288,52.17,0.135,0.1441,0.0091,88.7,94.3,6.26,0.4267,0.4751,0.00968,1,1,51.2,92.2,0,low
UT270167,Uttar Pradesh,27,25.42603,80.52906,526,1.0978,1.5726,0.4747,39.63,-0.2102,-0.2172,-0.007,74.4,70.9,-4.69,0.2274,0.2077,-0.00394,1,1,17.7,98.3,1,low
UT110168,Uttar Pradesh,11,24.6896,82.09539,257,1.3791,1.3792,0.0002,0.01,0.1547,0.1505,-0.0042,137.3,136.1,-0.87,0.3134,0.3531,0.00794,0,0,18.2,58.5,0,low
UT090169,Uttar Pradesh,9,26.21145,83.50503,715,0.5533,0.7446,0.1914,29.3,-0.2951,-0.3029,-0.0077,15.6,10.0,-33.54,0.2531,0.2794,0.00526,1,1,20.2,76.7,1,low
UT210170,Uttar Pradesh,21,29.20757,79.86656,707,1.8725,3.2749,1.4024,71.1,0.0775,0.1141,0.0366,148.9,173.8,16.66,0.2861,0.4178,0.02634,1,2,11.5,32.0,0,medium
UT130171,Uttar Pradesh,13,25.88739,83.70499,200,1.6509,2.0253,0.3743,21.38,-0.2534,-0.2494,0.004,41.4,43.0,3.78,0.3875,0.3639,-0.00473,1,1,33.6,81.0,0,low
UT010172,Uttar Pradesh,1,28.36984,80.86606,389,1.1709,1.5764,0.4055,31.91,-0.0646,-0.0699,-0.0053,56.2,54.3,-3.41,0.2417,0.281,0.00786,1,0,49.5,79.0,0,low
UT190173,Uttar Pradesh,19,25.56877,77.59688,1325,0.696,1.04,0.344,43.22,0.0502,0.0523,0.0021,117.6,118.2,0.44,0.2047,0.226,0.00426,1,2,27.0,55.8,1,low
UT190174,Uttar Pradesh,19,29.39129,79.30036,660,2.678,4.3425,1.6645,59.92,0.1498,0.207,0.0572,147.7,184.3,24.57,0.2655,0.2707,0.00103,0,2,12.0,52.3,0,medium
UT090175,Uttar Pradesh,9,28.0208,79.35484,200,0.8457,1.1993,0.3536,37.39,-0.1452,-0.1456,-0.0004,48.6,48.3,-0.59,0.3608,0.4105,0.00995,0,1,24.5,62.1,1,low
UT010176,Uttar Pradesh,1,27.79552,77.62649,1603,1.9535,3.8602,1.9067,92.85,-0.0696,-0.0515,0.0181,103.8,116.2,11.81,0.5131,0.5321,0.00379,1,2,17.7,34.2,1,medium
UT280177,Uttar Pradesh,28,28.74428,80.12309,1910,0.673,0.9396,0.2666,34.49,0.0781,0.0764,-0.0017,88.4,87.3,-1.26,0.3782,0.2933,-0.01697,1,2,36.8,62.9,1,low
UT060178,Uttar Pradesh,6,25.45964,80.53784,1780,10.2852,13.4113,3.1261,30.1,0.167,0.2699,0.1029,107.5,174.1,61.35,0.4282,0.63,0.04036,1,2,4.1,44.0,1,high
UT230179,Uttar Pradesh,23,27.07733,81.66009,559,0.8197,1.3006,0.4809,52.28,-0.0001,0.0108,0.0109,91.5,97.1,6.08,0.2846,0.2329,-0.01033,1,0,56.6,91.8,0,low
UT020180,Uttar Pradesh,2,29.82169,77.95876,1003,0.4033,0.3463,-0.057,-11.32,0.0818,0.1016,0.0198,57.3,71.0,23.42,0.4637,0.4875,0.00475,1,2,43.9,84.4,1,low
UT170181,Uttar Pradesh,17,28.64036,80.64814,208,1.3815,1.5975,0.216,14.58,-0.2668,-0.2471,0.0197,40.7,55.0,34.17,0.323,0.3028,-0.00404,0,1,24.7,78.3,1,low
UT030182,Uttar Pradesh,3,27.1806,80.89558,1866,7.9747,13.2679,5.2932,65.55,-0.2789,-0.207,0.0719,54.4,107.8,96.33,0.6729,0.9,0.04818,1,2,16.4,13.5,0,high
UT180183,Uttar Pradesh,18,26.80139,78.32838,996,3.2721,4.053,0.7809,23.16,-0.2879,-0.2418,0.0461,24.6,49.8,97.87,0.48,0.6019,0.02438,1,0,20.9,43.3,1,medium
UT030184,Uttar Pradesh,3,28.47142,83.56606,1838,0.4315,0.76,0.3285,61.8,-0.1048,-0.1023,0.0025,38.6,39.6,2.53,0.5319,0.5317,-3e-05,0,2,27.6,58.4,1,low
UT240185,Uttar Pradesh,24,26.84146,79.03584,1117,2.5255,4.4978,1.9723,75.12,-0.1398,-0.0875,0.0523,30.3,66.9,117.15,0.4787,0.6039,0.02503,1,0,26.8,30.3,1,medium
UT240186,Uttar Pradesh,24,29.70513,83.17994,1982,3.1432,4.1186,0.9754,30.08,-0.0153,-0.0013,0.0139,129.1,134.1,3.81,0.5344,0.6593,0.02499,1,1,26.4,34.5,1,medium
UT140187,Uttar Pradesh,14,27.64227,82.53748,386,0.9724,1.0368,0.0644,6.01,-0.1639,-0.1624,0.0015,59.7,60.5,1.25,0.2183,0.1477,-0.01413,0,0,35.7,82.2,0,low
UT260188,Uttar Pradesh,26,27.52674,78.77114,1076,0.6052,0.8837,0.2785,39.5,-0.1037,-0.1034,0.0003,95.1,95.2,0.08,0.6757,0.669,-0.00133,0,0,31.7,86.8,1,low
UT220189,Uttar Pradesh,22,30.48429,83.74076,3609,0.4164,0.9148,0.4985,96.53,-0.2117,-0.2043,0.0074,65.1,67.7,3.85,0.5124,0.4629,-0.00991,0,0,48.5,93.7,1,low
UT040190,Uttar Pradesh,4,29.85765,82.70508,363,0.5871,1.0189,0.4318,62.85,0.161,0.1542,-0.0069,182.5,177.5,-2.76,0.2231,0.1765,-0.00933,1,1,55.1,91.4,1,low
UT210191,Uttar Pradesh,21,28.36294,77.23899,1248,3.4035,5.0121,1.6086,45.91,0.1414,0.1773,0.0359,156.2,182.5,16.71,0.2368,0.3774,0.02813,1,2,26.4,40.3,1,medium
UT050192,Uttar Pradesh,5,25.80218,84.57479,705,6.0076,11.4097,5.4022,88.45,-0.2967,-0.2348,0.062,30.2,59.2,93.1,0.3397,0.4687,0.02578,1,1,16.9,34.8,1,high
UT240193,Uttar Pradesh,24,28.72536,81.40674,616,2.7093,3.5214,0.8121,28.91,-0.0003,0.0468,0.0471,112.0,127.4,13.72,0.5441,0.6079,0.01276,1,0,16.6,55.0,1,medium
UT260194,Uttar Pradesh,26,25.61813,79.46573,3214,0.8343,1.1126,0.2783,29.79,0.1663,0.1753,0.009,93.0,96.5,3.79,0.3998,0.4277,0.00557,0,1,21.6,63.4,1,low
UT070195,Uttar Pradesh,7,29.48862,78.8181,200,0.3997,0.5586,0.1589,31.8,-0.1733,-0.155,0.0182,50.6,58.6,15.56,0.4059,0.4151,0.00183,1,0,24.3,75.5,0,low
UT190196,Uttar Pradesh,19,27.02048,83.23759,1342,3.0598,3.561,0.5012,15.86,-0.175,-0.1393,0.0356,66.1,82.3,24.08,0.5307,0.5921,0.01228,1,0,14.6,60.0,1,medium
UT240197,Uttar Pradesh,24,28.85336,77.71305,938,3.1149,3.772,0.6571,20.44,-0.1417,-0.1242,0.0175,91.5,99.7,8.92,0.4453,0.5512,0.02118,1,1,29.8,45.8,0,medium
UT230198,Uttar Pradesh,23,25.5912,82.17243,2725,2.7687,3.8103,1.0416,36.31,-0.2812,-0.2555,0.0257,21.6,36.1,64.13,0.2475,0.3567,0.02185,0,1,9.1,38.4,1,medium
UT070199,Uttar Pradesh,7,30.49832,78.85489,2221,2.7205,4.547,1.8264,64.75,-0.2869,-0.2467,0.0402,27.2,38.9,41.66,0.3296,0.335,0.00108,1,2,17.8,42.9,1,medium
UT020200,Uttar Pradesh,2,27.95579,81.2549,2735,2.2303,4.0746,1.8443,79.15,0.0601,0.0749,0.0148,113.7,120.0,5.57,0.5783,0.6823,0.02081,1,2,21.6,49.9,0,medium
UT180201,Uttar Pradesh,18,29.23963,79.68643,214,0.9373,1.3619,0.4246,40.94,-0.1655,-0.1511,0.0144,59.5,69.8,17.12,0.6439,0.5593,-0.01693,0,0,56.0,71.1,0,low
UT020202,Uttar Pradesh,2,30.09735,78.16382,680,0.616,0.7855,0.1695,23.67,-0.0926,-0.0806,0.012,53.5,60.1,12.2,0.4926,0.4481,-0.00891,0,1,47.8,93.8,0,low
UT040203,Uttar Pradesh,4,26.52753,77.36036,519,4.0994,4.7351,0.6357,15.14,0.0424,0.0917,0.0493,99.6,120.1,20.37,0.5702,0.6942,0.0248,1,0,13.8,50.8,0,medium
UT270204,Uttar Pradesh,27,28.00222,82.25123,872,2.2203,3.6165,1.3963,60.18,0.1755,0.2007,0.0252,99.4,108.9,9.43,0.4671,0.4826,0.00309,0,1,10.8,45.1,1,medium
UT060205,Uttar Pradesh,6,25.93993,81.8495,531,0.7109,0.6914,-0.0195,-2.41,-0.1526,-0.1626,-0.0099,103.5,98.4,-4.87,0.3024,0.2526,-0.00996,0,0,41.2,85.8,1,low
UT200206,Uttar Pradesh,20,27.03933,83.64954,1803,1.4276,1.8665,0.4389,28.73,-0.2469,-0.2363,0.0107,71.9,78.8,9.54,0.2816,0.2189,-0.01252,1,0,38.7,74.9,0,low
UT280207,Uttar Pradesh,28,26.53989,83.01046,859,3.221,4.2228,1.0018,30.17,-0.1741,-0.1334,0.0407,30.7,44.6,43.83,0.5792,0.7017,0.02451,1,1,21.0,50.4,1,medium
UT110208,Uttar Pradesh,11,26.14096,81.46725,575,1.0891,1.3925,0.3034,25.51,-0.0815,-0.068,0.0135,110.1,119.1,8.1,0.6781,0.6828,0.00095,1,0,59.7,82.7,0,low
UT210209,Uttar Pradesh,21,28.3714,82.35237,286,0.7967,1.1433,0.3466,38.66,-0.0841,-0.0705,0.0136,76.7,83.2,8.41,0.5925,0.6158,0.00465,1,2,44.1,93.4,0,low
UT200210,Uttar Pradesh,20,29.2825,78.00779,200,0.6483,0.9706,0.3223,43.08,0.1315,0.135,0.0035,145.3,147.2,1.31,0.4691,0.4394,-0.00594,1,0,52.3,86.6,0,low
UT290211,Uttar Pradesh,29,29.50087,79.70839,830,2.065,3.2316,1.1665,53.88,-0.0758,-0.0482,0.0275,44.6,52.1,16.54,0.5877,0.7018,0.02282,1,0,29.7,38.0,1,medium
UT250212,Uttar Pradesh,25,25.34444,81.97058,2498,2.4059,4.3803,1.9744,78.79,-0.179,-0.1242,0.0548,76.8,115.7,49.93,0.6559,0.6856,0.00593,1,1,10.2,68.6,1,medium
UT040213,Uttar Pradesh,4,24.71766,80.1883,732,1.0016,0.9565,-0.0451,-4.09,-0.2094,-0.1951,0.0143,83.2,88.1,5.83,0.689,0.7381,0.00983,0,0,48.0,96.2,1,low
UT200214,Uttar Pradesh,20,30.21347,84.01708,1587,2.338,3.9875,1.6495,67.66,-0.2461,-0.2012,0.0449,41.4,66.6,59.36,0.6843,0.7428,0.0117,0,2,26.0,53.8,1,medium
UT230215,Uttar Pradesh,23,26.31804,79.19034,572,0.6546,1.093,0.4385,58.11,-0.0574,-0.0511,0.0063,77.8,80.3,3.08,0.3966,0.3547,-0.00837,1,0,27.1,65.0,0,low
UT130216,Uttar Pradesh,13,24.062,80.06196,670,0.8069,1.0247,0.2178,24.01,0.0277,0.0302,0.0026,57.9,59.2,2.06,0.404,0.4071,0.00062,1,2,57.8,55.7,1,low
UT010217,Uttar Pradesh,1,28.38243,78.68335,1515,3.715,4.9597,1.2447,32.63,-0.0476,-0.0197,0.0279,76.5,91.1,18.84,0.4767,0.5226,0.00918,1,2,17.7,45.8,1,medium
UT290218,Uttar Pradesh,29,30.24664,77.09938,1489,2.1034,4.0136,1.9102,86.69,-0.0512,-0.0382,0.013,48.2,56.0,16.0,0.4669,0.4682,0.00028,1,1,12.1,40.6,1,medium
UT250219,Uttar Pradesh,25,29.38446,79.45464,1418,3.136,4.904,1.768,54.64,-0.1927,-0.1574,0.0353,80.6,102.6,26.87,0.6233,0.628,0.00095,1,2,21.7,56.3,1,medium
UT110220,Uttar Pradesh,11,27.12436,80.40477,1664,2.1528,3.1647,1.0119,44.92,-0.273,-0.2378,0.0352,22.3,33.3,47.1,0.2505,0.28,0.00589,1,1,8.4,65.9,0,medium
UT230221,Uttar Pradesh,23,27.61554,80.12672,303,0.6857,0.6524,-0.0334,-4.25,-0.1244,-0.11,0.0144,65.0,71.8,10.36,0.2081,0.1256,-0.01649,0,1,16.0,62.1,0,low
UT020222,Uttar Pradesh,2,25.42216,80.96671,5616,0.455,0.5961,0.1412,25.44,0.0273,0.0386,0.0113,108.0,112.8,4.36,0.2419,0.2909,0.00978,1,0,30.4,78.0,0,low
UT180223,Uttar Pradesh,18,28.76096,84.09166,800,0.9649,0.9016,-0.0632,-5.94,-0.2279,-0.2103,0.0176,46.1,55.9,20.7,0.2524,0.2205,-0.00637,1,2,46.1,65.1,1,low
UT250224,Uttar Pradesh,25,29.31318,84.09251,944,0.4758,0.8621,0.3863,67.08,0.0491,0.0484,-0.0007,143.9,143.4,-0.34,0.4469,0.3484,-0.01971,1,0,49.0,83.7,1,low
UT050225,Uttar Pradesh,5,27.42596,77.29034,200,0.7552,1.0881,0.3329,38.93,0.1237,0.1244,0.0007,148.8,149.0,0.14,0.303,0.2252,-0.01557,1,2,51.5,92.1,0,low
UT220226,Uttar Pradesh,22,29.68829,77.20218,2221,9.969,17.164,7.195,71.46,-0.0747,0.0613,0.136,88.5,172.6,93.89,0.4857,0.705,0.04386,1,2,14.1,29.4,1,high
UT120227,Uttar Pradesh,12,27.09769,79.2501,1798,1.1048,1.2292,0.1244,10.32,-0.2794,-0.2819,-0.0025,44.3,43.0,-2.82,0.4012,0.3254,-0.01515,1,2,42.8,85.8,1,low
UT070228,Uttar Pradesh,7,26.39256,77.95059,674,2.6439,4.3605,1.7166,62.56,0.0598,0.1121,0.0523,68.6,85.5,24.23,0.3581,0.3967,0.0077,1,1,8.9,68.0,1,medium
UT150229,Uttar Pradesh,15,25.64709,80.83821,2007,2.8818,4.0565,1.1747,39.4,0.0301,0.076,0.0459,45.1,78.0,71.34,0.5527,0.6719,0.02384,1,2,8.8,65.0,1,medium
UT070230,Uttar Pradesh,7,27.39751,78.2015,607,2.8679,3.4139,0.546,18.4,-0.1887,-0.1315,0.0572,61.2,88.6,44.18,0.3629,0.4534,0.01808,1,2,29.2,58.4,1,medium
UT180231,Uttar Pradesh,18,26.09886,80.65768,754,0.8607,1.1182,0.2576,26.81,0.0165,0.0191,0.0026,135.7,137.3,1.22,0.2927,0.2878,-0.00097,0,0,19.9,64.9,0,low
UT170232,Uttar Pradesh,17,24.19691,82.85688,3583,0.4991,0.5382,0.0391,6.53,-0.2971,-0.2942,0.0029,46.1,47.8,3.68,0.5604,0.5697,0.00185,1,2,19.2,85.5,0,low
UT050233,Uttar Pradesh,5,29.14739,81.43094,643,0.9936,0.8959,-0.0977,-8.94,-0.1409,-0.1374,0.0035,78.2,80.0,2.31,0.3963,0.34,-0.01126,1,0,49.1,90.9,0,low
UT140234,Uttar Pradesh,14,27.33774,78.05762,271,0.826,0.9962,0.1702,18.38,-0.2788,-0.2698,0.009,54.9,58.7,6.66,0.3211,0.2465,-0.01493,1,1,28.3,68.0,0,low
UT060235,Uttar Pradesh,6,24.51863,80.17657,381,3.4955,5.2251,1.7296,48.1,0.0047,0.046,0.0413,147.9,167.9,13.42,0.4868,0.5871,0.02005,1,2,9.4,49.7,1,medium
UT110236,Uttar Pradesh,11,29.87724,81.57648,897,0.7301,1.0192,0.2891,34.83,0.1423,0.1508,0.0085,184.4,189.7,2.87,0.304,0.2547,-0.00987,1,0,58.9,85.3,0,low
UT080237,Uttar Pradesh,8,29.43066,78.23616,505,0.6332,0.6013,-0.0319,-4.35,-0.275,-0.2829,-0.0079,29.3,24.9,-14.57,0.4216,0.4165,-0.00102,1,1,16.3,87.2,1,low
UT250238,Uttar Pradesh,25,27.77025,82.46968,1904,2.9829,3.2987,0.3157,10.24,-0.0558,-0.0115,0.0443,89.3,107.0,19.67,0.2836,0.3184,0.00697,1,2,9.6,51.1,1,medium
UT020239,Uttar Pradesh,2,29.48736,80.28621,2213,1.2077,1.3203,0.1125,8.61,-0.1685,-0.1612,0.0073,36.0,39.4,9.42,0.3929,0.4,0.00143,0,0,54.9,71.0,1,low
UT260240,Uttar Pradesh,26,26.91348,80.39417,2428,10.4312,17.5529,7.1217,67.62,-0.1199,0.045,0.1649,46.2,163.1,247.73,0.6076,0.7636,0.0312,1,2,5.0,27.5,1,high
UT050241,Uttar Pradesh,5,30.21413,78.63199,955,6.9582,18.4589,11.5007,162.94,-0.2103,-0.0839,0.1264,25.7,117.9,344.57,0.271,0.4147,0.02875,1,2,6.6,44.3,1,high
UT010242,Uttar Pradesh,1,25.47797,78.71528,723,8.0178,15.9494,7.9316,97.71,-0.2066,-0.0957,0.111,44.1,77.8,74.8,0.2728,0.5637,0.05818,1,2,13.2,12.5,1,high
UT110243,Uttar Pradesh,11,29.3607,80.05639,264,0.4661,0.7786,0.3124,55.19,-0.2211,-0.2236,-0.0024,46.3,45.3,-2.15,0.2071,0.1301,-0.0154,1,1,47.7,96.2,0,low
UT200244,Uttar Pradesh,20,29.38089,77.17179,642,0.8126,1.1324,0.3198,35.05,-0.2478,-0.2283,0.0195,72.2,84.1,16.27,0.2952,0.2616,-0.00674,1,1,32.3,59.8,0,low
UT240245,Uttar Pradesh,24,26.44652,82.1092,626,10.9051,18.018,7.113,64.63,0.1772,0.347,0.1698,107.7,226.7,109.55,0.6587,0.8388,0.03601,1,2,11.2,32.7,1,high
UT130246,Uttar Pradesh,13,27.09718,79.47538,1211,0.4698,0.8618,0.3919,68.78,-0.1572,-0.1583,-0.0011,100.3,99.8,-0.49,0.3967,0.4237,0.0054,0,2,47.2,62.8,0,low
UT040247,Uttar Pradesh,4,27.24253,78.63465,3987,6.2507,13.4371,7.1864,113.16,0.0895,0.1833,0.0938,117.8,168.2,42.45,0.2654,0.5338,0.05368,1,2,8.8,39.1,1,high
UT020248,Uttar Pradesh,2,29.46921,81.9206,4653,8.3998,12.827,4.4271,52.09,0.1958,0.3661,0.1703,75.2,200.4,164.38,0.6737,0.9,0.04536,1,1,9.4,24.0,1,high
UT010249,Uttar Pradesh,1,24.57984,78.6048,561,1.8675,2.1929,0.3254,16.54,-0.043,0.0133,0.0563,76.9,117.2,51.66,0.5924,0.6121,0.00393,1,2,26.2,68.3,1,medium
UT160250,Uttar Pradesh,16,28.88328,82.15673,699,1.8217,2.251,0.4293,22.34,-0.1178,-0.1274,-0.0096,80.6,73.7,-8.37,0.225,0.1483,-0.01534,0,0,50.5,83.0,1,low
UT050251,Uttar Pradesh,5,26.18381,78.17415,993,0.8259,1.2859,0.46,49.68,-0.2975,-0.2947,0.0028,23.1,24.3,4.61,0.4584,0.3979,-0.0121,0,1,40.5,57.5,0,low
UT160252,Uttar Pradesh,16,29.2771,82.46369,826,3.9825,4.6569,0.6744,16.52,0.0714,0.105,0.0337,162.4,176.6,8.69,0.6817,0.7763,0.01892,0,1,28.9,42.2,1,medium
UT010253,Uttar Pradesh,1,29.04662,79.36618,1125,0.4583,0.3602,-0.0981,-17.58,-0.0636,-0.0533,0.0103,124.9,127.7,2.27,0.2061,0.2053,-0.00016,0,0,32.4,70.7,0,low
UT280254,Uttar Pradesh,28,27.57486,80.73761,1377,0.846,0.8525,0.0065,0.69,-0.0161,-0.0011,0.0149,128.1,135.3,5.62,0.3949,0.3538,-0.00822,1,2,36.6,58.6,1,low
UT180255,Uttar Pradesh,18,28.4651,82.64422,798,0.6832,0.8692,0.186,23.74,0.0219,0.0348,0.0129,124.8,134.0,7.32,0.3663,0.3418,-0.0049,0,0,15.4,96.1,0,low
UT290256,Uttar Pradesh,29,27.65763,77.75796,1092,10.371,17.0639,6.6929,63.92,-0.2417,-0.1081,0.1336,71.3,163.7,127.99,0.5498,0.6772,0.02548,1,2,13.2,40.7,1,high
UT160257,Uttar Pradesh,16,25.68506,83.90706,572,2.9054,3.2599,0.3545,11.8,0.0581,0.106,0.0479,69.6,85.5,22.41,0.386,0.5102,0.02484,1,2,15.4,40.4,0,medium
UT070258,Uttar Pradesh,7,27.19876,77.71625,510,0.963,1.4126,0.4496,42.29,0.1952,0.2057,0.0105,186.9,190.2,1.8,0.6187,0.521,-0.01953,0,0,52.2,68.8,0,low
UT160259,Uttar Pradesh,16,27.18456,81.09467,1755,0.4978,0.9387,0.4408,73.74,0.0081,0.0123,0.0042,52.5,54.4,3.63,0.3723,0.347,-0.00506,0,0,34.2,85.6,0,low
UT180260,Uttar Pradesh,18,25.10864,78.03538,608,2.0027,2.4485,0.4458,21.2,0.0718,0.1152,0.0434,135.1,158.9,17.49,0.3059,0.37,0.01282,1,1,27.7,58.0,1,medium
UT170261,Uttar Pradesh,17,28.10131,80.59466,8795,9.4586,14.7646,5.306,55.51,0.1303,0.2557,0.1255,156.9,209.1,33.09,0.6157,0.7585,0.02856,1,2,13.2,24.1,1,high
UT010262,Uttar Pradesh,1,28.42071,82.08501,1263,0.6556,1.1283,0.4726,62.55,-0.1198,-0.1054,0.0144,90.0,97.2,7.88,0.2206,0.2082,-0.00247,1,0,59.6,98.0,1,low
UT150263,Uttar Pradesh,15,25.00335,78.9075,1459,1.1389,1.1156,-0.0232,-1.88,0.0621,0.0793,0.0172,81.3,94.0,15.46,0.3406,0.3836,0.0086,1,1,26.4,64.0,1,low
UT150264,Uttar Pradesh,15,24.57852,82.27434,518,2.7174,4.3443,1.6269,57.74,-0.0988,-0.0404,0.0584,105.0,148.1,40.66,0.6367,0.6379,0.00024,0,1,22.4,59.7,1,medium
UT150265,Uttar Pradesh,15,30.3089,81.21748,1165,2.2154,2.6056,0.3901,16.85,0.0977,0.1505,0.0528,103.3,125.6,21.42,0.2096,0.231,0.00428,0,1,15.3,55.0,1,medium
UT110266,Uttar Pradesh,11,29.31567,81.31559,587,2.7154,4.3503,1.6348,58.07,-0.1557,-0.1044,0.0513,32.2,55.7,70.93,0.4797,0.5469,0.01345,1,2,11.4,48.9,1,medium
UT080267,Uttar Pradesh,8,29.5444,84.39371,1534,2.2362,4.1428,1.9066,81.61,-0.2995,-0.2753,0.0242,29.8,39.4,31.03,0.3348,0.422,0.01745,1,1,11.9,47.4,1,medium
UT160268,Uttar Pradesh,16,26.12382,80.79035,1268,0.5435,0.8603,0.3168,49.23,-0.2753,-0.2598,0.0155,48.6,54.9,12.81,0.3232,0.2246,-0.01973,1,1,16.7,69.3,0,low
UT010269,Uttar Pradesh,1,26.87619,81.91679,1415,0.6915,1.1083,0.4168,52.66,-0.0004,0.0193,0.0198,130.4,143.9,10.26,0.4227,0.4298,0.00142,1,0,15.1,91.9,0,low
UT230270,Uttar Pradesh,23,27.21483,78.6056,2566,2.5573,3.849,1.2918,48.61,-0.0451,0.0079,0.0529,133.5,149.9,12.15,0.6791,0.7138,0.00693,1,2,14.5,66.0,1,medium
UT280271,Uttar Pradesh,28,24.48764,83.80695,434,3.264,4.5733,1.3093,38.92,-0.0522,-0.0255,0.0267,102.1,109.5,7.22,0.4819,0.6242,0.02847,1,0,27.6,53.8,1,medium
UT240272,Uttar Pradesh,24,24.04222,77.83435,2478,4.0875,5.8124,1.7249,41.19,-0.1958,-0.1581,0.0378,37.9,54.3,42.18,0.382,0.4486,0.01332,1,1,9.6,69.7,1,medium
UT100273,Uttar Pradesh,10,27.67132,80.57584,1283,9.3207,17.8356,8.5149,90.38,-0.1705,-0.0604,0.11,43.7,111.3,151.02,0.2368,0.4242,0.03748,1,2,3.7,39.6,0,high
UT040274,Uttar Pradesh,4,28.83962,78.01348,235,0.5809,0.5804,-0.0006,-0.08,-0.0054,0.0034,0.0088,50.0,54.7,9.09,0.3436,0.3846,0.00821,0,0,25.4,86.2,1,low
UT240275,Uttar Pradesh,24,26.36731,78.59548,2003,0.5723,0.5894,0.0171,2.54,-0.1855,-0.1797,0.0058,85.7,89.6,4.58,0.4255,0.3278,-0.01954,1,1,30.3,73.4,0,low
UT220276,Uttar Pradesh,22,27.88277,80.59071,2844,2.9078,3.6668,0.759,25.23,0.1032,0.1353,0.0321,87.6,103.4,17.8,0.3588,0.4592,0.02008,1,1,22.8,40.1,1,medium
UT160277,Uttar Pradesh,16,24.41542,78.26156,1156,3.1864,4.7742,1.5878,48.31,0.1166,0.1555,0.0389,143.4,157.0,9.44,0.4149,0.4232,0.00166,1,2,13.0,40.2,1,medium
UT260278,Uttar Pradesh,26,29.55495,80.5824,943,2.7736,3.2986,0.525,18.27,0.0375,0.0831,0.0456,144.0,157.8,9.5,0.4246,0.4403,0.00314,1,0,26.0,55.8,1,medium
UT180279,Uttar Pradesh,18,30.25296,77.61885,795,2.0181,3.1913,1.1732,55.39,-0.2723,-0.2213,0.051,60.9,76.0,24.36,0.6172,0.7091,0.01837,0,1,22.4,49.0,1,medium
UT120280,Uttar Pradesh,12,29.78575,83.52875,912,2.5721,3.9652,1.3931,52.14,0.1855,0.196,0.0105,115.3,118.5,2.74,0.6616,0.6961,0.0069,1,2,26.9,39.7,0,medium
UT100281,Uttar Pradesh,10,30.01731,78.23617,200,1.0922,1.1813,0.089,7.47,-0.123,-0.1063,0.0167,77.2,86.9,12.39,0.2973,0.2559,-0.00828,1,2,40.6,94.5,1,low
UT150282,Uttar Pradesh,15,29.65767,79.73178,603,0.7947,1.2292,0.4344,48.56,-0.0267,-0.0216,0.0052,50.5,54.0,6.89,0.5379,0.587,0.00981,1,2,55.1,57.3,0,low
UT130283,Uttar Pradesh,13,26.71699,77.65078,431,0.9149,0.9677,0.0528,5.2,-0.0128,-0.0019,0.0109,76.9,83.5,8.46,0.2201,0.1781,-0.00841,0,2,42.0,87.3,0,low
UT270284,Uttar Pradesh,27,26.17583,80.8706,587,0.6483,1.1279,0.4796,64.09,0.0975,0.0879,-0.0096,74.0,71.3,-3.59,0.278,0.2442,-0.00674,0,0,48.4,64.5,0,low
UT160285,Uttar Pradesh,16,24.15673,83.823,625,0.613,0.5312,-0.0818,-11.47,0.1383,0.1561,0.0178,111.0,122.1,9.93,0.3024,0.2581,-0.00887,1,0,28.0,80.3,1,low
UT050286,Uttar Pradesh,5,25.40523,82.86329,403,0.5838,0.5798,-0.004,-0.59,0.1061,0.101,-0.0051,78.1,75.3,-3.64,0.2892,0.3028,0.00271,0,0,41.1,83.2,0,low
UT090287,Uttar Pradesh,9,25.13555,79.47308,1962,0.7927,0.9222,0.1296,14.51,-0.0323,-0.0147,0.0176,122.9,130.4,6.04,0.2314,0.2248,-0.00132,1,1,49.3,74.7,0,low
UT030288,Uttar Pradesh,3,26.77825,84.08188,236,0.5237,0.8826,0.3589,57.55,-0.0882,-0.0771,0.0111,71.7,78.8,9.88,0.5048,0.4214,-0.01668,1,0,54.3,63.4,1,low
UT010289,Uttar Pradesh,1,26.13531,84.23863,1670,0.99,1.1299,0.1399,12.84,-0.0271,-0.0269,0.0001,57.6,57.7,0.1,0.5183,0.5505,0.00645,1,2,26.0,61.6,0,low
UT210290,Uttar Pradesh,21,27.98269,78.71441,973,0.6875,1.0259,0.3384,42.97,-0.071,-0.077,-0.006,74.0,71.9,-2.81,0.4742,0.3916,-0.01652,1,0,35.9,90.1,0,low
UT030291,Uttar Pradesh,3,26.03928,80.36368,2902,0.6011,0.9969,0.3958,56.46,0.1618,0.162,0.0002,73.1,73.2,0.14,0.5715,0.609,0.00751,1,0,41.8,98.4,0,low
UT060292,Uttar Pradesh,6,28.89107,84.12187,1560,3.5745,5.4415,1.8669,50.81,-0.1791,-0.1474,0.0317,56.6,76.3,34.21,0.4335,0.4634,0.00598,1,1,29.8,36.8,1,medium
UT180293,Uttar Pradesh,18,24.95728,80.43949,356,0.6169,1.0254,0.4085,56.99,0.145,0.1603,0.0154,62.8,73.0,15.92,0.5377,0.4509,-0.01736,1,1,46.3,81.5,1,low
UT020294,Uttar Pradesh,2,28.12644,83.74049,779,1.1426,1.102,-0.0407,-3.27,0.1799,0.1889,0.009,114.9,120.5,4.88,0.3966,0.4206,0.00479,1,0,40.2,69.4,1,low
UT280295,Uttar Pradesh,28,25.0037,83.25314,233,0.6214,0.8873,0.2659,36.86,0.1144,0.1226,0.0081,125.8,128.5,2.13,0.4014,0.3529,-0.0097,1,0,39.6,67.2,0,low
UT090296,Uttar Pradesh,9,29.74189,78.21899,430,2.7954,4.6783,1.8829,65.03,-0.1015,-0.0726,0.0289,101.6,122.4,20.23,0.4016,0.4777,0.01522,1,2,10.1,44.0,1,medium
UT200297,Uttar Pradesh,20,24.47488,80.51314,856,0.6907,1.1577,0.467,59.07,-0.2099,-0.1981,0.0117,61.4,67.6,10.01,0.6305,0.6537,0.00465,0,0,15.2,88.9,1,low
UT140298,Uttar Pradesh,14,29.96327,82.16676,1305,2.7022,3.6065,0.9043,32.27,-0.045,-0.0182,0.0268,87.9,101.7,15.47,0.6807,0.7527,0.01439,1,1,15.0,65.7,1,medium
UT230299,Uttar Pradesh,23,26.58965,82.31665,1701,0.6116,0.5507,-0.0609,-8.56,-0.2643,-0.2515,0.0128,39.9,49.0,22.41,0.6554,0.6627,0.00147,0,0,52.0,67.1,1,low
UT040300,Uttar Pradesh,4,24.48076,78.32998,1102,0.4956,0.4967,0.0011,0.19,-0.1097,-0.1035,0.0062,48.2,49.9,3.4,0.3527,0.3571,0.00087,0,2,22.8,71.4,0,low
UT050301,Uttar Pradesh,5,26.90495,82.57843,413,0.9649,1.4218,0.4568,42.89,-0.0679,-0.0501,0.0178,45.2,54.1,19.18,0.2533,0.2051,-0.00963,1,1,46.0,73.1,0,low
UT210302,Uttar Pradesh,21,27.71895,81.32769,455,0.8179,0.7941,-0.0238,-2.59,-0.1956,-0.1964,-0.0008,71.4,70.9,-0.62,0.5222,0.5293,0.00142,0,2,16.9,79.0,1,low
UT130303,Uttar Pradesh,13,28.51279,77.84968,2442,3.3588,4.7845,1.4257,41.22,0.1465,0.1822,0.0357,188.8,200.4,6.13,0.2091,0.2384,0.00586,1,2,10.1,56.4,1,medium
UT110304,Uttar Pradesh,11,26.92231,82.7688,2018,2.5079,3.109,0.6011,23.05,-0.1133,-0.0535,0.0597,92.2,108.7,17.69,0.2151,0.3599,0.02896,0,2,14.8,47.5,0,medium
UT140305,Uttar Pradesh,14,29.20786,82.86468,3012,10.0314,20.4679,10.4365,103.01,-0.1694,-0.0629,0.1065,56.5,111.2,95.08,0.3807,0.6747,0.0588,1,2,11.0,31.9,1,high
UT290306,Uttar Pradesh,29,27.91292,82.97069,491,0.8366,1.3288,0.4921,52.54,0.0122,0.027,0.0148,87.6,96.0,9.46,0.6281,0.6017,-0.00528,0,0,32.9,60.6,0,low
UT070307,Uttar Pradesh,7,28.42762,80.17267,1114,2.2615,2.5998,0.3383,14.33,-0.0926,-0.0769,0.0157,87.0,91.9,5.62,0.2574,0.1646,-0.01856,1,0,35.3,81.7,0,low
UT100308,Uttar Pradesh,10,27.3664,82.35333,613,2.5051,3.2124,0.7073,27.15,0.1623,0.189,0.0267,131.5,147.8,12.31,0.6967,0.7041,0.00148,1,1,26.6,51.9,1,medium
UT050309,Uttar Pradesh,5,29.59393,80.40132,399,1.0529,1.351,0.2981,25.86,-0.0136,-0.0115,0.002,115.7,116.6,0.8,0.2095,0.1147,-0.01898,1,2,18.2,85.6,1,low
UT160310,Uttar Pradesh,16,29.33742,78.70821,1482,0.7069,0.6505,-0.0564,-6.99,-0.2646,-0.2626,0.002,69.3,70.2,1.34,0.2302,0.2426,0.00247,0,1,39.5,80.1,0,low
UT150311,Uttar Pradesh,15,29.25499,78.21555,500,0.7645,1.2039,0.4395,50.84,-0.0982,-0.0961,0.0021,82.1,82.9,0.91,0.3042,0.223,-0.01624,1,1,33.8,96.4,0,low
UT030312,Uttar Pradesh,3,26.25316,78.53151,1244,0.7329,0.9726,0.2397,28.78,-0.1635,-0.1662,-0.0027,71.9,71.0,-1.25,0.2886,0.3196,0.00619,0,1,49.2,63.4,1,low
UT190313,Uttar Pradesh,19,26.95005,81.52176,1664,7.4231,15.21,7.787,103.51,-0.1965,-0.1052,0.0913,38.6,101.6,158.91,0.6179,0.8788,0.05218,1,2,17.3,34.2,1,high
UT150314,Uttar Pradesh,15,26.10618,80.94767,2294,2.3877,3.7556,1.3679,54.99,-0.1844,-0.1437,0.0407,77.2,98.6,27.43,0.3811,0.5131,0.02638,1,2,14.1,46.5,1,medium
UT120315,Uttar Pradesh,12,30.11818,81.47484,569,3.7612,4.8764,1.1152,28.88,0.1847,0.2035,0.0188,201.6,214.5,6.36,0.6309,0.765,0.02682,1,2,8.1,43.2,1,medium
UT250316,Uttar Pradesh,25,27.03303,78.95324,1080,0.7177,1.204,0.4863,59.47,-0.0635,-0.0444,0.0191,65.5,79.7,21.37,0.2514,0.1594,-0.01841,0,0,45.1,79.1,1,low
UT120317,Uttar Pradesh,12,24.64846,82.90392,741,0.4259,0.8007,0.3748,71.26,-0.2162,-0.2011,0.0151,26.3,36.7,38.42,0.6078,0.6005,-0.00146,0,2,50.1,95.0,1,low
UT050318,Uttar Pradesh,5,26.80098,84.25317,956,0.9004,1.0071,0.1067,10.67,-0.163,-0.1579,0.0052,79.8,82.7,3.55,0.5398,0.4925,-0.00946,0,0,58.6,64.0,0,low
UT250319,Uttar Pradesh,25,29.15599,78.14117,881,1.016,1.4832,0.4672,41.87,0.0252,0.0188,-0.0064,147.6,143.1,-3.03,0.3129,0.295,-0.00359,0,0,26.3,77.4,1,low
UT250320,Uttar Pradesh,25,27.69159,78.25647,200,0.5951,0.9239,0.3288,47.3,-0.1435,-0.1363,0.0072,63.3,65.9,3.96,0.5779,0.5456,-0.00646,1,2,42.0,65.4,0,low
UT160321,Uttar Pradesh,16,24.65731,77.85281,1311,3.1744,4.666,1.4916,45.56,0.0328,0.0714,0.0385,106.7,126.3,18.21,0.6294,0.6577,0.00566,0,1,13.8,36.1,0,medium
UT060322,Uttar Pradesh,6,26.99682,83.01215,1560,2.2824,2.8368,0.5544,23.27,-0.0657,-0.0413,0.0244,107.1,125.3,16.86,0.5889,0.6256,0.00734,1,2,23.0,45.0,1,medium
UT190323,Uttar Pradesh,19,25.47075,83.02606,590,0.8658,0.8221,-0.0436,-4.52,-0.1504,-0.1416,0.0088,82.7,86.3,4.26,0.353,0.3532,3e-05,0,0,27.2,99.5,1,low
UT130324,Uttar Pradesh,13,29.82548,79.07156,2648,8.4438,12.334,3.8902,45.53,-0.2041,-0.1133,0.0907,32.1,81.2,147.86,0.5309,0.6487,0.02357,1,1,12.3,14.7,1,high
UT290325,Uttar Pradesh,29,27.80911,82.91737,488,2.7018,4.1355,1.4337,51.17,-0.1574,-0.1409,0.0165,67.9,76.1,11.94,0.3555,0.3797,0.00485,1,0,28.0,57.4,1,medium
UT070326,Uttar Pradesh,7,28.06612,80.76364,401,0.7317,0.9631,0.2313,27.81,-0.0621,-0.0579,0.0041,77.3,79.6,2.91,0.6478,0.6777,0.00599,0,2,21.1,88.1,1,low
UT130327,Uttar Pradesh,13,27.18578,77.21932,3272,2.1979,2.7936,0.5957,25.92,-0.1578,-0.1194,0.0384,46.7,59.3,26.51,0.226,0.3286,0.02052,1,0,26.7,50.2,1,medium
UT110328,Uttar Pradesh,11,30.05659,77.81699,1227,0.6938,0.6556,-0.0382,-4.81,-0.0086,-0.017,-0.0085,69.4,64.1,-7.58,0.5727,0.5096,-0.01263,0,2,45.7,88.0,1,low
UT100329,Uttar Pradesh,10,25.68278,82.73438,542,0.8816,1.2273,0.3457,35.21,0.0049,0.0071,0.0022,87.5,88.1,0.74,0.658,0.6747,0.00335,0,0,37.8,65.0,1,low
UT210330,Uttar Pradesh,21,27.70583,82.57954,3717,1.0406,1.3404,0.2999,26.29,-0.2067,-0.1899,0.0168,71.5,77.2,7.85,0.3859,0.2902,-0.01915,0,0,29.6,73.9,0,low
UT110331,Uttar Pradesh,11,25.16046,79.85872,3544,2.1068,3.4508,1.344,60.9,-0.2275,-0.1861,0.0414,21.6,40.0,81.59,0.5457,0.6102,0.0129,1,1,14.1,39.8,0,medium
UT270332,Uttar Pradesh,27,29.82529,77.82678,576,0.6306,0.8861,0.2555,34.97,-0.2987,-0.3057,-0.007,34.4,30.9,-9.95,0.2734,0.2561,-0.00347,1,0,30.9,73.8,1,low
UT170333,Uttar Pradesh,17,24.97264,80.41793,343,0.6872,0.8743,0.1871,23.77,0.1012,0.1113,0.0101,91.0,96.3,5.86,0.3457,0.2633,-0.01648,1,0,47.8,74.1,1,low
UT140334,Uttar Pradesh,14,25.92462,80.812,738,0.7171,0.6854,-0.0316,-3.87,-0.1446,-0.126,0.0186,68.1,74.3,8.99,0.6892,0.6455,-0.00875,1,2,53.2,80.8,1,low
UT140335,Uttar Pradesh,14,29.66079,78.62231,663,0.7111,0.9791,0.2679,33.03,-0.2373,-0.2376,-0.0003,66.5,66.3,-0.2,0.2369,0.1798,-0.01142,0,1,24.3,86.3,0,low
UT170336,Uttar Pradesh,17,24.78367,77.91155,912,3.2155,3.5214,0.306,9.23,0.1119,0.125,0.013,104.6,112.6,7.6,0.5122,0.5877,0.0151,1,0,24.0,33.7,1,medium
UT020337,Uttar Pradesh,2,24.7168,79.91467,4533,1.9933,3.1131,1.1198,53.5,0.008,0.0586,0.0506,65.1,100.0,52.67,0.6098,0.759,0.02984,1,1,14.1,62.5,1,medium
UT230338,Uttar Pradesh,23,29.74872,77.85541,1332,0.5754,0.7277,0.1523,22.55,0.037,0.0431,0.0061,140.3,143.1,2.01,0.5206,0.5636,0.00861,1,2,33.3,56.9,1,low
UT280339,Uttar Pradesh,28,27.96488,81.2596,405,0.5959,0.8137,0.2177,31.29,-0.2497,-0.2516,-0.0018,57.8,57.1,-1.18,0.3782,0.3069,-0.01426,0,0,27.3,93.8,1,low
UT210340,Uttar Pradesh,21,26.78621,83.26394,295,0.9563,1.2373,0.281,26.6,0.1848,0.18,-0.0048,65.4,63.2,-3.38,0.4909,0.4692,-0.00434,1,0,19.7,80.4,1,low
UT130341,Uttar Pradesh,13,24.02783,83.72933,2729,0.6803,0.7848,0.1045,13.39,-0.0304,-0.0251,0.0053,106.3,110.1,3.53,0.6082,0.5533,-0.01099,0,0,28.5,79.5,1,low
UT220342,Uttar Pradesh,22,29.13684,79.19501,675,0.7402,0.8186,0.0784,9.33,-0.277,-0.2837,-0.0067,59.3,56.9,-4.06,0.6676,0.7108,0.00865,0,1,37.9,55.2,1,low
UT090343,Uttar Pradesh,9,28.38844,78.29377,1172,0.5641,0.7559,0.1918,28.88,0.1703,0.1832,0.0128,68.2,77.0,12.73,0.2029,0.1612,-0.00836,0,1,24.3,67.2,0,low
UT290344,Uttar Pradesh,29,26.20463,80.31564,300,0.6617,0.8519,0.1902,24.97,-0.1307,-0.1319,-0.0012,35.6,35.1,-1.38,0.2183,0.1462,-0.01441,1,2,58.1,69.7,0,low
UT050345,Uttar Pradesh,5,24.42033,81.72055,2433,3.4213,3.7589,0.3376,9.59,0.0737,0.131,0.0572,125.4,141.5,12.73,0.5262,0.5831,0.01138,1,2,23.5,30.8,0,medium
UT250346,Uttar Pradesh,25,26.81718,77.95848,214,3.3321,4.2084,0.8763,25.53,-0.0763,-0.0638,0.0125,60.0,65.2,8.49,0.6805,0.7271,0.00934,1,1,26.3,57.2,1,medium
UT150347,Uttar Pradesh,15,29.64089,81.89623,226,0.5782,1.0767,0.4984,73.49,-0.1713,-0.1699,0.0014,48.2,49.0,1.64,0.2821,0.309,0.00538,1,1,55.5,89.4,0,low
UT210348,Uttar Pradesh,21,25.20357,81.76456,3037,0.7068,0.8495,0.1427,17.69,0.062,0.0685,0.0065,134.5,137.5,2.19,0.3398,0.3313,-0.00171,1,2,43.7,64.3,0,low
UT100349,Uttar Pradesh,10,28.6454,79.9181,892,2.7164,3.575,0.8586,30.49,0.1675,0.2036,0.036,194.2,209.3,7.71,0.5893,0.6546,0.01307,1,2,26.3,53.8,0,medium
UT190350,Uttar Pradesh,19,30.43867,79.131,656,0.3783,0.7186,0.3403,71.15,-0.1958,-0.1924,0.0034,58.9,60.5,2.72,0.6998,0.6581,-0.00834,0,0,59.2,60.0,1,low
UT060351,Uttar Pradesh,6,24.21984,80.07291,2372,2.0307,2.7149,0.6842,32.11,-0.2179,-0.2018,0.0161,56.2,66.6,18.19,0.3663,0.4406,0.01485,1,1,13.9,35.2,0,medium
UT040352,Uttar Pradesh,4,24.54092,83.95591,818,2.9917,3.6097,0.618,19.99,-0.1048,-0.0817,0.0231,53.5,59.9,11.76,0.6622,0.7952,0.0266,1,0,27.7,53.9,1,medium
UT200353,Uttar Pradesh,20,30.20032,78.75039,1034,0.7832,1.1142,0.331,37.48,0.0268,0.0364,0.0097,157.5,161.8,2.75,0.5191,0.552,0.00657,1,2,55.9,57.6,0,low
UT060354,Uttar Pradesh,6,27.70578,77.85806,592,0.5031,0.4918,-0.0112,-1.86,-0.1858,-0.1831,0.0027,46.6,47.5,1.79,0.4446,0.4566,0.0024,0,0,35.4,56.8,1,low
UT050355,Uttar Pradesh,5,26.92298,81.6577,951,2.7941,3.9318,1.1377,39.31,-0.2074,-0.1805,0.0269,66.4,86.1,29.29,0.2721,0.3147,0.00853,1,1,12.0,50.7,1,medium
UT180356,Uttar Pradesh,18,29.85019,84.03807,1479,0.887,1.0109,0.124,12.56,-0.1424,-0.1241,0.0182,68.0,79.8,17.03,0.2897,0.2757,-0.0028,1,1,18.9,65.2,0,low
UT160357,Uttar Pradesh,16,30.35144,83.05402,623,1.0243,1.1109,0.0866,7.7,-0.1415,-0.1451,-0.0036,35.1,34.0,-3.2,0.631,0.5908,-0.00803,0,1,40.1,61.1,1,low
UT070358,Uttar Pradesh,7,28.42037,84.13168,4236,8.6112,12.7404,4.1292,47.4,-0.2606,-0.1801,0.0805,28.3,71.6,147.44,0.3641,0.557,0.03859,1,2,14.1,38.5,1,high
UT180359,Uttar Pradesh,18,24.0889,79.69901,200,0.7479,1.1395,0.3916,46.18,0.0783,0.0699,-0.0084,172.7,170.0,-1.52,0.5066,0.4366,-0.01402,1,0,32.5,74.4,0,low
UT190360,Uttar Pradesh,19,29.31352,77.92927,914,0.5846,0.5899,0.0053,0.78,-0.1014,-0.0935,0.008,36.5,38.7,5.68,0.4344,0.3942,-0.00804,1,2,48.2,67.6,0,low
UT270361,Uttar Pradesh,27,30.40256,77.7315,4778,2.0614,3.2276,1.1662,53.95,0.1071,0.1628,0.0557,80.2,103.4,28.5,0.4502,0.5858,0.02712,1,1,28.0,46.5,1,medium
UT200362,Uttar Pradesh,20,26.96444,77.29326,1096,0.9885,1.3925,0.4039,37.11,-0.0235,-0.0126,0.0109,139.0,142.4,2.42,0.3274,0.3495,0.00441,1,0,53.2,95.0,0,low
UT210363,Uttar Pradesh,21,24.93078,81.24041,1240,0.3727,0.7716,0.3989,84.4,0.1471,0.1392,-0.0079,75.2,70.6,-6.1,0.5817,0.5461,-0.00712,0,0,34.2,99.9,0,low
UT250364,Uttar Pradesh,25,25.777,81.38823,1225,10.5422,19.0766,8.5343,80.19,0.0428,0.2097,0.1669,82.0,185.8,125.08,0.5799,0.8016,0.04434,1,2,12.9,33.1,0,high
UT080365,Uttar Pradesh,8,27.59569,78.60741,341,0.5979,0.5516,-0.0463,-6.64,0.0952,0.1127,0.0175,111.7,124.7,11.5,0.6155,0.6523,0.00735,0,0,51.9,64.8,1,low
UT270366,Uttar Pradesh,27,28.99437,79.1951,1582,6.3686,13.8876,7.519,116.24,0.1166,0.288,0.1714,61.6,158.8,155.43,0.5362,0.7023,0.03321,0,2,4.3,29.2,1,high
UT240367,Uttar Pradesh,24,29.61918,81.61567,3324,6.6015,11.8613,5.2598,78.49,-0.0185,0.1579,0.1764,59.4,120.0,100.33,0.4275,0.5314,0.0208,1,2,17.6,34.5,1,high
UT110368,Uttar Pradesh,11,27.65801,78.89508,294,0.514,0.7056,0.1916,31.21,0.1691,0.1604,-0.0087,120.5,117.6,-2.41,0.2705,0.1894,-0.01622,0,0,49.0,66.2,1,low
UT060369,Uttar Pradesh,6,25.45876,80.87772,457,0.8645,0.9379,0.0734,7.61,0.0197,0.0359,0.0162,127.4,138.2,8.4,0.6403,0.6313,-0.0018,0,0,29.0,70.9,1,low
UT250370,Uttar Pradesh,25,27.81137,77.58743,402,0.9252,1.4126,0.4874,47.54,0.0762,0.09,0.0138,155.7,159.2,2.28,0.2643,0.2387,-0.00512,0,0,21.6,65.7,0,low
UT270371,Uttar Pradesh,27,27.58082,80.12139,706,0.7015,0.9146,0.2131,26.59,-0.2956,-0.3056,-0.0099,47.7,44.2,-7.19,0.6474,0.6866,0.00786,0,2,34.5,56.8,1,low
UT020372,Uttar Pradesh,2,25.93603,84.21848,200,0.6297,0.5964,-0.0332,-4.56,0.0594,0.0562,-0.0032,87.1,85.5,-1.76,0.214,0.1719,-0.00842,1,1,25.4,61.3,0,low
UT180373,Uttar Pradesh,18,27.46863,82.28766,317,2.8579,3.3009,0.443,14.98,-0.0621,-0.0448,0.0173,53.0,59.4,11.83,0.3133,0.4113,0.01961,1,2,8.5,69.5,0,medium
UT250374,Uttar Pradesh,25,24.85984,77.86727,902,1.1139,1.4852,0.3713,30.58,-0.0539,-0.0369,0.017,114.5,124.8,8.88,0.5386,0.5266,-0.00239,1,1,51.0,75.0,0,low
UT050375,Uttar Pradesh,5,29.03903,80.07722,684,0.9907,1.2046,0.2139,19.61,0.1219,0.1321,0.0102,177.6,183.1,3.1,0.3491,0.2714,-0.01553,1,0,18.9,78.7,0,low
UT250376,Uttar Pradesh,25,24.18875,77.30781,580,2.21,3.7446,1.5346,66.43,0.0049,0.0178,0.0129,47.3,55.8,17.74,0.516,0.536,0.004,1,1,18.8,43.9,0,medium
UT030377,Uttar Pradesh,3,26.98213,79.08104,465,0.8241,1.0507,0.2266,24.51,-0.2153,-0.2111,0.0042,45.2,46.6,3.16,0.2572,0.2682,0.00221,1,2,55.8,95.0,0,low
UT170378,Uttar Pradesh,17,25.70407,78.61767,1680,2.5968,3.0216,0.4248,15.75,-0.28,-0.2595,0.0205,59.6,72.3,21.08,0.3095,0.4169,0.02147,1,2,19.5,65.4,0,medium
UT200379,Uttar Pradesh,20,27.06389,84.26757,505,0.7437,0.8293,0.0855,10.14,-0.0866,-0.0812,0.0054,96.3,99.6,3.41,0.4202,0.3415,-0.01573,1,1,44.4,93.1,0,low
UT120380,Uttar Pradesh,12,30.29434,81.9867,640,0.5839,0.7831,0.1991,29.12,-0.2792,-0.2676,0.0116,57.7,63.2,9.44,0.2745,0.3223,0.00955,0,1,30.1,61.3,0,low
UT040381,Uttar Pradesh,4,27.84141,77.68171,1916,3.4424,4.8934,1.451,40.96,-0.1934,-0.1626,0.0308,30.1,42.4,39.74,0.6302,0.6741,0.00878,0,1,26.4,30.8,0,medium
UT090382,Uttar Pradesh,9,26.11553,77.43018,1029,2.4851,4.2799,1.7948,69.43,-0.2046,-0.1645,0.0401,40.3,58.5,44.15,0.5496,0.6295,0.01597,1,2,20.0,44.8,1,medium
UT130383,Uttar Pradesh,13,29.12853,79.50964,860,2.6408,3.2852,0.6445,23.51,0.1291,0.1829,0.0538,135.9,151.5,11.42,0.6402,0.7234,0.01665,1,1,14.7,61.5,1,medium
UT070384,Uttar Pradesh,7,25.7509,79.15867,2387,2.3653,2.6857,0.3204,13.0,-0.0132,0.0221,0.0353,88.2,101.7,15.22,0.228,0.2359,0.00158,1,2,21.5,40.0,1,medium
UT070385,Uttar Pradesh,7,25.04363,82.1432,1157,2.7003,3.3202,0.6199,22.13,-0.0846,-0.0418,0.0428,54.3,83.3,52.43,0.6602,0.803,0.02856,1,1,26.2,41.0,1,medium
UT020386,Uttar Pradesh,2,27.58974,82.41396,328,0.9582,1.3793,0.4211,39.79,0.1179,0.1301,0.0122,113.0,121.3,7.24,0.6479,0.6914,0.00869,0,1,35.5,85.3,1,low
UT130387,Uttar Pradesh,13,24.91394,77.54094,402,0.6503,0.6289,-0.0214,-2.85,-0.251,-0.2572,-0.0062,40.4,36.0,-10.51,0.3468,0.3598,0.0026,1,2,36.8,96.9,1,low
UT030388,Uttar Pradesh,3,28.79131,81.28946,936,2.2197,3.5047,1.285,55.39,0.0933,0.1527,0.0594,97.8,137.5,40.17,0.5649,0.5944,0.00588,1,2,10.7,31.7,1,medium
UT200389,Uttar Pradesh,20,29.0324,81.61342,954,2.3742,3.688,1.3138,53.1,-0.1592,-0.1022,0.0571,32.1,71.2,117.94,0.3394,0.3816,0.00843,1,1,28.2,43.9,1,medium
UT260390,Uttar Pradesh,26,27.58147,77.87181,766,8.6143,11.7976,3.1832,36.53,0.0904,0.2071,0.1167,142.4,224.5,57.26,0.6605,0.8137,0.03063,1,2,3.1,39.4,1,high
UT050391,Uttar Pradesh,5,30.48875,77.37384,628,0.5929,0.8357,0.2428,35.04,-0.1338,-0.126,0.0077,96.3,100.6,4.41,0.3942,0.3697,-0.0049,0,0,42.1,64.4,0,low
UT110392,Uttar Pradesh,11,25.68414,79.61516,592,1.0668,1.0689,0.0021,0.18,-0.0198,-0.0123,0.0075,57.4,61.3,6.72,0.6986,0.6835,-0.00302,0,0,48.4,85.2,1,low
UT180393,Uttar Pradesh,18,25.17818,84.02732,1045,2.539,3.9514,1.4125,53.52,-0.1168,-0.0595,0.0574,107.9,139.8,29.2,0.6037,0.6744,0.01416,1,2,11.2,49.8,1,medium
UT020394,Uttar Pradesh,2,24.91026,82.09747,510,0.4866,0.4776,-0.009,-1.54,-0.25,-0.2392,0.0108,26.7,34.4,28.1,0.6665,0.6004,-0.01323,1,0,45.1,60.4,0,low
UT150395,Uttar Pradesh,15,26.60095,81.50568,1115,11.027,14.0137,2.9867,26.84,0.1967,0.3523,0.1556,87.6,167.5,90.05,0.264,0.4532,0.03784,1,2,7.1,13.9,1,high
UT230396,Uttar Pradesh,23,25.34624,82.40961,1045,3.181,4.0969,0.9158,27.91,0.0311,0.0569,0.0258,134.2,142.2,5.87,0.2599,0.2722,0.00244,0,0,16.2,47.2,1,medium
UT190397,Uttar Pradesh,19,27.08984,82.70778,1651,0.6704,1.0421,0.3717,48.24,0.0746,0.0738,-0.0008,85.3,85.0,-0.39,0.4618,0.3737,-0.01763,1,1,24.6,58.3,1,low
UT040398,Uttar Pradesh,4,27.52917,81.84043,2785,1.9327,2.5002,0.5675,27.92,0.1975,0.2349,0.0373,198.9,213.7,7.39,0.6392,0.7601,0.02418,0,2,18.2,66.2,1,medium
UT060399,Uttar Pradesh,6,30.25134,84.44105,584,2.4132,3.6373,1.224,48.7,0.1773,0.1968,0.0195,90.5,103.2,13.81,0.3358,0.4133,0.01551,1,0,22.7,48.6,0,medium
UT150400,Uttar Pradesh,15,24.0036,81.62323,443,0.7047,1.0732,0.3685,45.79,-0.1216,-0.1263,-0.0047,60.3,58.2,-3.41,0.4698,0.3829,-0.01738,1,1,53.1,57.9,0,low
UT110401,Uttar Pradesh,11,27.5266,78.45893,1747,7.0414,12.8508,5.8095,81.35,-0.0962,0.0018,0.0981,49.6,117.5,134.07,0.6905,0.8589,0.03367,1,2,2.3,21.8,1,high
UT100402,Uttar Pradesh,10,24.14408,78.26976,1446,0.7103,0.6176,-0.0927,-11.44,0.1591,0.1605,0.0014,186.9,187.6,0.34,0.3595,0.3926,0.00661,0,2,33.1,85.6,0,low
UT110403,Uttar Pradesh,11,24.08713,83.40978,1157,3.6338,3.9892,0.3554,9.52,0.0159,0.0419,0.026,102.9,113.1,9.82,0.3165,0.4343,0.02356,0,2,26.8,44.2,0,medium
UT100404,Uttar Pradesh,10,24.28288,80.04338,200,0.5733,0.8852,0.3119,46.31,0.1675,0.1745,0.007,179.9,182.6,1.51,0.5075,0.5544,0.00937,0,0,53.8,81.9,0,low
UT150405,Uttar Pradesh,15,27.25565,78.47563,1504,2.16,4.0233,1.8634,82.45,0.0843,0.1398,0.0555,142.5,183.3,28.42,0.3831,0.5196,0.0273,0,0,16.5,33.6,1,medium
UT230406,Uttar Pradesh,23,26.3249,82.71239,518,0.5526,0.6347,0.0821,12.59,0.1447,0.1417,-0.003,176.9,175.6,-0.72,0.5239,0.4586,-0.01306,1,1,38.8,68.1,0,low
UT070407,Uttar Pradesh,7,30.3987,83.49189,728,1.2733,1.2293,-0.0441,-3.21,-0.1578,-0.1482,0.0096,57.7,61.5,6.56,0.2243,0.2359,0.00233,1,2,19.6,91.2,1,low
UT250408,Uttar Pradesh,25,25.51615,80.91387,2582,10.5829,21.5359,10.953,102.53,-0.0781,-0.0151,0.063,77.4,94.7,22.08,0.4498,0.6295,0.03594,1,1,3.0,31.5,1,high
UT160409,Uttar Pradesh,16,24.73086,77.64255,200,0.5001,0.8705,0.3704,61.71,-0.0237,-0.0168,0.0069,73.5,78.3,6.36,0.3544,0.3364,-0.00361,0,2,29.6,94.8,1,low
UT100410,Uttar Pradesh,10,27.675,77.73018,262,1.1603,1.16,-0.0004,-0.03,-0.0921,-0.0859,0.0062,89.3,91.7,2.66,0.4007,0.3063,-0.01888,0,2,36.7,87.3,1,low
UT050411,Uttar Pradesh,5,28.23003,81.0051,1727,9.612,14.8187,5.2066,53.61,0.11,0.2588,0.1488,150.3,246.1,63.38,0.665,0.9,0.05615,1,2,12.0,14.2,1,high
UT270412,Uttar Pradesh,27,24.28792,81.47686,1995,10.1818,18.1407,7.9588,77.41,-0.043,0.0293,0.0723,130.0,172.9,32.72,0.5535,0.7611,0.04151,1,2,8.1,30.0,1,high
UT030413,Uttar Pradesh,3,24.95051,83.35987,232,0.3903,0.5644,0.1741,35.51,-0.1079,-0.0906,0.0173,52.9,58.3,9.89,0.208,0.1241,-0.01679,0,1,26.3,65.2,1,low
UT100414,Uttar Pradesh,10,24.64319,82.18808,1628,2.9992,3.8514,0.8522,27.5,-0.1295,-0.0755,0.054,51.6,90.3,73.66,0.5454,0.6376,0.01844,0,2,8.6,37.0,1,medium
UT100415,Uttar Pradesh,10,26.48281,83.92686,249,0.429,0.8498,0.4208,79.55,-0.2582,-0.26,-0.0018,32.2,31.7,-1.55,0.5654,0.5102,-0.01103,1,0,40.9,71.5,0,low
UT240416,Uttar Pradesh,24,28.30383,78.20039,447,0.515,0.4842,-0.0308,-5.02,-0.1368,-0.1187,0.0181,92.4,97.8,5.75,0.2912,0.3372,0.00922,0,0,29.6,70.9,0,low
UT050417,Uttar Pradesh,5,24.86453,78.24226,298,0.5693,0.982,0.4127,61.65,-0.1012,-0.0908,0.0104,36.3,40.6,11.5,0.3164,0.2561,-0.01205,0,0,49.0,92.6,1,low
UT290418,Uttar Pradesh,29,25.54779,80.22132,493,3.1194,3.9793,0.86,26.71,-0.2804,-0.226,0.0544,36.5,51.0,38.51,0.3855,0.4233,0.00757,1,1,22.9,67.9,1,medium
UT150419,Uttar Pradesh,15,24.38704,81.22186,5504,2.4522,3.5054,1.0532,41.26,-0.1676,-0.1276,0.04,68.6,86.4,25.48,0.2172,0.3551,0.02759,0,1,24.4,38.8,1,medium
UT230420,Uttar Pradesh,23,30.1542,77.81079,917,2.9879,4.8264,1.8385,59.54,-0.2998,-0.2884,0.0115,25.0,30.6,21.43,0.2306,0.2876,0.0114,1,1,29.9,57.9,0,medium
UT070421,Uttar Pradesh,7,26.98885,78.59741,804,3.0081,4.7063,1.6982,54.64,-0.1064,-0.0948,0.0115,79.3,83.1,4.72,0.5682,0.6071,0.00778,1,1,24.0,69.5,1,medium
UT020422,Uttar Pradesh,2,27.63577,81.77766,200,0.4402,0.3781,-0.0621,-11.49,0.1823,0.1986,0.0163,91.8,96.5,5.05,0.5892,0.4997,-0.01791,0,2,44.0,81.8,1,low
UT080423,Uttar Pradesh,8,24.11245,82.91687,617,1.0565,1.3911,0.3346,28.93,-0.2694,-0.2598,0.0097,37.0,43.9,18.2,0.3247,0.2722,-0.0105,0,1,47.3,84.3,1,low
UT020424,Uttar Pradesh,2,26.74835,84.32809,3222,1.0813,1.5601,0.4787,40.53,0.0926,0.1036,0.0109,174.6,180.3,3.29,0.4829,0.4275,-0.01107,0,0,42.4,92.5,1,low
UT040425,Uttar Pradesh,4,25.83416,81.37281,472,0.7322,0.7407,0.0085,1.03,0.0959,0.1124,0.0165,61.2,68.5,11.71,0.6167,0.5688,-0.00957,1,1,30.7,67.1,0,low
UT060426,Uttar Pradesh,6,27.85575,81.14441,669,0.6669,0.7625,0.0956,12.47,0.0583,0.0777,0.0194,87.1,95.1,9.1,0.4585,0.3654,-0.01863,1,0,27.6,59.9,0,low
UT290427,Uttar Pradesh,29,26.53574,82.11151,1133,2.4997,3.4837,0.984,37.85,-0.1193,-0.1085,0.0107,55.9,62.6,11.76,0.3573,0.4606,0.02066,1,0,15.6,40.9,1,medium
UT230428,Uttar Pradesh,23,29.89966,82.43674,1181,0.549,0.837,0.2881,44.39,-0.2821,-0.2916,-0.0095,56.2,49.8,-11.15,0.3293,0.2782,-0.01023,1,1,43.6,61.7,0,low
UT010429,Uttar Pradesh,1,27.86424,83.71732,217,0.5093,0.999,0.4897,80.37,-0.0766,-0.0607,0.0159,59.8,68.2,13.85,0.6631,0.5784,-0.01694,1,0,33.3,76.0,1,low
UT200430,Uttar Pradesh,20,26.82087,79.36362,2644,0.5663,0.5249,-0.0414,-6.21,-0.2834,-0.2826,0.0008,34.7,35.2,1.46,0.3969,0.3238,-0.01462,0,0,56.2,60.5,0,low
UT060431,Uttar Pradesh,6,24.88904,83.42162,478,2.1687,3.2494,1.0807,47.63,-0.2772,-0.2382,0.0391,38.3,56.9,47.47,0.6397,0.6755,0.00716,1,2,16.9,59.1,1,medium
UT270432,Uttar Pradesh,27,28.4413,79.04773,1964,3.1169,4.7481,1.6312,50.71,-0.0728,-0.0361,0.0367,101.8,127.9,25.45,0.31,0.3206,0.00213,1,1,26.0,50.1,1,medium
UT150433,Uttar Pradesh,15,29.68596,81.41759,2009,0.6502,0.7557,0.1055,14.06,-0.111,-0.0965,0.0145,57.9,64.6,11.35,0.4713,0.4272,-0.00883,0,2,28.6,72.8,0,low
UT200434,Uttar Pradesh,20,25.96332,82.42606,1676,0.5077,0.951,0.4433,72.95,-0.0138,-0.0217,-0.0079,59.9,56.1,-6.31,0.4297,0.4232,-0.00131,0,0,33.3,79.9,0,low
UT290435,Uttar Pradesh,29,26.55837,80.00161,547,2.8523,4.2598,1.4075,47.68,0.1959,0.2305,0.0346,77.2,92.5,19.5,0.2778,0.4198,0.0284,1,0,19.2,51.0,1,medium
UT090436,Uttar Pradesh,9,30.38149,82.55531,1049,0.6223,0.6839,0.0615,8.52,-0.1884,-0.1803,0.0082,53.9,59.5,10.04,0.5127,0.5087,-0.00081,1,0,28.1,64.2,0,low
UT030437,Uttar Pradesh,3,26.69002,81.39352,1903,2.7316,3.5823,0.8507,30.04,0.1752,0.226,0.0507,187.9,212.8,13.21,0.487,0.597,0.022,0,0,26.2,62.9,1,medium
UT050438,Uttar Pradesh,5,30.15626,79.72485,1093,2.7965,4.0649,1.2684,43.79,0.0027,0.0212,0.0185,88.9,98.3,10.48,0.2152,0.3405,0.02506,1,2,21.7,50.5,1,medium
UT290439,Uttar Pradesh,29,28.67232,77.64137,1013,0.5289,0.7752,0.2463,39.17,0.0588,0.0583,-0.0005,140.3,140.0,-0.21,0.5416,0.5138,-0.00555,1,1,56.4,76.7,1,low
UT160440,Uttar Pradesh,16,25.51105,79.26225,789,0.7361,0.7756,0.0396,4.73,-0.2084,-0.1943,0.0141,55.0,61.2,11.03,0.5484,0.5835,0.00702,0,0,59.8,58.4,1,low
UT130441,Uttar Pradesh,13,25.57819,84.39168,2218,9.2802,15.6719,6.3917,68.14,-0.123,0.0294,0.1524,85.9,168.1,94.47,0.3844,0.5027,0.02365,1,2,13.3,20.2,1,high
UT240442,Uttar Pradesh,24,28.44273,77.57188,741,0.6846,0.6729,-0.0117,-1.49,-0.2772,-0.2601,0.0171,58.2,69.2,18.61,0.6413,0.6864,0.00902,1,1,41.3,57.8,0,low
UT040443,Uttar Pradesh,4,24.20369,77.81103,548,0.7216,1.1609,0.4393,53.47,-0.193,-0.1851,0.0079,44.4,49.3,10.75,0.2124,0.2478,0.00709,0,2,28.1,92.4,0,low
UT180444,Uttar Pradesh,18,29.7214,84.45206,1105,2.6191,3.4242,0.8051,29.61,0.0334,0.0885,0.0551,142.4,170.5,19.6,0.5107,0.5755,0.01298,1,2,29.4,39.2,0,medium
UT290445,Uttar Pradesh,29,30.07998,83.55568,1334,7.6276,12.2591,4.6315,59.93,-0.0652,0.0915,0.1567,88.5,130.1,46.56,0.6515,0.7613,0.02196,1,2,16.4,44.3,1,high
UT240446,Uttar Pradesh,24,28.8294,80.62918,2478,7.8609,15.0123,7.1514,89.83,0.0646,0.1769,0.1123,66.0,100.9,51.95,0.6352,0.805,0.03396,1,2,16.2,36.8,1,high
UT060447,Uttar Pradesh,6,27.07735,79.24042,1322,3.6261,5.0297,1.4036,37.67,0.1518,0.1946,0.0428,100.9,132.1,30.53,0.6254,0.6265,0.00023,1,1,16.3,56.4,1,medium
UT100448,Uttar Pradesh,10,29.81028,83.57988,1841,1.2744,1.6035,0.3291,23.94,0.0046,-0.0019,-0.0065,74.1,72.2,-2.58,0.5538,0.5639,0.00202,1,0,44.8,75.0,0,low
UT190449,Uttar Pradesh,19,28.67158,77.64433,872,0.433,0.4837,0.0507,9.5,-0.2196,-0.2016,0.0179,48.5,58.0,19.31,0.2112,0.2597,0.0097,1,2,58.3,55.0,1,low
UT010450,Uttar Pradesh,1,27.50853,79.31276,1465,2.7454,4.583,1.8376,64.58,0.0902,0.113,0.0228,171.8,178.5,3.89,0.5415,0.5866,0.00902,1,0,21.9,60.1,1,medium
UT100451,Uttar Pradesh,10,28.2313,80.0275,1174,0.4949,0.3959,-0.0989,-16.63,-0.1886,-0.1688,0.0198,72.8,80.9,11.05,0.3654,0.3499,-0.00309,0,2,28.2,95.8,0,low
UT190452,Uttar Pradesh,19,27.7121,79.33053,692,0.9965,1.0969,0.1004,9.16,0.0485,0.0473,-0.0012,113.8,113.0,-0.72,0.6491,0.6948,0.00913,1,0,15.2,69.1,0,low
UT190453,Uttar Pradesh,19,30.44661,77.00649,3400,7.8994,12.857,4.9577,61.98,-0.2412,-0.1878,0.0534,71.0,108.0,51.39,0.3046,0.5307,0.04523,1,1,2.3,10.1,1,high
UT080454,Uttar Pradesh,8,25.26462,83.39332,205,0.6855,0.9265,0.241,30.68,-0.2545,-0.247,0.0075,60.5,65.2,7.74,0.5317,0.4641,-0.01353,1,0,42.3,91.9,1,low
UT010455,Uttar Pradesh,1,29.26423,82.70877,200,0.8082,1.0997,0.2915,32.1,0.0191,0.011,-0.0081,61.9,57.5,-6.96,0.6215,0.6095,-0.0024,0,1,19.9,76.9,0,low
UT200456,Uttar Pradesh,20,27.03294,78.52037,501,1.1567,1.5473,0.3905,31.08,-0.0833,-0.0769,0.0064,109.0,110.8,1.63,0.2847,0.3041,0.00387,1,1,37.4,73.1,0,low
UT200457,Uttar Pradesh,20,25.75316,82.57104,675,0.8342,0.8647,0.0305,3.26,-0.2111,-0.2137,-0.0026,61.8,60.3,-2.49,0.3072,0.3103,0.00062,0,1,35.3,94.7,0,low
UT040458,Uttar Pradesh,4,24.29176,78.22965,644,0.6189,0.6412,0.0223,3.1,0.0408,0.0389,-0.0019,99.0,97.5,-1.42,0.3211,0.3293,0.00164,1,1,25.6,94.5,1,low
UT240459,Uttar Pradesh,24,24.42755,82.80198,932,0.5196,0.5062,-0.0134,-2.17,0.0072,0.013,0.0058,101.4,103.3,1.83,0.3936,0.3607,-0.00659,1,2,37.7,58.2,1,low
UT190460,Uttar Pradesh,19,28.87608,82.67864,515,0.8598,1.176,0.3162,32.95,-0.1851,-0.1919,-0.0068,46.4,43.2,-6.61,0.6912,0.6148,-0.0153,0,0,21.6,58.0,0,low
UT210461,Uttar Pradesh,21,24.14203,79.73616,3249,2.7565,4.1042,1.3477,47.18,-0.0495,0.0103,0.0598,77.2,116.4,50.05,0.2443,0.2572,0.00257,0,2,26.0,62.5,1,medium
UT290462,Uttar Pradesh,29,24.66406,83.85734,229,2.0993,3.9993,1.9001,86.4,-0.0294,0.0045,0.0339,98.4,113.8,15.53,0.6192,0.7025,0.01665,1,1,28.5,64.0,1,medium
UT010463,Uttar Pradesh,1,29.15184,80.75516,2138,0.5886,0.8942,0.3057,44.39,-0.0747,-0.0843,-0.0096,111.3,106.3,-4.46,0.4639,0.4696,0.00114,1,0,55.7,82.4,1,low
UT160464,Uttar Pradesh,16,25.5286,83.40837,1205,9.2309,16.821,7.5901,81.34,-0.1188,0.0345,0.1533,48.3,98.8,102.54,0.5912,0.7145,0.02465,1,2,3.2,25.6,1,high
UT160465,Uttar Pradesh,16,27.6653,84.22518,1916,0.6815,1.1409,0.4594,58.78,-0.1681,-0.1571,0.011,58.1,61.8,6.23,0.4305,0.4215,-0.0018,0,0,40.9,71.3,0,low
UT040466,Uttar Pradesh,4,30.42613,77.55818,954,1.1112,1.3056,0.1945,16.06,0.1952,0.2047,0.0095,134.9,139.7,3.55,0.4847,0.3876,-0.01944,0,1,27.6,86.8,0,low
UT070467,Uttar Pradesh,7,24.4096,81.56453,844,3.4989,4.0576,0.5587,15.52,-0.2211,-0.164,0.0571,30.5,61.4,98.15,0.5012,0.5307,0.0059,1,1,13.7,61.7,1,medium
UT210468,Uttar Pradesh,21,25.14421,78.20614,1626,0.5894,0.7771,0.1878,27.24,0.0397,0.0433,0.0035,90.4,91.3,1.01,0.5343,0.561,0.00535,1,0,40.9,69.9,0,low
UT270469,Uttar Pradesh,27,28.99379,80.04767,1991,6.8735,11.1834,4.3099,61.8,-0.0221,0.1033,0.1254,72.3,136.9,88.08,0.5335,0.7462,0.04255,1,2,17.5,15.9,1,high
UT020470,Uttar Pradesh,2,28.10239,77.93667,200,0.8213,0.8463,0.025,2.71,-0.1664,-0.15,0.0164,45.2,54.3,19.61,0.2615,0.2323,-0.00585,0,1,47.1,71.1,1,low
UT290471,Uttar Pradesh,29,30.28173,79.59473,1748,5.6524,16.4343,10.7819,187.43,0.0145,0.1697,0.1552,145.4,202.6,39.05,0.4698,0.5878,0.0236,1,2,12.2,23.8,1,high
UT030472,Uttar Pradesh,3,26.96792,77.15955,231,0.579,0.9635,0.3845,56.63,-0.2054,-0.1994,0.006,73.9,77.7,5.09,0.3771,0.3813,0.00083,0,2,17.6,55.9,0,low
UT120473,Uttar Pradesh,12,29.98524,77.80837,1290,2.9568,4.8162,1.8594,60.83,-0.2644,-0.2156,0.0487,34.9,54.6,55.07,0.5239,0.5973,0.01468,1,0,23.6,57.7,1,medium
UT180474,Uttar Pradesh,18,30.44207,78.02414,544,0.8057,0.7463,-0.0594,-6.56,0.0776,0.0773,-0.0003,168.2,168.1,-0.07,0.2045,0.1696,-0.00699,1,0,43.9,79.3,0,low
UT270475,Uttar Pradesh,27,28.80057,80.64308,1501,5.737,13.7148,7.9778,136.68,-0.1162,0.0243,0.1406,109.7,161.5,46.82,0.2947,0.4967,0.0404,1,2,9.9,28.8,1,high
UT230476,Uttar Pradesh,23,25.77338,84.43469,1037,0.7971,1.1601,0.363,40.46,-0.0461,-0.0373,0.0088,116.7,123.1,5.41,0.4326,0.4378,0.00103,1,0,53.2,97.0,1,low
UT170477,Uttar Pradesh,17,26.87858,77.62527,340,0.4825,0.9349,0.4524,77.67,0.097,0.0977,0.0007,138.6,138.9,0.23,0.5582,0.5933,0.00702,1,0,57.1,96.0,1,low
UT010478,Uttar Pradesh,1,30.42471,84.47711,2526,6.6742,9.4387,2.7644,40.81,-0.0099,0.0894,0.0994,105.4,135.8,28.56,0.3567,0.5579,0.04024,1,2,15.0,36.7,1,high
UT150479,Uttar Pradesh,15,27.2181,80.28269,310,0.593,0.5822,-0.0108,-1.56,0.1712,0.1908,0.0195,67.6,80.7,18.99,0.4481,0.4413,-0.00136,0,0,23.8,57.3,1,low
UT130480,Uttar Pradesh,13,28.16567,84.32472,4426,2.6716,4.1506,1.4791,53.36,-0.2106,-0.1566,0.0541,39.7,63.4,58.29,0.5301,0.6617,0.02631,0,0,28.1,39.0,1,medium
UT050481,Uttar Pradesh,5,28.04676,84.52551,954,2.3465,3.2638,0.9173,37.49,-0.1175,-0.0815,0.036,97.5,110.6,13.28,0.2835,0.3177,0.00684,0,0,23.0,44.0,1,medium
UT070482,Uttar Pradesh,7,30.46454,80.36207,519,1.3663,1.7556,0.3894,26.56,-0.2678,-0.2717,-0.004,55.2,52.6,-4.68,0.3386,0.3412,0.00051,0,2,36.2,60.7,0,low
UT020483,Uttar Pradesh,2,28.49538,78.85718,3799,3.7439,4.193,0.4491,11.68,0.1283,0.1407,0.0123,164.3,168.2,2.36,0.6609,0.7167,0.01116,1,0,12.1,46.8,0,medium
UT080484,Uttar Pradesh,8,29.58401,80.55706,1383,0.9086,1.0456,0.137,13.58,-0.1386,-0.1247,0.0139,45.2,50.1,10.55,0.5686,0.6017,0.00663,0,1,60.0,64.1,0,low
UT010485,Uttar Pradesh,1,29.18261,82.11467,3212,7.544,10.1754,2.6313,34.42,0.0139,0.0841,0.0702,53.3,71.3,33.1,0.5151,0.6797,0.03291,1,2,17.1,39.1,1,high
UT210486,Uttar Pradesh,21,30.24956,81.06117,2265,0.4218,0.7876,0.3657,70.09,-0.144,-0.1264,0.0176,33.4,38.2,13.86,0.3296,0.276,-0.01073,0,0,44.2,58.7,1,low
UT190487,Uttar Pradesh,19,29.75158,78.87833,429,0.6701,0.7951,0.125,16.23,0.0752,0.0653,-0.01,44.4,40.1,-9.54,0.5034,0.4713,-0.00642,0,1,34.9,62.1,1,low
UT280488,Uttar Pradesh,28,24.83301,83.12359,1949,10.3237,22.0203,11.6966,112.21,-0.1574,0.0135,0.1709,72.0,168.9,132.77,0.5815,0.7543,0.03457,1,2,15.0,14.0,1,high
UT070489,Uttar Pradesh,7,30.2898,80.23497,4589,2.7055,4.0725,1.3669,48.72,-0.0259,-0.0115,0.0144,93.8,100.7,7.31,0.6504,0.7737,0.02466,1,0,29.0,39.2,0,medium
UT230490,Uttar Pradesh,23,26.15153,82.41592,686,1.1147,1.6065,0.4918,40.49,0.1514,0.1485,-0.003,88.7,86.6,-2.39,0.5328,0.4399,-0.01859,0,0,26.9,95.7,0,low
UT140491,Uttar Pradesh,14,27.41074,83.58877,573,2.3426,3.8362,1.4936,61.15,-0.0703,-0.0446,0.0257,99.9,107.8,7.83,0.6145,0.6425,0.00559,1,1,24.2,30.5,0,medium
UT170492,Uttar Pradesh,17,26.11346,81.80863,256,0.5038,0.7561,0.2524,41.8,0.0352,0.0335,-0.0017,128.4,127.9,-0.39,0.6742,0.6556,-0.00371,0,0,21.9,93.2,0,low
UT110493,Uttar Pradesh,11,24.18583,77.50165,1307,0.9985,1.1926,0.1941,17.67,-0.2291,-0.2183,0.0107,78.6,85.5,8.62,0.5935,0.5871,-0.00129,1,2,20.5,99.9,0,low
UT130494,Uttar Pradesh,13,30.1557,82.19639,1006,0.7134,1.1555,0.4421,54.35,0.0836,0.1033,0.0197,141.1,155.1,9.87,0.2144,0.1144,-0.02,1,1,35.1,79.1,1,low
UT290495,Uttar Pradesh,29,26.2942,79.56186,601,1.1089,1.598,0.4891,40.45,-0.1561,-0.1652,-0.0091,64.8,58.6,-9.3,0.631,0.6234,-0.00151,1,2,29.8,56.1,1,low
UT150496,Uttar Pradesh,15,25.91702,78.01589,637,0.8291,1.1923,0.3632,39.09,-0.0047,0.0074,0.0121,66.9,75.8,12.96,0.2927,0.2987,0.00121,0,2,52.3,59.0,1,low
UT120497,Uttar Pradesh,12,24.98599,79.9584,290,0.9832,1.4638,0.4807,44.38,0.046,0.0627,0.0167,103.9,115.0,10.6,0.4136,0.377,-0.00733,1,2,26.4,58.8,1,low
UT290498,Uttar Pradesh,29,29.84098,82.14764,1010,7.9462,15.1395,7.1933,89.4,-0.1435,-0.0504,0.0932,80.4,115.7,43.42,0.5636,0.7126,0.0298,1,2,2.5,33.6,0,high
UT090499,Uttar Pradesh,9,26.6223,84.34397,260,9.2418,12.1748,2.933,31.4,-0.0813,0.0596,0.1409,39.9,137.7,239.12,0.6547,0.8143,0.0319,1,2,13.7,20.7,1,high
UT070500,Uttar Pradesh,7,28.19305,81.39144,1603,3.3164,4.9462,1.6299,47.71,-0.2442,-0.1868,0.0574,66.1,87.6,31.94,0.4154,0.4392,0.00477,1,1,27.8,53.0,0,medium
UT170501,Uttar Pradesh,17,26.57186,79.25299,524,0.9612,1.4037,0.4424,41.69,0.0396,0.0324,-0.0071,93.4,88.1,-5.62,0.2284,0.2361,0.00153,1,1,34.3,93.3,0,low
UT200502,Uttar Pradesh,20,25.37726,81.07643,1032,1.0765,1.0248,-0.0517,-4.39,-0.1781,-0.1804,-0.0023,72.6,71.7,-1.22,0.4615,0.414,-0.0095,0,2,18.8,91.5,0,low
UT080503,Uttar Pradesh,8,29.5812,78.19191,461,3.1833,3.7262,0.5429,16.54,0.0606,0.0745,0.0139,78.4,81.9,4.45,0.315,0.3332,0.00364,1,2,10.9,52.2,1,medium
UT100504,Uttar Pradesh,10,30.01481,77.19335,453,3.8934,5.6143,1.7208,43.09,0.1908,0.2494,0.0586,53.0,89.4,67.4,0.336,0.4831,0.02942,1,0,19.1,56.2,0,medium
UT100505,Uttar Pradesh,10,27.16533,79.98638,312,0.4137,0.8254,0.4117,80.14,-0.1923,-0.1774,0.0149,30.4,40.8,33.02,0.5962,0.6089,0.00253,0,0,19.9,62.2,0,low
UT130506,Uttar Pradesh,13,28.0612,80.80536,1998,8.0868,17.5207,9.4339,115.23,0.0729,0.133,0.06,144.7,184.4,27.27,0.5391,0.8185,0.05588,1,2,10.3,19.4,1,high
UT290507,Uttar Pradesh,29,27.2044,84.13256,1445,2.7781,4.2946,1.5165,52.69,-0.1655,-0.1422,0.0233,40.0,47.3,17.9,0.3166,0.3849,0.01366,1,1,24.2,48.3,1,medium
UT220508,Uttar Pradesh,22,29.38823,79.06553,1357,7.819,10.0169,2.198,27.76,0.0437,0.1667,0.123,130.3,212.2,62.37,0.5231,0.6507,0.02552,1,2,2.4,29.3,1,high
UT090509,Uttar Pradesh,9,26.15795,83.8209,1197,2.0574,3.6377,1.5802,73.25,-0.1521,-0.1169,0.0352,39.8,61.5,53.14,0.3809,0.4307,0.00996,1,2,8.4,69.8,1,medium
UT150510,Uttar Pradesh,15,27.01109,78.11625,450,3.196,4.6008,1.4048,42.62,-0.0232,0.013,0.0362,40.5,56.2,37.89,0.3054,0.3405,0.00702,1,1,17.2,65.3,1,medium
UT020511,Uttar Pradesh,2,25.52703,84.44778,200,0.6084,0.9435,0.3352,47.32,0.129,0.1269,-0.0021,105.8,105.0,-0.78,0.5122,0.4663,-0.00917,1,0,50.3,92.1,0,low
UT210512,Uttar Pradesh,21,28.14707,79.14645,2413,8.2444,18.8396,10.5953,126.98,-0.0045,0.1718,0.1762,94.0,194.4,105.6,0.4882,0.7171,0.04578,1,2,2.5,23.9,0,high
UT180513,Uttar Pradesh,18,29.53886,82.55132,1551,2.0891,2.4145,0.3254,14.86,0.1066,0.1242,0.0176,108.8,115.4,5.97,0.4557,0.4873,0.00633,1,0,28.9,42.8,0,medium
UT140514,Uttar Pradesh,14,28.2221,80.04886,200,0.7752,1.0175,0.2423,27.69,-0.1642,-0.1698,-0.0056,51.0,48.0,-5.75,0.2267,0.2032,-0.00471,0,0,39.2,77.2,0,low
UT070515,Uttar Pradesh,7,26.9587,82.88855,767,0.6681,0.6999,0.0318,4.15,-0.0481,-0.0387,0.0094,56.5,62.7,10.64,0.6467,0.6207,-0.00521,1,1,54.0,70.1,1,low
UT010516,Uttar Pradesh,1,26.26283,81.72683,2836,0.6874,0.7919,0.1045,13.28,-0.2239,-0.2325,-0.0087,41.8,39.1,-6.31,0.5228,0.5723,0.0099,1,0,51.7,65.9,1,low
UT240517,Uttar Pradesh,24,24.00649,83.11263,758,2.929,3.7562,0.8273,27.31,-0.1723,-0.162,0.0103,69.9,73.4,5.0,0.6718,0.6756,0.00076,0,1,29.1,69.5,0,medium
UT030518,Uttar Pradesh,3,24.71615,80.39214,1007,5.638,8.9733,3.3353,58.13,-0.1841,-0.1169,0.0672,76.1,121.7,59.06,0.5257,0.7578,0.0464,1,2,4.2,43.9,1,high
UT090519,Uttar Pradesh,9,25.52353,77.78993,1499,0.7985,0.9925,0.1941,21.6,-0.2568,-0.2447,0.0121,49.5,57.1,14.96,0.576,0.4994,-0.01533,0,0,24.2,86.5,1,low
UT220520,Uttar Pradesh,22,24.50952,77.15781,707,0.6306,0.8941,0.2635,36.07,0.0992,0.1125,0.0133,154.1,158.6,2.93,0.3449,0.2725,-0.01448,1,2,41.5,73.2,1,low
UT140521,Uttar Pradesh,14,27.79612,78.11086,580,0.629,1.1234,0.4944,67.82,-0.1711,-0.1799,-0.0088,85.4,81.6,-4.4,0.3867,0.4035,0.00338,1,0,44.4,69.9,0,low
UT060522,Uttar Pradesh,6,28.44158,80.67929,1063,8.1973,14.0038,5.8065,69.98,-0.2682,-0.165,0.1032,54.9,91.2,65.0,0.5232,0.7433,0.04402,1,2,3.2,14.2,1,high
UT210523,Uttar Pradesh,21,25.34989,81.09867,415,2.4024,3.2615,0.8591,34.33,-0.2137,-0.1806,0.0332,68.6,79.8,16.08,0.3183,0.3626,0.00885,1,1,26.5,33.2,1,medium
UT030524,Uttar Pradesh,3,27.20974,79.36375,1887,2.3974,3.8457,1.4484,58.0,-0.1246,-0.1144,0.0102,49.8,52.6,5.59,0.6555,0.7194,0.01278,1,2,18.0,57.6,0,medium
UT230525,Uttar Pradesh,23,27.41119,81.53219,1398,1.0072,1.029,0.0218,1.97,0.1733,0.1654,-0.0078,88.0,83.0,-5.6,0.5134,0.4162,-0.01946,0,0,49.9,91.3,0,low
UT130526,Uttar Pradesh,13,26.11115,84.08355,2901,0.9981,1.3308,0.3326,30.29,-0.1838,-0.1924,-0.0085,68.2,62.6,-8.01,0.3749,0.3459,-0.0058,0,2,41.2,64.1,1,low
UT080527,Uttar Pradesh,8,29.9279,82.83812,793,0.6951,0.9874,0.2924,36.77,-0.2588,-0.2581,0.0007,27.5,27.7,0.75,0.3832,0.3572,-0.0052,1,1,48.6,62.0,1,low
UT180528,Uttar Pradesh,18,25.41144,77.80988,1302,1.0603,1.5382,0.4778,41.18,-0.2039,-0.2084,-0.0046,28.4,26.6,-5.92,0.243,0.184,-0.01179,0,1,56.4,94.8,0,low
UT030529,Uttar Pradesh,3,25.83209,84.53385,2192,3.1562,3.9313,0.7752,23.81,-0.059,-0.0229,0.0361,93.0,113.0,21.23,0.264,0.3799,0.02319,1,2,9.9,55.0,1,medium
UT130530,Uttar Pradesh,13,29.64574,77.15323,1164,1.949,3.1565,1.2075,58.93,-0.1522,-0.1088,0.0434,100.3,120.4,19.83,0.3713,0.4924,0.02423,0,2,29.9,38.5,0,medium
UT290531,Uttar Pradesh,29,26.54872,77.53013,3294,7.9311,15.9218,7.9907,99.5,-0.1791,-0.0867,0.0924,72.6,120.3,64.69,0.3927,0.5365,0.02875,1,1,5.8,17.1,1,high
UT090532,Uttar Pradesh,9,26.03903,78.48742,2803,7.3794,19.327,11.9476,159.74,0.1016,0.2693,0.1677,176.8,283.9,60.2,0.2975,0.4611,0.03272,1,1,16.1,34.2,1,high
UT290533,Uttar Pradesh,29,27.0706,78.52512,200,0.5798,0.7796,0.1997,29.38,0.0639,0.0662,0.0023,95.8,97.0,1.3,0.6736,0.6026,-0.01421,0,0,44.3,92.4,0,low
UT150534,Uttar Pradesh,15,26.32277,82.2883,1924,3.1545,4.1211,0.9666,29.7,-0.0359,0.0213,0.0571,121.6,141.4,16.1,0.3668,0.5026,0.02716,1,2,26.6,38.7,1,medium
UT270535,Uttar Pradesh,27,30.36871,79.80082,1261,6.9004,15.6478,8.7474,124.96,0.0915,0.2005,0.1091,151.8,203.9,34.13,0.6234,0.7324,0.02182,1,2,12.7,27.4,0,high
UT150536,Uttar Pradesh,15,24.33385,81.62189,832,2.8874,4.0946,1.2072,40.41,0.0985,0.1116,0.013,110.5,114.7,3.77,0.6339,0.7513,0.02349,0,1,16.1,61.4,1,medium
UT120537,Uttar Pradesh,12,24.45523,81.06994,949,0.5475,0.95,0.4025,62.16,-0.1463,-0.1331,0.0132,100.3,106.2,5.75,0.2759,0.2029,-0.01461,0,0,28.7,93.4,0,low
UT230538,Uttar Pradesh,23,27.85989,83.99387,708,0.4055,0.6635,0.2581,51.06,-0.136,-0.1338,0.0021,109.0,110.4,1.25,0.3368,0.2765,-0.01207,0,1,53.8,73.9,0,low
UT210539,Uttar Pradesh,21,29.55481,77.61681,1090,1.1531,1.5916,0.4385,34.99,0.1952,0.1986,0.0034,103.9,105.6,1.63,0.3922,0.3126,-0.01591,1,1,46.4,78.4,1,low
UT210540,Uttar Pradesh,21,27.06319,77.01391,1080,9.2494,21.0618,11.8124,126.34,-0.1591,0.0044,0.1635,69.2,141.5,103.13,0.2564,0.413,0.03132,1,2,6.0,21.3,1,high
UT230541,Uttar Pradesh,23,26.80751,81.2316,705,2.7949,3.5477,0.7528,26.01,-0.1201,-0.108,0.0121,43.8,50.7,15.5,0.6235,0.7102,0.01733,0,2,24.9,38.4,0,medium
UT250542,Uttar Pradesh,25,28.28754,79.50897,407,0.8479,1.0487,0.2008,21.18,0.097,0.1154,0.0184,99.3,111.4,12.03,0.4976,0.4797,-0.00356,1,0,36.1,82.4,0,low
UT160543,Uttar Pradesh,16,24.95682,80.86704,779,2.3982,3.1286,0.7304,29.24,0.1322,0.165,0.0329,172.8,191.8,10.94,0.3478,0.48,0.02645,1,2,28.4,56.6,1,medium
UT160544,Uttar Pradesh,16,26.93185,77.88879,3430,3.1205,4.6983,1.5777,48.99,-0.1852,-0.171,0.0142,65.8,74.5,13.02,0.6804,0.6842,0.00076,1,1,22.2,40.0,1,medium
UT150545,Uttar Pradesh,15,25.8863,82.85293,347,1.0584,1.048,-0.0104,-0.9,-0.034,-0.0353,-0.0013,72.2,71.4,-1.11,0.2893,0.2052,-0.01682,1,0,15.1,56.6,1,low
UT120546,Uttar Pradesh,12,25.59852,78.41536,1479,0.5872,0.5669,-0.0202,-2.94,-0.0293,-0.0155,0.0138,107.4,113.2,5.35,0.381,0.3281,-0.01057,0,1,37.4,65.1,1,low
UT100547,Uttar Pradesh,10,29.59521,80.728,911,3.1387,4.9983,1.8596,57.42,-0.1835,-0.1654,0.0181,89.5,100.1,11.73,0.2978,0.3357,0.00757,1,2,20.6,54.3,1,medium
UT030548,Uttar Pradesh,3,24.51963,79.88202,510,1.4978,1.8869,0.3891,24.36,0.0003,-0.0057,-0.006,77.0,73.0,-5.23,0.2466,0.1967,-0.00997,0,0,46.3,71.8,0,low
UT030549,Uttar Pradesh,3,25.4052,79.356,1919,3.6519,4.8405,1.1886,31.68,-0.263,-0.2207,0.0423,51.4,74.6,44.29,0.2324,0.2911,0.01173,1,2,26.6,42.6,1,medium
UT070550,Uttar Pradesh,7,25.86709,78.17706,666,0.6055,1.0492,0.4438,62.9,0.0874,0.0908,0.0035,117.0,118.3,1.11,0.4178,0.3953,-0.00451,0,0,58.1,94.3,0,low
UT130551,Uttar Pradesh,13,27.46906,80.43942,1227,2.3035,3.8443,1.5407,64.1,0.0272,0.0822,0.0551,120.8,134.8,11.55,0.6232,0.6262,0.00061,0,1,14.5,47.9,1,medium
UT260552,Uttar Pradesh,26,24.32684,80.07281,854,2.0898,2.2097,0.1198,5.47,0.1686,0.1854,0.0168,163.7,173.7,6.07,0.2666,0.2419,-0.00494,1,1,50.2,85.9,1,low
UT220553,Uttar Pradesh,22,24.01788,79.77932,3789,1.021,0.9717,-0.0493,-4.4,-0.1591,-0.1687,-0.0095,88.2,83.6,-5.16,0.6592,0.6776,0.00367,0,0,53.3,79.0,1,low
UT010554,Uttar Pradesh,1,24.88108,78.10257,562,3.5148,4.9767,1.4619,40.44,0.199,0.2556,0.0566,198.4,222.0,11.86,0.5803,0.6772,0.01938,1,2,14.2,66.5,1,medium
UT210555,Uttar Pradesh,21,24.44594,79.79952,2713,1.0184,1.1433,0.1249,11.17,-0.2647,-0.2696,-0.0048,20.0,17.1,-13.74,0.6095,0.6426,0.00662,0,1,32.2,75.6,0,low
UT290556,Uttar Pradesh,29,24.67261,80.52338,1018,1.2117,1.6442,0.4325,32.97,-0.2758,-0.2772,-0.0015,48.8,47.9,-1.81,0.2095,0.1253,-0.01685,0,1,48.1,63.2,1,low
UT200557,Uttar Pradesh,20,26.16954,83.49591,676,0.792,1.2327,0.4407,49.41,-0.0725,-0.0592,0.0134,116.4,120.0,3.02,0.6862,0.687,0.00016,1,0,29.2,69.9,1,low
UT100558,Uttar Pradesh,10,26.40336,77.9378,810,3.0983,4.1272,1.0289,32.17,-0.0594,-0.0458,0.0137,87.7,97.6,11.15,0.2374,0.2609,0.0047,1,1,10.7,58.5,0,medium
UT050559,Uttar Pradesh,5,26.00867,83.415,848,3.3963,4.8206,1.4243,40.74,0.1961,0.2381,0.0419,52.4,83.3,58.0,0.3796,0.4013,0.00435,0,0,27.1,69.0,1,medium
UT160560,Uttar Pradesh,16,28.57804,80.07143,856,2.3916,2.9175,0.5259,21.11,-0.2789,-0.2568,0.0222,28.8,41.6,42.98,0.2306,0.3675,0.02739,1,2,22.7,38.0,1,medium
UT280561,Uttar Pradesh,28,24.87811,82.04373,755,0.6079,0.9501,0.3422,48.33,-0.2933,-0.2734,0.02,28.7,39.8,37.59,0.2688,0.1744,-0.01888,0,0,22.9,67.0,0,low
UT180562,Uttar Pradesh,18,29.8169,78.40831,1090,0.6489,0.911,0.2621,35.0,0.0869,0.1062,0.0192,166.6,178.0,6.8,0.5406,0.4741,-0.01329,1,0,21.1,75.6,0,low
UT290563,Uttar Pradesh,29,24.32031,82.34874,780,0.9788,1.3039,0.325,30.13,-0.1728,-0.1556,0.0172,96.9,108.6,11.98,0.586,0.5271,-0.01178,1,0,44.9,73.4,1,low
UT290564,Uttar Pradesh,29,27.41039,79.00186,495,0.8759,0.8424,-0.0335,-3.43,0.1528,0.1689,0.0162,174.0,183.5,5.44,0.3253,0.3684,0.00862,0,0,47.6,55.5,1,low
UT220565,Uttar Pradesh,22,25.06198,82.99581,664,0.7938,1.0028,0.209,23.38,-0.2137,-0.2012,0.0125,81.6,87.8,7.5,0.5144,0.5108,-0.00073,1,1,19.1,76.5,0,low
UT260566,Uttar Pradesh,26,29.1298,82.90144,2267,0.7239,0.681,-0.0428,-5.2,-0.1448,-0.1449,-0.0001,48.7,48.6,-0.09,0.4072,0.3722,-0.00699,1,0,20.6,79.9,0,low
UT210567,Uttar Pradesh,21,24.87796,79.39307,1219,0.7107,1.0054,0.2947,36.35,-0.2835,-0.2723,0.0113,25.4,29.6,15.95,0.6549,0.5569,-0.01959,0,1,35.4,57.8,0,low
UT050568,Uttar Pradesh,5,27.67268,78.13469,734,7.5709,12.8819,5.3109,69.23,-0.128,-0.0342,0.0938,73.8,133.5,79.9,0.5372,0.8053,0.05361,1,2,4.7,29.8,1,high
UT040569,Uttar Pradesh,4,29.4476,83.32978,724,0.6613,0.7454,0.0842,11.06,0.19,0.1874,-0.0026,199.5,198.1,-0.69,0.6804,0.7142,0.00677,0,1,21.3,61.6,0,low
UT160570,Uttar Pradesh,16,29.52309,83.59185,1716,0.5411,0.7678,0.2267,35.37,-0.205,-0.2007,0.0043,56.5,58.7,3.69,0.3502,0.3859,0.00714,0,0,16.5,84.8,1,low
UT290571,Uttar Pradesh,29,28.73766,80.24639,1056,3.5869,4.4986,0.9117,24.73,0.1907,0.2029,0.0123,80.0,89.1,11.31,0.2695,0.3692,0.01996,0,2,15.1,47.1,0,medium
UT240572,Uttar Pradesh,24,28.52724,77.85601,427,1.0768,1.3917,0.3149,26.76,-0.2703,-0.2554,0.0149,48.3,55.6,14.86,0.2993,0.2204,-0.01578,0,0,42.1,91.0,1,low
UT130573,Uttar Pradesh,13,24.78237,83.91555,1763,3.2046,4.8299,1.6253,49.18,-0.1142,-0.0657,0.0485,115.4,133.4,15.44,0.6502,0.7567,0.02129,1,0,21.7,58.3,1,medium
UT160574,Uttar Pradesh,16,29.06357,82.84901,2147,3.4398,4.6962,1.2564,35.49,-0.2912,-0.2488,0.0424,24.3,47.7,92.6,0.2283,0.3114,0.01662,1,2,24.0,63.5,0,medium
UT230575,Uttar Pradesh,23,29.15458,79.3981,1985,10.6336,14.1594,3.5257,32.85,0.0793,0.1445,0.0652,151.8,190.1,25.05,0.2034,0.4216,0.04363,1,1,5.4,15.6,1,high
UT220576,Uttar Pradesh,22,27.87673,80.36125,1346,0.8635,0.8948,0.0313,3.25,-0.0553,-0.065,-0.0097,49.2,45.2,-8.13,0.2803,0.2953,0.003,1,0,45.1,95.1,0,low
UT060577,Uttar Pradesh,6,25.93031,84.0657,5195,9.68,19.3512,9.6711,98.89,-0.1096,-0.042,0.0676,61.3,81.9,33.03,0.5006,0.7528,0.05045,1,0,17.6,35.3,1,high
UT040578,Uttar Pradesh,4,25.8773,82.97469,941,0.5762,0.9794,0.4031,59.62,0.1848,0.1912,0.0064,152.7,155.0,1.52,0.2525,0.1566,-0.01918,1,0,26.7,88.8,0,low
UT040579,Uttar Pradesh,4,30.48377,82.88783,200,0.6307,1.122,0.4913,67.24,-0.2939,-0.2883,0.0056,23.9,25.4,5.88,0.3774,0.4151,0.00755,1,1,45.1,92.6,0,low
UT210580,Uttar Pradesh,21,29.76426,78.22424,200,0.4639,0.4523,-0.0116,-2.05,-0.1864,-0.1864,-0.0,63.7,63.6,-0.01,0.4975,0.5473,0.00996,1,0,44.7,69.5,1,low
UT130581,Uttar Pradesh,13,29.03659,83.4936,1177,7.0276,10.1381,3.1106,43.64,-0.1552,0.0118,0.167,56.0,151.3,167.24,0.3391,0.4838,0.02894,1,2,6.1,38.8,1,high
UT110582,Uttar Pradesh,11,30.45001,82.62699,1621,1.2874,1.5638,0.2764,19.92,0.0274,0.0384,0.011,152.5,155.5,2.01,0.6919,0.7205,0.00573,0,0,53.7,84.4,1,low
UT170583,Uttar Pradesh,17,26.85416,82.55781,1018,0.8415,1.2483,0.4068,43.2,-0.2498,-0.2314,0.0183,23.8,30.1,25.09,0.6876,0.6196,-0.0136,1,0,42.7,64.8,0,low
UT030584,Uttar Pradesh,3,26.4637,77.46088,874,3.3796,3.9705,0.5909,16.98,0.0408,0.1001,0.0593,92.7,114.6,23.37,0.5152,0.6602,0.02899,1,2,22.1,39.8,0,medium
UT240585,Uttar Pradesh,24,29.94815,79.97972,200,1.4039,1.8367,0.4328,28.78,-0.1792,-0.1641,0.0152,55.7,63.1,12.93,0.4273,0.4623,0.007,1,1,37.7,74.5,1,low
UT030586,Uttar Pradesh,3,27.73605,82.32607,1311,0.5994,0.8167,0.2173,31.07,-0.2723,-0.2646,0.0078,65.4,70.1,7.08,0.4609,0.3851,-0.01515,1,0,22.3,58.4,0,low
UT170587,Uttar Pradesh,17,27.81541,80.49548,918,0.5006,0.5014,0.0008,0.13,0.0611,0.0535,-0.0076,80.0,75.9,-5.06,0.6701,0.678,0.00158,0,2,19.7,69.8,1,low
UT100588,Uttar Pradesh,10,25.69903,80.14282,1169,0.8106,1.1419,0.3313,36.38,0.1053,0.0992,-0.0061,96.5,94.8,-1.77,0.4611,0.4591,-0.00041,1,2,29.3,92.7,1,low
UT090589,Uttar Pradesh,9,29.45962,77.66379,595,0.5191,0.602,0.0829,13.39,-0.238,-0.2477,-0.0097,44.3,41.2,-6.7,0.3858,0.3743,-0.0023,1,1,39.2,57.1,0,low
UT100590,Uttar Pradesh,10,25.99971,79.12234,1158,0.5233,0.7447,0.2215,35.53,-0.1877,-0.1961,-0.0084,47.4,45.1,-4.75,0.6328,0.5583,-0.01491,0,0,56.5,63.3,1,low
UT060591,Uttar Pradesh,6,24.53186,77.95735,854,2.9111,3.9782,1.0671,35.44,-0.0622,-0.037,0.0251,64.6,76.3,17.82,0.4397,0.4478,0.0016,1,1,8.3,39.2,1,medium
UT250592,Uttar Pradesh,25,25.09123,78.54876,3379,0.6461,1.0366,0.3905,52.33,0.0545,0.0681,0.0136,144.0,153.3,6.36,0.2143,0.2552,0.00817,1,1,49.3,62.3,0,low
UT140593,Uttar Pradesh,14,27.99941,84.09393,1893,0.7016,0.7533,0.0518,6.46,0.1022,0.1141,0.0119,161.1,167.5,3.92,0.6066,0.5798,-0.00537,0,2,29.6,63.0,0,low
UT160594,Uttar Pradesh,16,29.22153,79.99559,354,2.8922,3.4009,0.5087,17.0,0.1925,0.2387,0.0461,153.6,169.9,10.51,0.4352,0.4645,0.00586,1,0,11.8,69.2,0,medium
UT160595,Uttar Pradesh,16,26.86075,79.14322,435,1.2126,1.1684,-0.0442,-3.37,0.0093,0.0014,-0.0079,106.9,102.9,-3.77,0.4307,0.4747,0.00879,1,0,27.7,61.6,0,low
UT230596,Uttar Pradesh,23,24.09316,84.30116,1177,2.1333,2.8461,0.7128,31.92,-0.2945,-0.2593,0.0352,23.0,40.5,73.14,0.4058,0.4072,0.00028,0,1,22.3,51.1,0,medium
UT290597,Uttar Pradesh,29,28.18596,77.69636,3133,0.6473,0.9157,0.2684,35.92,-0.0341,-0.0286,0.0055,40.5,44.4,9.26,0.5626,0.612,0.00988,1,1,22.9,88.7,1,low
UT090598,Uttar Pradesh,9,30.09693,81.9652,397,0.5671,0.6337,0.0666,9.98,-0.2099,-0.192,0.0179,24.7,34.4,37.79,0.3114,0.3555,0.00881,1,2,36.2,85.6,1,low
UT050599,Uttar Pradesh,5,28.54076,83.7394,548,1.7249,2.1963,0.4714,25.83,-0.2452,-0.2478,-0.0026,54.7,53.2,-2.69,0.5909,0.5183,-0.01452,0,0,50.4,75.5,0,low
UT140600,Uttar Pradesh,14,28.25049,82.78109,200,0.7653,0.9847,0.2194,25.36,-0.0132,0.0067,0.0199,106.1,115.8,9.11,0.5604,0.6011,0.00815,1,0,34.2,98.2,1,low
UT060601,Uttar Pradesh,6,30.00477,83.45027,636,0.3842,0.5468,0.1625,33.57,-0.0289,-0.019,0.0099,70.9,76.8,8.23,0.4369,0.4145,-0.00447,0,1,25.4,99.8,1,low
UT050602,Uttar Pradesh,5,27.96387,81.40674,986,1.6885,1.6344,-0.0541,-3.03,-0.0533,-0.0628,-0.0095,89.2,83.2,-6.68,0.5432,0.5283,-0.00299,1,1,19.2,81.6,0,low
UT280603,Uttar Pradesh,28,24.10231,84.35406,661,0.7274,0.7541,0.0267,3.23,-0.29,-0.2708,0.0192,36.3,41.7,14.41,0.4361,0.4136,-0.0045,0,0,38.2,93.2,1,low
UT120604,Uttar Pradesh,12,26.62812,80.72374,2799,0.7612,0.8736,0.1124,13.05,-0.1481,-0.1324,0.0157,60.8,70.1,15.12,0.6055,0.6082,0.00053,1,0,33.5,72.0,0,low
UT270605,Uttar Pradesh,27,27.26538,82.36618,4777,0.6407,0.5887,-0.0521,-7.03,-0.2526,-0.2509,0.0017,48.8,49.5,1.39,0.5532,0.5772,0.00479,0,0,48.2,62.6,1,low
UT090606,Uttar Pradesh,9,26.72518,83.74173,375,1.0937,1.5748,0.4811,40.31,0.1504,0.1447,-0.0058,116.5,112.3,-3.56,0.3666,0.3457,-0.00418,0,1,43.1,59.9,0,low
UT060607,Uttar Pradesh,6,27.06972,80.09958,771,0.8128,0.9731,0.1602,17.55,-0.1985,-0.2025,-0.0039,39.0,37.6,-3.41,0.5352,0.5283,-0.00138,0,2,57.0,57.6,0,low
UT100608,Uttar Pradesh,10,27.05176,81.28683,2032,0.8272,1.1764,0.3492,37.65,0.0105,0.0259,0.0154,128.0,134.9,5.36,0.392,0.3906,-0.00027,0,0,43.2,66.7,0,low
UT230609,Uttar Pradesh,23,25.52361,78.10906,1067,2.2682,3.1048,0.8366,35.33,0.0258,0.0675,0.0417,118.4,140.8,18.7,0.6234,0.7185,0.01902,1,1,13.3,67.7,1,medium
UT130610,Uttar Pradesh,13,25.56739,83.73885,283,0.6606,0.9709,0.3104,40.81,0.0167,0.0101,-0.0066,151.4,149.0,-1.59,0.6046,0.5577,-0.00939,0,1,42.1,74.2,0,low
UT210611,Uttar Pradesh,21,28.32766,77.50496,1600,2.5304,3.3688,0.8384,31.87,-0.1757,-0.152,0.0236,47.4,63.7,33.63,0.3987,0.4326,0.00678,1,1,27.8,40.0,0,medium
UT130612,Uttar Pradesh,13,29.01187,84.33208,929,2.7489,3.9646,1.2157,42.67,-0.2698,-0.2239,0.0459,59.1,76.9,29.62,0.5548,0.6642,0.02189,0,1,26.0,30.1,0,medium
UT160613,Uttar Pradesh,16,27.35403,82.5861,1259,0.9388,0.9118,-0.027,-2.6,-0.1875,-0.1888,-0.0013,91.5,90.6,-0.96,0.3029,0.319,0.00322,0,0,57.4,80.8,0,low
UT080614,Uttar Pradesh,8,26.23804,82.9819,600,3.2663,4.9976,1.7313,51.43,-0.1383,-0.1027,0.0356,102.8,124.9,21.34,0.3207,0.424,0.02066,1,0,15.4,35.8,1,medium
UT120615,Uttar Pradesh,12,27.28374,81.50608,1497,5.9754,8.9157,2.9403,48.4,-0.159,-0.0248,0.1342,96.4,130.3,34.78,0.5929,0.8509,0.05161,1,2,16.0,13.4,0,high
UT210616,Uttar Pradesh,21,28.48519,81.88173,1460,0.6037,0.8929,0.2892,41.1,0.085,0.0858,0.0008,45.5,45.8,0.72,0.2459,0.1941,-0.01036,1,0,23.2,95.5,0,low
UT210617,Uttar Pradesh,21,27.95053,82.93634,1535,0.9176,1.0337,0.1161,11.41,-0.2792,-0.2662,0.013,36.1,44.0,21.19,0.235,0.2743,0.00786,0,0,24.8,84.6,0,low
UT150618,Uttar Pradesh,15,30.37351,80.77086,267,3.0293,4.107,1.0777,34.44,-0.2211,-0.1995,0.0216,35.0,44.2,25.56,0.5643,0.5764,0.00244,1,2,18.8,40.3,0,medium
UT180619,Uttar Pradesh,18,26.74379,79.59691,1533,2.0975,2.4835,0.386,17.57,-0.0802,-0.0615,0.0187,87.6,99.4,13.27,0.3487,0.4929,0.02884,1,2,27.4,69.1,0,medium
UT270620,Uttar Pradesh,27,29.85903,79.2168,618,1.6902,1.6571,-0.0331,-1.85,0.0725,0.0661,-0.0065,114.1,109.7,-3.85,0.4555,0.3643,-0.01825,0,1,26.2,65.8,1,low
UT150621,Uttar Pradesh,15,29.48504,83.99723,1073,0.8743,1.0039,0.1296,13.31,0.0041,0.0008,-0.0032,89.3,87.1,-2.46,0.6274,0.6591,0.00634,1,1,40.1,95.0,0,low
UT090622,Uttar Pradesh,9,29.56319,77.81056,200,0.8205,1.1645,0.344,37.37,0.1778,0.1802,0.0024,128.9,129.5,0.51,0.487,0.5221,0.00702,0,0,40.2,59.3,1,low
UT170623,Uttar Pradesh,17,25.00789,81.10471,698,0.6529,0.7888,0.1359,18.06,0.0245,0.0443,0.0198,138.8,153.3,10.37,0.5563,0.5191,-0.00743,1,1,48.6,62.0,1,low
UT240624,Uttar Pradesh,24,30.32286,82.65367,2374,3.3739,5.1257,1.7518,50.43,-0.0551,-0.0243,0.0308,75.7,95.6,25.9,0.6024,0.6102,0.00154,0,2,22.8,32.6,0,medium
UT280625,Uttar Pradesh,28,30.16131,77.02871,985,0.5468,0.8382,0.2914,45.05,0.046,0.04,-0.006,44.4,42.1,-5.04,0.2662,0.2462,-0.00401,0,0,55.4,78.1,1,low
UT280626,Uttar Pradesh,28,28.6043,83.87006,5488,0.8789,1.2342,0.3554,36.3,-0.0845,-0.065,0.0195,81.1,93.9,15.68,0.4384,0.456,0.00352,1,2,31.5,77.5,1,low
UT050627,Uttar Pradesh,5,30.02726,77.70219,2476,2.8755,4.8641,1.9886,66.83,0.1639,0.1887,0.0248,60.4,70.6,16.74,0.52,0.6013,0.01627,1,1,22.9,32.7,0,medium
UT040628,Uttar Pradesh,4,25.93318,77.83663,524,0.7534,1.2017,0.4483,52.54,0.1833,0.185,0.0017,92.2,93.1,0.98,0.6896,0.6576,-0.00641,0,1,48.9,58.9,0,low
UT050629,Uttar Pradesh,5,27.91063,77.0444,845,0.5708,0.5819,0.0111,1.65,-0.26,-0.247,0.0129,55.2,60.2,8.82,0.2103,0.1424,-0.01358,0,0,55.1,75.1,0,low
UT010630,Uttar Pradesh,1,24.31591,81.76307,1006,3.4589,3.9392,0.4803,13.49,0.1149,0.1531,0.0382,160.2,181.0,12.9,0.5918,0.6877,0.01918,1,2,17.0,46.3,1,medium
UT030631,Uttar Pradesh,3,26.71687,84.25849,976,3.2791,4.4466,1.1675,34.55,-0.1566,-0.103,0.0536,101.3,141.4,39.15,0.4989,0.5324,0.00669,1,1,29.4,61.1,1,medium
UT170632,Uttar Pradesh,17,25.82692,84.04405,3863,0.8136,0.8743,0.0607,6.64,0.0086,0.0278,0.0192,151.6,160.5,5.83,0.2751,0.2045,-0.01412,0,0,34.3,58.6,1,low
UT130633,Uttar Pradesh,13,28.35962,80.11864,518,0.5169,0.5039,-0.013,-2.11,0.1442,0.1622,0.0179,74.9,87.5,16.55,0.4532,0.3633,-0.01799,0,0,25.6,93.7,0,low
UT270634,Uttar Pradesh,27,28.37381,78.80071,285,0.9213,0.8834,-0.0379,-3.71,-0.1188,-0.1059,0.0129,84.4,92.2,9.19,0.5938,0.6039,0.00201,0,0,49.6,94.8,0,low
UT140635,Uttar Pradesh,14,27.88077,82.58734,874,0.6393,1.1072,0.4679,63.29,0.0426,0.0568,0.0142,148.6,157.6,6.0,0.2171,0.2412,0.00482,1,0,28.2,85.8,0,low
UT070636,Uttar Pradesh,7,29.27406,83.32057,242,0.4597,0.5992,0.1395,24.93,-0.0387,-0.0285,0.0102,60.2,66.1,9.78,0.6051,0.6262,0.00421,1,2,46.4,68.3,0,low
UT050637,Uttar Pradesh,5,26.32788,78.96924,3775,0.4928,0.7528,0.26,43.87,-0.0846,-0.0746,0.0101,67.4,73.0,8.13,0.5285,0.5152,-0.00265,1,0,38.4,98.7,0,low
UT130638,Uttar Pradesh,13,25.47709,82.41042,1780,0.4483,0.8476,0.3993,72.81,0.0494,0.0608,0.0114,69.9,73.2,4.57,0.3901,0.4184,0.00565,1,0,17.0,83.5,0,low
UT010639,Uttar Pradesh,1,28.06822,82.57952,1015,0.7774,0.8212,0.0438,4.99,0.1377,0.1423,0.0046,144.8,146.4,1.14,0.6948,0.6748,-0.00399,0,2,18.3,84.5,0,low
UT140640,Uttar Pradesh,14,26.65868,78.48582,200,0.4031,0.7912,0.3881,77.13,-0.2406,-0.2278,0.0128,76.3,83.2,8.87,0.6534,0.6823,0.00577,0,1,29.4,59.0,0,low
UT080641,Uttar Pradesh,8,28.36043,80.01129,1565,0.6957,0.6828,-0.0129,-1.63,0.0275,0.0198,-0.0077,153.2,149.7,-2.31,0.3782,0.4279,0.00994,0,0,29.0,61.9,0,low
UT110642,Uttar Pradesh,11,28.23201,82.56475,1119,0.6338,0.9643,0.3305,45.04,-0.2608,-0.2492,0.0116,52.9,59.2,11.68,0.6507,0.5539,-0.01936,0,2,20.2,70.1,1,low
UT240643,Uttar Pradesh,24,29.93532,81.25474,312,0.593,0.9044,0.3114,44.93,-0.1604,-0.1654,-0.005,94.1,92.1,-2.12,0.4987,0.4382,-0.0121,1,0,39.4,58.3,0,low
UT180644,Uttar Pradesh,18,24.31183,84.34584,986,0.8692,1.1253,0.2562,26.43,-0.1874,-0.1925,-0.0051,26.4,24.8,-5.9,0.2531,0.2408,-0.00244,1,1,30.2,90.0,0,low
UT180645,Uttar Pradesh,18,27.87325,83.51408,3012,3.4402,4.0237,0.5835,16.48,-0.2109,-0.159,0.0519,27.4,61.5,119.87,0.6296,0.6721,0.0085,1,2,26.6,67.3,1,medium
UT070646,Uttar Pradesh,7,26.31339,77.7606,210,0.8017,0.8031,0.0014,0.15,0.0875,0.1057,0.0182,108.7,114.7,5.51,0.5344,0.537,0.00052,0,0,49.4,84.1,0,low
UT260647,Uttar Pradesh,26,28.65919,81.3935,1213,3.23,3.8674,0.6375,19.14,0.0346,0.0773,0.0426,44.1,74.3,66.85,0.6512,0.6555,0.00087,1,0,11.6,62.2,1,medium
UT070648,Uttar Pradesh,7,26.92861,80.62272,385,2.4955,3.5034,1.0079,38.83,-0.2189,-0.1837,0.0353,67.1,85.6,27.23,0.4387,0.559,0.02407,1,1,24.4,49.6,0,medium
UT110649,Uttar Pradesh,11,27.55094,80.26952,228,0.5606,0.462,-0.0987,-14.93,-0.2369,-0.2455,-0.0087,75.9,70.7,-6.76,0.3382,0.379,0.00817,0,2,55.0,88.6,0,low
UT240650,Uttar Pradesh,24,29.6455,82.87945,1025,1.0685,1.4061,0.3376,28.89,0.0201,0.0113,-0.0088,41.9,37.1,-11.07,0.6202,0.5772,-0.0086,1,0,25.4,78.9,1,low
UT160651,Uttar Pradesh,16,24.03697,78.04432,1332,1.2415,1.7047,0.4632,34.53,-0.121,-0.1183,0.0026,40.0,41.7,4.19,0.505,0.5521,0.00943,0,1,19.9,99.7,0,low
UT170652,Uttar Pradesh,17,26.80829,77.57407,1734,0.6253,0.6942,0.0689,9.5,-0.0049,-0.0135,-0.0086,40.5,37.9,-6.47,0.2695,0.1969,-0.01451,0,1,33.2,83.2,0,low
UT150653,Uttar Pradesh,15,27.79327,77.62167,2454,2.4143,3.964,1.5497,61.64,0.1297,0.1417,0.012,138.9,145.1,4.46,0.4714,0.5277,0.01127,0,1,28.9,55.6,0,medium
UT230654,Uttar Pradesh,23,26.20564,78.89313,1674,1.5497,1.5251,-0.0246,-1.49,0.1331,0.1406,0.0075,91.0,93.8,3.01,0.4441,0.3765,-0.01352,1,0,57.6,56.8,0,low
UT020655,Uttar Pradesh,2,28.0991,78.30356,464,0.885,1.1591,0.2742,27.84,-0.0795,-0.0739,0.0056,70.8,74.1,4.63,0.3338,0.2567,-0.01542,0,2,21.4,95.0,1,low
UT220656,Uttar Pradesh,22,24.88487,82.03343,9296,1.2249,1.3231,0.0982,7.41,-0.2791,-0.2739,0.0051,61.1,63.0,3.06,0.553,0.4983,-0.01093,1,2,48.0,77.3,0,low
UT180657,Uttar Pradesh,18,28.2211,79.10867,200,0.5053,0.9052,0.3999,66.06,-0.0427,-0.0255,0.0173,86.1,98.3,14.08,0.4092,0.4375,0.00564,1,0,19.4,91.5,0,low
UT230658,Uttar Pradesh,23,26.24271,82.6375,2577,3.4983,4.0321,0.5339,14.84,0.0125,0.0322,0.0197,69.6,82.5,18.24,0.5417,0.6392,0.0195,1,2,20.3,35.2,1,medium
UT150659,Uttar Pradesh,15,26.88856,84.4517,740,0.5216,0.693,0.1714,27.57,0.1256,0.1238,-0.0018,62.3,61.2,-1.72,0.2715,0.2717,3e-05,0,2,34.0,83.4,0,low
UT150660,Uttar Pradesh,15,26.48814,83.14689,368,0.5415,0.4819,-0.0595,-9.28,0.0054,0.0072,0.0018,63.3,64.1,1.29,0.5686,0.5279,-0.00814,1,1,43.7,90.2,1,low
UT090661,Uttar Pradesh,9,28.55101,84.33996,2580,9.0643,20.184,11.1198,121.34,-0.1835,-0.0797,0.1038,74.6,145.7,94.07,0.2913,0.5874,0.05922,1,2,12.8,30.9,1,high
UT200662,Uttar Pradesh,20,29.03368,79.79219,677,3.0797,4.1498,1.0701,33.65,-0.1636,-0.1492,0.0144,73.4,83.1,13.11,0.2477,0.3591,0.02228,1,0,18.3,53.2,1,medium
UT040663,Uttar Pradesh,4,24.26003,82.65506,1005,0.4955,0.991,0.4955,83.21,-0.0294,-0.0133,0.0161,50.1,59.4,18.26,0.5831,0.569,-0.00283,0,0,16.2,96.1,0,low
UT090664,Uttar Pradesh,9,27.1678,81.82142,3323,0.8471,0.8282,-0.0189,-1.99,-0.2742,-0.2737,0.0005,52.7,53.0,0.57,0.4636,0.4173,-0.00927,1,0,21.7,93.6,0,low
UT060665,Uttar Pradesh,6,27.92358,78.83698,365,0.5557,0.4764,-0.0793,-12.1,-0.2591,-0.2653,-0.0062,72.1,69.7,-3.19,0.4439,0.3794,-0.01291,0,0,48.3,75.5,0,low
UT210666,Uttar Pradesh,21,25.56062,81.23213,529,1.1132,1.2947,0.1815,14.96,0.0357,0.0391,0.0034,118.4,120.5,1.82,0.476,0.4018,-0.01484,1,0,52.0,85.7,1,low
UT030667,Uttar Pradesh,3,27.21467,77.31664,983,0.5716,0.6239,0.0523,7.79,-0.2678,-0.2512,0.0166,46.8,55.2,17.42,0.4456,0.4318,-0.00276,1,1,56.4,96.2,1,low
UT190668,Uttar Pradesh,19,24.60041,77.46173,2973,0.8494,0.7803,-0.0691,-7.28,-0.1311,-0.1398,-0.0087,83.4,80.9,-2.92,0.2271,0.215,-0.00241,1,0,28.1,96.0,1,low
UT070669,Uttar Pradesh,7,26.93068,82.26971,757,0.9169,1.1331,0.2162,21.26,-0.2219,-0.2303,-0.0084,60.7,56.4,-7.01,0.498,0.4688,-0.00584,0,1,34.3,80.3,0,low
UT290670,Uttar Pradesh,29,29.25309,79.80417,1632,0.4526,0.8024,0.3498,63.31,-0.1291,-0.1329,-0.0038,76.5,73.9,-3.37,0.2932,0.2817,-0.0023,0,1,20.9,84.0,0,low
UT250671,Uttar Pradesh,25,30.43035,83.97348,2270,2.8809,4.0377,1.1567,38.8,-0.1463,-0.0895,0.0567,68.1,107.4,56.82,0.6604,0.7029,0.0085,1,0,28.9,34.8,0,medium
UT130672,Uttar Pradesh,13,30.17478,78.16807,483,0.7755,1.2413,0.4658,53.21,0.0344,0.0309,-0.0035,94.3,92.3,-2.14,0.3334,0.2445,-0.01778,1,0,48.9,80.9,0,low
UT080673,Uttar Pradesh,8,30.49779,82.90203,445,0.9421,1.0562,0.114,10.94,0.1882,0.185,-0.0032,115.8,115.0,-0.71,0.3734,0.3944,0.0042,1,1,30.1,72.1,0,low
UT130674,Uttar Pradesh,13,26.09007,80.72152,357,0.8823,1.2276,0.3453,35.15,-0.1016,-0.106,-0.0043,59.1,57.4,-2.78,0.4264,0.4422,0.00316,1,0,45.2,89.0,1,low
UT250675,Uttar Pradesh,25,25.07024,79.69013,2829,9.468,14.398,4.93,51.53,-0.1688,-0.1145,0.0543,67.1,85.3,26.73,0.2702,0.4584,0.03764,1,2,10.8,19.8,0,high
UT210676,Uttar Pradesh,21,25.54091,82.92207,484,1.3444,1.6507,0.3063,21.2,0.0784,0.0736,-0.0049,45.9,44.4,-3.24,0.3228,0.267,-0.01116,0,1,48.3,97.1,1,low
UT220677,Uttar Pradesh,22,26.86444,84.16045,338,1.3529,1.5062,0.1534,10.56,0.1192,0.117,-0.0022,76.1,75.3,-1.05,0.3526,0.3545,0.00037,1,0,24.9,72.3,1,low
UT170678,Uttar Pradesh,17,26.69394,81.48773,1032,10.8145,14.675,3.8605,35.37,-0.2845,-0.2002,0.0843,43.4,82.2,87.43,0.5258,0.7965,0.05414,1,2,17.2,32.6,1,high
UT020679,Uttar Pradesh,2,28.24909,77.2533,674,3.123,3.7797,0.6568,20.38,0.1638,0.2189,0.0551,190.8,229.2,20.04,0.2016,0.2223,0.00412,1,0,24.7,40.2,1,medium
UT030680,Uttar Pradesh,3,30.32064,78.77078,2337,3.4763,4.627,1.1507,32.18,0.1773,0.1959,0.0186,53.9,63.7,17.91,0.6646,0.8135,0.02979,1,2,20.4,44.6,1,medium
UT020681,Uttar Pradesh,2,26.85926,82.13409,783,0.6301,1.0909,0.4608,63.12,-0.0829,-0.0721,0.0108,113.9,118.9,4.35,0.237,0.2164,-0.00412,1,0,41.0,57.2,1,low
UT190682,Uttar Pradesh,19,25.2053,84.28195,200,0.5772,0.707,0.1298,19.17,-0.2897,-0.2985,-0.0088,31.4,25.3,-18.75,0.3331,0.2924,-0.00813,1,1,41.4,66.9,0,low
UT150683,Uttar Pradesh,15,27.29267,79.68951,2471,2.5374,3.8818,1.3444,50.97,-0.2628,-0.2369,0.026,44.6,54.8,22.29,0.4222,0.5325,0.02206,0,0,21.3,62.8,0,medium
UT140684,Uttar Pradesh,14,24.59007,80.09611,2005,9.7363,16.2307,6.4944,66.02,-0.2252,-0.1682,0.057,28.4,60.0,107.43,0.5035,0.7583,0.05095,1,2,6.8,14.4,1,high
UT010685,Uttar Pradesh,1,24.95265,83.01841,1800,0.9524,0.9687,0.0163,1.55,-0.0881,-0.0818,0.0063,114.7,116.3,1.44,0.2702,0.1829,-0.01746,1,2,36.7,59.2,0,low
UT100686,Uttar Pradesh,10,29.29972,79.2562,940,1.0002,1.0573,0.0571,5.19,0.0975,0.1125,0.015,68.9,78.4,13.54,0.3244,0.2691,-0.01106,1,1,15.9,71.8,0,low
UT220687,Uttar Pradesh,22,30.26731,77.12435,2090,0.8497,1.0693,0.2196,23.12,0.0062,0.0007,-0.0055,77.9,76.2,-2.07,0.2799,0.2042,-0.01515,0,1,24.5,61.3,0,low
UT240688,Uttar Pradesh,24,27.59902,78.95752,941,2.7772,4.526,1.7488,60.78,0.1487,0.1762,0.0274,130.3,138.5,6.23,0.5995,0.6266,0.00544,1,0,16.1,54.1,1,medium
UT020689,Uttar Pradesh,2,25.3286,83.82041,540,1.0831,1.439,0.356,30.09,-0.0513,-0.0441,0.0072,101.7,105.6,3.79,0.6308,0.5461,-0.01694,1,2,28.9,82.9,1,low
UT200690,Uttar Pradesh,20,26.39956,82.91328,391,0.6638,1.0953,0.4315,56.5,-0.1318,-0.1337,-0.0018,86.4,85.8,-0.68,0.5779,0.5603,-0.00353,1,1,28.7,85.4,1,low
UT140691,Uttar Pradesh,14,27.47638,84.17142,2331,1.5076,1.8465,0.3389,21.08,-0.1731,-0.1762,-0.0031,54.6,52.5,-3.7,0.6066,0.5274,-0.01584,0,2,52.6,99.9,1,low
UT040692,Uttar Pradesh,4,25.14615,83.23984,770,0.791,1.0566,0.2656,29.81,-0.2658,-0.2621,0.0037,34.1,35.2,3.31,0.4093,0.4573,0.0096,1,0,21.6,93.2,0,low
UT040693,Uttar Pradesh,4,25.23515,81.76284,2261,0.6658,0.5708,-0.095,-12.4,-0.0654,-0.0733,-0.0078,114.6,109.7,-4.26,0.237,0.2625,0.00509,0,0,57.1,84.9,1,low
UT150694,Uttar Pradesh,15,30.04344,80.5413,1197,0.899,1.149,0.25,25.02,-0.1411,-0.1433,-0.0022,95.9,94.6,-1.38,0.6176,0.6502,0.00651,0,1,33.9,68.5,0,low
UT130695,Uttar Pradesh,13,30.26562,84.29139,857,3.5887,4.9269,1.3382,36.28,0.0566,0.0721,0.0155,161.7,170.1,5.13,0.4413,0.513,0.01435,1,1,23.7,45.1,0,medium
UT230696,Uttar Pradesh,23,29.3655,83.77428,200,0.8074,0.7236,-0.0838,-9.24,-0.2319,-0.2341,-0.0022,73.8,72.6,-1.65,0.6381,0.6171,-0.00419,1,0,21.1,72.4,0,low
UT080697,Uttar Pradesh,8,25.66763,78.66844,675,0.5964,1.0742,0.4778,68.6,-0.2954,-0.2822,0.0133,32.2,36.5,12.89,0.5703,0.4785,-0.01835,0,2,28.8,59.0,0,low
UT240698,Uttar Pradesh,24,24.85655,80.88564,384,0.8076,1.2816,0.474,52.22,-0.0451,-0.0268,0.0183,67.5,79.9,18.05,0.449,0.4021,-0.00937,0,1,33.5,57.6,0,low
UT200699,Uttar Pradesh,20,24.48113,78.79536,1983,1.0668,1.3259,0.259,22.2,-0.2713,-0.2716,-0.0003,38.3,38.1,-0.43,0.3086,0.3185,0.00198,1,0,41.7,62.6,1,low
UT240700,Uttar Pradesh,24,29.71256,77.51158,3895,0.7484,0.8458,0.0974,11.49,-0.1545,-0.1514,0.0031,40.4,41.4,2.58,0.5468,0.5078,-0.0078,0,1,17.6,80.7,1,low
UT120701,Uttar Pradesh,12,28.02076,81.63182,746,0.5627,0.9494,0.3867,58.35,0.0638,0.0583,-0.0055,52.0,50.4,-3.14,0.6671,0.6725,0.00108,0,0,43.7,80.9,0,low
UT270702,Uttar Pradesh,27,27.70884,82.73669,989,1.587,2.0007,0.4137,24.52,-0.2625,-0.2469,0.0155,19.8,29.7,47.36,0.2559,0.2175,-0.00768,0,1,25.1,65.1,0,low
UT200703,Uttar Pradesh,20,27.50111,78.17042,243,0.7961,1.0955,0.2994,33.41,-0.2688,-0.2502,0.0185,25.6,37.9,46.18,0.4153,0.3739,-0.0083,0,1,19.6,73.5,1,low
UT250704,Uttar Pradesh,25,25.47334,82.3934,200,0.3972,0.4626,0.0654,13.15,0.0319,0.0254,-0.0065,74.8,70.5,-5.74,0.6988,0.6871,-0.00234,1,0,34.0,64.9,1,low
UT280705,Uttar Pradesh,28,27.89767,83.5047,2232,8.3352,15.3729,7.0377,83.43,-0.253,-0.1215,0.1314,63.1,144.0,126.34,0.4163,0.5404,0.02481,1,2,8.2,23.9,1,high
UT110706,Uttar Pradesh,11,28.57622,78.06385,1468,1.7644,1.7088,-0.0556,-2.98,-0.0297,-0.0299,-0.0002,80.7,80.6,-0.07,0.6821,0.5983,-0.01677,0,0,43.7,74.9,0,low
UT130707,Uttar Pradesh,13,24.17463,84.59695,1729,3.7008,4.6753,0.9745,25.64,-0.099,-0.0728,0.0262,54.4,62.2,14.04,0.4132,0.4805,0.01345,1,1,24.4,38.7,1,medium
UT010708,Uttar Pradesh,1,28.27343,77.88439,1119,1.2616,1.422,0.1604,11.78,-0.2477,-0.2359,0.0119,38.1,42.0,9.87,0.5022,0.4738,-0.00569,0,0,33.2,71.6,1,low
UT180709,Uttar Pradesh,18,24.66585,78.85865,396,3.0856,3.4649,0.3793,11.91,0.1728,0.2048,0.032,186.6,204.1,9.31,0.6404,0.6704,0.006,1,1,21.0,58.0,1,medium
UT130710,Uttar Pradesh,13,25.90543,78.12295,1211,2.1833,3.5082,1.3249,58.03,-0.2387,-0.1831,0.0556,28.5,53.1,83.32,0.2216,0.3346,0.02259,0,1,24.1,50.6,0,medium
UT080711,Uttar Pradesh,8,26.41808,83.59768,2031,1.297,1.5596,0.2626,18.8,-0.0847,-0.0694,0.0153,65.1,71.7,10.0,0.3545,0.3366,-0.00359,1,1,40.6,89.0,1,low
UT230712,Uttar Pradesh,23,26.0156,80.39062,1739,0.9626,0.8677,-0.0949,-8.93,-0.09,-0.0724,0.0176,73.1,86.0,17.34,0.5687,0.5931,0.00488,0,1,40.4,87.1,0,low
UT070713,Uttar Pradesh,7,29.69414,82.35739,454,0.4325,0.4635,0.0309,5.81,-0.1405,-0.1451,-0.0047,87.9,85.0,-3.22,0.2253,0.2426,0.00346,1,0,41.2,56.9,0,low
UT040714,Uttar Pradesh,4,27.76519,82.02898,447,0.71,0.8951,0.185,22.84,-0.0515,-0.0576,-0.0061,130.1,126.2,-2.96,0.6836,0.5889,-0.01893,1,1,44.6,72.4,0,low
UT050715,Uttar Pradesh,5,25.46973,77.14401,1264,9.727,17.1364,7.4094,75.4,0.1255,0.254,0.1286,133.8,189.2,41.16,0.6205,0.7684,0.02959,1,1,11.0,19.8,0,high
UT030716,Uttar Pradesh,3,28.24401,84.37614,2538,2.8585,4.4838,1.6254,54.94,0.1917,0.2063,0.0146,136.2,142.4,4.52,0.3211,0.3777,0.01131,1,1,15.6,44.7,0,medium
UT130717,Uttar Pradesh,13,27.52232,83.61732,2469,7.0422,13.3114,6.2692,87.78,-0.0018,0.155,0.1568,52.9,120.2,124.8,0.4364,0.6482,0.04237,1,2,8.2,29.3,1,high
UT280718,Uttar Pradesh,28,27.01406,79.24036,469,0.6789,0.6261,-0.0527,-6.77,-0.1598,-0.1545,0.0053,87.6,89.1,1.7,0.2634,0.1813,-0.01642,1,1,22.3,90.1,0,low
UT190719,Uttar Pradesh,19,26.32019,82.94747,989,2.2331,3.7564,1.5233,65.29,0.0607,0.0741,0.0133,69.8,77.2,10.52,0.6021,0.6919,0.01795,0,1,14.6,31.4,1,medium
UT180720,Uttar Pradesh,18,28.36002,84.23374,1891,5.794,11.2966,5.5026,93.36,-0.1862,-0.1042,0.082,54.0,88.1,62.06,0.4927,0.7653,0.05452,1,2,3.8,38.7,1,high
UT160721,Uttar Pradesh,16,25.72096,82.36855,200,0.5708,0.893,0.3222,48.03,-0.2125,-0.1999,0.0126,70.3,76.3,8.37,0.5412,0.5405,-0.00013,1,0,57.2,87.9,1,low
UT190722,Uttar Pradesh,19,25.14993,81.76689,200,0.6809,0.7922,0.1113,14.25,-0.0042,0.0068,0.011,116.0,124.1,6.88,0.3732,0.405,0.00636,0,2,47.2,56.4,0,low
UT060723,Uttar Pradesh,6,24.17088,83.92358,974,2.3631,2.7761,0.413,16.77,-0.2235,-0.209,0.0145,60.0,68.2,13.48,0.5817,0.6418,0.01202,1,2,17.0,56.8,0,medium
UT170724,Uttar Pradesh,17,25.40979,81.2346,1768,1.4645,1.5377,0.0732,4.68,0.0355,0.0472,0.0118,87.6,95.1,8.45,0.6524,0.6428,-0.00193,0,0,33.3,71.6,0,low
UT190725,Uttar Pradesh,19,27.19172,82.09178,2148,2.8655,3.5972,0.7317,24.68,0.132,0.1579,0.0259,158.5,177.0,11.58,0.4814,0.5651,0.01674,1,0,24.0,38.7,0,medium
UT080726,Uttar Pradesh,8,29.27269,81.97537,200,2.2538,2.5555,0.3016,12.81,0.1298,0.1471,0.0173,104.9,110.5,5.38,0.367,0.3821,0.00302,1,1,52.5,96.7,0,low
UT290727,Uttar Pradesh,29,28.12546,84.27562,973,2.5373,2.8817,0.3444,13.06,-0.2448,-0.2175,0.0273,34.4,50.5,45.64,0.5728,0.6896,0.02336,1,0,29.3,37.9,0,medium
UT170728,Uttar Pradesh,17,24.03807,80.47823,525,0.8225,0.7668,-0.0558,-6.04,0.1575,0.1611,0.0035,106.6,109.2,2.38,0.3007,0.2874,-0.00264,0,0,37.6,96.4,1,low
UT170729,Uttar Pradesh,17,28.26775,79.52452,476,2.0359,2.2079,0.1721,8.06,0.0889,0.1045,0.0156,157.8,168.4,6.7,0.2128,0.2135,0.00013,1,2,47.6,56.5,0,low
UT290730,Uttar Pradesh,29,29.04947,82.10421,442,0.4733,0.9177,0.4444,77.52,-0.0062,-0.0058,0.0004,120.2,120.4,0.18,0.3821,0.3078,-0.01485,0,1,28.8,73.3,0,low
UT090731,Uttar Pradesh,9,27.88494,83.67027,471,1.8234,2.9134,1.09,56.67,-0.0505,-0.0268,0.0237,133.5,145.0,8.5,0.3609,0.436,0.01501,0,1,14.1,48.9,1,medium
UT220732,Uttar Pradesh,22,30.38444,82.72653,1417,2.9013,4.5889,1.6876,56.23,0.1886,0.2253,0.0367,198.2,211.6,6.75,0.272,0.2783,0.00126,1,2,15.4,51.3,1,medium
UT010733,Uttar Pradesh,1,24.38267,81.9115,1002,1.1605,1.2422,0.0817,6.48,-0.1087,-0.0992,0.0095,73.8,80.5,8.89,0.6399,0.6523,0.00248,1,0,57.8,83.9,0,low
UT120734,Uttar Pradesh,12,29.76599,81.83073,333,0.7528,0.8953,0.1425,16.71,-0.0169,-0.0216,-0.0047,97.0,95.2,-1.82,0.2156,0.166,-0.00991,1,0,31.7,79.4,1,low
UT170735,Uttar Pradesh,17,28.22572,78.03915,3057,2.2787,2.7687,0.4901,20.6,-0.1493,-0.1014,0.0479,103.9,123.5,18.64,0.2828,0.3245,0.00834,1,2,12.4,38.5,1,medium
UT180736,Uttar Pradesh,18,25.13742,81.95473,506,0.6897,1.0954,0.4057,51.37,-0.0115,-0.0213,-0.0098,57.9,51.7,-10.46,0.6053,0.522,-0.01667,1,1,42.5,65.6,0,low
UT230737,Uttar Pradesh,23,26.45473,79.6801,754,3.0778,4.3388,1.261,39.68,-0.191,-0.1637,0.0273,43.4,58.3,33.57,0.5842,0.7208,0.02733,1,0,9.4,58.8,1,medium
UT060738,Uttar Pradesh,6,27.59086,81.40813,490,0.9417,0.9828,0.0411,3.95,0.0581,0.0511,-0.0069,96.8,92.6,-4.23,0.2182,0.1517,-0.0133,0,1,38.6,75.3,0,low
UT220739,Uttar Pradesh,22,28.49921,83.22422,854,0.7618,1.0822,0.3204,37.18,-0.0291,-0.0264,0.0026,53.3,54.3,1.79,0.6793,0.6459,-0.00668,1,0,54.2,78.2,0,low
UT160740,Uttar Pradesh,16,27.21084,81.9135,719,0.4737,0.7155,0.2417,42.13,0.0564,0.0467,-0.0097,57.7,50.6,-12.08,0.3883,0.3673,-0.00419,0,0,28.3,72.4,1,low
UT200741,Uttar Pradesh,20,26.40891,78.48173,363,0.9893,1.0722,0.083,7.62,0.0109,0.0278,0.0169,85.0,91.3,7.34,0.488,0.4929,0.00098,0,0,30.1,90.4,0,low
UT290742,Uttar Pradesh,29,24.71529,82.68545,1406,2.7418,3.4398,0.698,24.56,-0.2046,-0.1615,0.0431,71.4,87.6,22.34,0.3415,0.4766,0.02703,1,2,26.4,37.6,1,medium
UT260743,Uttar Pradesh,26,24.75708,79.71157,438,0.5022,0.8948,0.3926,65.19,0.0375,0.0373,-0.0002,55.8,55.7,-0.26,0.4848,0.5168,0.00641,0,2,21.1,64.0,0,low
UT120744,Uttar Pradesh,12,29.00846,82.28616,708,1.6166,1.7257,0.109,6.35,0.196,0.193,-0.003,197.4,195.7,-0.83,0.6297,0.664,0.00686,1,0,27.1,76.0,0,low
UT100745,Uttar Pradesh,10,24.86227,79.0176,947,2.2555,3.1023,0.8468,35.95,-0.1531,-0.1194,0.0336,93.3,115.5,23.55,0.4082,0.4514,0.00864,1,0,25.8,33.0,1,medium
UT220746,Uttar Pradesh,22,28.6709,77.18325,306,0.8517,0.9798,0.1281,13.45,-0.1488,-0.1561,-0.0074,80.9,78.7,-2.66,0.6566,0.6452,-0.00228,1,0,52.2,98.1,1,low
UT010747,Uttar Pradesh,1,24.37864,77.83939,473,0.8664,0.8667,0.0003,0.03,0.0182,0.0363,0.0181,73.5,78.6,6.93,0.3429,0.2568,-0.01722,1,0,28.5,75.5,0,low
UT020748,Uttar Pradesh,2,29.15689,79.89131,2362,8.7581,17.0844,8.3263,94.0,-0.0473,0.0783,0.1256,114.8,194.1,68.51,0.57,0.849,0.0558,1,2,14.9,33.4,1,high
UT080749,Uttar Pradesh,8,29.48196,77.94363,1331,2.7523,4.3727,1.6205,56.81,-0.0098,0.0215,0.0313,106.6,121.0,13.45,0.2081,0.2787,0.01413,1,1,28.3,66.2,1,medium
MA080000,Maharashtra,8,21.29225,77.3586,608,0.658,0.859,0.201,26.52,0.1986,0.1953,-0.0033,199.8,198.5,-0.66,0.3733,0.3624,-0.00218,1,1,46.6,58.8,0,low
MA010001,Maharashtra,1,16.71652,73.16275,656,0.9887,1.1632,0.1745,16.03,0.0239,0.0322,0.0083,153.1,155.8,1.75,0.3472,0.3624,0.00303,1,2,20.1,65.1,1,low
MA220002,Maharashtra,22,17.04494,73.5958,343,1.1974,1.4529,0.2555,19.69,-0.0143,-0.0083,0.006,72.4,74.5,2.89,0.4014,0.367,-0.00687,1,2,22.5,73.5,0,low
MA220003,Maharashtra,22,18.8182,74.14947,422,0.4649,0.4653,0.0004,0.07,0.0894,0.1037,0.0143,67.7,72.3,6.73,0.487,0.442,-0.009,1,1,39.6,73.6,1,low
MA280004,Maharashtra,28,20.74013,74.86728,846,2.6044,3.9863,1.3819,51.1,0.0249,0.0647,0.0398,52.5,70.5,33.55,0.6304,0.7087,0.01567,1,0,12.4,38.4,1,medium
MA150005,Maharashtra,15,20.67287,77.82461,2507,0.4447,0.4407,-0.004,-0.74,0.0985,0.1044,0.0059,101.9,105.8,3.76,0.2503,0.2458,-0.00091,0,0,52.7,92.3,0,low
MA150006,Maharashtra,15,20.49509,73.25214,1192,2.3222,2.8206,0.4984,20.58,0.1731,0.2245,0.0514,131.4,157.8,19.92,0.3837,0.456,0.01446,1,2,15.8,56.7,1,medium
MA150007,Maharashtra,15,18.93532,74.75016,304,0.5125,0.5399,0.0274,4.48,-0.0295,-0.0373,-0.0078,137.3,132.1,-3.76,0.3332,0.2365,-0.01933,0,2,51.7,71.0,0,low
MA130008,Maharashtra,13,18.70104,78.55142,414,0.5738,0.4802,-0.0936,-13.9,0.1877,0.1991,0.0114,54.2,60.3,10.96,0.3751,0.3716,-0.0007,0,0,32.0,78.8,1,low
MA240009,Maharashtra,24,21.43713,80.073,467,0.5097,0.5774,0.0677,11.11,-0.2768,-0.2594,0.0174,22.2,28.8,28.39,0.6188,0.6111,-0.00154,1,1,25.1,81.7,1,low
MA040010,Maharashtra,4,16.51898,80.72261,499,0.673,0.9381,0.2651,34.3,-0.0174,-0.0209,-0.0035,141.9,140.9,-0.71,0.4302,0.3896,-0.00811,1,0,24.6,67.6,0,low
MA060011,Maharashtra,6,20.25528,76.13552,761,2.5412,3.9277,1.3865,52.5,0.1137,0.1473,0.0336,100.1,112.5,12.2,0.5307,0.581,0.01006,1,1,14.2,42.8,1,medium
MA290012,Maharashtra,29,21.2077,77.71883,669,0.7733,1.0335,0.2601,29.79,-0.078,-0.0723,0.0057,114.9,118.7,3.31,0.593,0.4951,-0.01959,1,1,45.5,84.1,0,low
MA270013,Maharashtra,27,20.93161,78.55234,1433,3.2272,4.3099,1.0827,32.54,0.1445,0.1937,0.0492,73.6,94.1,27.53,0.3315,0.3608,0.00585,1,1,26.1,50.3,1,medium
MA080014,Maharashtra,8,16.7413,77.45822,2552,0.6278,0.5863,-0.0415,-5.71,0.0489,0.0528,0.0039,47.8,50.5,5.58,0.3528,0.2735,-0.01586,1,0,59.1,61.7,0,low
MA110015,Maharashtra,11,20.57097,79.36948,1368,0.6332,0.5934,-0.0397,-5.42,-0.0483,-0.0329,0.0154,37.0,47.5,27.63,0.3925,0.4387,0.00925,1,0,22.9,85.6,1,low
MA040016,Maharashtra,4,18.33037,79.9156,476,0.5307,0.8734,0.3427,54.34,0.1363,0.1469,0.0106,151.8,155.5,2.48,0.4344,0.4324,-0.00039,1,1,34.2,64.3,1,low
MA130017,Maharashtra,13,16.76532,77.29287,2182,2.2985,3.5405,1.242,51.78,-0.065,-0.0478,0.0172,97.7,108.3,10.73,0.4346,0.4662,0.00632,1,1,22.8,34.3,1,medium
MA170018,Maharashtra,17,18.46286,75.239,609,0.6993,0.7874,0.0881,11.02,0.1123,0.1268,0.0146,121.3,127.5,5.05,0.6185,0.6473,0.00576,0,1,37.9,69.7,0,low
MA150019,Maharashtra,15,16.04503,77.18672,1833,3.591,5.2956,1.7046,46.18,-0.106,-0.0523,0.0537,103.9,130.1,24.94,0.5587,0.5817,0.0046,1,1,18.9,33.5,1,medium
MA220020,Maharashtra,22,20.63109,75.28812,528,2.4142,4.2046,1.7905,71.21,-0.1769,-0.1652,0.0117,43.5,48.5,11.3,0.6046,0.6738,0.01384,0,2,13.0,44.5,1,medium
MA020021,Maharashtra,2,16.18898,74.34431,921,0.3686,0.5281,0.1595,34.05,0.197,0.1995,0.0025,158.3,159.0,0.5,0.35,0.2584,-0.01832,0,1,50.6,81.4,0,low
MA150022,Maharashtra,15,18.80529,73.84533,552,0.7472,1.056,0.3088,36.45,-0.2175,-0.2069,0.0106,50.7,53.5,5.45,0.4403,0.4597,0.00386,1,0,27.3,81.0,0,low
MA090023,Maharashtra,9,18.95962,78.28362,307,0.5233,0.9411,0.4178,67.03,0.0051,0.0196,0.0145,101.2,105.3,4.01,0.5109,0.533,0.00442,1,1,26.8,71.2,0,low
MA250024,Maharashtra,25,19.21361,75.63489,1131,9.3998,14.8583,5.4585,57.46,-0.029,0.1018,0.1307,135.4,211.3,55.57,0.5341,0.6408,0.02135,1,2,8.1,39.4,1,high
MA210025,Maharashtra,21,20.8605,78.80142,1113,0.797,1.2632,0.4662,51.97,0.0267,0.039,0.0122,46.6,55.5,18.73,0.255,0.1651,-0.01797,0,0,32.4,84.0,1,low
MA180026,Maharashtra,18,18.77043,75.38367,396,3.1936,3.5199,0.3263,9.91,0.0476,0.0479,0.0003,47.6,47.8,0.34,0.6069,0.5852,-0.00435,0,2,27.9,83.4,0,low
MA050027,Maharashtra,5,16.7014,78.33572,1533,1.1333,1.0636,-0.0697,-5.65,-0.2892,-0.2948,-0.0056,60.1,58.2,-3.22,0.6656,0.6638,-0.00036,0,0,29.8,56.8,0,low
MA110028,Maharashtra,11,16.66974,79.94136,345,2.2455,3.1544,0.9089,38.75,-0.0407,-0.0147,0.026,120.2,130.0,8.09,0.4564,0.504,0.00951,1,2,8.0,33.8,1,medium
MA140029,Maharashtra,14,17.71711,73.47878,974,2.4764,4.1469,1.6705,64.84,-0.0595,-0.0253,0.0343,80.1,103.2,28.48,0.6952,0.8142,0.0238,1,1,21.1,64.2,1,medium
MA230030,Maharashtra,23,20.80556,78.12799,2478,9.3266,16.1889,6.8623,72.8,0.1117,0.2783,0.1666,80.5,190.5,134.98,0.3889,0.6604,0.05431,1,0,6.8,19.7,1,high
MA220031,Maharashtra,22,16.42538,74.92073,595,1.9644,3.951,1.9865,96.23,0.0109,0.054,0.0431,106.0,118.2,11.39,0.4464,0.5046,0.01162,0,1,9.9,64.0,1,medium
MA190032,Maharashtra,19,17.2667,74.29651,837,0.9552,1.3713,0.4161,39.43,0.021,0.0335,0.0125,113.1,120.6,6.58,0.3733,0.3229,-0.01009,0,2,40.9,91.0,0,low
MA200033,Maharashtra,20,16.58657,74.98613,1944,0.6862,0.62,-0.0662,-8.42,0.0706,0.0636,-0.007,144.0,140.6,-2.34,0.4841,0.385,-0.01982,0,0,36.5,97.3,0,low
MA270034,Maharashtra,27,19.81114,75.79455,1080,2.5951,3.1538,0.5586,20.73,-0.0057,0.0185,0.0242,127.4,137.3,7.67,0.5237,0.6273,0.02071,1,1,9.9,38.3,1,medium
MA170035,Maharashtra,17,18.76398,80.17935,2516,9.2979,12.671,3.373,35.89,0.0006,0.0674,0.0668,101.1,119.4,17.97,0.6369,0.7401,0.02064,1,1,3.6,27.3,1,high
MA070036,Maharashtra,7,21.36377,75.82776,2291,0.5271,0.6759,0.1488,23.73,-0.2985,-0.2891,0.0093,38.7,43.9,13.06,0.6052,0.6229,0.00353,1,0,34.6,84.5,0,low
MA180037,Maharashtra,18,17.04491,76.72551,2933,0.9015,1.0279,0.1264,12.62,-0.2193,-0.2081,0.0111,81.1,85.5,5.37,0.4775,0.4977,0.00405,1,1,57.5,56.1,0,low
MA190038,Maharashtra,19,17.59644,73.92562,1091,2.7339,3.5098,0.7759,27.38,-0.291,-0.2547,0.0363,48.6,65.2,33.39,0.3582,0.3976,0.00788,0,2,18.1,33.0,1,medium
MA110039,Maharashtra,11,17.04526,74.77167,486,1.2134,1.3581,0.1447,11.02,-0.1395,-0.1375,0.002,54.3,55.6,2.39,0.2536,0.2676,0.00281,0,0,29.7,94.3,0,low
MA230040,Maharashtra,23,18.71313,80.63901,780,0.858,1.0372,0.1793,18.71,0.0869,0.0842,-0.0027,163.1,161.7,-0.89,0.5245,0.541,0.0033,0,0,23.1,84.2,0,low
MA020041,Maharashtra,2,20.35252,74.05734,804,8.9436,11.2322,2.2886,25.31,-0.0438,0.0569,0.1006,80.9,145.3,78.76,0.2168,0.365,0.02966,1,2,12.6,19.9,1,high
MA080042,Maharashtra,8,16.77673,76.83582,926,1.8752,3.2451,1.3699,69.36,-0.1548,-0.1397,0.0151,58.9,69.0,16.89,0.3274,0.3807,0.01066,1,1,24.3,55.1,0,medium
MA230043,Maharashtra,23,21.69456,78.80694,575,1.1851,1.6515,0.4664,36.29,0.0333,0.0285,-0.0048,49.3,47.9,-2.72,0.5796,0.5719,-0.00154,0,0,26.5,83.1,1,low
MA070044,Maharashtra,7,19.4589,74.30336,829,0.9416,1.4332,0.4915,47.19,-0.2272,-0.236,-0.0088,25.6,21.1,-16.73,0.3638,0.3141,-0.00993,1,0,58.8,91.7,0,low
MA160045,Maharashtra,16,16.47934,74.88339,484,0.6805,0.6661,-0.0144,-1.84,-0.0664,-0.0667,-0.0004,71.7,71.5,-0.2,0.6021,0.6407,0.00773,1,1,49.2,85.0,0,low
MA270046,Maharashtra,27,15.92152,78.85906,1935,9.002,12.0053,3.0033,33.0,0.001,0.1164,0.1154,59.8,109.9,82.46,0.3361,0.5611,0.045,1,2,12.7,42.9,1,high
MA090047,Maharashtra,9,18.43815,76.0175,2762,9.1595,16.3945,7.235,78.14,-0.2388,-0.0798,0.1591,31.0,135.0,325.62,0.597,0.7424,0.02908,1,2,15.6,41.2,1,high
MA090048,Maharashtra,9,16.95948,77.73312,1040,3.1105,3.72,0.6094,18.98,-0.2102,-0.1779,0.0323,70.7,85.2,20.21,0.439,0.4919,0.01058,1,2,17.6,30.5,1,medium
MA010049,Maharashtra,1,18.23641,74.53148,640,0.3929,0.3532,-0.0397,-8.06,0.0711,0.0783,0.0072,105.2,108.1,2.79,0.625,0.6311,0.00123,1,1,45.1,58.0,0,low
MA080050,Maharashtra,8,16.23198,78.22359,1660,0.7789,1.274,0.495,56.32,-0.2659,-0.2479,0.0179,33.3,38.2,14.41,0.6978,0.6619,-0.00716,1,0,41.9,75.6,0,low
MA090051,Maharashtra,9,17.30576,75.71888,1257,2.745,4.7182,1.9732,69.36,0.1093,0.142,0.0327,70.0,81.8,16.59,0.3574,0.4133,0.01118,1,2,8.8,42.3,1,medium
MA110052,Maharashtra,11,17.29975,80.11791,253,1.0929,1.1785,0.0855,7.17,-0.0925,-0.0829,0.0096,31.9,37.3,16.42,0.6868,0.6216,-0.01306,0,0,37.8,86.2,0,low
MA270053,Maharashtra,27,15.66492,72.86485,1803,2.1317,2.7677,0.6361,28.5,0.0849,0.137,0.0521,158.1,184.8,16.79,0.4353,0.4674,0.00641,0,2,14.4,38.4,1,medium
MA110054,Maharashtra,11,20.91965,79.53764,1165,3.4636,4.8928,1.4292,40.11,-0.2478,-0.2336,0.0142,32.0,39.8,23.73,0.4883,0.5195,0.00623,0,2,27.5,54.6,0,medium
MA170055,Maharashtra,17,16.86872,72.83933,1432,0.7763,1.2137,0.4375,49.92,0.0107,0.0143,0.0036,144.9,145.9,0.72,0.6153,0.6291,0.00277,1,1,31.5,91.1,1,low
MA090056,Maharashtra,9,17.6889,74.1626,729,10.2437,13.5646,3.3209,32.11,-0.0634,0.0518,0.1152,49.2,117.3,135.82,0.5784,0.8443,0.05317,1,1,9.0,21.9,0,high
MA130057,Maharashtra,13,21.72746,79.03615,273,0.8436,0.764,-0.0796,-8.44,-0.267,-0.2751,-0.0081,47.9,43.2,-9.78,0.5171,0.4707,-0.00928,0,0,16.9,91.9,0,low
MA150058,Maharashtra,15,16.11144,80.2546,814,3.4558,4.3156,0.8598,24.18,-0.1109,-0.0553,0.0556,111.7,138.4,23.63,0.6963,0.8099,0.02272,1,1,17.7,47.3,1,medium
MA250059,Maharashtra,25,19.01847,79.09864,1253,0.4688,0.5804,0.1117,19.64,-0.0003,0.0063,0.0066,137.9,140.9,2.17,0.6015,0.5757,-0.00515,0,0,42.2,76.9,1,low
MA070060,Maharashtra,7,20.30307,78.42233,785,2.2401,4.2082,1.9681,84.1,0.0124,0.0234,0.011,105.8,109.4,3.36,0.6419,0.7202,0.01566,1,2,21.7,65.2,0,medium
MA100061,Maharashtra,10,18.35611,73.39562,1457,2.3697,3.2873,0.9177,37.16,-0.0024,0.0159,0.0183,131.0,138.1,5.37,0.2932,0.3724,0.01584,1,0,15.3,33.1,1,medium
MA110062,Maharashtra,11,16.2751,79.6735,1119,0.7658,1.0905,0.3246,37.49,0.1175,0.1329,0.0154,146.3,156.6,7.01,0.6946,0.6121,-0.01651,0,0,29.5,89.8,1,low
MA200063,Maharashtra,20,20.62304,77.02045,1080,0.5828,0.9472,0.3644,53.38,0.031,0.0239,-0.0071,66.6,64.6,-3.06,0.5649,0.5396,-0.00506,1,1,38.5,97.5,0,low
MA080064,Maharashtra,8,21.44438,78.97995,530,0.6,0.8814,0.2814,40.21,0.0437,0.0366,-0.0071,127.4,122.6,-3.74,0.572,0.4743,-0.01954,1,2,46.2,59.6,1,low
MA040065,Maharashtra,4,21.67601,77.19561,1141,1.238,1.2358,-0.0022,-0.16,0.0769,0.0884,0.0114,104.4,112.6,7.76,0.371,0.3654,-0.00113,1,0,22.0,85.7,1,low
MA260066,Maharashtra,26,17.52149,80.46489,1192,3.4862,5.4145,1.9283,53.77,0.1233,0.1738,0.0505,84.8,107.8,26.75,0.563,0.6763,0.02267,1,1,8.0,60.9,0,medium
MA010067,Maharashtra,1,16.02421,72.71434,4188,0.7816,1.2547,0.4731,53.66,-0.0283,-0.0317,-0.0035,66.5,65.7,-1.28,0.3351,0.2677,-0.01347,1,0,48.3,65.0,0,low
MA260068,Maharashtra,26,20.18871,75.99306,2870,0.7478,0.9984,0.2506,29.55,0.0915,0.0878,-0.0037,163.3,162.1,-0.73,0.5312,0.5227,-0.00169,0,0,47.0,88.8,0,low
MA060069,Maharashtra,6,17.74589,76.63557,1768,0.7045,0.634,-0.0705,-8.76,-0.1241,-0.1211,0.003,60.8,61.9,1.83,0.4876,0.4199,-0.01355,1,1,41.2,95.4,1,low
MA040070,Maharashtra,4,20.04665,79.54588,390,1.4077,1.3645,-0.0432,-2.87,-0.2283,-0.2113,0.0169,59.4,67.5,13.42,0.2333,0.2414,0.00163,1,0,22.4,60.2,0,low
MA150071,Maharashtra,15,18.13923,75.35369,2989,1.868,3.2331,1.3651,69.36,-0.0813,-0.0286,0.0528,64.9,94.8,45.27,0.6565,0.7908,0.02686,1,2,17.3,44.2,1,medium
MA160072,Maharashtra,16,16.86205,78.82907,400,0.8682,0.9058,0.0376,3.89,-0.107,-0.1147,-0.0077,117.1,114.2,-2.45,0.4367,0.4039,-0.00656,1,1,32.7,57.2,1,low
MA100073,Maharashtra,10,16.89227,79.37217,1532,2.6312,4.5754,1.9442,71.19,-0.0825,-0.0583,0.0243,89.3,96.2,7.58,0.6194,0.7663,0.02937,0,1,28.4,52.6,1,medium
MA080074,Maharashtra,8,20.5036,75.17953,1370,3.4968,5.266,1.7692,49.19,-0.1217,-0.1024,0.0193,84.3,93.4,10.64,0.6323,0.7591,0.02537,1,2,14.6,51.5,1,medium
MA110075,Maharashtra,11,20.11109,76.47508,743,0.4975,0.4285,-0.069,-11.55,-0.02,-0.023,-0.003,66.0,64.0,-2.99,0.5313,0.4363,-0.01899,1,1,23.2,89.5,0,low
MA080076,Maharashtra,8,20.94782,80.70209,244,3.5103,4.4411,0.9309,25.78,-0.0015,0.0432,0.0447,91.2,104.4,14.39,0.5054,0.6479,0.02849,1,1,8.6,63.8,1,medium
MA250077,Maharashtra,25,19.02174,73.4132,1852,0.5236,0.6163,0.0927,14.87,0.0452,0.0533,0.0081,83.3,85.5,2.61,0.3502,0.3006,-0.00993,0,2,47.2,61.9,0,low
MA020078,Maharashtra,2,16.69166,75.58926,1191,0.9735,0.9399,-0.0336,-3.13,-0.195,-0.1866,0.0084,50.8,53.9,5.96,0.346,0.3101,-0.00718,1,1,22.1,89.1,0,low
MA270079,Maharashtra,27,21.38652,72.7672,797,0.4049,0.5347,0.1298,25.71,0.1411,0.1496,0.0085,107.3,110.7,3.2,0.4192,0.4108,-0.00169,1,2,48.5,61.9,0,low
MA230080,Maharashtra,23,19.38258,73.56722,666,1.1063,1.2639,0.1576,13.06,-0.0552,-0.0366,0.0186,96.4,109.7,13.59,0.2994,0.3376,0.00765,1,0,16.2,89.1,0,low
MA280081,Maharashtra,28,18.8389,79.46858,881,3.0885,3.5151,0.4266,13.38,0.1424,0.163,0.0206,167.5,181.0,8.0,0.5925,0.6521,0.01192,1,1,29.1,46.9,1,medium
MA200082,Maharashtra,20,19.11013,73.44413,1449,2.1164,2.1739,0.0575,2.59,-0.0258,-0.0096,0.0162,120.8,129.4,7.03,0.4247,0.3522,-0.0145,1,0,45.3,68.9,1,low
MA110083,Maharashtra,11,18.93172,76.31471,1589,1.1632,1.3444,0.1812,14.35,0.172,0.1843,0.0123,185.7,189.9,2.23,0.4675,0.4745,0.00141,0,2,55.9,82.1,0,low
MA170084,Maharashtra,17,18.41501,80.59899,725,0.8173,1.1716,0.3543,38.62,-0.0509,-0.051,-0.0,40.0,40.0,-0.07,0.5091,0.5343,0.00504,1,1,44.4,73.9,1,low
MA060085,Maharashtra,6,18.44227,75.56147,898,0.5711,0.819,0.2479,36.95,0.0678,0.0617,-0.0061,156.2,152.9,-2.08,0.3564,0.281,-0.0151,0,0,26.0,63.8,0,low
MA160086,Maharashtra,16,16.74415,80.06958,2945,3.4391,4.2758,0.8367,23.64,0.0554,0.0671,0.0117,98.8,107.2,8.42,0.5649,0.5876,0.00453,0,2,10.0,57.5,0,medium
MA240087,Maharashtra,24,17.50295,74.77308,721,1.03,1.467,0.437,38.68,0.1824,0.1983,0.0159,87.9,96.3,9.46,0.5548,0.5003,-0.0109,1,0,31.9,55.9,0,low
MA260088,Maharashtra,26,19.46374,80.82428,1667,1.9542,2.829,0.8748,42.59,0.0998,0.1447,0.0449,71.9,87.1,20.86,0.5997,0.6765,0.01537,0,0,13.7,59.0,1,medium
MA200089,Maharashtra,20,19.79601,74.0285,1430,7.7042,13.6007,5.8965,75.55,-0.0443,0.135,0.1794,48.7,170.9,245.57,0.4486,0.7416,0.0586,1,2,2.1,33.9,1,high
MA210090,Maharashtra,21,19.72111,73.43966,331,1.0969,1.041,-0.056,-4.67,-0.2557,-0.2596,-0.0039,72.6,71.6,-1.43,0.4306,0.3885,-0.00842,1,0,28.7,68.4,0,low
MA110091,Maharashtra,11,19.23277,77.32508,6728,2.3623,2.8419,0.4796,19.48,0.1101,0.13,0.0199,157.1,166.7,6.1,0.6579,0.7684,0.02209,1,1,18.5,47.3,0,medium
MA030092,Maharashtra,3,17.96644,73.9797,835,0.7276,1.0677,0.3401,41.1,0.0141,0.0095,-0.0046,49.6,48.0,-3.15,0.5317,0.5032,-0.0057,1,2,59.5,79.0,0,low
MA060093,Maharashtra,6,18.40808,75.98106,1566,0.4435,0.8943,0.4509,82.97,-0.1165,-0.1117,0.0048,109.2,111.9,2.45,0.6554,0.5562,-0.01984,0,0,28.5,66.3,0,low
MA250094,Maharashtra,25,16.23772,76.90801,329,0.7991,1.2358,0.4367,48.57,-0.2406,-0.2422,-0.0016,58.1,57.0,-1.92,0.6847,0.6172,-0.0135,0,0,19.5,67.7,1,low
MA290095,Maharashtra,29,15.62782,80.16334,2060,1.5087,1.5167,0.008,0.5,-0.0258,-0.0191,0.0067,84.8,87.5,3.18,0.3386,0.2722,-0.01327,1,1,52.4,85.0,1,low
MA280096,Maharashtra,28,16.15485,77.94109,1043,7.1225,9.8821,2.7596,38.21,0.0018,0.1507,0.1489,147.1,219.9,49.15,0.2031,0.4687,0.05312,1,2,7.4,43.0,1,high
MA010097,Maharashtra,1,20.69103,72.70635,432,0.5522,0.7163,0.1641,25.16,-0.0781,-0.0733,0.0048,41.2,44.4,7.8,0.616,0.6291,0.00261,1,2,19.6,84.3,1,low
MA130098,Maharashtra,13,21.96028,78.10236,1168,3.1303,4.8355,1.7052,52.79,-0.1132,-0.0934,0.0197,111.5,121.7,9.09,0.3432,0.4352,0.01839,1,2,9.1,58.3,1,medium
MA190099,Maharashtra,19,21.38126,75.85803,494,0.601,0.9504,0.3494,49.84,0.1206,0.1392,0.0185,134.1,142.6,6.28,0.6014,0.5457,-0.01114,0,1,55.3,95.9,1,low
MA190100,Maharashtra,19,16.94109,72.91694,1869,3.0378,4.0537,1.0159,32.38,0.1195,0.1362,0.0167,127.0,135.2,6.35,0.6299,0.6319,0.0004,1,2,17.3,60.9,1,medium
MA040101,Maharashtra,4,19.72485,79.2171,1552,0.7686,0.7785,0.0099,1.14,-0.2203,-0.213,0.0073,23.3,25.3,8.4,0.2567,0.1797,-0.01539,0,1,51.0,75.6,0,low
MA020102,Maharashtra,2,16.99627,73.45426,522,2.1769,2.5416,0.3646,16.01,0.1502,0.188,0.0378,148.7,169.6,13.94,0.2622,0.3535,0.01827,1,0,10.6,43.5,1,medium
MA060103,Maharashtra,6,16.20844,74.33945,1426,0.5875,0.9428,0.3552,51.67,-0.2716,-0.2716,-0.0,51.0,51.0,-0.03,0.6357,0.6132,-0.00451,1,0,35.8,82.5,0,low
MA100104,Maharashtra,10,15.78999,75.05336,424,3.0519,5.0201,1.9681,62.44,0.1829,0.235,0.0521,203.8,228.8,12.19,0.6335,0.6973,0.01276,1,2,24.9,43.1,0,medium
MA170105,Maharashtra,17,19.56062,80.62124,756,1.9824,3.5271,1.5447,74.18,-0.0624,-0.0045,0.058,98.6,139.6,41.09,0.5489,0.5963,0.00947,1,2,15.6,34.6,1,medium
MA110106,Maharashtra,11,19.47018,76.57857,631,2.1556,3.7016,1.546,68.54,-0.0903,-0.076,0.0143,89.6,96.8,7.87,0.235,0.2432,0.00162,1,1,14.2,66.0,1,medium
MA290107,Maharashtra,29,17.60992,77.99754,2204,0.7905,1.118,0.3275,36.78,0.129,0.1461,0.0171,66.1,74.3,12.13,0.4477,0.3861,-0.01232,1,1,53.1,94.0,0,low
MA260108,Maharashtra,26,20.22431,74.93851,679,0.4284,0.6442,0.2158,40.83,-0.2064,-0.1983,0.0081,56.1,60.0,6.73,0.6644,0.664,-9e-05,1,1,32.9,94.7,1,low
MA210109,Maharashtra,21,21.12241,78.00711,221,2.9692,4.0803,1.111,36.2,-0.1327,-0.1194,0.0132,65.1,73.9,13.25,0.5948,0.609,0.00284,0,2,22.2,57.6,1,medium
MA220110,Maharashtra,22,19.30029,79.17742,457,0.5551,1.0014,0.4464,68.14,0.0512,0.0452,-0.0061,77.0,74.5,-3.16,0.6165,0.5511,-0.01307,0,0,43.2,71.3,0,low
MA060111,Maharashtra,6,18.45217,73.99063,2479,0.8083,1.2166,0.4083,44.95,0.0811,0.0725,-0.0086,105.8,100.2,-5.31,0.5398,0.4628,-0.0154,0,0,29.5,78.3,0,low
MA150112,Maharashtra,15,21.30406,76.99169,2738,0.6743,1.0897,0.4154,53.65,-0.1678,-0.1738,-0.006,51.6,48.1,-6.66,0.2476,0.2409,-0.00134,1,0,29.2,64.8,0,low
MA270113,Maharashtra,27,18.0239,80.14142,283,1.9957,2.3256,0.3299,15.74,-0.2781,-0.2594,0.0187,21.6,28.2,29.34,0.292,0.2699,-0.00441,1,0,30.2,82.5,1,low
MA290114,Maharashtra,29,21.81486,73.47676,6355,1.1418,1.2852,0.1434,11.55,-0.1515,-0.1572,-0.0057,66.7,62.9,-5.56,0.4423,0.4774,0.00702,0,0,15.7,63.2,0,low
MA240115,Maharashtra,24,16.53521,74.33766,1360,0.8752,0.999,0.1238,12.7,-0.1351,-0.1249,0.0102,91.7,98.6,7.43,0.5342,0.4579,-0.01525,0,2,49.7,75.7,0,low
MA170116,Maharashtra,17,20.01379,77.99352,502,0.7106,1.1373,0.4267,52.64,0.0201,0.0275,0.0075,145.5,149.1,2.47,0.4972,0.5376,0.00808,1,1,16.8,81.2,1,low
MA150117,Maharashtra,15,21.81953,80.73925,271,0.5655,1.0252,0.4596,69.06,0.1134,0.1095,-0.0039,150.0,148.9,-0.72,0.3612,0.321,-0.00804,1,1,40.8,85.9,0,low
MA070118,Maharashtra,7,16.9168,75.84779,487,0.6618,0.8547,0.1929,25.32,0.1928,0.1947,0.0019,113.6,114.9,1.15,0.2137,0.2176,0.00078,1,2,29.3,100.0,1,low
MA110119,Maharashtra,11,21.21089,80.71176,678,0.6764,1.0608,0.3843,49.5,0.1242,0.1173,-0.0069,168.9,164.8,-2.42,0.3009,0.2924,-0.00171,0,2,46.1,95.5,0,low
MA230120,Maharashtra,23,19.70448,75.69642,3774,2.2759,4.077,1.8012,75.81,0.1168,0.1409,0.0241,75.3,84.1,11.54,0.2249,0.2817,0.01136,1,2,20.3,43.3,1,medium
MA100121,Maharashtra,10,16.20986,80.47512,477,0.4069,0.5984,0.1915,37.77,-0.0134,-0.005,0.0084,101.0,106.1,5.0,0.3855,0.3612,-0.00485,1,0,17.9,95.3,0,low
MA230122,Maharashtra,23,17.74822,80.43074,848,3.4034,4.3539,0.9505,27.13,-0.2029,-0.1808,0.0221,45.8,61.7,33.98,0.2601,0.3403,0.01604,0,2,18.2,43.1,0,medium
MA070123,Maharashtra,7,20.85056,78.16518,239,1.2409,1.5864,0.3455,25.77,-0.1409,-0.1216,0.0193,55.4,66.0,18.85,0.4397,0.3716,-0.01361,1,1,35.7,66.1,1,low
MA080124,Maharashtra,8,17.18352,73.85949,934,0.6782,0.9194,0.2412,30.99,-0.08,-0.0685,0.0115,113.9,119.7,5.07,0.615,0.6578,0.00856,1,0,46.5,74.9,1,low
MA270125,Maharashtra,27,20.54875,78.59965,1207,1.1539,1.1867,0.0327,2.61,0.0714,0.0823,0.0109,70.7,77.8,9.89,0.3803,0.3234,-0.01137,1,1,53.8,88.7,1,low
MA130126,Maharashtra,13,15.7815,75.63069,554,0.6257,0.7094,0.0837,11.54,-0.09,-0.0713,0.0188,60.0,65.7,9.41,0.5138,0.5512,0.00748,1,0,53.9,64.6,0,low
MA040127,Maharashtra,4,20.01757,80.36399,2099,3.1246,3.7965,0.6719,20.84,-0.2807,-0.2401,0.0405,25.1,49.5,93.75,0.2846,0.4313,0.02934,0,0,18.9,49.9,1,medium
MA140128,Maharashtra,14,19.49114,79.61491,403,0.6398,0.6468,0.007,0.94,-0.2343,-0.2404,-0.0061,76.2,74.4,-2.31,0.2589,0.1667,-0.01845,0,2,27.4,68.7,1,low
MA040129,Maharashtra,4,15.82568,79.57282,3582,3.0719,5.0692,1.9973,62.97,-0.1037,-0.0476,0.0561,60.7,77.1,26.55,0.6767,0.7272,0.01009,0,2,12.6,35.9,1,medium
MA120130,Maharashtra,12,18.85881,75.58551,1229,5.6935,12.0737,6.3802,110.13,-0.2067,-0.0847,0.122,82.7,133.0,60.23,0.3617,0.6438,0.05642,1,2,14.8,30.7,1,high
MA070131,Maharashtra,7,15.74745,74.55791,1073,0.6342,0.6117,-0.0225,-3.07,0.0782,0.0874,0.0092,137.7,143.6,4.23,0.5125,0.5162,0.00075,0,0,58.3,99.2,0,low
MA290132,Maharashtra,29,21.73846,74.87794,528,0.4717,0.5891,0.1175,20.55,0.105,0.1016,-0.0034,144.3,142.8,-1.0,0.5744,0.5402,-0.00685,1,1,20.9,91.0,1,low
MA220133,Maharashtra,22,16.52488,74.73078,625,0.8111,1.0565,0.2454,26.94,0.1902,0.1814,-0.0089,188.6,182.3,-3.32,0.6231,0.5856,-0.00749,1,0,20.0,60.0,0,low
MA040134,Maharashtra,4,19.59387,78.93157,2223,9.5628,16.1924,6.6296,68.61,-0.1979,-0.1045,0.0934,33.5,57.3,68.74,0.3428,0.5693,0.0453,1,1,5.1,13.3,1,high
MA030135,Maharashtra,3,19.13729,78.28849,3638,3.2962,3.8443,0.5481,16.14,-0.1367,-0.1129,0.0238,78.4,86.4,10.11,0.5664,0.6396,0.01465,1,1,8.9,68.4,0,medium
MA110136,Maharashtra,11,21.40319,80.59165,575,2.2508,2.767,0.5162,21.96,0.1051,0.1275,0.0223,177.2,192.6,8.69,0.3592,0.3834,0.00485,0,1,10.2,58.6,1,medium
MA140137,Maharashtra,14,18.02091,77.30138,1469,0.8318,0.8698,0.0381,4.08,-0.2913,-0.2733,0.018,29.8,42.1,39.72,0.4717,0.3929,-0.01577,1,0,50.3,88.5,1,low
MA120138,Maharashtra,12,16.19417,78.46743,784,3.1931,3.7564,0.5634,17.11,0.0833,0.1375,0.0542,76.2,112.5,46.97,0.2846,0.3012,0.0033,0,2,11.7,46.4,1,medium
MA270139,Maharashtra,27,15.8599,72.72292,566,2.7029,3.5961,0.8932,31.87,-0.261,-0.2493,0.0117,59.3,64.3,8.15,0.4151,0.4251,0.00199,1,2,19.9,51.4,1,medium
MA180140,Maharashtra,18,16.45117,78.53695,200,0.591,0.7359,0.1449,20.96,0.0093,0.0163,0.007,119.4,124.6,4.34,0.395,0.4136,0.00373,1,0,23.7,78.6,0,low
MA280141,Maharashtra,28,18.75823,75.31574,752,1.0637,1.3024,0.2388,20.52,-0.1213,-0.1147,0.0067,84.7,88.6,4.48,0.3171,0.2511,-0.01319,1,0,30.5,66.0,0,low
MA290142,Maharashtra,29,16.31365,73.59843,200,0.6536,0.6691,0.0155,2.06,-0.0007,-0.0064,-0.0057,147.4,143.4,-2.69,0.6035,0.5349,-0.01372,1,0,35.4,76.4,0,low
MA200143,Maharashtra,20,21.35161,72.93787,332,0.8858,0.8698,-0.016,-1.62,-0.1125,-0.1099,0.0026,50.6,52.3,3.28,0.5382,0.4556,-0.01652,1,0,43.7,67.4,0,low
MA130144,Maharashtra,13,19.07066,76.75063,1693,3.5859,4.4987,0.9128,24.77,-0.1382,-0.0815,0.0566,72.8,112.4,53.62,0.2501,0.3798,0.02596,0,0,24.5,37.9,1,medium
MA180145,Maharashtra,18,20.534,73.36986,787,0.7358,0.8104,0.0747,8.94,0.0767,0.0907,0.014,112.7,122.6,8.75,0.6005,0.6151,0.00291,0,0,34.7,95.9,0,low
MA120146,Maharashtra,12,17.7145,74.6099,2626,0.6585,0.5697,-0.0888,-11.7,-0.2487,-0.2287,0.02,72.5,81.1,11.73,0.5672,0.5198,-0.00947,1,2,59.6,92.2,0,low
MA070147,Maharashtra,7,17.45594,77.63587,465,0.3541,0.577,0.2229,49.08,0.0609,0.0785,0.0176,106.9,112.6,5.24,0.3921,0.378,-0.00283,1,1,25.2,68.3,0,low
MA060148,Maharashtra,6,17.47726,76.95809,402,0.5794,0.9609,0.3815,56.15,-0.0917,-0.0863,0.0054,49.6,53.5,7.59,0.4242,0.4735,0.00985,0,1,44.2,62.7,1,low
MA220149,Maharashtra,22,19.80548,79.52373,1485,0.6512,0.7827,0.1314,17.5,0.0241,0.0431,0.019,90.5,103.8,14.53,0.3025,0.2202,-0.01646,0,1,29.1,90.6,0,low
MA170150,Maharashtra,17,20.042,79.97904,1594,8.7939,19.6802,10.8862,122.4,0.176,0.2777,0.1016,87.3,155.2,76.95,0.2609,0.4798,0.04379,1,2,17.7,35.3,1,high
MA210151,Maharashtra,21,19.52963,79.04675,200,0.7567,1.1806,0.4239,49.48,-0.134,-0.1201,0.0138,83.2,90.1,8.14,0.5435,0.582,0.0077,0,2,28.4,71.6,0,low
MA120152,Maharashtra,12,17.26345,75.004,732,0.7093,0.7666,0.0573,7.08,-0.0394,-0.046,-0.0066,90.9,88.7,-2.43,0.3389,0.3564,0.00351,0,0,36.7,62.1,1,low
MA200153,Maharashtra,20,21.43337,73.06797,1980,1.7882,2.1644,0.3762,19.92,-0.0483,-0.0146,0.0337,63.3,83.0,30.74,0.2561,0.4054,0.02987,1,0,21.0,51.5,0,medium
MA230154,Maharashtra,23,21.09799,75.01382,1018,0.661,0.7433,0.0823,10.82,-0.2232,-0.2277,-0.0045,75.3,73.8,-1.9,0.3995,0.342,-0.01151,0,0,47.8,98.6,1,low
MA270155,Maharashtra,27,17.69704,73.83949,1119,1.2964,1.3374,0.041,2.94,-0.2462,-0.2438,0.0024,44.9,46.4,3.2,0.2167,0.2296,0.00258,1,1,48.8,79.5,0,low
MA040156,Maharashtra,4,20.13213,74.91123,1071,1.2498,1.6265,0.3767,27.9,-0.0572,-0.0494,0.0078,41.0,46.5,13.04,0.6687,0.6577,-0.00221,1,0,57.6,95.4,1,low
MA110157,Maharashtra,11,18.35453,77.83769,2865,1.6672,2.0442,0.3769,21.33,-0.023,-0.0225,0.0005,61.6,61.9,0.5,0.4677,0.4265,-0.00824,1,0,42.7,63.5,0,low
MA260158,Maharashtra,26,16.85406,75.00018,387,0.6267,0.9655,0.3388,46.62,-0.0803,-0.0854,-0.0051,77.0,74.0,-3.92,0.3141,0.2255,-0.01772,1,0,59.8,84.4,1,low
MA040159,Maharashtra,4,17.49784,77.55655,1173,0.4614,0.8413,0.3798,67.66,-0.1195,-0.1118,0.0077,46.2,48.9,5.87,0.3908,0.3711,-0.00395,1,1,55.4,77.2,0,low
MA100160,Maharashtra,10,17.75859,76.71594,207,0.6811,0.6857,0.0047,0.6,-0.0993,-0.0846,0.0147,58.5,64.7,10.39,0.3987,0.3546,-0.00881,0,0,37.9,62.8,0,low
MA090161,Maharashtra,9,19.34697,79.58965,485,3.0095,4.7519,1.7424,56.04,-0.2721,-0.2438,0.0283,50.0,68.6,36.3,0.3374,0.4328,0.01908,0,1,24.7,58.7,1,medium
MA250162,Maharashtra,25,16.0833,73.98389,779,0.543,0.8697,0.3266,50.8,-0.1283,-0.113,0.0153,59.0,69.7,17.91,0.2437,0.2054,-0.00766,1,1,43.3,88.5,0,low
MA110163,Maharashtra,11,19.35527,77.62713,2961,10.0227,17.9993,7.9767,78.8,0.1053,0.2392,0.134,99.6,167.0,66.97,0.3928,0.5048,0.02241,1,2,2.2,34.4,1,high
MA050164,Maharashtra,5,21.01159,78.52192,933,0.5648,0.8975,0.3327,50.05,-0.2824,-0.2829,-0.0005,20.2,20.0,-0.92,0.3521,0.3122,-0.00799,0,1,29.8,69.5,0,low
MA200165,Maharashtra,20,20.41491,78.71879,282,0.7686,0.7385,-0.0301,-3.46,-0.2065,-0.1908,0.0157,27.7,38.8,38.53,0.3282,0.3199,-0.00166,0,2,23.0,63.5,0,low
MA260166,Maharashtra,26,17.27095,80.05694,1751,9.8176,14.6426,4.825,48.65,-0.1556,-0.0752,0.0804,66.4,114.1,70.72,0.3093,0.47,0.03215,1,2,11.2,24.3,1,high
MA160167,Maharashtra,16,17.49874,75.20331,876,0.6543,0.9485,0.2942,39.01,0.0237,0.0284,0.0047,45.6,48.5,6.22,0.4559,0.3818,-0.01482,0,0,22.7,92.6,0,low
MA090168,Maharashtra,9,20.75493,78.60077,1438,0.8586,0.9916,0.133,13.87,-0.0111,0.0086,0.0197,40.2,45.3,12.46,0.2181,0.2668,0.00975,0,0,48.6,88.2,1,low
MA290169,Maharashtra,29,21.06306,77.83725,1007,0.6863,0.9207,0.2344,29.81,0.0099,0.0076,-0.0022,106.1,104.9,-1.13,0.6351,0.6635,0.00567,1,0,52.7,73.3,1,low
MA090170,Maharashtra,9,21.8608,79.13564,2417,2.9537,3.9209,0.9672,31.67,-0.0837,-0.026,0.0577,75.7,110.5,45.34,0.6477,0.664,0.00327,1,2,23.0,54.9,1,medium
MA060171,Maharashtra,6,16.7406,78.58112,402,0.6001,0.6583,0.0582,8.32,0.1084,0.1048,-0.0036,70.9,69.1,-2.49,0.3107,0.2674,-0.00866,1,0,24.5,88.0,1,low
MA020172,Maharashtra,2,21.6396,76.12395,3055,0.5531,0.4743,-0.0788,-12.07,-0.1448,-0.1307,0.014,36.5,44.5,21.16,0.6023,0.6469,0.00891,1,1,37.0,88.4,0,low
MA040173,Maharashtra,4,18.41121,79.30573,200,1.17,1.2716,0.1016,8.0,-0.2218,-0.2149,0.0068,78.9,80.8,2.38,0.5587,0.5087,-0.01001,0,0,23.0,80.6,1,low
MA090174,Maharashtra,9,17.35717,74.58067,677,2.4622,2.7962,0.3341,13.04,-0.1403,-0.0988,0.0415,86.6,97.9,12.94,0.3084,0.3657,0.01148,1,2,15.5,51.0,1,medium
MA170175,Maharashtra,17,19.34814,72.62571,427,0.8299,1.1367,0.3068,33.0,-0.2473,-0.2315,0.0158,31.1,35.1,12.34,0.236,0.2313,-0.00094,1,1,38.2,77.5,0,low
MA260176,Maharashtra,26,21.69704,74.73277,1123,1.1467,1.3874,0.2407,19.3,-0.077,-0.059,0.0181,103.8,111.1,6.98,0.5594,0.4886,-0.01414,1,1,34.5,71.3,0,low
MA070177,Maharashtra,7,17.07755,74.45413,234,0.5216,0.9542,0.4325,69.58,-0.1046,-0.1129,-0.0083,49.2,43.5,-11.34,0.6932,0.7157,0.0045,1,0,30.0,85.4,0,low
MA130178,Maharashtra,13,19.82348,80.23053,1969,2.9879,4.7706,1.7828,57.74,-0.1259,-0.0949,0.0309,102.9,114.5,11.16,0.6011,0.6385,0.00747,0,1,15.3,37.2,1,medium
MA120179,Maharashtra,12,17.61014,75.3395,1224,0.8791,0.9116,0.0325,3.32,0.0668,0.0754,0.0086,102.8,108.1,5.09,0.5718,0.5454,-0.00528,0,0,60.0,88.6,0,low
MA030180,Maharashtra,3,20.56285,79.82552,584,0.7371,1.098,0.3609,43.11,-0.2095,-0.2184,-0.009,34.6,29.9,-13.06,0.5355,0.508,-0.00549,1,0,37.2,57.5,0,low
MA100181,Maharashtra,10,17.89876,76.508,1398,2.2638,3.4615,1.1976,50.66,0.0548,0.0914,0.0366,63.9,85.8,33.85,0.3051,0.3357,0.00611,1,2,11.2,48.1,1,medium
MA120182,Maharashtra,12,16.9041,75.59826,200,0.8107,0.796,-0.0147,-1.61,-0.195,-0.2025,-0.0075,42.9,38.1,-10.95,0.588,0.5616,-0.00527,1,0,36.8,58.6,1,low
MA010183,Maharashtra,1,19.76516,80.57992,1188,2.7535,3.8466,1.0931,38.31,-0.1866,-0.1584,0.0282,35.4,52.7,47.57,0.271,0.3576,0.01731,1,1,16.0,61.5,0,medium
MA210184,Maharashtra,21,21.18834,77.19323,855,7.4222,15.7036,8.2814,110.09,-0.253,-0.1262,0.1268,69.6,112.0,60.04,0.5433,0.6464,0.02061,1,2,13.9,35.8,1,high
MA290185,Maharashtra,29,18.87416,77.32414,434,3.0029,3.4144,0.4115,13.26,-0.1328,-0.0783,0.0545,64.7,89.9,38.23,0.3619,0.494,0.02642,1,0,28.1,55.6,1,medium
MA240186,Maharashtra,24,17.5013,76.52013,200,0.6853,0.9446,0.2593,33.02,0.1074,0.1248,0.0174,56.3,61.7,9.43,0.5272,0.5002,-0.0054,0,0,33.8,83.6,1,low
MA100187,Maharashtra,10,16.61867,75.24949,974,0.9497,1.4254,0.4756,45.31,0.0061,0.0204,0.0143,102.7,109.1,6.16,0.3266,0.3623,0.00714,0,0,16.2,76.1,0,low
MA060188,Maharashtra,6,17.16413,77.69332,1384,0.8023,1.0049,0.2026,22.45,-0.0252,-0.0331,-0.0079,133.9,128.3,-4.14,0.2054,0.1215,-0.01678,1,0,42.5,87.1,1,low
MA220189,Maharashtra,22,16.93258,78.31345,888,8.8152,11.1202,2.305,25.86,-0.1325,-0.0339,0.0986,88.2,113.6,28.54,0.2074,0.3822,0.03496,1,2,4.0,40.0,1,high
MA220190,Maharashtra,22,19.66557,72.95773,976,9.5023,19.4881,9.9858,103.99,0.0354,0.1692,0.1338,128.8,174.8,35.4,0.2511,0.3819,0.02617,1,0,13.2,27.3,1,high
MA150191,Maharashtra,15,18.60457,77.47587,632,0.7941,1.2066,0.4125,46.13,-0.2526,-0.2333,0.0193,46.3,57.1,22.78,0.588,0.6295,0.00829,0,0,56.2,61.2,1,low
MA210192,Maharashtra,21,16.70662,76.08638,4693,2.8206,3.74,0.9194,31.48,-0.2438,-0.1893,0.0545,52.9,82.0,54.06,0.4352,0.4927,0.01151,1,2,24.1,31.6,0,medium
MA040193,Maharashtra,4,18.27801,74.51649,1308,2.856,4.1546,1.2986,43.93,-0.147,-0.1058,0.0412,53.3,69.7,30.16,0.3736,0.5198,0.02924,1,2,17.0,62.5,0,medium
MA130194,Maharashtra,13,17.34315,77.53016,994,1.6429,1.6408,-0.0021,-0.12,0.1097,0.1135,0.0038,80.3,82.4,2.54,0.529,0.5051,-0.00478,0,1,30.8,79.5,0,low
MA110195,Maharashtra,11,16.44059,73.83416,949,0.6389,0.8778,0.239,32.34,-0.0043,-0.0008,0.0034,78.4,80.7,2.81,0.2158,0.1507,-0.01303,0,0,49.6,98.5,0,low
MA020196,Maharashtra,2,17.188,79.18675,813,0.9252,0.9919,0.0667,6.51,0.1168,0.1144,-0.0025,54.5,53.6,-1.78,0.357,0.3927,0.00714,0,0,35.1,62.9,1,low
MA060197,Maharashtra,6,17.60855,77.24366,2221,0.6644,0.9877,0.3234,42.3,-0.2545,-0.2439,0.0106,38.9,43.2,10.72,0.2862,0.226,-0.01204,0,0,28.9,55.1,0,low
MA270198,Maharashtra,27,18.12659,79.15488,1829,2.0636,3.5174,1.4538,67.19,0.0739,0.13,0.0561,104.2,139.1,33.24,0.3288,0.3292,8e-05,1,0,18.5,60.0,0,medium
MA230199,Maharashtra,23,21.76485,76.8444,1446,10.196,20.5559,10.3599,100.62,0.1298,0.2682,0.1384,56.9,141.8,146.45,0.4816,0.6086,0.02541,1,1,14.7,34.8,1,high
MA080200,Maharashtra,8,21.29582,80.23289,251,0.4313,0.5727,0.1414,26.61,0.1766,0.1737,-0.0028,173.5,171.8,-0.99,0.2647,0.1977,-0.01341,1,2,29.7,72.2,1,low
MA240201,Maharashtra,24,18.57524,73.43948,1126,0.4622,0.5051,0.043,7.64,-0.2299,-0.2385,-0.0086,69.6,66.0,-5.01,0.2928,0.2522,-0.00812,1,0,18.2,64.7,1,low
MA240202,Maharashtra,24,18.91976,78.04319,851,0.8111,0.7475,-0.0636,-6.98,0.0478,0.0538,0.006,77.1,78.8,2.18,0.6396,0.6287,-0.00218,1,1,52.0,67.7,0,low
MA250203,Maharashtra,25,16.34548,77.12827,1226,2.74,4.7283,1.9883,70.01,-0.1107,-0.0907,0.0199,116.1,128.1,10.2,0.6779,0.7721,0.01883,1,2,15.0,40.3,0,medium
MA090204,Maharashtra,9,17.3993,73.15591,741,2.2569,3.8006,1.5437,65.5,0.1872,0.2411,0.054,109.7,148.7,35.32,0.5805,0.5873,0.00136,1,0,29.4,43.6,1,medium
MA160205,Maharashtra,16,21.85195,78.62317,793,0.3812,0.3997,0.0185,3.85,0.0207,0.0238,0.0031,90.3,91.7,1.52,0.3918,0.3246,-0.01344,1,1,56.2,93.7,1,low
MA270206,Maharashtra,27,20.65324,77.97501,484,0.5965,0.5238,-0.0726,-10.43,-0.2878,-0.2788,0.0089,22.2,24.6,10.46,0.522,0.5048,-0.00343,1,0,46.2,62.8,1,low
MA090207,Maharashtra,9,16.53536,73.86854,298,1.2668,1.7355,0.4688,34.3,0.1707,0.1722,0.0015,140.4,141.3,0.62,0.2978,0.2988,0.00021,0,0,25.8,86.5,0,low
MA120208,Maharashtra,12,16.32632,77.27397,982,0.7,1.1499,0.45,56.25,-0.1415,-0.1263,0.0151,95.7,102.9,7.37,0.3795,0.3478,-0.00634,1,2,19.7,68.6,0,low
MA220209,Maharashtra,22,15.61196,80.34456,767,8.1042,17.2126,9.1085,111.02,0.0016,0.1613,0.1597,41.8,110.9,161.49,0.2365,0.3997,0.03265,1,2,13.3,32.3,1,high
MA260210,Maharashtra,26,16.87343,79.08913,2206,0.6568,0.9182,0.2614,34.54,-0.1773,-0.1773,-0.0001,81.0,81.0,-0.05,0.3347,0.2493,-0.01708,0,2,21.5,98.0,1,low
MA270211,Maharashtra,27,18.81618,79.26645,200,0.822,0.9713,0.1494,16.2,-0.0178,-0.0257,-0.0079,105.6,102.6,-2.84,0.6734,0.6216,-0.01035,1,0,23.0,68.8,1,low
MA160212,Maharashtra,16,16.94746,76.87042,545,0.5531,0.8679,0.3148,48.2,0.0034,-0.004,-0.0074,117.7,114.8,-2.4,0.2243,0.2711,0.00936,0,2,49.4,57.1,1,low
MA030213,Maharashtra,3,21.82047,79.77286,475,0.7088,1.0258,0.317,39.2,0.1887,0.2033,0.0146,95.2,102.0,7.07,0.4822,0.4516,-0.00613,0,0,40.2,94.2,0,low
MA010214,Maharashtra,1,21.10909,75.80288,1146,0.9804,1.1722,0.1918,17.75,-0.2866,-0.2762,0.0103,44.5,49.0,9.68,0.221,0.183,-0.0076,0,0,24.4,93.4,0,low
MA290215,Maharashtra,29,21.22107,73.48694,1316,1.404,1.437,0.0331,2.2,0.0669,0.0648,-0.0021,148.9,147.6,-0.91,0.3057,0.2333,-0.01448,1,0,54.3,65.5,0,low
MA210216,Maharashtra,21,19.28338,73.51568,428,2.5461,3.4605,0.9144,34.56,0.091,0.1237,0.0327,127.3,143.9,12.96,0.3642,0.4898,0.02511,1,2,11.0,66.9,0,medium
MA240217,Maharashtra,24,20.68448,80.39121,3215,0.5017,0.9957,0.494,82.11,-0.0582,-0.0563,0.0019,58.3,58.8,0.82,0.4562,0.4128,-0.00869,0,1,47.3,81.0,1,low
MA140218,Maharashtra,14,20.64093,74.20219,676,0.7074,1.0334,0.326,40.37,0.1483,0.151,0.0026,74.7,75.4,0.94,0.4122,0.4605,0.00967,1,0,33.8,60.8,0,low
MA220219,Maharashtra,22,20.35932,78.41454,200,0.6465,1.0922,0.4457,59.71,0.0882,0.0846,-0.0036,169.0,167.3,-1.04,0.2322,0.2567,0.0049,1,0,15.2,74.5,1,low
MA170220,Maharashtra,17,20.64255,78.08577,1435,2.8701,4.1122,1.2421,41.82,-0.0061,0.0145,0.0207,48.9,54.2,10.67,0.4106,0.5389,0.02567,1,2,23.6,38.6,0,medium
MA290221,Maharashtra,29,17.28625,74.63413,614,0.4608,0.4529,-0.0079,-1.41,-0.1289,-0.1231,0.0058,34.1,38.1,11.59,0.3202,0.3431,0.00457,1,0,25.8,68.5,0,low
MA150222,Maharashtra,15,15.97002,76.75063,200,2.6371,3.2299,0.5928,21.66,0.0394,0.0961,0.0566,84.7,108.2,27.44,0.318,0.3761,0.01162,0,0,13.4,32.9,1,medium
MA230223,Maharashtra,23,16.33877,73.13089,200,0.8757,1.0067,0.1309,13.42,-0.0411,-0.0287,0.0124,121.7,126.5,3.98,0.4407,0.4875,0.00934,1,1,16.2,85.8,1,low
MA240224,Maharashtra,24,16.83273,75.94293,425,0.6034,0.7174,0.114,16.21,-0.1707,-0.1659,0.0048,88.7,90.0,1.49,0.6765,0.6046,-0.01437,0,0,44.4,79.4,1,low
MA030225,Maharashtra,3,21.56588,73.49559,1798,0.729,0.7063,-0.0227,-2.74,-0.0305,-0.0301,0.0004,84.7,84.9,0.24,0.6432,0.624,-0.00384,1,1,47.1,79.8,1,low
MA090226,Maharashtra,9,15.92737,72.65989,799,6.5306,13.2564,6.7258,101.44,0.1494,0.2289,0.0795,126.3,158.8,25.55,0.4469,0.5936,0.02933,1,1,3.0,18.1,1,high
MA160227,Maharashtra,16,17.10509,73.74231,1376,0.6684,0.6073,-0.061,-7.94,-0.2108,-0.216,-0.0051,48.8,46.0,-5.67,0.5527,0.565,0.00245,0,0,19.3,70.2,0,low
MA190228,Maharashtra,19,19.21565,80.85729,498,0.7455,0.7918,0.0463,5.47,-0.0899,-0.0814,0.0085,122.3,124.8,2.04,0.4466,0.4248,-0.00436,0,2,16.5,65.0,0,low
MA220229,Maharashtra,22,20.56257,74.57294,498,0.7941,0.6973,-0.0968,-10.83,-0.1988,-0.1836,0.0153,35.1,46.4,31.22,0.2299,0.1713,-0.01172,1,0,51.3,58.9,1,low
MA140230,Maharashtra,14,21.15791,78.23179,426,0.6973,0.6,-0.0972,-12.2,0.0495,0.0541,0.0046,108.5,109.9,1.23,0.5202,0.5353,0.00301,0,0,26.3,56.9,0,low
MA090231,Maharashtra,9,19.87343,74.48004,782,0.5218,0.4448,-0.077,-12.39,-0.161,-0.1659,-0.0049,36.9,35.0,-5.14,0.3988,0.4104,0.00233,1,2,25.5,97.3,0,low
MA180232,Maharashtra,18,19.29764,74.83858,2685,0.4798,0.6987,0.2189,37.75,-0.1752,-0.1636,0.0116,60.9,65.1,6.83,0.5991,0.6388,0.00793,0,2,50.2,55.3,0,low
MA170233,Maharashtra,17,20.79109,73.92843,1145,0.4674,0.4251,-0.0423,-7.46,0.0707,0.0769,0.0062,143.0,145.8,1.98,0.5752,0.5093,-0.01317,0,0,24.2,68.5,1,low
MA150234,Maharashtra,15,21.35735,80.88325,2814,1.483,1.4497,-0.0332,-2.1,-0.14,-0.138,0.0019,74.3,75.5,1.62,0.688,0.6809,-0.00142,1,0,41.3,89.7,1,low
MA020235,Maharashtra,2,21.9367,80.77563,621,0.6868,0.8923,0.2055,26.12,-0.0057,0.0109,0.0166,133.9,145.0,8.22,0.2244,0.1432,-0.01624,0,0,51.9,66.2,1,low
MA050236,Maharashtra,5,17.46766,77.16302,863,0.5316,0.6176,0.0861,13.63,0.0038,0.0203,0.0165,128.1,138.4,7.99,0.3835,0.3742,-0.00188,0,0,53.9,85.4,0,low
MA190237,Maharashtra,19,16.47149,73.03583,291,0.46,0.7654,0.3054,54.53,-0.0424,-0.0256,0.0168,136.8,142.5,4.14,0.2244,0.186,-0.00768,0,0,20.2,91.5,0,low
MA090238,Maharashtra,9,20.46308,76.21406,1101,2.1321,2.3051,0.173,7.75,-0.1085,-0.1073,0.0012,98.3,98.6,0.37,0.4085,0.3372,-0.01425,0,0,38.1,56.5,1,low
MA190239,Maharashtra,19,20.01009,76.52437,718,0.6622,0.7775,0.1153,15.13,0.1527,0.1716,0.0189,141.7,148.0,4.4,0.2267,0.2568,0.00603,1,1,38.4,98.5,1,low
MA200240,Maharashtra,20,19.67075,78.68584,1826,2.4032,2.3875,-0.0157,-0.63,-0.0048,0.0087,0.0134,119.3,123.1,3.13,0.4693,0.4061,-0.01265,0,1,24.5,75.3,1,low
MA140241,Maharashtra,14,21.66462,74.65287,700,0.4886,0.6051,0.1165,19.79,-0.0069,-0.012,-0.0051,73.7,71.6,-2.9,0.6388,0.645,0.00123,0,0,45.8,60.7,1,low
MA100242,Maharashtra,10,18.09624,79.60351,1155,2.1509,3.4547,1.3039,57.93,-0.1106,-0.0538,0.0568,97.5,116.1,18.95,0.4335,0.4727,0.00785,1,2,18.7,36.3,1,medium
MA210243,Maharashtra,21,15.67526,79.2889,200,0.7495,0.7197,-0.0298,-3.51,-0.2781,-0.2843,-0.0062,34.0,31.4,-7.5,0.6683,0.5721,-0.01922,1,0,55.1,58.8,1,low
MA280244,Maharashtra,28,16.26446,78.11834,830,2.4437,4.3654,1.9218,75.55,-0.1214,-0.0845,0.0369,68.7,78.0,13.3,0.5689,0.5853,0.00329,0,1,13.4,42.3,1,medium
MA290245,Maharashtra,29,18.98437,75.64048,891,0.4584,0.8197,0.3613,64.7,0.1985,0.1948,-0.0037,146.6,144.3,-1.62,0.6882,0.7172,0.00581,1,2,29.0,67.5,1,low
MA220246,Maharashtra,22,20.02469,80.72871,200,0.5704,0.4931,-0.0773,-11.53,-0.0319,-0.0308,0.0011,35.9,36.6,2.01,0.3751,0.335,-0.00801,0,0,24.1,69.0,0,low
MA040247,Maharashtra,4,20.6664,74.98113,453,1.5377,2.0316,0.4939,30.16,0.1553,0.1691,0.0138,115.2,124.9,8.33,0.2923,0.3133,0.0042,1,1,27.7,80.4,0,low
MA280248,Maharashtra,28,20.03709,76.98737,675,0.7078,0.9486,0.2409,29.82,0.0476,0.0617,0.0141,145.1,151.1,4.07,0.3717,0.4133,0.00833,0,0,32.1,96.9,0,low
MA030249,Maharashtra,3,19.80902,78.83244,810,0.9105,1.0988,0.1883,18.63,-0.2846,-0.2648,0.0198,63.0,74.0,17.19,0.2282,0.2121,-0.00322,1,0,26.2,70.4,1,low
MA090250,Maharashtra,9,17.51436,73.67593,945,1.3925,1.7721,0.3796,25.43,-0.2155,-0.1957,0.0197,55.7,67.7,21.09,0.5065,0.4701,-0.00728,1,0,55.6,92.9,1,low
MA170251,Maharashtra,17,19.14435,80.79416,763,2.2147,3.5621,1.3475,58.22,-0.1475,-0.1085,0.039,89.2,117.8,31.66,0.4986,0.6277,0.02582,1,2,14.9,65.7,1,medium
MA110252,Maharashtra,11,21.30862,75.39945,335,0.7407,0.6958,-0.0449,-5.34,-0.1684,-0.1762,-0.0079,83.9,78.9,-5.89,0.3615,0.3323,-0.00583,1,1,39.1,99.4,1,low
MA280253,Maharashtra,28,21.74077,75.78007,1716,7.4852,16.86,9.3748,123.59,0.1409,0.3047,0.1638,100.2,176.7,75.66,0.3105,0.5437,0.04664,1,2,6.4,28.4,1,high
MA030254,Maharashtra,3,17.03064,80.64799,1009,0.8975,1.3923,0.4948,49.61,-0.2676,-0.2576,0.01,23.1,30.3,29.95,0.4756,0.473,-0.00051,1,2,48.1,73.6,1,low
MA260255,Maharashtra,26,20.71153,80.51158,1734,2.9704,3.6607,0.6902,22.48,-0.1758,-0.1376,0.0382,76.3,87.4,14.37,0.6832,0.7367,0.01071,1,1,18.1,69.5,1,medium
MA120256,Maharashtra,12,21.26809,76.50951,539,0.9767,1.4264,0.4497,41.77,-0.1508,-0.1309,0.0199,59.7,71.8,20.04,0.3433,0.3801,0.00735,0,0,21.8,70.4,1,low
MA120257,Maharashtra,12,16.02307,79.49223,1549,2.1065,2.8517,0.7453,33.78,-0.0126,0.0367,0.0493,127.6,154.8,21.17,0.2056,0.2384,0.00657,0,2,14.1,48.9,1,medium
MA160258,Maharashtra,16,20.20952,74.39791,593,0.4776,0.8092,0.3316,57.42,0.1843,0.1976,0.0133,114.1,122.2,7.05,0.3031,0.3077,0.00091,0,1,23.1,56.2,0,low
MA260259,Maharashtra,26,17.71618,77.01018,542,0.7227,1.1337,0.4109,49.95,-0.2445,-0.2382,0.0063,66.3,68.7,3.58,0.6001,0.5528,-0.00946,1,2,53.1,58.2,0,low
MA220260,Maharashtra,22,16.2541,80.49401,200,0.3826,0.5395,0.1569,32.52,-0.0928,-0.0944,-0.0016,38.9,38.4,-1.2,0.3596,0.2615,-0.01962,0,1,42.5,65.1,1,low
MA210261,Maharashtra,21,16.93,75.99277,1425,7.0202,11.8237,4.8036,67.46,-0.0023,0.173,0.1753,76.7,195.5,153.04,0.496,0.622,0.0252,1,2,4.7,17.8,1,high
MA050262,Maharashtra,5,20.01049,78.77405,2340,7.3491,11.6103,4.2612,57.2,-0.2793,-0.1684,0.1109,45.7,75.9,64.71,0.2452,0.4708,0.04512,1,2,17.4,37.3,1,high
MA010263,Maharashtra,1,18.19943,77.74776,1224,0.9347,0.8661,-0.0687,-6.64,-0.171,-0.1648,0.0063,77.7,81.3,4.55,0.4072,0.4479,0.00814,1,1,56.1,92.7,1,low
MA060264,Maharashtra,6,21.52104,72.90125,363,2.0207,2.778,0.7573,35.71,-0.1068,-0.0714,0.0354,84.7,98.0,15.54,0.3073,0.4126,0.02107,0,2,26.1,46.7,1,medium
MA120265,Maharashtra,12,15.86845,78.57535,1177,0.4396,0.3638,-0.0758,-14.05,0.1967,0.2107,0.014,93.4,103.1,10.19,0.6978,0.6413,-0.0113,0,1,21.6,55.2,0,low
MA220266,Maharashtra,22,17.60662,79.2895,201,1.1099,1.3349,0.225,18.6,-0.2272,-0.2206,0.0066,66.3,70.1,5.61,0.374,0.2994,-0.01491,1,0,35.3,95.8,0,low
MA190267,Maharashtra,19,18.45778,75.96571,1775,0.5408,0.6558,0.115,17.94,-0.2491,-0.2436,0.0055,24.6,27.9,12.95,0.4848,0.5062,0.00428,0,0,42.2,95.0,0,low
MA180268,Maharashtra,18,19.57883,79.8384,939,6.6094,16.4039,9.7945,145.98,-0.1886,-0.1263,0.0623,30.7,50.5,62.49,0.5074,0.7251,0.04353,1,0,11.8,35.3,1,high
MA220269,Maharashtra,22,16.78707,77.10907,200,0.7036,0.7573,0.0537,6.68,-0.1872,-0.1972,-0.01,90.8,85.3,-6.0,0.6248,0.6457,0.00417,1,0,17.8,92.7,0,low
MA290270,Maharashtra,29,16.89844,75.30346,1571,0.7351,0.8451,0.11,13.18,-0.2079,-0.1956,0.0124,85.6,94.1,9.89,0.4489,0.4111,-0.00755,0,2,59.2,94.7,0,low
MA220271,Maharashtra,22,15.99831,80.25964,1335,0.5905,0.577,-0.0135,-1.95,-0.158,-0.142,0.016,65.6,71.1,8.15,0.4209,0.4488,0.00559,1,0,40.1,67.5,1,low
MA020272,Maharashtra,2,17.87675,77.34942,630,0.5806,0.5583,-0.0223,-3.28,-0.2412,-0.2493,-0.0081,20.6,16.5,-19.05,0.3969,0.4129,0.00321,1,0,58.9,94.1,0,low
MA200273,Maharashtra,20,18.29237,76.74872,943,0.7485,1.0528,0.3043,35.86,-0.0524,-0.038,0.0144,54.0,60.1,11.16,0.6426,0.6604,0.00357,0,1,43.6,72.3,0,low
MA250274,Maharashtra,25,18.51632,76.01936,2242,1.3444,1.509,0.1646,11.39,-0.1558,-0.1654,-0.0096,28.9,23.3,-18.77,0.6534,0.6148,-0.00772,1,2,40.3,74.8,1,low
MA040275,Maharashtra,4,17.83902,73.62987,259,0.693,0.9059,0.213,26.86,-0.1017,-0.0966,0.0051,104.5,107.0,2.35,0.3155,0.2708,-0.00893,0,2,23.6,80.5,0,low
MA120276,Maharashtra,12,21.29294,76.15966,1259,0.6982,0.7638,0.0656,8.22,-0.2337,-0.2197,0.014,77.6,85.3,9.83,0.6153,0.5924,-0.00457,1,0,23.7,87.9,0,low
MA110277,Maharashtra,11,21.54183,79.44381,726,0.8064,1.2442,0.4378,48.3,0.0159,0.0215,0.0056,148.0,151.2,2.08,0.4198,0.4331,0.00266,1,1,59.0,84.4,0,low
MA250278,Maharashtra,25,18.78433,78.85361,266,0.4333,0.9025,0.4693,88.0,-0.0232,-0.0291,-0.0059,41.1,37.2,-9.25,0.3627,0.279,-0.01674,1,0,18.9,75.0,0,low
MA170279,Maharashtra,17,16.11369,77.98827,1380,2.0274,3.4919,1.4645,68.84,-0.229,-0.1703,0.0587,48.5,91.2,86.32,0.4523,0.5999,0.02952,0,2,12.9,52.5,0,medium
MA080280,Maharashtra,8,16.09185,75.89535,1175,0.9682,1.0513,0.0831,7.78,-0.2135,-0.2216,-0.0082,80.6,76.3,-5.21,0.3303,0.2392,-0.01822,1,0,38.1,75.1,0,low
MA050281,Maharashtra,5,20.27826,74.56768,793,3.3918,4.8454,1.4536,41.63,-0.0965,-0.0768,0.0196,97.1,108.3,11.37,0.3588,0.4744,0.02312,1,0,18.0,52.9,1,medium
MA240282,Maharashtra,24,19.93831,76.36914,2267,0.8081,1.2699,0.4617,50.84,-0.0939,-0.0896,0.0043,83.3,86.1,3.29,0.3309,0.2938,-0.00741,0,0,32.2,62.4,0,low
MA120283,Maharashtra,12,18.47811,79.26192,293,0.7668,1.2603,0.4935,56.93,-0.0794,-0.0787,0.0007,40.2,40.5,0.79,0.6703,0.5872,-0.01662,0,1,23.8,71.6,0,low
MA080284,Maharashtra,8,16.27514,75.3568,385,0.8515,0.9676,0.1161,12.2,-0.1118,-0.1022,0.0097,115.7,121.3,4.75,0.5011,0.5272,0.00522,0,1,54.9,79.2,0,low
MA290285,Maharashtra,29,19.54157,75.17754,808,2.3406,3.4841,1.1435,46.85,0.0507,0.0999,0.0492,115.4,150.6,30.17,0.5915,0.7274,0.02718,1,1,22.3,64.3,1,medium
MA120286,Maharashtra,12,20.79836,72.62082,1176,2.0937,3.1488,1.0551,48.1,0.032,0.0551,0.0231,93.8,104.0,10.69,0.6736,0.7901,0.02329,1,1,25.7,47.5,1,medium
MA100287,Maharashtra,10,17.4641,80.38003,911,0.656,0.6248,-0.0312,-4.13,0.1858,0.1771,-0.0087,190.6,186.2,-2.34,0.5939,0.5016,-0.01846,1,2,50.5,79.0,0,low
MA070288,Maharashtra,7,16.5459,78.80099,576,1.1238,1.3108,0.187,15.28,-0.2706,-0.2748,-0.0042,47.3,45.8,-3.1,0.6783,0.7153,0.0074,1,0,47.2,64.4,0,low
MA020289,Maharashtra,2,20.40007,74.80764,1019,2.1332,3.7034,1.5701,70.31,-0.1794,-0.1326,0.0468,62.2,76.7,23.01,0.6669,0.688,0.00422,1,2,27.3,64.9,0,medium
MA060290,Maharashtra,6,19.23361,80.46059,231,0.4504,0.422,-0.0284,-5.16,0.1079,0.0997,-0.0082,94.5,91.0,-3.66,0.3771,0.3236,-0.01071,0,2,42.0,98.0,0,low
MA260291,Maharashtra,26,18.69062,77.94661,1033,1.8934,2.3699,0.4765,23.91,0.1613,0.1926,0.0313,83.3,95.7,14.81,0.2505,0.3422,0.01835,1,2,21.3,69.7,1,medium
MA270292,Maharashtra,27,18.22496,77.79466,980,1.1368,1.0731,-0.0637,-5.15,-0.2037,-0.2044,-0.0007,65.4,65.0,-0.7,0.424,0.4593,0.00705,1,1,57.8,78.3,0,low
MA110293,Maharashtra,11,16.41175,74.29963,1200,2.6515,3.8529,1.2014,43.66,0.136,0.1587,0.0227,64.4,80.0,23.93,0.3389,0.4031,0.01284,1,1,28.9,38.1,1,medium
MA150294,Maharashtra,15,18.98484,73.98518,1367,0.6999,0.6664,-0.0334,-4.18,-0.1301,-0.1181,0.012,57.7,66.6,15.24,0.6044,0.6013,-0.00061,0,2,47.2,73.9,1,low
MA160295,Maharashtra,16,21.5633,75.20258,372,0.8562,1.1266,0.2704,28.28,-0.2878,-0.2811,0.0067,33.1,37.2,11.99,0.2102,0.171,-0.00782,0,0,26.3,63.9,1,low
MA070296,Maharashtra,7,21.77399,76.19071,536,2.326,3.1755,0.8496,35.02,0.0232,0.0807,0.0575,112.4,138.7,23.21,0.4789,0.5662,0.01745,1,2,29.6,53.2,1,medium
MA170297,Maharashtra,17,21.55442,73.70361,405,0.586,0.657,0.071,10.35,-0.0366,-0.025,0.0116,105.7,109.3,3.35,0.3232,0.269,-0.01083,0,0,42.5,77.0,0,low
MA280298,Maharashtra,28,19.21441,78.49526,1038,0.9787,0.9251,-0.0536,-4.97,-0.1096,-0.1099,-0.0003,58.9,58.6,-0.39,0.5371,0.5061,-0.0062,1,0,43.7,72.3,0,low
MA110299,Maharashtra,11,16.02986,73.50383,2323,0.7978,0.8713,0.0735,8.19,-0.0557,-0.0428,0.0129,78.3,84.5,7.89,0.3621,0.3736,0.0023,1,0,23.3,84.4,0,low
MA220300,Maharashtra,22,19.63657,79.60975,713,0.4623,0.6554,0.1931,34.35,-0.1436,-0.1373,0.0063,82.0,85.1,3.72,0.4648,0.506,0.00822,0,1,15.0,58.2,0,low
MA120301,Maharashtra,12,19.89049,80.7119,575,0.5397,0.6521,0.1124,17.56,0.0939,0.1092,0.0153,76.0,83.3,9.51,0.3926,0.3499,-0.00854,1,0,58.8,65.9,0,low
MA210302,Maharashtra,21,19.62486,75.02303,3516,10.0329,21.1092,11.0763,109.31,-0.0156,0.1063,0.1219,98.7,183.9,85.42,0.552,0.7074,0.03107,1,2,5.3,15.8,1,high
MA240303,Maharashtra,24,18.62214,80.66828,354,2.2987,4.2381,1.9394,80.85,-0.0137,0.0361,0.0499,119.9,143.5,19.58,0.3856,0.5154,0.02596,1,1,13.8,49.7,1,medium
MA290304,Maharashtra,29,21.89986,79.07201,864,1.4347,1.5936,0.1588,10.35,0.1472,0.1414,-0.0058,166.5,164.0,-1.48,0.4657,0.43,-0.00714,1,1,18.2,78.1,0,low
MA180305,Maharashtra,18,17.29737,75.89824,1424,3.0356,4.6647,1.6292,51.96,-0.2751,-0.2577,0.0174,41.9,52.7,25.35,0.2959,0.4291,0.02665,1,2,28.3,38.6,1,medium
MA040306,Maharashtra,4,18.90327,77.85753,2310,0.4152,0.4977,0.0824,16.0,-0.0905,-0.0944,-0.004,63.9,62.4,-2.41,0.4816,0.4467,-0.00698,1,0,52.8,96.9,1,low
MA050307,Maharashtra,5,20.21519,77.51319,993,0.6404,1.017,0.3766,50.86,-0.1839,-0.1921,-0.0082,60.8,55.8,-8.07,0.4783,0.5,0.00435,1,1,41.2,72.1,0,low
MA290308,Maharashtra,29,18.81652,77.07421,385,0.757,0.9349,0.178,20.76,-0.2499,-0.233,0.017,46.7,58.3,24.12,0.4437,0.416,-0.00554,1,1,23.5,77.8,0,low
MA230309,Maharashtra,23,19.77883,77.17748,3805,2.6414,3.758,1.1166,40.73,-0.2642,-0.2521,0.0121,58.2,66.7,14.41,0.5802,0.728,0.02957,1,2,10.9,39.4,0,medium
MA080310,Maharashtra,8,16.35753,79.31808,1412,3.5575,4.3159,0.7584,20.74,-0.0453,-0.0181,0.0272,108.7,125.0,14.9,0.3316,0.3539,0.00446,1,2,15.8,37.3,1,medium
MA090311,Maharashtra,9,16.79945,76.94302,811,1.1111,1.1673,0.0562,4.64,0.1517,0.1438,-0.0079,137.3,134.5,-2.07,0.4853,0.5196,0.00687,0,0,30.4,93.4,0,low
MA030312,Maharashtra,3,18.29594,79.69787,506,0.4824,0.887,0.4046,69.47,-0.2087,-0.2185,-0.0098,53.5,47.0,-11.86,0.3427,0.3699,0.00543,1,0,17.3,75.8,0,low
MA040313,Maharashtra,4,16.15235,77.80409,206,0.8439,1.1714,0.3275,34.7,-0.0945,-0.0987,-0.0042,42.8,41.2,-3.61,0.5857,0.5799,-0.00115,0,0,26.3,76.0,0,low
MA030314,Maharashtra,3,18.89954,80.85576,467,0.7236,0.6407,-0.0829,-10.07,0.1384,0.142,0.0036,120.1,121.5,1.13,0.6755,0.5847,-0.01817,1,0,27.2,65.6,0,low
MA140315,Maharashtra,14,19.66769,76.26632,461,0.9033,1.1092,0.206,20.53,-0.1381,-0.1181,0.02,60.1,73.4,21.86,0.3417,0.2799,-0.01236,0,1,55.3,71.4,1,low
MA080316,Maharashtra,8,19.80084,72.76485,253,1.7044,1.9952,0.2908,16.11,-0.0517,-0.039,0.0127,102.2,105.6,3.23,0.5883,0.5201,-0.01365,0,1,43.2,55.4,0,low
MA030317,Maharashtra,3,16.14149,79.46713,454,2.122,2.8397,0.7176,32.3,-0.1255,-0.0856,0.0399,54.3,64.7,18.8,0.3907,0.5076,0.02337,1,0,12.5,33.8,1,medium
MA160318,Maharashtra,16,21.1786,73.24387,1008,2.559,2.9794,0.4204,15.81,0.1105,0.1225,0.012,60.3,67.3,11.55,0.2039,0.3205,0.02331,1,2,28.3,40.8,0,medium
MA060319,Maharashtra,6,18.86127,75.1637,430,1.1927,1.1725,-0.0202,-1.56,-0.2633,-0.2473,0.0159,40.0,49.4,22.85,0.2606,0.254,-0.00132,1,0,55.0,57.2,1,low
MA240320,Maharashtra,24,18.06166,77.59281,841,0.7255,1.0087,0.2832,34.3,0.0177,0.011,-0.0068,89.9,86.4,-3.86,0.5952,0.5134,-0.01637,0,1,43.2,98.6,1,low
MA110321,Maharashtra,11,18.16367,75.69829,1517,2.742,3.3849,0.643,22.62,-0.2928,-0.2688,0.024,35.3,52.5,47.21,0.6617,0.7291,0.01348,1,2,29.5,47.6,0,medium
MA110322,Maharashtra,11,16.95885,75.03303,1276,3.2388,4.3418,1.103,33.04,0.1857,0.2117,0.026,164.8,183.9,11.53,0.6466,0.7605,0.02279,1,0,27.3,54.7,1,medium
MA050323,Maharashtra,5,18.43055,80.18454,495,0.7816,0.9836,0.202,22.91,0.1452,0.1367,-0.0085,76.5,73.2,-4.35,0.6432,0.5639,-0.01587,1,1,25.5,90.7,0,low
MA060324,Maharashtra,6,16.89261,80.80945,387,0.6271,0.603,-0.024,-3.3,0.1722,0.1799,0.0077,73.0,78.2,7.0,0.6953,0.6576,-0.00754,1,0,37.4,88.4,1,low
MA070325,Maharashtra,7,16.13019,72.62794,4629,2.2389,3.0012,0.7624,32.6,0.1602,0.1962,0.036,186.3,209.4,12.37,0.4936,0.5624,0.01376,1,0,9.9,69.7,1,medium
MA180326,Maharashtra,18,18.32234,73.65504,836,2.6412,4.094,1.4528,53.0,0.1383,0.1934,0.0551,64.1,89.2,38.63,0.497,0.5821,0.01702,1,2,22.3,42.4,1,medium
MA150327,Maharashtra,15,21.36548,76.34969,281,1.2105,1.7019,0.4914,37.49,-0.2551,-0.2409,0.0142,44.4,50.2,12.75,0.4941,0.4841,-0.002,0,0,29.2,66.0,0,low
MA240328,Maharashtra,24,20.72748,79.95216,665,1.0147,1.0887,0.074,6.64,0.0861,0.0836,-0.0025,83.9,83.0,-1.07,0.5675,0.5694,0.00038,1,0,58.7,78.4,0,low
MA060329,Maharashtra,6,16.53481,78.57872,1109,0.9775,1.4414,0.4639,43.05,0.0775,0.0797,0.0022,47.0,48.5,3.15,0.4205,0.3961,-0.00487,1,1,16.0,86.0,1,low
MA130330,Maharashtra,13,17.32982,78.74101,3890,0.8716,1.2403,0.3688,37.96,-0.0103,-0.0058,0.0045,114.9,116.9,1.73,0.2555,0.1716,-0.01679,1,1,33.2,61.6,0,low
MA090331,Maharashtra,9,16.06014,80.45011,200,3.7352,4.4575,0.7222,18.83,-0.0733,-0.0547,0.0186,119.3,126.8,6.2,0.433,0.4903,0.01145,1,2,29.7,51.4,0,medium
MA170332,Maharashtra,17,16.18504,77.58849,200,1.0998,1.034,-0.0658,-5.48,-0.2852,-0.2881,-0.0029,18.6,17.0,-8.07,0.6732,0.6984,0.00504,0,0,56.3,95.4,1,low
MA080333,Maharashtra,8,20.9295,78.67514,854,3.3422,4.16,0.8178,23.76,0.0442,0.083,0.0389,125.5,142.7,13.56,0.6469,0.7795,0.02652,1,0,10.4,53.3,0,medium
MA270334,Maharashtra,27,18.33958,77.1851,225,0.4563,0.6986,0.2423,43.55,0.0524,0.0555,0.0031,98.2,99.9,1.71,0.4215,0.3337,-0.01756,0,0,44.1,73.8,1,low
MA220335,Maharashtra,22,16.88775,75.02354,1251,0.5992,0.7573,0.1581,22.61,-0.272,-0.2693,0.0027,47.6,49.6,4.01,0.6993,0.6645,-0.00696,1,2,35.6,61.1,0,low
MA220336,Maharashtra,22,21.70144,73.41074,227,2.02,2.8772,0.8571,40.43,-0.174,-0.1302,0.0438,50.9,68.3,33.58,0.6237,0.7206,0.01939,1,1,16.6,66.7,1,medium
MA060337,Maharashtra,6,17.95244,76.94783,825,3.1004,5.0107,1.9102,59.69,0.0298,0.068,0.0382,88.5,99.8,12.53,0.6971,0.7348,0.00755,1,0,8.4,37.1,1,medium
MA030338,Maharashtra,3,21.52928,76.43129,7602,6.3527,10.886,4.5333,70.25,-0.2058,-0.0724,0.1334,32.9,81.9,144.12,0.5757,0.7055,0.02597,1,2,12.7,31.8,1,high
MA060339,Maharashtra,6,21.70715,78.8697,1622,2.045,2.54,0.495,23.08,-0.054,-0.0596,-0.0055,66.0,62.4,-5.46,0.6141,0.6622,0.00964,1,2,37.0,84.6,1,low
MA180340,Maharashtra,18,20.74442,73.09672,1444,0.9965,1.1365,0.14,12.77,-0.1241,-0.1201,0.004,74.3,76.2,2.56,0.6041,0.6062,0.00043,1,0,18.8,75.3,0,low
MA160341,Maharashtra,16,15.87391,78.73516,1305,9.5618,19.7404,10.1786,105.35,-0.0536,0.0046,0.0582,70.3,101.6,43.88,0.4303,0.5903,0.03201,1,2,11.4,16.8,1,high
MA040342,Maharashtra,4,19.78175,73.46452,1842,3.183,3.5763,0.3934,11.98,0.1614,0.1816,0.0202,134.0,140.8,5.06,0.2771,0.4063,0.02583,0,1,17.5,62.8,1,medium
MA180343,Maharashtra,18,20.94399,80.52826,2390,8.9404,13.6441,4.7037,52.03,-0.1611,0.0169,0.1779,99.3,225.1,125.38,0.4177,0.5211,0.02069,1,2,17.0,14.3,1,high
MA240344,Maharashtra,24,16.52212,77.93577,2740,0.8215,1.2362,0.4147,45.0,-0.2152,-0.207,0.0082,41.7,45.2,8.16,0.3246,0.2873,-0.00745,1,0,35.6,70.0,0,low
MA280345,Maharashtra,28,19.88046,80.49854,1529,0.769,0.9987,0.2297,26.43,-0.065,-0.0692,-0.0042,121.8,119.9,-1.54,0.6059,0.548,-0.01158,0,0,33.3,78.0,1,low
MA200346,Maharashtra,20,20.51275,74.08102,2495,0.4921,0.7972,0.3051,51.52,0.1107,0.1203,0.0097,75.3,79.1,5.0,0.6557,0.6837,0.0056,0,0,50.4,78.0,1,low
MA070347,Maharashtra,7,20.05156,76.22943,390,2.5406,3.5731,1.0324,39.1,0.1859,0.2182,0.0322,172.5,180.9,4.87,0.4942,0.6363,0.02842,1,2,28.2,66.0,1,medium
MA170348,Maharashtra,17,21.96795,75.2296,1020,2.3508,4.3475,1.9967,81.47,0.1748,0.1936,0.0188,90.8,101.3,11.4,0.5722,0.5857,0.0027,1,2,29.6,38.5,1,medium
MA060349,Maharashtra,6,20.14944,75.37081,422,0.647,0.7031,0.0562,7.52,-0.1362,-0.1313,0.0049,60.7,64.0,5.35,0.4079,0.3744,-0.00669,0,1,59.5,74.9,0,low
MA040350,Maharashtra,4,20.72297,73.14866,281,0.8887,1.2366,0.3479,35.18,-0.2658,-0.2538,0.012,27.6,32.1,15.69,0.6589,0.6297,-0.00585,1,1,27.1,58.8,0,low
MA120351,Maharashtra,12,16.43558,73.47852,1331,0.4933,0.6996,0.2063,34.77,-0.0465,-0.055,-0.0085,110.0,107.3,-2.44,0.2833,0.2538,-0.0059,0,1,36.4,95.0,0,low
MA120352,Maharashtra,12,21.67144,73.89666,1406,0.7125,0.7358,0.0234,2.87,-0.2339,-0.2181,0.0158,28.5,33.4,16.53,0.6327,0.6272,-0.0011,1,0,22.8,71.7,0,low
MA040353,Maharashtra,4,18.04728,74.03038,1978,0.7796,1.0941,0.3145,35.76,0.1106,0.1257,0.0151,137.5,147.6,7.28,0.3753,0.3198,-0.0111,0,0,27.9,93.1,1,low
MA010354,Maharashtra,1,16.72019,80.3114,2629,4.5539,6.5034,1.9495,41.89,0.0327,0.0522,0.0194,156.2,167.0,6.87,0.2062,0.2414,0.00704,1,2,28.5,55.5,1,medium
MA020355,Maharashtra,2,20.48553,76.83215,1668,0.8694,1.3154,0.4459,46.0,-0.2483,-0.2411,0.0072,21.6,25.1,15.39,0.6614,0.7101,0.00974,0,2,27.6,95.3,1,low
MA200356,Maharashtra,20,18.0107,75.03019,2932,0.5544,0.6543,0.0998,15.26,0.1317,0.1428,0.0111,182.4,188.3,3.19,0.3724,0.2791,-0.01867,1,0,39.9,69.8,1,low
MA250357,Maharashtra,25,18.18662,78.42862,1641,0.9116,0.9568,0.0452,4.47,0.1273,0.1385,0.0112,147.1,155.4,5.65,0.3958,0.4255,0.00595,0,2,32.2,57.4,1,low
MA090358,Maharashtra,9,19.27241,76.82012,738,2.1701,3.6139,1.4437,63.6,0.0804,0.1232,0.0427,155.1,185.0,19.17,0.5909,0.7378,0.02938,1,2,21.6,69.3,0,medium
MA080359,Maharashtra,8,20.39646,80.83378,356,0.5476,0.7815,0.2339,36.11,-0.1444,-0.1279,0.0165,33.6,39.4,16.71,0.5806,0.4824,-0.01963,1,0,38.7,94.5,0,low
MA130360,Maharashtra,13,17.17228,77.50869,3653,5.8776,8.8956,3.018,50.49,-0.044,0.0968,0.1408,122.5,225.2,83.16,0.3166,0.5908,0.05484,1,2,10.2,15.3,1,high
MA050361,Maharashtra,5,18.50342,80.76303,3371,3.4059,4.043,0.6371,18.17,-0.0206,0.034,0.0545,72.9,104.0,42.21,0.5307,0.5521,0.0043,1,0,21.9,55.5,1,medium
MA170362,Maharashtra,17,18.36461,78.09665,661,0.7596,1.0133,0.2538,29.53,-0.201,-0.1939,0.0071,54.2,57.6,6.2,0.6197,0.6363,0.00332,1,0,31.8,84.4,0,low
MA050363,Maharashtra,5,18.36246,79.01692,699,1.8418,2.306,0.4642,23.91,-0.0177,-0.0013,0.0164,79.9,89.2,11.5,0.4324,0.3874,-0.00901,1,0,23.6,99.4,1,low
MA200364,Maharashtra,20,17.16846,80.66144,2128,6.5672,15.2582,8.6911,130.36,-0.0095,0.1305,0.14,76.6,167.9,117.64,0.5691,0.7449,0.03517,1,2,13.8,12.6,1,high
MA240365,Maharashtra,24,20.27116,79.97056,596,0.6552,0.9942,0.3391,44.9,-0.2556,-0.2489,0.0067,65.2,68.2,4.49,0.5499,0.5685,0.00372,0,1,16.1,56.6,0,low
MA110366,Maharashtra,11,17.85509,74.45877,535,0.5951,0.5354,-0.0597,-8.6,-0.1622,-0.1484,0.0138,27.2,31.4,15.12,0.3557,0.332,-0.00473,0,2,20.5,98.2,0,low
MA240367,Maharashtra,24,18.18911,78.6713,1682,6.7346,18.2104,11.4758,167.91,-0.0879,-0.0361,0.0518,92.3,113.6,22.86,0.4352,0.6901,0.05097,1,2,11.1,31.9,1,high
MA160368,Maharashtra,16,20.39557,77.93742,4097,2.8709,3.3142,0.4433,14.92,0.1889,0.2027,0.0139,166.5,176.4,5.93,0.2227,0.2426,0.00398,1,2,28.7,38.0,1,medium
MA280369,Maharashtra,28,21.49679,73.53759,297,0.8894,1.3016,0.4122,41.66,0.084,0.1016,0.0176,79.8,92.5,15.7,0.5417,0.5271,-0.00292,1,0,28.8,72.2,0,low
MA110370,Maharashtra,11,19.84103,73.21293,474,0.6253,0.5764,-0.049,-6.75,0.0155,0.0167,0.0012,104.5,105.1,0.53,0.3392,0.3154,-0.00475,1,0,49.8,98.8,0,low
MA280371,Maharashtra,28,16.9073,78.01543,1175,2.6726,4.5359,1.8633,67.21,-0.2389,-0.2158,0.0232,68.5,77.2,12.59,0.296,0.326,0.006,1,0,9.4,54.0,0,medium
MA050372,Maharashtra,5,19.16683,77.62302,917,0.478,0.4274,-0.0506,-8.75,-0.13,-0.1276,0.0024,74.6,76.0,1.9,0.6374,0.5826,-0.01095,1,0,56.3,75.0,0,low
MA120373,Maharashtra,12,18.97174,77.64351,2429,0.6194,0.7621,0.1427,19.84,0.1155,0.1252,0.0097,153.5,157.0,2.26,0.6445,0.564,-0.01611,1,1,40.5,65.6,0,low
MA290374,Maharashtra,29,17.70295,75.1778,975,0.6826,0.8123,0.1297,16.57,-0.2054,-0.2147,-0.0093,75.4,72.4,-3.89,0.5339,0.5458,0.00237,1,1,24.2,89.7,0,low
MA230375,Maharashtra,23,16.19862,76.73988,716,0.9002,1.0829,0.1827,18.27,-0.1013,-0.108,-0.0067,115.5,111.9,-3.08,0.4042,0.3407,-0.01272,1,1,47.8,65.7,1,low
MA290376,Maharashtra,29,18.41907,79.42727,1681,7.0171,11.4263,4.4092,61.95,-0.2698,-0.1274,0.1424,67.5,122.5,80.35,0.3643,0.5799,0.04312,1,2,3.2,45.0,1,high
MA270377,Maharashtra,27,15.60201,78.40255,1996,2.9659,4.3801,1.4141,46.12,-0.2613,-0.2362,0.025,54.5,63.5,16.15,0.4378,0.5868,0.02979,1,1,29.0,51.5,0,medium
MA290378,Maharashtra,29,19.49313,78.62864,391,3.4386,5.3647,1.9261,54.43,-0.2471,-0.188,0.0591,71.6,92.3,28.59,0.6231,0.7332,0.02203,1,2,11.0,47.5,0,medium
MA170379,Maharashtra,17,17.4624,76.57167,1176,10.7458,16.8665,6.1206,56.43,-0.1965,-0.1178,0.0787,60.4,106.9,75.89,0.357,0.5963,0.04786,1,2,6.7,28.3,1,high
MA060380,Maharashtra,6,16.60369,76.72565,2712,0.6663,0.8507,0.1844,24.07,-0.0042,-0.0045,-0.0003,85.4,85.2,-0.24,0.5266,0.5542,0.00552,1,0,45.2,84.2,1,low
MA120381,Maharashtra,12,18.59811,76.73134,361,0.953,0.9328,-0.0202,-1.92,0.1493,0.1477,-0.0016,67.4,67.0,-0.61,0.4907,0.5091,0.00368,1,0,39.4,59.7,1,low
MA160382,Maharashtra,16,18.10628,78.92839,418,0.7685,1.0167,0.2482,28.57,0.0643,0.0618,-0.0025,168.5,167.1,-0.83,0.435,0.3816,-0.01068,0,0,59.8,84.1,1,low
MA120383,Maharashtra,12,18.80348,79.18228,590,0.5815,0.7743,0.1927,28.28,-0.2652,-0.2692,-0.004,38.3,36.7,-4.21,0.3595,0.2731,-0.01727,1,2,18.6,96.0,0,low
MA090384,Maharashtra,9,21.86526,73.99146,338,0.6835,0.9574,0.2739,34.95,-0.157,-0.158,-0.001,32.7,32.3,-1.06,0.6568,0.5584,-0.01968,1,2,43.5,98.1,0,low
MA120385,Maharashtra,12,19.89237,73.55103,754,0.5782,0.8849,0.3066,45.21,0.1485,0.1562,0.0077,140.2,143.9,2.68,0.5302,0.5444,0.00284,1,0,34.1,59.3,0,low
MA010386,Maharashtra,1,19.56299,74.65616,477,0.747,0.9883,0.2413,28.49,-0.1475,-0.1343,0.0131,41.0,50.5,22.59,0.4151,0.3223,-0.01856,1,1,17.3,80.5,1,low
MA180387,Maharashtra,18,17.2771,74.05214,726,0.6904,0.8288,0.1384,17.51,-0.001,-0.0078,-0.0067,37.7,34.6,-7.95,0.4582,0.3685,-0.01793,1,0,17.2,77.0,1,low
MA140388,Maharashtra,14,17.29659,74.99707,220,0.6963,0.9029,0.2066,25.94,0.0886,0.1073,0.0187,162.8,175.9,7.95,0.3173,0.2588,-0.01171,1,0,39.0,82.3,1,low
MA060389,Maharashtra,6,21.39068,76.74085,241,0.9162,1.1134,0.1972,19.4,-0.214,-0.2015,0.0126,80.1,87.6,9.16,0.5562,0.5981,0.00838,1,0,30.6,89.6,0,low
MA140390,Maharashtra,14,17.85,80.78591,378,1.0344,1.1994,0.165,14.55,0.1024,0.121,0.0187,110.0,116.2,5.57,0.2513,0.229,-0.00444,1,0,26.8,78.7,0,low
MA200391,Maharashtra,20,16.40608,75.98856,684,0.6325,0.9113,0.2789,38.08,0.1679,0.176,0.0081,158.6,161.2,1.6,0.6471,0.5535,-0.01873,0,0,17.9,65.6,0,low
MA090392,Maharashtra,9,17.75716,77.61426,1017,1.2519,1.6363,0.3844,28.43,-0.0884,-0.0695,0.019,46.5,57.9,24.01,0.2799,0.3225,0.00851,0,1,19.2,97.4,0,low
MA220393,Maharashtra,22,20.23381,78.45939,3310,6.5459,14.0189,7.473,112.45,0.0045,0.1667,0.1622,91.0,182.4,99.35,0.53,0.6341,0.02083,1,1,11.3,25.2,1,high
MA190394,Maharashtra,19,17.12685,73.25121,965,10.2204,14.535,4.3146,41.81,-0.2915,-0.1216,0.17,44.8,120.1,164.53,0.2054,0.5037,0.05966,1,2,14.2,40.1,1,high
MA180395,Maharashtra,18,16.25341,74.38439,961,0.9707,1.2645,0.2938,27.44,0.1712,0.1715,0.0003,62.9,63.0,0.16,0.6971,0.7428,0.00914,1,0,36.6,93.8,0,low
MA070396,Maharashtra,7,21.40235,77.70699,875,6.8592,14.2536,7.3943,106.25,-0.0949,-0.0293,0.0656,78.6,97.3,23.56,0.3462,0.6125,0.05326,1,2,11.9,26.2,1,high
MA150397,Maharashtra,15,20.75322,75.2507,3829,8.178,16.438,8.26,99.78,0.074,0.1502,0.0762,171.6,208.8,21.55,0.5591,0.8583,0.05983,1,0,9.1,42.3,1,high
MA030398,Maharashtra,3,20.63215,78.57267,626,0.6003,0.7736,0.1733,24.75,-0.1338,-0.1242,0.0097,54.5,57.9,6.17,0.3259,0.3739,0.00962,0,0,27.3,57.7,1,low
MA040399,Maharashtra,4,18.40638,78.00391,2105,0.6191,0.537,-0.082,-11.41,-0.1227,-0.1114,0.0112,110.3,117.6,6.56,0.6772,0.6079,-0.01386,1,2,45.4,61.4,0,low
MA140400,Maharashtra,14,19.21569,74.12185,1895,10.0051,21.0332,11.0281,109.13,0.1205,0.2839,0.1634,81.0,123.8,52.24,0.4164,0.5623,0.02918,1,1,16.1,44.0,1,high
MA170401,Maharashtra,17,19.78015,79.70283,275,2.7342,3.9316,1.1974,42.25,-0.0079,0.0355,0.0434,141.9,161.9,14.01,0.2179,0.2363,0.0037,0,1,25.2,37.4,0,medium
MA020402,Maharashtra,2,19.48407,74.56789,630,1.0531,1.3501,0.297,25.75,0.1614,0.1598,-0.0016,149.0,147.9,-0.77,0.6932,0.6696,-0.00473,0,0,56.4,70.2,0,low
MA190403,Maharashtra,19,21.7158,72.68519,1246,2.1325,3.7182,1.5857,71.03,0.1148,0.1309,0.0161,94.8,102.3,7.77,0.4129,0.4233,0.00207,1,0,19.0,31.0,1,medium
MA220404,Maharashtra,22,21.69052,77.00914,1312,0.5294,0.8841,0.3547,56.36,-0.0383,-0.0367,0.0016,106.5,107.5,0.92,0.6875,0.6532,-0.00687,1,1,40.4,65.6,0,low
MA090405,Maharashtra,9,20.96128,76.86263,303,0.7713,1.1695,0.3982,45.7,0.0523,0.0576,0.0053,130.1,133.3,2.44,0.4654,0.4406,-0.00496,1,2,33.0,89.9,0,low
MA200406,Maharashtra,20,20.96443,79.85308,244,0.808,0.9794,0.1715,18.88,0.0138,0.0281,0.0142,121.2,125.4,3.44,0.6834,0.6558,-0.00553,1,0,55.7,62.0,1,low
MA150407,Maharashtra,15,16.96048,77.13357,1105,0.981,0.925,-0.056,-5.18,0.0261,0.0426,0.0165,67.6,73.8,9.09,0.583,0.6224,0.00788,1,0,59.0,68.5,0,low
MA030408,Maharashtra,3,21.94775,73.50116,579,0.6958,1.1466,0.4508,56.64,-0.1237,-0.1186,0.0052,80.6,83.7,3.78,0.6352,0.6206,-0.00293,1,2,17.0,87.6,0,low
MA220409,Maharashtra,22,17.12796,78.71561,1732,3.3918,4.5317,1.1399,32.64,0.0175,0.0278,0.0103,61.9,69.0,11.34,0.667,0.6714,0.00088,0,1,25.1,59.5,0,medium
MA080410,Maharashtra,8,16.91625,75.4963,711,0.7869,0.7732,-0.0138,-1.55,-0.0093,-0.0182,-0.009,42.6,37.2,-12.44,0.3051,0.3243,0.00383,1,0,33.5,73.5,0,low
MA010411,Maharashtra,1,20.71496,76.94886,745,0.7894,0.7681,-0.0213,-2.4,-0.2967,-0.2869,0.0099,29.9,34.8,15.95,0.4517,0.4068,-0.00898,1,0,28.2,75.2,0,low
MA280412,Maharashtra,28,18.54891,73.06914,636,0.7484,1.1929,0.4445,52.39,-0.2349,-0.2215,0.0134,46.9,50.8,8.29,0.3818,0.3987,0.00339,1,0,18.9,79.1,0,low
MA010413,Maharashtra,1,17.82253,72.79604,427,0.8691,0.8985,0.0294,3.03,0.095,0.0882,-0.0068,80.8,78.6,-2.69,0.4427,0.4823,0.00791,1,0,28.6,69.7,0,low
MA070414,Maharashtra,7,20.82872,76.87696,2505,9.3281,12.9668,3.6387,38.59,-0.0012,0.05,0.0512,115.0,128.6,11.72,0.4046,0.5568,0.03042,1,2,13.1,34.7,1,high
MA230415,Maharashtra,23,17.80267,76.74222,1204,0.7702,0.9888,0.2186,25.13,0.0969,0.1035,0.0066,150.4,153.9,2.3,0.3155,0.2354,-0.01603,1,2,51.1,56.5,0,low
MA200416,Maharashtra,20,20.43136,73.25604,1072,0.4858,0.6758,0.1899,32.42,-0.0432,-0.0435,-0.0003,115.9,115.7,-0.19,0.2742,0.2764,0.00043,1,0,15.6,95.6,1,low
MA160417,Maharashtra,16,17.91618,80.41272,1408,0.5816,1.0008,0.4191,61.49,0.1473,0.1427,-0.0046,93.7,92.4,-1.3,0.2413,0.1577,-0.01671,0,0,15.0,79.9,0,low
MA290418,Maharashtra,29,20.39582,77.40583,222,1.1387,1.1242,-0.0145,-1.17,-0.1694,-0.1625,0.0069,33.6,36.2,7.48,0.6342,0.6218,-0.00247,0,0,30.5,68.6,0,low
MA170419,Maharashtra,17,16.1285,79.13835,988,0.8581,0.9363,0.0781,8.16,0.0659,0.0748,0.0089,68.8,74.6,8.34,0.4399,0.4844,0.00888,0,2,58.2,62.6,0,low
MA050420,Maharashtra,5,17.96357,80.52413,682,0.9678,0.8679,-0.0999,-9.36,0.183,0.2001,0.0172,96.8,101.9,5.29,0.637,0.5641,-0.01458,0,1,48.5,77.6,1,low
MA160421,Maharashtra,16,18.7997,74.04756,328,0.3824,0.3484,-0.034,-7.05,-0.1503,-0.157,-0.0067,97.1,94.6,-2.57,0.585,0.6255,0.00811,1,0,31.1,73.5,1,low
MA130422,Maharashtra,13,15.87161,74.76103,543,1.0156,1.505,0.4893,43.86,0.0654,0.0602,-0.0052,107.7,105.0,-2.53,0.4931,0.4631,-0.00599,0,0,29.4,94.4,0,low
MA020423,Maharashtra,2,16.1411,80.32359,7326,6.1456,12.608,6.4624,103.47,-0.1286,0.0504,0.1791,72.0,168.3,131.81,0.6733,0.8491,0.03516,1,2,13.1,10.1,1,high
MA220424,Maharashtra,22,17.86906,80.33211,1057,0.841,1.1638,0.3229,34.31,-0.029,-0.0344,-0.0054,81.0,78.3,-3.36,0.3968,0.3925,-0.00086,0,0,19.2,78.1,0,low
MA190425,Maharashtra,19,20.27427,74.85685,399,1.1333,1.1273,-0.006,-0.48,0.0223,0.0177,-0.0045,151.4,149.6,-1.15,0.4939,0.5037,0.00197,1,1,46.4,68.1,0,low
MA130426,Maharashtra,13,17.62749,78.51694,524,3.4039,4.4237,1.0197,29.1,-0.2198,-0.1628,0.057,37.8,77.5,102.18,0.5132,0.6351,0.02438,1,1,13.1,59.8,1,medium
MA260427,Maharashtra,26,20.23624,78.16192,7143,2.6399,3.0511,0.4112,15.01,0.0339,0.0902,0.0563,59.7,94.8,57.98,0.49,0.6366,0.02933,1,1,19.0,60.6,1,medium
MA040428,Maharashtra,4,16.02478,78.35605,417,0.7623,0.955,0.1927,22.35,0.0979,0.1007,0.0027,45.0,46.9,4.04,0.2907,0.2319,-0.01176,1,1,58.6,72.6,1,low
MA130429,Maharashtra,13,19.79784,80.57683,1260,9.3511,13.3692,4.018,42.51,-0.155,0.0023,0.1573,68.8,114.9,65.88,0.3822,0.5339,0.03035,1,2,17.1,26.4,1,high
MA240430,Maharashtra,24,20.66846,75.87256,1100,2.1668,3.8711,1.7043,75.18,0.0482,0.0779,0.0297,53.7,75.3,39.55,0.4945,0.5748,0.01607,1,1,27.4,40.0,1,medium
MA190431,Maharashtra,19,19.69796,74.39857,821,0.4577,0.9154,0.4577,82.07,-0.1981,-0.1793,0.0188,87.3,92.7,6.23,0.4167,0.4139,-0.00056,1,1,19.7,76.6,1,low
MA200432,Maharashtra,20,21.93564,80.40007,911,1.16,1.4107,0.2507,19.9,0.0367,0.0291,-0.0076,154.4,152.0,-1.55,0.2047,0.1253,-0.01588,1,0,57.1,81.0,1,low
MA240433,Maharashtra,24,18.05589,77.18576,830,1.1881,1.1558,-0.0322,-2.5,-0.1418,-0.1332,0.0086,67.3,69.7,3.45,0.6374,0.6767,0.00784,0,1,26.5,82.4,0,low
MA200434,Maharashtra,20,19.64443,73.16896,977,0.6126,0.8878,0.2752,38.62,-0.201,-0.2039,-0.0028,88.0,86.9,-1.2,0.2512,0.2397,-0.00229,1,0,51.9,97.8,1,low
MA120435,Maharashtra,12,19.30925,80.19374,536,0.8295,0.9129,0.0834,8.98,-0.1319,-0.1397,-0.0078,59.0,54.6,-7.2,0.4845,0.4287,-0.01116,1,1,44.1,78.2,0,low
MA160436,Maharashtra,16,16.21474,74.9438,200,1.0279,1.0366,0.0086,0.77,-0.0537,-0.0628,-0.0091,89.9,87.6,-2.55,0.3607,0.376,0.00306,1,0,45.6,77.2,0,low
MA130437,Maharashtra,13,18.77579,79.75437,590,1.9333,3.7792,1.8459,90.78,-0.2062,-0.1765,0.0297,78.4,86.5,10.22,0.3046,0.4289,0.02485,1,0,23.0,33.9,1,medium
MA090438,Maharashtra,9,16.34019,73.44161,449,1.1349,1.0766,-0.0583,-4.72,0.0261,0.0215,-0.0047,105.9,104.4,-1.34,0.6941,0.6676,-0.0053,1,0,29.0,65.3,0,low
MA290439,Maharashtra,29,17.13545,77.83759,1716,0.6405,0.5948,-0.0457,-6.17,-0.0676,-0.0578,0.0098,80.5,85.2,5.79,0.3548,0.3805,0.00513,1,1,48.1,95.2,0,low
MA290440,Maharashtra,29,16.63282,80.00141,450,0.874,1.2131,0.3391,34.82,-0.0478,-0.0352,0.0126,45.3,52.2,15.01,0.3425,0.2632,-0.01586,0,0,40.4,76.4,1,low
MA290441,Maharashtra,29,17.87673,78.72791,1508,2.3307,3.4883,1.1576,47.63,0.0573,0.0845,0.0272,109.0,128.3,17.5,0.6908,0.7752,0.01686,1,0,13.5,36.6,0,medium
MA010442,Maharashtra,1,21.02365,73.44552,379,4.2499,5.4449,1.195,27.47,-0.2218,-0.2086,0.0132,28.8,36.2,24.98,0.5129,0.6626,0.02995,1,1,15.9,41.1,0,medium
MA210443,Maharashtra,21,19.48462,76.56722,408,0.6162,0.7561,0.1399,19.53,-0.0302,-0.0128,0.0174,55.1,60.0,8.63,0.6742,0.6128,-0.01229,0,2,33.0,98.4,0,low
MA150444,Maharashtra,15,17.30853,75.75063,306,0.5737,1.0505,0.4768,70.77,0.0358,0.0269,-0.0088,78.3,72.4,-7.34,0.5281,0.5775,0.00987,1,0,35.5,62.1,0,low
MA120445,Maharashtra,12,21.46431,75.41994,408,0.6194,0.7452,0.1258,17.49,-0.1347,-0.1421,-0.0074,107.0,102.7,-3.92,0.6035,0.5953,-0.00164,1,2,38.0,99.3,1,low
MA270446,Maharashtra,27,17.26946,78.4405,584,3.5424,4.2496,0.7073,19.42,0.1038,0.1586,0.0548,109.3,129.1,17.96,0.4586,0.5025,0.00879,0,2,12.4,45.5,1,medium
MA160447,Maharashtra,16,16.59565,76.69981,266,0.7763,1.0508,0.2745,31.33,0.0612,0.0535,-0.0076,150.1,144.5,-3.65,0.5901,0.5978,0.00154,0,2,30.9,66.8,1,low
MA140448,Maharashtra,14,20.96596,80.83676,200,0.9845,1.0142,0.0296,2.73,-0.2195,-0.2055,0.014,37.2,41.0,9.79,0.2453,0.2342,-0.00222,1,1,24.8,77.7,1,low
MA170449,Maharashtra,17,18.70425,73.19949,421,0.7617,0.6809,-0.0808,-9.38,0.1433,0.1399,-0.0034,171.6,169.5,-1.2,0.376,0.4126,0.00732,0,0,26.0,56.8,1,low
MA220000,Madhya Pradesh,22,23.94803,81.71397,1021,0.6876,1.1492,0.4616,58.62,-0.089,-0.0703,0.0187,103.1,110.4,7.05,0.3457,0.362,0.00326,1,1,32.5,83.8,0,low
MA040001,Madhya Pradesh,4,24.57863,76.91098,615,1.0073,1.0645,0.0572,5.16,-0.107,-0.1167,-0.0097,97.9,92.7,-5.27,0.3756,0.2856,-0.018,1,1,46.6,76.2,0,low
MA060002,Madhya Pradesh,6,23.56012,79.93852,3265,9.8491,19.5837,9.7346,97.84,-0.0092,0.0419,0.051,44.3,70.5,57.82,0.2868,0.5683,0.0563,1,2,4.1,28.9,1,high
MA230003,Madhya Pradesh,23,25.56434,76.38206,758,2.4439,2.7651,0.3211,12.62,-0.0317,0.0197,0.0514,41.6,56.7,35.59,0.4487,0.596,0.02947,1,2,17.7,54.4,0,medium
MA280004,Madhya Pradesh,28,25.19055,78.86053,502,2.3289,4.2011,1.8721,77.08,-0.2077,-0.1745,0.0333,32.5,52.7,60.19,0.5408,0.6255,0.01695,0,1,20.5,67.1,1,medium
MA080005,Madhya Pradesh,8,21.95097,74.20749,200,1.0094,1.3517,0.3423,30.85,-0.1359,-0.1297,0.0062,65.1,66.6,2.34,0.5804,0.5928,0.00249,1,2,32.4,99.4,0,low
MA020006,Madhya Pradesh,2,25.08048,82.59659,337,1.242,1.1543,-0.0877,-6.53,-0.1604,-0.1636,-0.0033,30.6,29.6,-3.07,0.2743,0.3091,0.00697,1,0,37.9,57.6,0,low
MA180007,Madhya Pradesh,18,21.79475,81.73413,349,2.3724,3.9012,1.5288,61.84,-0.0269,-0.0113,0.0156,127.1,134.6,5.86,0.4923,0.5458,0.01069,1,2,19.9,63.6,1,medium
MA290008,Madhya Pradesh,29,25.33154,81.13415,1127,0.8651,1.085,0.2199,22.79,0.0085,0.0113,0.0028,52.8,54.5,3.15,0.464,0.4218,-0.00842,1,2,46.2,88.6,1,low
MA260009,Madhya Pradesh,26,24.79928,80.9438,452,0.5628,0.5826,0.0198,2.99,-0.0925,-0.0901,0.0024,94.8,95.9,1.17,0.2711,0.2783,0.00144,1,1,27.7,71.7,0,low
MA290010,Madhya Pradesh,29,21.92573,78.15738,1450,3.5483,4.4107,0.8623,23.64,-0.1189,-0.0894,0.0295,112.2,131.6,17.15,0.611,0.6241,0.00262,1,0,26.9,64.5,1,medium
MA010011,Madhya Pradesh,1,24.17804,74.82071,385,2.7133,3.4421,0.7287,25.9,-0.1952,-0.1672,0.028,34.4,53.8,54.85,0.2642,0.2916,0.00548,1,1,11.0,47.7,1,medium
MA210012,Madhya Pradesh,21,23.47907,75.1055,1136,2.1884,3.8391,1.6507,72.13,-0.0857,-0.0413,0.0444,54.7,72.4,31.76,0.4667,0.5726,0.02117,0,0,21.2,34.8,1,medium
MA290013,Madhya Pradesh,29,25.5199,81.07943,2263,2.9115,4.34,1.4285,47.43,-0.2464,-0.2324,0.0139,65.8,72.7,10.32,0.2891,0.4382,0.02982,1,0,10.0,69.3,1,medium
MA110014,Madhya Pradesh,11,26.78204,75.68543,1099,8.4648,14.461,5.9961,70.01,-0.1463,-0.0802,0.0661,101.0,124.4,22.99,0.2742,0.4982,0.0448,1,2,4.6,36.7,1,high
MA140015,Madhya Pradesh,14,24.40897,74.93772,504,0.9378,1.0662,0.1284,12.38,0.0847,0.0772,-0.0075,54.1,50.9,-5.78,0.4592,0.4941,0.00698,1,0,22.0,59.2,1,low
MA110016,Madhya Pradesh,11,21.19729,78.16141,3124,1.4449,1.6842,0.2393,15.49,-0.0159,-0.0079,0.008,114.9,120.2,4.63,0.406,0.3883,-0.00353,0,1,24.1,75.2,0,low
MA190017,Madhya Pradesh,19,23.46115,79.59545,384,2.9164,4.5506,1.6343,54.18,0.094,0.1341,0.0401,148.1,160.8,8.51,0.681,0.789,0.02161,1,2,20.5,56.9,0,medium
MA180018,Madhya Pradesh,18,21.5061,81.73726,744,0.9136,0.9503,0.0367,3.62,-0.1605,-0.1643,-0.0038,92.2,89.5,-2.9,0.5167,0.5313,0.00293,1,0,48.8,86.8,0,low
MA150019,Madhya Pradesh,15,24.33635,76.67486,3615,0.9699,1.1199,0.15,14.02,0.0066,0.0125,0.0059,40.1,43.2,7.58,0.6104,0.5373,-0.01461,1,0,25.8,72.1,0,low
MA250020,Madhya Pradesh,25,22.31512,75.77568,988,2.0387,2.9846,0.946,44.23,-0.1054,-0.0636,0.0418,101.9,120.7,18.26,0.243,0.2612,0.00363,1,1,12.3,48.1,0,medium
MA150021,Madhya Pradesh,15,23.76657,81.32533,655,2.2713,4.12,1.8487,77.96,0.0687,0.104,0.0353,59.9,77.5,28.8,0.3778,0.4729,0.01902,0,0,15.6,57.0,1,medium
MA150022,Madhya Pradesh,15,21.70061,76.25395,621,3.2311,5.1325,1.9013,57.08,0.0569,0.1028,0.0459,56.2,87.2,54.13,0.5456,0.6103,0.01294,1,2,27.8,33.2,0,medium
MA220023,Madhya Pradesh,22,24.32528,75.24849,620,0.7561,1.166,0.4099,47.87,-0.0985,-0.1001,-0.0016,111.9,111.4,-0.48,0.2911,0.2073,-0.01676,0,0,55.4,70.0,0,low
MA220024,Madhya Pradesh,22,21.73165,75.4699,2809,8.8904,14.0184,5.128,57.04,0.0069,0.0739,0.067,57.3,80.6,40.11,0.587,0.8158,0.04577,1,2,6.6,25.6,1,high
MA130025,Madhya Pradesh,13,26.52138,80.36822,478,2.6832,3.1106,0.4274,15.36,-0.2861,-0.2484,0.0378,17.5,36.9,105.34,0.2568,0.2891,0.00646,0,2,28.4,53.2,1,medium
MA090026,Madhya Pradesh,9,22.90687,77.57361,715,2.03,3.8806,1.8507,86.89,0.0667,0.0831,0.0164,150.0,155.8,3.81,0.4092,0.5286,0.02389,1,2,18.5,68.9,0,medium
MA260027,Madhya Pradesh,26,21.36721,81.34494,200,0.9763,1.2307,0.2544,23.64,0.1728,0.1677,-0.0051,198.5,195.7,-1.45,0.3621,0.3182,-0.00877,1,1,36.6,87.0,0,low
MA290028,Madhya Pradesh,29,25.77328,81.06027,773,1.0838,1.4089,0.3251,27.46,0.1916,0.1827,-0.0089,80.6,77.3,-3.97,0.3765,0.3169,-0.01191,0,0,36.4,70.6,0,low
MA010029,Madhya Pradesh,1,22.67293,75.10632,258,0.7981,0.7526,-0.0455,-5.07,-0.0873,-0.085,0.0023,68.4,70.0,2.3,0.4576,0.4806,0.00462,1,2,48.5,82.4,0,low
MA050030,Madhya Pradesh,5,23.26608,81.23543,1199,3.3216,3.6792,0.3576,10.45,0.1889,0.2069,0.0179,96.6,104.8,8.35,0.2387,0.2712,0.0065,1,2,10.9,65.3,1,medium
MA160031,Madhya Pradesh,16,22.52347,77.94236,1519,2.0163,3.2968,1.2806,60.51,-0.1842,-0.1581,0.0262,66.2,74.3,12.03,0.5871,0.6607,0.01472,1,2,18.9,63.8,1,medium
MA060032,Madhya Pradesh,6,25.01507,74.60821,1516,2.9591,4.0927,1.1336,37.06,0.1095,0.1267,0.0171,157.2,169.5,7.78,0.5061,0.5989,0.01858,1,2,22.5,46.3,1,medium
MA170033,Madhya Pradesh,17,24.14241,76.99001,793,0.5159,0.9002,0.3843,62.39,-0.2506,-0.2473,0.0034,40.3,42.7,5.81,0.4095,0.4016,-0.00157,1,0,32.9,65.9,1,low
MA260034,Madhya Pradesh,26,25.31212,78.10754,1871,3.2098,4.3915,1.1817,35.7,-0.2762,-0.2556,0.0206,17.1,28.7,63.83,0.598,0.6641,0.01323,1,2,25.5,56.8,0,medium
MA230035,Madhya Pradesh,23,22.51288,74.11759,868,3.0023,3.7928,0.7905,25.48,-0.2354,-0.1757,0.0597,65.1,108.5,65.67,0.3453,0.4687,0.02469,0,0,28.5,45.6,1,medium
MA130036,Madhya Pradesh,13,25.56792,79.34399,3464,2.221,3.7505,1.5295,65.9,-0.1655,-0.1376,0.0279,46.7,55.4,18.18,0.4102,0.4786,0.01368,0,0,20.8,61.0,1,medium
MA200037,Madhya Pradesh,20,26.10392,80.98104,1788,9.0036,16.5045,7.5009,82.39,-0.1637,-0.0471,0.1166,63.7,117.7,83.41,0.3637,0.5797,0.0432,1,2,12.1,39.9,1,high
MA240038,Madhya Pradesh,24,24.96898,81.30609,411,2.6864,3.1303,0.4439,15.93,-0.2088,-0.18,0.0289,52.6,73.4,38.9,0.4171,0.4975,0.01608,1,1,24.9,49.2,1,medium
MA150039,Madhya Pradesh,15,26.15052,75.93931,445,0.7575,1.1677,0.4101,47.83,-0.0598,-0.0461,0.0137,61.5,69.8,13.21,0.5029,0.4714,-0.0063,0,2,51.8,95.9,0,low
MA250040,Madhya Pradesh,25,24.86087,77.18986,1235,2.1245,2.772,0.6475,29.11,-0.2664,-0.2558,0.0106,46.0,52.1,13.07,0.5632,0.5798,0.00332,0,2,17.0,43.3,1,medium
MA210041,Madhya Pradesh,21,24.36822,76.56448,242,0.5331,0.9116,0.3784,59.77,0.0487,0.0543,0.0056,51.8,53.7,3.6,0.2746,0.3155,0.00817,1,1,44.0,63.9,0,low
MA040042,Madhya Pradesh,4,25.95793,74.07808,507,1.012,1.1935,0.1816,16.33,0.1451,0.1389,-0.0061,70.0,66.7,-4.65,0.3721,0.3303,-0.00836,1,1,50.5,57.0,0,low
MA110043,Madhya Pradesh,11,24.96517,81.76617,485,3.4534,4.7851,1.3317,37.48,-0.129,-0.0909,0.0381,58.1,83.0,42.27,0.4704,0.515,0.0089,1,2,15.1,32.7,0,medium
MA270044,Madhya Pradesh,27,21.86914,79.99606,3530,1.3509,1.427,0.0761,5.25,-0.1427,-0.1274,0.0153,33.3,39.9,19.16,0.58,0.4951,-0.01698,0,1,24.2,80.0,0,low
MA090045,Madhya Pradesh,9,24.19723,76.41903,290,0.8809,1.0404,0.1595,16.26,-0.029,-0.0389,-0.0099,130.6,125.0,-4.26,0.4089,0.3161,-0.01856,1,2,46.1,94.2,0,low
MA100046,Madhya Pradesh,10,25.12956,82.76004,771,2.7023,3.4997,0.7975,28.46,0.0621,0.0837,0.0215,168.6,181.5,7.56,0.6432,0.7634,0.02402,0,2,25.7,34.3,0,medium
MA200047,Madhya Pradesh,20,26.20704,74.14234,816,7.2889,18.479,11.1901,151.45,0.0103,0.0876,0.0774,149.7,203.3,35.62,0.3176,0.5113,0.03874,1,2,15.1,27.7,1,high
MA260048,Madhya Pradesh,26,23.8148,77.2697,1749,7.4779,10.7779,3.3,43.55,-0.0104,0.09,0.1004,45.3,107.5,134.29,0.5408,0.8328,0.0584,1,0,13.0,12.7,1,high
MA150049,Madhya Pradesh,15,25.61441,82.71444,299,3.2359,3.6622,0.4263,12.78,-0.1448,-0.0977,0.0471,32.3,56.6,72.88,0.2121,0.2838,0.01434,0,1,11.2,37.7,0,medium
MA140050,Madhya Pradesh,14,25.95926,80.49989,3936,9.7816,19.3156,9.534,96.48,-0.2655,-0.159,0.1064,66.8,135.6,101.4,0.5929,0.8832,0.05806,1,0,7.2,24.7,1,high
MA090051,Madhya Pradesh,9,24.50189,81.41202,2380,2.4274,3.3498,0.9223,36.49,-0.0039,0.044,0.0479,122.7,140.3,14.24,0.3178,0.4363,0.0237,1,1,18.2,46.6,1,medium
MA210052,Madhya Pradesh,21,21.34808,77.72315,1026,1.1596,1.6266,0.467,37.08,0.1513,0.1669,0.0156,170.5,175.0,2.59,0.4435,0.3791,-0.01288,0,2,44.3,98.9,1,low
MA240053,Madhya Pradesh,24,22.06074,81.28987,201,0.66,0.6695,0.0094,1.24,-0.1347,-0.1207,0.0141,51.5,58.2,12.89,0.5511,0.4615,-0.01792,0,1,19.8,83.1,0,low
MA200054,Madhya Pradesh,20,25.00239,74.64382,457,0.6029,1.0886,0.4857,69.1,-0.2093,-0.2108,-0.0015,82.7,81.8,-1.06,0.4093,0.413,0.00073,1,1,51.7,91.3,0,low
MA260055,Madhya Pradesh,26,23.38311,80.66555,1650,0.8108,0.77,-0.0408,-4.48,-0.0333,-0.0327,0.0006,114.4,114.6,0.14,0.6024,0.5987,-0.00076,1,0,31.5,86.8,1,low
MA170056,Madhya Pradesh,17,21.613,81.58331,2751,2.8093,3.9227,1.1134,38.27,-0.1558,-0.1363,0.0195,93.1,105.5,13.11,0.3093,0.3832,0.01476,1,1,16.6,41.2,0,medium
MA020057,Madhya Pradesh,2,26.82382,76.87093,390,0.5205,0.8679,0.3474,55.99,0.0488,0.0623,0.0135,108.5,114.3,5.34,0.618,0.6348,0.00337,1,0,27.4,68.6,1,low
MA250058,Madhya Pradesh,25,22.24968,78.5766,5288,3.3486,5.0384,1.6899,49.0,0.1847,0.2165,0.0318,204.2,218.7,7.04,0.2565,0.328,0.01429,0,0,22.1,57.8,1,medium
MA010059,Madhya Pradesh,1,21.73542,78.46578,945,2.4303,3.3034,0.8731,34.51,0.178,0.2247,0.0466,168.3,192.5,14.24,0.5508,0.6308,0.01601,1,1,23.1,54.8,1,medium
MA020060,Madhya Pradesh,2,25.01036,78.83613,1518,0.4555,0.9332,0.4778,86.01,-0.089,-0.0903,-0.0013,90.0,89.6,-0.51,0.5238,0.4388,-0.017,1,0,51.6,84.0,0,low
MA130061,Madhya Pradesh,13,26.50717,78.82689,455,0.8586,1.1765,0.3179,33.16,0.1278,0.1408,0.013,145.1,152.0,4.72,0.5467,0.4935,-0.01066,1,0,51.2,73.3,0,low
MA090062,Madhya Pradesh,9,25.79251,77.86552,974,2.1009,2.6906,0.5897,26.79,0.0205,0.0594,0.0389,45.0,66.0,45.56,0.3872,0.425,0.00758,1,0,9.2,57.1,1,medium
MA280063,Madhya Pradesh,28,25.44277,80.90323,2336,2.3127,3.7829,1.4701,60.93,-0.1852,-0.1611,0.0241,32.4,40.9,25.37,0.5669,0.5837,0.00335,0,2,26.1,32.0,0,medium
MA080064,Madhya Pradesh,8,22.93257,82.67837,693,0.7044,0.8971,0.1928,23.96,0.1081,0.1021,-0.0059,81.0,77.4,-4.37,0.4349,0.4257,-0.00183,1,1,16.5,67.3,0,low
MA140065,Madhya Pradesh,14,22.50857,80.99565,592,8.4512,13.7011,5.2499,61.39,0.198,0.2827,0.0847,170.1,229.0,34.42,0.5318,0.76,0.04562,1,2,4.5,36.6,1,high
MA180066,Madhya Pradesh,18,24.99543,80.84254,607,0.7211,0.6691,-0.052,-6.33,-0.2013,-0.2004,0.0009,83.3,83.8,0.56,0.3216,0.2556,-0.01319,1,1,28.2,63.8,1,low
MA050067,Madhya Pradesh,5,24.82862,80.81766,307,0.9665,1.1662,0.1997,18.73,-0.1703,-0.1634,0.0069,25.5,29.3,14.41,0.6972,0.7306,0.00668,0,0,49.3,98.1,0,low
MA190068,Madhya Pradesh,19,22.7736,76.1858,452,3.2672,4.7465,1.4793,43.93,0.0515,0.0857,0.0342,131.9,156.5,18.46,0.2787,0.3185,0.00796,1,2,11.8,55.8,1,medium
MA090069,Madhya Pradesh,9,23.01969,81.64595,751,1.3408,1.6141,0.2733,18.97,-0.0744,-0.0598,0.0146,109.7,118.3,7.74,0.3293,0.3749,0.00911,0,2,19.4,97.8,1,low
MA090070,Madhya Pradesh,9,25.98439,75.54133,2073,2.9485,4.8849,1.9364,63.52,-0.027,0.0031,0.0302,49.1,60.5,22.75,0.6922,0.7645,0.01446,0,1,12.4,60.5,1,medium
MA100071,Madhya Pradesh,10,26.62488,82.18332,2060,2.6801,4.4145,1.7344,62.39,-0.1249,-0.0706,0.0543,77.4,117.7,51.36,0.4195,0.5423,0.02455,1,2,9.0,33.4,1,medium
MA060072,Madhya Pradesh,6,23.29169,79.5395,1089,3.2042,4.7626,1.5584,47.16,-0.0897,-0.0757,0.014,50.1,59.3,17.91,0.5382,0.6713,0.02661,1,1,17.3,60.4,1,medium
MA080073,Madhya Pradesh,8,22.17389,81.11003,813,0.553,1.0528,0.4998,76.54,0.0118,0.0275,0.0158,144.1,149.8,3.9,0.5642,0.5631,-0.00023,0,0,20.4,84.2,1,low
MA230074,Madhya Pradesh,23,21.57414,75.23724,731,1.8399,3.476,1.6362,84.34,-0.0669,-0.0312,0.0357,66.5,79.2,18.76,0.6428,0.7557,0.02257,1,0,10.6,32.5,1,medium
MA290075,Madhya Pradesh,29,25.35777,75.49074,979,0.6179,0.6188,0.0009,0.12,-0.2818,-0.2768,0.005,39.1,41.5,6.11,0.5137,0.4221,-0.01833,1,0,29.7,88.1,0,low
MA200076,Madhya Pradesh,20,22.64935,77.57979,581,1.4692,1.8055,0.3363,21.43,0.0054,0.0033,-0.0021,104.9,103.6,-1.18,0.5068,0.4847,-0.00442,1,0,18.3,66.9,0,low
MA040077,Madhya Pradesh,4,23.01261,80.55457,274,0.7025,0.6634,-0.0391,-4.88,0.0216,0.0217,0.0001,77.9,77.9,0.02,0.3175,0.29,-0.0055,0,0,50.3,64.7,1,low
MA130078,Madhya Pradesh,13,24.57783,82.25037,1464,0.7823,0.7117,-0.0705,-8.0,0.0618,0.0713,0.0094,63.5,67.5,6.15,0.4457,0.4846,0.00777,0,2,52.9,62.1,0,low
MA140079,Madhya Pradesh,14,21.90652,75.97138,539,3.4033,5.2624,1.8591,53.07,-0.1129,-0.0991,0.0138,37.9,46.8,22.87,0.2234,0.3333,0.02197,1,1,25.1,46.1,1,medium
MA050080,Madhya Pradesh,5,25.11312,76.77871,1425,0.6011,0.5986,-0.0026,-0.36,-0.1895,-0.1895,-0.0,62.2,62.1,-0.02,0.5811,0.622,0.00818,1,2,53.2,63.7,0,low
MA060081,Madhya Pradesh,6,26.56466,74.09462,379,0.654,0.7654,0.1114,14.78,-0.24,-0.221,0.019,51.6,64.3,24.15,0.5244,0.5343,0.00198,1,0,59.4,85.3,1,low
MA250082,Madhya Pradesh,25,23.05467,74.17094,1098,2.0132,3.1946,1.1814,55.9,-0.2632,-0.2403,0.0228,38.5,53.0,36.51,0.2951,0.3782,0.01663,1,2,21.3,60.9,1,medium
MA180083,Madhya Pradesh,18,21.33444,81.94649,914,3.1788,4.3793,1.2004,36.61,-0.123,-0.0967,0.0263,38.1,45.4,18.93,0.5688,0.6277,0.01179,0,2,20.9,30.4,1,medium
MA050084,Madhya Pradesh,5,26.1538,79.27723,1862,2.3963,3.0076,0.6112,24.48,-0.1065,-0.0561,0.0503,35.0,70.8,99.14,0.3866,0.4867,0.02002,0,0,8.0,37.5,1,medium
MA060085,Madhya Pradesh,6,24.43788,76.56997,1026,3.211,4.616,1.405,42.43,-0.222,-0.1877,0.0343,67.8,91.5,34.4,0.6055,0.6355,0.00601,0,2,11.0,68.9,0,medium
MA100086,Madhya Pradesh,10,21.57924,76.05679,200,0.9819,1.1777,0.1958,18.1,-0.2375,-0.2438,-0.0063,64.1,61.5,-3.94,0.5649,0.5793,0.00288,1,0,21.2,76.0,0,low
MA230087,Madhya Pradesh,23,23.11054,77.55132,1278,0.5772,0.7304,0.1531,22.61,-0.0324,-0.0229,0.0095,112.3,116.7,3.86,0.6704,0.575,-0.01908,1,2,43.4,59.1,1,low
MA190088,Madhya Pradesh,19,25.79517,74.30072,303,0.543,0.7721,0.229,35.61,0.1938,0.2101,0.0163,52.1,59.5,13.97,0.2819,0.2886,0.00134,0,2,48.4,77.7,0,low
MA040089,Madhya Pradesh,4,21.4823,78.75481,2125,2.9019,3.788,0.8862,29.52,0.0477,0.0926,0.0449,44.1,59.0,33.08,0.6581,0.7729,0.02295,0,2,11.7,58.7,0,medium
MA220090,Madhya Pradesh,22,21.41143,78.90076,808,2.8639,3.3031,0.4393,14.82,-0.2633,-0.2357,0.0276,69.7,79.0,13.06,0.3646,0.3903,0.00514,1,2,13.8,45.5,1,medium
MA230091,Madhya Pradesh,23,22.99993,81.2967,395,0.6312,0.5872,-0.044,-6.01,0.069,0.073,0.004,133.7,135.1,1.04,0.2454,0.2717,0.00526,1,0,17.6,62.2,0,low
MA230092,Madhya Pradesh,23,23.37905,77.2205,558,3.2609,4.7117,1.4508,43.17,-0.2455,-0.2032,0.0422,66.4,97.7,46.49,0.4891,0.5348,0.00915,0,2,14.4,56.4,1,medium
MA280093,Madhya Pradesh,28,25.50897,75.62029,265,0.422,0.5309,0.1089,20.87,0.1188,0.1198,0.001,135.4,136.2,0.55,0.3501,0.2802,-0.01399,0,1,44.9,74.8,1,low
MA240094,Madhya Pradesh,24,22.13756,81.73225,1666,3.1324,4.3739,1.2415,38.41,0.1934,0.2433,0.0499,178.3,209.7,17.53,0.6841,0.7162,0.00642,1,1,17.8,66.9,1,medium
MA070095,Madhya Pradesh,7,26.31335,79.89363,686,3.0224,4.0392,1.0168,32.56,0.073,0.1219,0.0489,76.9,96.9,25.57,0.4635,0.5887,0.02504,1,1,15.4,31.8,1,medium
MA250096,Madhya Pradesh,25,25.74038,76.16011,461,0.5885,0.6999,0.1115,16.19,0.1937,0.2059,0.0122,67.0,74.4,11.01,0.3283,0.2865,-0.00835,1,0,39.2,79.6,0,low
MA070097,Madhya Pradesh,7,24.36852,79.69909,720,3.5967,5.3114,1.7147,46.38,0.1087,0.1361,0.0273,73.0,88.1,20.37,0.5808,0.5987,0.00359,1,0,22.3,63.9,1,medium
MA170098,Madhya Pradesh,17,25.59494,74.66422,1364,3.7044,4.4714,0.767,20.16,-0.0506,-0.0189,0.0318,133.6,146.8,9.79,0.3082,0.3869,0.01573,1,2,15.6,51.9,1,medium
MA050099,Madhya Pradesh,5,24.49389,74.93397,335,0.6676,0.6127,-0.0549,-7.16,0.1848,0.2018,0.017,107.4,116.6,8.51,0.4017,0.3522,-0.00989,0,0,15.7,73.8,1,low
MA210100,Madhya Pradesh,21,26.15374,76.25306,671,0.598,0.6979,0.0999,14.31,-0.2984,-0.2938,0.0046,39.3,42.2,7.1,0.6674,0.7043,0.00738,1,0,30.4,81.0,1,low
MA110101,Madhya Pradesh,11,23.92583,77.94778,4769,0.9359,1.1836,0.2477,23.91,-0.2815,-0.2787,0.0028,54.0,55.2,2.25,0.5347,0.5307,-0.0008,0,0,23.3,70.3,0,low
MA200102,Madhya Pradesh,20,21.20344,82.69172,200,0.6908,1.1469,0.4561,57.67,-0.041,-0.0475,-0.0065,122.4,118.9,-2.85,0.5084,0.5148,0.00128,1,0,19.0,83.5,1,low
MA270103,Madhya Pradesh,27,25.32167,75.46225,1008,0.616,0.5166,-0.0994,-13.88,0.0868,0.0777,-0.0091,78.6,72.7,-7.34,0.4547,0.373,-0.01633,1,0,56.5,74.4,1,low
MA270104,Madhya Pradesh,27,24.92433,79.85986,895,0.6299,0.9243,0.2944,40.33,-0.2883,-0.296,-0.0077,47.3,42.0,-11.03,0.6524,0.6086,-0.00876,0,0,38.7,62.6,0,low
MA040105,Madhya Pradesh,4,21.85816,74.72842,1611,0.7786,1.1719,0.3933,44.76,0.0157,0.0109,-0.0048,130.3,127.7,-1.96,0.6044,0.5273,-0.01542,1,2,42.5,62.6,1,low
MA270106,Madhya Pradesh,27,25.91331,78.80553,506,0.6172,1.0838,0.4666,65.06,0.1994,0.1967,-0.0027,146.3,145.1,-0.86,0.4216,0.436,0.00288,0,0,46.5,80.7,0,low
MA280107,Madhya Pradesh,28,25.70149,75.54444,1787,2.1238,2.7681,0.6443,28.97,0.0643,0.0875,0.0232,101.2,111.2,9.72,0.3388,0.4698,0.02619,1,2,19.6,58.1,1,medium
MA010108,Madhya Pradesh,1,22.43761,80.45482,200,0.711,0.8678,0.1568,19.34,0.1718,0.1649,-0.0069,67.6,62.5,-7.47,0.2172,0.1719,-0.00906,0,1,18.0,96.7,0,low
MA140109,Madhya Pradesh,14,26.40426,75.08249,754,1.1004,1.3743,0.2739,22.81,0.0698,0.0646,-0.0052,119.1,115.5,-3.01,0.5263,0.5671,0.00816,0,0,48.6,65.9,1,low
MA190110,Madhya Pradesh,19,22.42871,81.30802,2193,1.4687,1.9654,0.4967,31.66,-0.2858,-0.2702,0.0157,29.8,35.9,19.91,0.2364,0.1819,-0.01091,1,0,55.3,96.6,0,low
MA270111,Madhya Pradesh,27,23.96244,78.59501,909,0.7186,1.1401,0.4215,51.49,-0.2435,-0.2289,0.0146,57.4,66.7,15.9,0.4417,0.4775,0.00718,1,0,34.0,77.1,1,low
MA130112,Madhya Pradesh,13,21.5149,77.94801,1015,3.2385,3.9667,0.7282,21.81,0.1118,0.1665,0.0547,179.8,216.1,20.1,0.4278,0.5111,0.01666,1,1,16.1,68.1,0,medium
MA180113,Madhya Pradesh,18,22.91356,77.47396,692,0.6394,0.958,0.3186,43.09,0.0652,0.079,0.0138,109.5,114.4,4.44,0.3871,0.4037,0.00332,1,1,38.9,58.2,0,low
MA100114,Madhya Pradesh,10,25.36093,77.70371,3140,9.0476,19.3877,10.3402,113.04,-0.2831,-0.1802,0.1028,27.5,53.4,90.64,0.5316,0.826,0.05889,1,2,2.6,28.7,1,high
MA090115,Madhya Pradesh,9,26.15335,78.78689,2148,0.7896,0.9311,0.1415,15.91,0.0029,0.0081,0.0052,114.5,116.2,1.48,0.3963,0.3065,-0.01797,1,0,39.0,86.8,0,low
MA240116,Madhya Pradesh,24,24.11939,79.95648,1141,2.0191,2.5702,0.5512,26.01,-0.0204,0.0238,0.0442,77.2,89.0,15.08,0.6388,0.7527,0.02276,1,2,25.2,65.7,1,medium
MA150117,Madhya Pradesh,15,25.43376,78.15711,3177,6.1294,13.8168,7.6873,123.4,0.1053,0.2366,0.1313,123.0,205.9,66.82,0.3205,0.4564,0.02718,1,2,8.4,11.2,1,high
MA050118,Madhya Pradesh,5,26.62715,75.36252,200,0.6438,0.9703,0.3265,43.89,-0.147,-0.1373,0.0097,43.8,50.3,14.49,0.2779,0.2274,-0.0101,0,0,48.9,70.8,1,low
MA270119,Madhya Pradesh,27,23.01213,81.13358,986,2.5508,3.9512,1.4004,52.83,-0.2198,-0.1816,0.0382,46.4,73.3,56.63,0.4792,0.5342,0.01099,1,0,20.4,34.0,1,medium
MA270120,Madhya Pradesh,27,23.82946,77.49236,1199,0.7985,0.8225,0.0241,2.68,-0.2974,-0.3002,-0.0028,51.4,50.6,-1.53,0.3362,0.3517,0.00311,0,1,55.0,67.6,1,low
MA160121,Madhya Pradesh,16,21.61871,77.46375,1995,0.6361,1.07,0.4339,58.95,-0.1364,-0.1422,-0.0058,75.8,72.6,-4.13,0.664,0.5898,-0.01485,0,0,42.5,60.4,0,low
MA240122,Madhya Pradesh,24,25.70651,80.03902,4352,2.7792,4.2011,1.4218,49.38,-0.0448,-0.0305,0.0143,43.5,52.3,19.61,0.4464,0.4855,0.00783,0,1,23.2,60.6,1,medium
MA020123,Madhya Pradesh,2,24.98163,79.38258,2262,1.1159,1.1713,0.0553,4.55,-0.1668,-0.1717,-0.005,89.9,88.3,-1.8,0.5835,0.5,-0.0167,0,2,43.3,68.5,0,low
MA200124,Madhya Pradesh,20,25.65119,81.57388,1053,3.1791,4.3069,1.1278,34.39,-0.1463,-0.1098,0.0365,101.0,122.7,21.29,0.6318,0.6437,0.00238,1,1,12.7,62.3,1,medium
MA190125,Madhya Pradesh,19,23.42307,79.74382,1182,0.8393,0.843,0.0037,0.39,0.1639,0.1559,-0.008,82.2,77.0,-6.31,0.2008,0.1047,-0.01922,0,0,24.5,60.4,1,low
MA150126,Madhya Pradesh,15,24.9924,81.41388,1233,2.9615,3.4532,0.4917,16.06,0.0681,0.1065,0.0383,52.8,66.1,24.59,0.4403,0.4898,0.0099,1,2,28.4,48.9,1,medium
MA220127,Madhya Pradesh,22,23.27914,78.38578,3499,7.7818,12.7075,4.9256,62.49,-0.0002,0.102,0.1022,122.6,190.2,54.67,0.4749,0.7677,0.05856,1,2,5.3,11.0,0,high
MA110128,Madhya Pradesh,11,22.84101,78.98837,1583,3.1265,3.843,0.7165,22.21,-0.0124,0.0225,0.0349,114.3,134.6,17.65,0.3255,0.4404,0.02297,1,1,17.5,35.2,1,medium
MA190129,Madhya Pradesh,19,24.79134,76.1359,200,0.771,1.0939,0.3229,37.07,-0.0231,-0.0258,-0.0027,40.0,38.3,-4.01,0.3373,0.3754,0.00761,1,0,29.6,71.4,1,low
MA190130,Madhya Pradesh,19,23.17179,82.13271,326,0.9923,1.3405,0.3481,31.87,-0.1387,-0.1196,0.0192,63.0,76.4,20.84,0.2084,0.1427,-0.01315,1,0,52.1,60.4,0,low
MA260131,Madhya Pradesh,26,22.168,81.27375,2097,10.4274,20.9495,10.5221,99.95,-0.2116,-0.1295,0.0821,47.4,108.4,126.2,0.3742,0.5349,0.03214,1,2,10.5,25.2,1,high
MA200132,Madhya Pradesh,20,26.8865,77.98042,1145,2.3609,3.3309,0.97,39.42,-0.0213,0.0189,0.0401,92.7,111.8,20.4,0.239,0.3459,0.02138,1,1,23.0,64.1,0,medium
MA120133,Madhya Pradesh,12,26.47582,79.41518,597,0.8499,0.8124,-0.0374,-3.94,0.0995,0.1077,0.0082,143.6,147.9,2.99,0.5342,0.4579,-0.01525,1,1,44.8,56.5,1,low
MA240134,Madhya Pradesh,24,23.91176,78.89895,328,0.7904,0.9966,0.2062,23.16,-0.2933,-0.2876,0.0057,60.3,62.2,3.15,0.547,0.5694,0.00448,0,0,42.7,94.0,0,low
MA080135,Madhya Pradesh,8,22.60202,82.50656,230,1.2424,1.3533,0.1109,8.26,0.1801,0.1961,0.0159,178.5,188.5,5.58,0.2808,0.2781,-0.00054,0,0,36.2,78.8,0,low
MA190136,Madhya Pradesh,19,26.2114,75.41613,369,0.7871,0.9735,0.1864,21.02,0.0142,0.0206,0.0064,140.9,142.9,1.43,0.2428,0.2358,-0.0014,1,0,46.0,93.8,0,low
MA070137,Madhya Pradesh,7,26.23351,81.92133,1365,1.2695,1.3572,0.0877,6.4,-0.1838,-0.1768,0.007,92.8,96.8,4.32,0.5536,0.5175,-0.00722,0,1,32.2,83.0,0,low
MA270138,Madhya Pradesh,27,22.38293,82.02524,200,0.6888,0.6751,-0.0138,-1.74,-0.0189,-0.0033,0.0156,85.7,93.0,8.4,0.3982,0.4311,0.00659,0,2,17.7,88.6,1,low
MA060139,Madhya Pradesh,6,22.90711,76.16961,302,0.7904,0.7396,-0.0508,-5.71,-0.1395,-0.1238,0.0157,98.3,102.6,4.33,0.3521,0.3886,0.0073,1,1,57.3,81.1,0,low
MA270140,Madhya Pradesh,27,22.73438,74.61956,3375,9.3014,14.2884,4.9871,53.05,0.0619,0.2393,0.1774,70.5,126.8,78.74,0.2385,0.4852,0.04933,1,2,5.7,31.8,1,high
MA120141,Madhya Pradesh,12,22.3098,80.3345,1018,2.083,3.6423,1.5593,71.43,0.0604,0.0819,0.0215,88.8,95.4,7.32,0.6807,0.7032,0.00451,0,0,11.5,47.1,0,medium
MA160142,Madhya Pradesh,16,22.31649,78.33372,1751,0.5158,0.8511,0.3353,54.45,0.1912,0.2048,0.0136,54.1,58.2,7.45,0.3636,0.3545,-0.00181,0,2,32.7,72.8,0,low
MA040143,Madhya Pradesh,4,21.25758,75.40409,713,0.8517,1.3486,0.4969,52.22,0.197,0.2047,0.0078,136.4,141.9,3.99,0.6267,0.5726,-0.01081,0,0,21.5,63.9,0,low
MA020144,Madhya Pradesh,2,21.15557,82.16583,1181,2.6908,3.0037,0.3129,11.21,-0.0995,-0.0589,0.0406,54.3,74.6,36.62,0.4962,0.6284,0.02645,1,2,29.3,42.5,0,medium
MA240145,Madhya Pradesh,24,23.03754,79.40285,925,1.6079,1.5694,-0.0386,-2.26,-0.2596,-0.2659,-0.0063,65.9,61.6,-6.46,0.6744,0.6051,-0.01385,1,2,15.2,75.0,1,low
MA140146,Madhya Pradesh,14,21.11484,77.05304,1520,0.746,0.8346,0.0885,10.46,-0.2187,-0.2222,-0.0036,60.6,59.3,-2.22,0.2842,0.2007,-0.01671,1,2,53.1,81.3,1,low
MA240147,Madhya Pradesh,24,26.01771,76.19157,926,2.3791,4.1588,1.7798,71.79,-0.0265,0.0048,0.0313,67.0,83.7,24.51,0.5235,0.6402,0.02333,1,1,25.4,59.9,1,medium
MA150148,Madhya Pradesh,15,21.31347,80.73355,483,0.6425,0.9847,0.3422,46.08,-0.095,-0.1042,-0.0092,111.6,105.0,-5.9,0.6548,0.6535,-0.00026,0,0,40.0,61.9,1,low
MA110149,Madhya Pradesh,11,22.06605,80.27845,551,0.6467,0.8671,0.2205,29.53,0.0628,0.0767,0.0139,93.1,98.2,5.44,0.5878,0.5736,-0.00284,0,0,59.4,89.6,0,low
MA150150,Madhya Pradesh,15,23.40695,76.77535,1757,2.7858,3.6259,0.8401,29.11,-0.1941,-0.1457,0.0484,27.4,56.9,103.91,0.6948,0.7344,0.00791,1,2,22.9,50.3,0,medium
MA090151,Madhya Pradesh,9,22.05924,78.31919,1736,0.5143,0.6581,0.1438,23.4,-0.1011,-0.0839,0.0172,61.4,71.2,15.72,0.5696,0.5882,0.00373,0,2,39.9,94.4,1,low
MA020152,Madhya Pradesh,2,24.61002,76.83827,340,0.6132,0.902,0.2888,40.49,-0.04,-0.023,0.017,115.3,126.6,9.75,0.5242,0.4431,-0.01621,0,1,41.0,98.5,1,low
MA290153,Madhya Pradesh,29,26.52927,80.3057,1726,0.7523,0.9049,0.1526,17.91,0.1956,0.2033,0.0077,186.9,190.4,1.88,0.6676,0.6791,0.00231,1,1,26.6,61.9,1,low
MA250154,Madhya Pradesh,25,23.36535,82.7299,2097,0.6666,0.7547,0.0881,11.5,0.1939,0.1903,-0.0036,175.6,173.8,-1.02,0.3924,0.419,0.00531,0,0,23.5,62.5,1,low
MA210155,Madhya Pradesh,21,26.47785,75.6345,374,2.3153,4.2562,1.9409,80.36,0.1524,0.2092,0.0568,99.6,118.5,18.77,0.4112,0.4969,0.01713,1,1,29.9,63.6,1,medium
MA280156,Madhya Pradesh,28,23.76227,77.48321,563,3.1412,4.478,1.3368,41.24,0.009,0.0225,0.0135,112.7,120.9,7.14,0.6465,0.664,0.0035,1,0,13.8,36.3,0,medium
MA220157,Madhya Pradesh,22,26.24633,75.48786,3404,2.5296,3.5339,1.0042,38.19,0.1128,0.1399,0.0272,178.4,195.4,9.47,0.3108,0.3506,0.00796,1,2,23.9,61.0,0,medium
MA250158,Madhya Pradesh,25,21.79529,82.74142,477,2.8638,4.6651,1.8012,60.77,0.1777,0.2308,0.0531,117.0,148.9,26.99,0.6318,0.6578,0.0052,0,1,20.8,38.9,0,medium
MA260159,Madhya Pradesh,26,24.51678,77.68003,961,0.4884,0.9286,0.4402,74.8,0.0457,0.0518,0.0061,50.3,52.2,3.53,0.6818,0.7233,0.0083,1,2,34.5,82.3,0,low
MA110160,Madhya Pradesh,11,26.45731,77.11066,240,0.619,1.0256,0.4066,56.54,0.0083,0.013,0.0047,108.0,110.5,2.32,0.4584,0.4391,-0.00387,1,2,53.9,74.2,1,low
MA290161,Madhya Pradesh,29,26.51219,77.2407,610,0.7021,0.695,-0.0072,-0.89,-0.0751,-0.0838,-0.0087,101.2,95.9,-5.25,0.549,0.5718,0.00455,1,1,49.1,82.7,0,low
MA070162,Madhya Pradesh,7,23.85088,76.97144,200,0.6992,0.734,0.0349,4.36,-0.2963,-0.2928,0.0035,40.3,41.5,2.78,0.3618,0.3688,0.0014,0,1,43.6,64.9,1,low
MA040163,Madhya Pradesh,4,23.58931,79.7782,1491,1.7283,1.7013,-0.027,-1.48,0.0585,0.0674,0.009,112.6,115.3,2.42,0.6678,0.7161,0.00965,1,2,26.2,96.6,1,low
MA130164,Madhya Pradesh,13,26.07664,78.81982,1499,4.2542,4.6899,0.4357,10.01,0.1385,0.18,0.0414,137.0,147.7,7.7,0.5277,0.636,0.02166,1,2,28.2,68.1,0,medium
MA160165,Madhya Pradesh,16,24.17246,82.47519,313,0.7113,1.1791,0.4678,57.65,-0.2935,-0.2878,0.0057,24.0,27.3,12.98,0.249,0.2625,0.0027,1,1,28.7,66.3,1,low
MA060166,Madhya Pradesh,6,21.4732,79.0258,308,1.4395,1.7359,0.2964,19.25,0.0008,0.0025,0.0017,62.1,63.1,1.59,0.6429,0.6007,-0.00845,0,0,56.1,88.8,1,low
MA240167,Madhya Pradesh,24,25.55826,75.80311,952,2.6379,3.9253,1.2874,47.02,-0.0697,-0.0316,0.0381,97.8,123.4,25.96,0.2023,0.3468,0.02889,1,0,14.0,56.5,0,medium
MA130168,Madhya Pradesh,13,24.40896,75.65751,408,0.963,1.2573,0.2943,27.69,-0.128,-0.1251,0.0029,39.1,41.2,5.15,0.3184,0.2927,-0.00514,1,1,41.5,99.0,1,low
MA220169,Madhya Pradesh,22,25.9934,79.55425,3052,9.4963,13.2189,3.7226,38.79,-0.1442,-0.0539,0.0904,45.1,100.7,120.52,0.2997,0.5923,0.05851,1,2,6.2,12.8,1,high
MA160170,Madhya Pradesh,16,23.26079,78.94526,586,0.6107,0.5955,-0.0152,-2.15,0.0028,0.0047,0.0018,133.3,133.9,0.49,0.2744,0.258,-0.00328,0,1,46.8,57.1,1,low
MA170171,Madhya Pradesh,17,22.63319,76.59914,445,1.4222,1.6494,0.2272,14.92,0.1854,0.1836,-0.0018,162.4,161.2,-0.72,0.4289,0.4669,0.00759,0,2,34.2,70.1,1,low
MA100172,Madhya Pradesh,10,22.41936,80.5515,812,2.9264,3.7546,0.8283,27.37,-0.1002,-0.0891,0.0111,39.5,47.6,20.01,0.5894,0.6595,0.01402,1,2,13.9,64.4,1,medium
MA250173,Madhya Pradesh,25,22.67613,78.32879,3694,2.2855,4.0495,1.764,73.94,-0.2938,-0.2612,0.0326,48.3,69.3,42.58,0.4778,0.5995,0.02434,1,1,21.8,35.0,0,medium
MA140174,Madhya Pradesh,14,23.77574,75.87224,652,0.4277,0.6718,0.244,46.25,0.1418,0.147,0.0052,79.2,82.1,3.54,0.6418,0.6685,0.00533,1,0,57.4,74.6,0,low
MA250175,Madhya Pradesh,25,26.55927,82.0312,1099,0.4809,0.5027,0.0217,3.74,0.055,0.0459,-0.009,160.2,154.2,-3.72,0.2394,0.2329,-0.00132,0,1,32.5,99.3,0,low
MA150176,Madhya Pradesh,15,22.9051,76.07887,615,0.4622,0.658,0.1957,34.81,-0.2104,-0.1906,0.0198,82.7,93.0,12.32,0.246,0.2503,0.00086,0,0,31.5,69.3,0,low
MA080177,Madhya Pradesh,8,23.67252,78.61278,532,1.0229,1.2573,0.2344,20.87,-0.1423,-0.1349,0.0074,76.5,79.7,4.19,0.4386,0.3674,-0.01424,1,2,57.1,63.2,1,low
MA020178,Madhya Pradesh,2,24.11088,78.48601,1311,3.27,4.8199,1.5499,45.99,0.0858,0.0998,0.014,167.8,172.9,3.0,0.4361,0.4491,0.00259,1,2,22.6,63.1,1,medium
MA100179,Madhya Pradesh,10,26.43593,79.34193,395,0.7961,1.0243,0.2282,25.47,0.1519,0.1455,-0.0064,183.9,179.7,-2.26,0.6326,0.6113,-0.00427,0,0,34.9,58.0,0,low
MA260180,Madhya Pradesh,26,26.60539,81.65246,494,0.3629,0.5959,0.2329,50.31,-0.2714,-0.2514,0.02,25.6,39.6,52.66,0.4537,0.4974,0.00874,0,0,35.9,92.8,1,low
MA060181,Madhya Pradesh,6,24.43091,80.11026,940,3.2267,4.7391,1.5124,45.46,0.0337,0.068,0.0343,93.8,114.6,21.98,0.4106,0.466,0.01108,1,0,22.7,51.9,1,medium
MA240182,Madhya Pradesh,24,25.05148,78.53302,1140,5.8277,14.6743,8.8465,149.24,-0.1282,-0.0622,0.066,36.2,71.7,95.31,0.607,0.7315,0.02491,0,2,12.2,31.3,1,high
MA150183,Madhya Pradesh,15,24.65056,77.64856,1010,0.6526,0.9779,0.3253,43.23,-0.0166,0.001,0.0176,69.6,74.1,6.34,0.3853,0.3094,-0.01518,1,0,24.9,70.4,0,low
MA010184,Madhya Pradesh,1,23.25944,80.1237,236,0.5896,0.6469,0.0573,8.3,-0.2683,-0.275,-0.0067,38.0,34.2,-9.79,0.2436,0.2178,-0.00516,1,1,56.9,74.9,1,low
MA140185,Madhya Pradesh,14,22.85344,79.7272,2345,0.9044,1.0809,0.1765,17.57,0.1453,0.1621,0.0168,82.3,93.4,13.42,0.3709,0.3404,-0.00608,1,2,47.9,91.6,1,low
MA160186,Madhya Pradesh,16,25.9711,79.3681,407,2.4138,4.1889,1.7751,70.61,-0.0918,-0.0374,0.0544,121.0,137.9,13.8,0.5911,0.6144,0.00465,0,2,27.3,50.6,1,medium
MA250187,Madhya Pradesh,25,23.08673,76.24141,312,0.5195,0.9834,0.4638,74.87,0.1065,0.1089,0.0024,135.4,136.3,0.66,0.4668,0.4621,-0.00094,0,0,57.2,80.4,1,low
MA290188,Madhya Pradesh,29,26.52333,81.49758,907,1.3111,1.5368,0.2257,16.0,-0.2298,-0.2374,-0.0076,25.2,19.7,-21.13,0.5667,0.5444,-0.00446,0,0,42.1,70.6,1,low
MA200189,Madhya Pradesh,20,22.8377,79.66988,345,0.8444,1.2397,0.3953,41.86,0.0241,0.017,-0.0071,86.6,81.7,-5.61,0.2208,0.2284,0.00152,0,0,33.0,71.3,0,low
MA290190,Madhya Pradesh,29,23.04378,75.65285,478,0.6436,0.9552,0.3116,41.91,0.086,0.0764,-0.0096,136.0,131.4,-3.35,0.476,0.4266,-0.00988,1,2,18.6,78.3,0,low
MA230191,Madhya Pradesh,23,21.07079,77.31726,870,1.6295,1.8894,0.2598,15.02,0.1646,0.1787,0.0141,175.2,180.8,3.17,0.4709,0.4008,-0.01404,0,1,52.8,73.0,0,low
MA070192,Madhya Pradesh,7,22.63562,75.41267,668,0.5862,0.9927,0.4065,59.24,0.0669,0.0624,-0.0045,149.5,148.0,-1.01,0.3695,0.3125,-0.01141,0,0,39.1,87.3,0,low
MA240193,Madhya Pradesh,24,23.3719,76.52082,1348,2.4785,2.9811,0.5026,19.49,0.1611,0.1794,0.0183,70.2,75.9,7.95,0.578,0.5781,0.0,1,1,8.6,35.3,1,medium
MA020194,Madhya Pradesh,2,24.97988,79.69949,600,0.7445,0.7355,-0.009,-1.06,0.0676,0.0629,-0.0047,88.3,85.5,-3.05,0.296,0.2645,-0.00629,0,1,40.5,61.4,1,low
MA220195,Madhya Pradesh,22,21.81819,77.50798,631,1.9083,3.0783,1.17,58.26,-0.1873,-0.1736,0.0137,42.1,47.4,12.19,0.6685,0.8079,0.02788,1,2,16.8,50.6,1,medium
MA100196,Madhya Pradesh,10,22.74305,78.98791,1567,0.9403,1.4326,0.4923,47.33,-0.0755,-0.0824,-0.0069,119.0,114.0,-4.23,0.3352,0.2655,-0.01395,0,2,49.7,55.8,1,low
MA170197,Madhya Pradesh,17,22.07383,78.23103,217,0.5275,0.9294,0.4019,64.05,-0.2192,-0.2264,-0.0072,61.4,56.4,-8.14,0.5234,0.5608,0.00748,1,1,35.6,66.4,1,low
MA170198,Madhya Pradesh,17,22.73725,80.29176,1486,0.5843,0.541,-0.0433,-6.33,-0.1598,-0.1423,0.0175,76.0,83.7,9.98,0.4172,0.3854,-0.00635,0,2,29.9,69.9,0,low
MA020199,Madhya Pradesh,2,21.71343,79.25733,325,0.8916,0.8216,-0.07,-7.06,-0.0286,-0.0153,0.0134,82.0,91.0,10.76,0.6298,0.5484,-0.01629,1,0,53.6,67.0,1,low
MA130200,Madhya Pradesh,13,21.90205,79.17498,831,0.8397,1.2509,0.4112,43.75,0.1571,0.1743,0.0173,122.9,131.7,7.13,0.6109,0.6184,0.00151,0,0,41.4,96.2,0,low
MA160201,Madhya Pradesh,16,24.6898,80.81051,513,0.3621,0.2901,-0.072,-15.58,0.1905,0.1931,0.0026,176.3,177.5,0.69,0.475,0.4243,-0.01014,0,0,34.6,65.1,0,low
MA090202,Madhya Pradesh,9,21.17285,74.65661,569,1.329,1.6503,0.3213,22.48,0.1202,0.1293,0.0091,125.3,132.0,5.26,0.5669,0.5185,-0.00968,1,2,18.1,83.4,0,low
MA170203,Madhya Pradesh,17,22.56788,76.50334,1213,0.5962,0.8449,0.2486,35.71,-0.0953,-0.0866,0.0086,112.4,117.5,4.5,0.234,0.1635,-0.01409,0,2,55.5,70.8,0,low
MA060204,Madhya Pradesh,6,24.53223,74.97229,1059,2.6109,4.4524,1.8415,67.93,-0.1466,-0.124,0.0225,55.8,69.9,24.81,0.3858,0.4769,0.01823,1,2,26.4,57.0,0,medium
MA280205,Madhya Pradesh,28,23.67499,81.43011,2246,3.4405,4.0489,0.6084,17.18,0.0038,0.0249,0.0211,47.0,61.7,30.76,0.6782,0.7438,0.01312,1,1,27.2,43.8,1,medium
MA120206,Madhya Pradesh,12,24.19827,81.21895,200,1.1944,1.2969,0.1024,7.91,-0.1671,-0.1594,0.0077,80.6,85.1,5.54,0.4628,0.4116,-0.01024,0,1,24.8,56.0,1,low
MA110207,Madhya Pradesh,11,24.80434,78.88001,373,3.2897,4.3697,1.08,31.86,0.0001,0.0422,0.0422,65.2,81.3,24.36,0.418,0.505,0.01738,1,2,15.0,37.5,1,medium
MA160208,Madhya Pradesh,16,21.44887,77.61349,2483,2.2243,4.0579,1.8336,78.89,0.0912,0.144,0.0528,91.6,123.2,34.15,0.4564,0.4651,0.00174,1,0,24.2,38.1,0,medium
MA070209,Madhya Pradesh,7,21.57647,77.69161,1296,3.0227,4.0876,1.0649,34.1,-0.1852,-0.1281,0.0571,82.2,122.7,48.61,0.5074,0.6094,0.02039,1,0,10.7,63.6,1,medium
MA080210,Madhya Pradesh,8,21.50558,80.03137,1000,0.7882,0.9462,0.158,17.79,-0.1729,-0.1708,0.0021,98.0,98.9,0.83,0.4762,0.4593,-0.00338,1,0,46.5,64.7,1,low
MA070211,Madhya Pradesh,7,25.32857,79.39486,957,0.4175,0.461,0.0435,8.41,0.049,0.0391,-0.0099,65.0,58.1,-10.47,0.4745,0.4263,-0.00964,0,2,57.0,96.5,0,low
MA060212,Madhya Pradesh,6,26.08177,82.67845,1569,1.0134,1.0965,0.0831,7.46,-0.0647,-0.0676,-0.0029,103.4,101.9,-1.45,0.2117,0.1732,-0.00771,1,0,21.9,73.9,0,low
MA090213,Madhya Pradesh,9,21.07376,74.95098,296,0.6826,1.1753,0.4927,62.96,-0.0916,-0.0919,-0.0002,84.1,84.0,-0.11,0.3289,0.2667,-0.01244,1,0,41.8,88.9,0,low
MA150214,Madhya Pradesh,15,22.77507,74.11523,820,0.4072,0.6063,0.1991,39.26,0.0645,0.0691,0.0046,43.5,46.0,5.66,0.2373,0.1591,-0.01564,1,0,28.1,81.3,1,low
MA190215,Madhya Pradesh,19,21.09176,74.14012,1187,1.0246,1.4405,0.4159,36.98,0.1737,0.1819,0.0082,159.6,161.7,1.33,0.5937,0.5945,0.00016,0,2,39.9,60.5,1,low
MA090216,Madhya Pradesh,9,21.73064,75.58054,333,0.7475,1.0918,0.3443,40.62,-0.0641,-0.0725,-0.0084,96.1,93.2,-3.0,0.3265,0.2995,-0.0054,0,0,39.9,68.2,0,low
MA070217,Madhya Pradesh,7,22.11875,82.67158,1703,0.5763,0.8243,0.248,36.67,-0.2386,-0.2309,0.0077,20.9,24.1,14.66,0.398,0.3652,-0.00657,0,2,34.3,73.0,0,low
MA270218,Madhya Pradesh,27,25.02025,75.8613,495,2.3395,3.3297,0.9901,40.59,-0.1266,-0.0695,0.0571,52.2,77.5,47.68,0.6875,0.7081,0.00414,1,2,21.6,68.9,1,medium
MA240219,Madhya Pradesh,24,21.08101,79.01615,747,0.387,0.6689,0.2819,57.87,-0.1547,-0.1607,-0.0059,34.4,32.2,-6.1,0.4825,0.4587,-0.00476,0,1,56.0,84.3,1,low
MA250220,Madhya Pradesh,25,26.61818,75.12807,840,0.6786,0.9402,0.2616,33.6,0.1966,0.1971,0.0005,172.0,172.2,0.12,0.3181,0.3385,0.00407,1,0,32.8,82.0,0,low
MA120221,Madhya Pradesh,12,23.71745,81.7354,500,5.8296,15.2565,9.4269,158.98,0.0442,0.2029,0.1587,79.5,130.2,63.04,0.5691,0.8384,0.05384,1,2,17.5,37.0,1,high
MA110222,Madhya Pradesh,11,21.48737,76.14634,1211,0.5482,0.8181,0.2699,41.64,0.1867,0.192,0.0052,70.0,73.8,5.33,0.2644,0.2748,0.0021,1,0,47.3,63.3,0,low
MA270223,Madhya Pradesh,27,23.17663,74.4829,2764,2.3485,4.3286,1.9801,80.87,-0.2478,-0.219,0.0288,66.3,75.8,14.09,0.5198,0.6383,0.0237,0,0,22.2,34.1,0,medium
MA230224,Madhya Pradesh,23,25.61766,79.87225,532,4.1451,4.6714,0.5263,12.4,0.152,0.2016,0.0497,121.3,136.9,12.74,0.4064,0.4889,0.01648,1,0,14.0,53.4,1,medium
MA140225,Madhya Pradesh,14,22.56501,75.495,588,0.6899,0.9399,0.25,31.65,-0.0767,-0.0809,-0.0043,77.3,74.1,-3.99,0.2492,0.1601,-0.01782,0,2,50.6,56.8,1,low
MA090226,Madhya Pradesh,9,22.81678,78.18395,617,0.6541,0.9557,0.3017,40.01,-0.1163,-0.0981,0.0182,96.2,104.4,8.45,0.4328,0.4729,0.00801,0,0,59.4,81.5,0,low
MA290227,Madhya Pradesh,29,26.23054,82.08901,2455,0.7487,1.1371,0.3884,45.77,0.076,0.0831,0.0071,121.5,125.3,3.1,0.5506,0.5595,0.00177,1,0,15.2,60.1,1,low
MA030228,Madhya Pradesh,3,23.35366,80.32021,1788,10.5395,16.0954,5.5559,52.22,0.1927,0.2623,0.0697,165.1,189.3,14.56,0.6423,0.9,0.05946,1,2,12.5,33.5,1,high
MA010229,Madhya Pradesh,1,21.9025,78.37425,1076,10.3401,19.7329,9.3929,89.97,-0.0918,0.051,0.1428,102.3,198.2,92.88,0.564,0.7067,0.02854,1,1,12.8,44.4,1,high
MA120230,Madhya Pradesh,12,25.24333,75.39694,1031,0.5322,0.6731,0.141,22.3,-0.272,-0.2532,0.0188,29.8,35.2,17.48,0.4156,0.4057,-0.00199,0,0,52.8,71.6,1,low
MA240231,Madhya Pradesh,24,23.15689,74.1482,1338,1.1237,1.3322,0.2085,17.03,-0.2276,-0.2374,-0.0099,33.3,26.7,-19.39,0.6339,0.6545,0.00413,1,1,34.7,67.6,0,low
MA130232,Madhya Pradesh,13,25.46767,75.58681,391,0.7347,0.662,-0.0727,-8.71,-0.1069,-0.0876,0.0192,113.4,118.8,4.74,0.633,0.5955,-0.00751,1,2,26.8,92.7,0,low
MA050233,Madhya Pradesh,5,21.9148,79.49445,857,0.8443,0.8123,-0.032,-3.39,0.0055,0.0089,0.0034,59.9,62.0,3.51,0.4513,0.3569,-0.01888,1,0,53.5,87.1,1,low
MA210234,Madhya Pradesh,21,25.78134,77.0505,6761,10.2851,17.2488,6.9637,67.05,0.1172,0.1932,0.076,125.3,157.6,25.52,0.2494,0.4849,0.04712,1,2,15.7,16.2,1,high
MA250235,Madhya Pradesh,25,22.67076,78.29103,559,7.9641,17.7088,9.7447,120.84,0.1785,0.3371,0.1586,123.5,225.2,81.68,0.3197,0.6018,0.05643,1,2,17.7,24.7,1,high
MA050236,Madhya Pradesh,5,24.92893,80.13809,209,0.3829,0.5441,0.1612,33.37,0.0937,0.0972,0.0034,86.5,87.6,1.31,0.5107,0.5123,0.00031,0,2,16.3,90.2,0,low
MA120237,Madhya Pradesh,12,25.80723,82.64402,420,0.4277,0.5233,0.0956,18.11,0.0878,0.0902,0.0024,152.5,153.7,0.75,0.573,0.5091,-0.01279,1,0,53.0,55.5,1,low
MA020238,Madhya Pradesh,2,24.27757,81.34498,597,1.657,1.563,-0.0941,-5.35,-0.2205,-0.2137,0.0068,77.2,79.6,3.07,0.3883,0.3137,-0.01491,0,1,60.0,77.1,1,low
MA280239,Madhya Pradesh,28,23.7986,74.71506,3025,0.5818,1.0759,0.4941,72.46,-0.0841,-0.0698,0.0143,47.6,52.4,9.8,0.3289,0.3081,-0.00415,0,1,23.3,73.0,1,low
MA220240,Madhya Pradesh,22,21.219,75.17198,2487,6.2766,15.4506,9.1741,143.87,0.1628,0.2187,0.0559,112.4,138.7,23.15,0.4691,0.5848,0.02314,1,2,12.1,18.8,1,high
MA200241,Madhya Pradesh,20,22.2199,80.12999,729,2.4671,4.3385,1.8714,72.9,0.1385,0.1945,0.056,166.6,183.6,10.16,0.6178,0.6705,0.01055,1,0,9.2,47.9,0,medium
MA010242,Madhya Pradesh,1,21.76498,79.7684,310,1.6675,1.7013,0.0337,1.91,-0.0865,-0.0676,0.0189,115.0,120.3,4.6,0.4607,0.44,-0.00413,0,2,15.3,71.0,1,low
MA280243,Madhya Pradesh,28,21.0592,76.32225,239,1.2617,1.6109,0.3492,25.64,-0.0892,-0.0911,-0.0019,43.4,42.1,-2.83,0.6323,0.6543,0.00439,0,1,20.1,79.0,0,low
MA130244,Madhya Pradesh,13,26.64596,75.67569,1168,7.2441,18.9756,11.7315,159.74,-0.0267,0.1077,0.1344,72.3,157.7,116.5,0.2149,0.3763,0.03227,1,2,17.7,29.7,1,high
MA150245,Madhya Pradesh,15,22.65502,82.16663,1219,2.3085,3.2071,0.8986,37.31,-0.2996,-0.2651,0.0345,52.6,64.5,22.24,0.5851,0.6273,0.00844,1,2,24.8,49.6,1,medium
MA260246,Madhya Pradesh,26,26.23601,80.74306,545,0.9391,1.2262,0.2871,27.63,-0.2081,-0.2163,-0.0082,40.7,35.8,-11.74,0.237,0.2556,0.00372,0,2,47.2,84.9,0,low
MA100247,Madhya Pradesh,10,23.58142,76.2847,1251,1.0557,1.0915,0.0358,3.1,-0.2401,-0.2459,-0.0058,66.1,62.8,-4.9,0.449,0.3649,-0.01681,1,1,57.3,88.0,0,low
MA220248,Madhya Pradesh,22,21.06217,78.00396,349,0.5268,0.5846,0.0578,9.22,0.1321,0.1345,0.0024,115.4,117.0,1.34,0.4442,0.3725,-0.01434,0,0,38.8,75.1,1,low
MA010249,Madhya Pradesh,1,25.97558,74.35495,376,1.4541,1.8462,0.3921,25.23,-0.2379,-0.22,0.0179,62.2,71.2,14.29,0.5972,0.5743,-0.00459,0,1,38.7,99.5,1,low
MA270250,Madhya Pradesh,27,25.20284,80.27937,870,0.7917,1.0889,0.2972,33.33,0.1212,0.1244,0.0032,74.5,76.0,2.04,0.6175,0.6421,0.00493,0,0,51.6,80.1,0,low
MA260251,Madhya Pradesh,26,22.16017,75.19898,1606,0.6467,1.1014,0.4547,60.89,-0.2997,-0.2846,0.015,22.6,27.9,22.8,0.3518,0.3313,-0.00409,0,0,46.5,75.6,0,low
MA030252,Madhya Pradesh,3,21.85136,80.76179,1241,3.1022,5.0024,1.9002,59.34,-0.2783,-0.2397,0.0386,31.5,46.0,44.4,0.5547,0.6453,0.01812,0,2,21.8,40.5,1,medium
MA170253,Madhya Pradesh,17,24.11223,81.47511,1467,3.2136,4.7579,1.5443,46.6,-0.0578,-0.0075,0.0503,130.1,151.4,16.21,0.4973,0.5771,0.01596,1,2,12.9,52.3,1,medium
MA270254,Madhya Pradesh,27,23.32751,81.13284,649,0.6111,0.6783,0.0671,9.44,-0.0794,-0.0698,0.0096,110.8,114.2,2.98,0.6301,0.6518,0.00434,0,0,42.2,96.8,1,low
MA150255,Madhya Pradesh,15,22.16299,81.06521,200,1.1616,1.3747,0.2131,16.89,-0.0236,-0.01,0.0137,66.6,70.7,6.05,0.6027,0.6218,0.00382,0,2,28.2,90.4,0,low
MA060256,Madhya Pradesh,6,21.21877,79.32536,1619,2.6885,4.1708,1.4823,53.16,-0.0631,-0.0146,0.0486,94.3,122.9,30.08,0.4024,0.4581,0.01114,1,2,21.8,33.7,1,medium
MA200257,Madhya Pradesh,20,23.68322,81.43162,200,1.0206,1.3906,0.37,33.02,-0.2511,-0.2564,-0.0053,38.6,35.7,-7.25,0.6276,0.6301,0.00049,0,0,58.4,85.5,0,low
MA260258,Madhya Pradesh,26,26.38831,81.73815,1387,2.6611,3.7181,1.057,38.28,-0.1543,-0.1248,0.0294,27.4,40.6,46.24,0.3101,0.4521,0.0284,0,2,22.2,68.8,1,medium
MA250259,Madhya Pradesh,25,24.55862,80.96932,1159,0.5391,0.5057,-0.0334,-5.23,0.1654,0.1684,0.0029,153.8,155.5,1.09,0.3998,0.4346,0.00695,1,0,43.6,69.2,1,low
MA230260,Madhya Pradesh,23,21.4299,79.34209,3569,0.4661,0.8431,0.377,66.6,-0.023,-0.0081,0.0149,104.3,113.4,8.67,0.6594,0.6219,-0.0075,0,0,27.5,79.8,0,low
MA250261,Madhya Pradesh,25,25.73225,80.10178,2574,0.8067,1.2358,0.4292,47.33,-0.0816,-0.0639,0.0177,98.6,105.3,6.73,0.3743,0.3446,-0.00593,1,0,22.6,60.0,0,low
MA010262,Madhya Pradesh,1,21.49847,80.16034,1476,3.1521,4.4261,1.274,39.17,-0.0584,-0.0369,0.0215,53.3,58.8,10.19,0.589,0.626,0.0074,1,0,23.3,52.8,1,medium
MA030263,Madhya Pradesh,3,22.06794,80.77834,2114,0.9398,1.099,0.1592,15.31,0.0187,0.0328,0.0142,92.5,100.2,8.24,0.295,0.2697,-0.00506,1,0,52.3,96.1,1,low
MA230264,Madhya Pradesh,23,22.40021,74.25679,1459,8.2918,19.7066,11.4147,136.02,-0.09,0.0777,0.1676,86.6,146.3,68.12,0.4766,0.7593,0.05655,1,2,9.6,43.0,1,high
MA030265,Madhya Pradesh,3,21.96754,77.02979,1358,3.1867,4.3971,1.2103,36.83,-0.1143,-0.1023,0.012,109.6,117.9,7.48,0.4486,0.4705,0.00438,1,2,17.8,47.4,1,medium
MA010266,Madhya Pradesh,1,23.85092,75.84793,1677,2.8604,4.5719,1.7115,57.81,0.1938,0.2068,0.013,126.9,130.4,2.72,0.4875,0.5054,0.00357,1,2,24.3,30.8,0,medium
MA050267,Madhya Pradesh,5,26.75584,77.7365,3198,8.9932,13.3167,4.3235,47.55,-0.18,-0.0019,0.1782,46.2,173.6,269.6,0.5033,0.748,0.04895,1,2,10.0,18.9,1,high
MA080268,Madhya Pradesh,8,21.98619,79.76169,1306,0.7,1.1672,0.4673,58.41,-0.0441,-0.0504,-0.0063,51.7,47.6,-7.75,0.3513,0.2647,-0.01733,1,1,43.6,71.9,0,low
MA110269,Madhya Pradesh,11,25.70104,74.95033,372,0.6174,0.8484,0.231,32.2,-0.2508,-0.2434,0.0074,46.9,51.2,9.17,0.4479,0.4847,0.00735,0,0,34.9,77.4,1,low
MA180270,Madhya Pradesh,18,21.08481,80.46282,1448,0.9061,1.1078,0.2017,20.05,0.1133,0.1051,-0.0082,113.1,109.1,-3.49,0.6174,0.6364,0.00381,1,1,46.9,96.9,0,low
MA170271,Madhya Pradesh,17,25.57008,80.08462,767,0.6917,0.834,0.1423,17.98,0.1984,0.1992,0.0008,143.4,144.0,0.4,0.5747,0.5113,-0.01268,0,0,55.6,87.9,1,low
MA280272,Madhya Pradesh,28,22.58741,76.5299,371,0.4048,0.3583,-0.0465,-9.21,0.0035,0.0225,0.019,85.5,98.1,14.51,0.5325,0.4649,-0.01353,1,1,16.3,69.6,1,low
MA260273,Madhya Pradesh,26,24.65167,77.78452,2862,6.9333,16.4058,9.4725,134.68,-0.1186,0.0112,0.1298,46.5,89.7,91.18,0.3933,0.5167,0.02468,1,1,2.5,41.7,1,high
MA070274,Madhya Pradesh,7,22.66025,82.6356,2362,7.3535,12.927,5.5735,74.78,-0.0865,0.0488,0.1353,95.8,195.7,103.12,0.5814,0.705,0.02471,1,2,8.5,29.3,1,high
MA240275,Madhya Pradesh,24,25.99826,76.41672,1381,3.347,4.5165,1.1695,33.93,-0.1098,-0.0575,0.0523,55.4,83.1,49.05,0.416,0.4237,0.00153,1,1,17.8,30.5,1,medium
MA200276,Madhya Pradesh,20,24.80672,78.27236,232,0.4649,0.7412,0.2763,48.9,0.0657,0.0601,-0.0056,57.1,54.1,-5.16,0.6534,0.656,0.00053,1,0,51.9,83.7,0,low
MA160277,Madhya Pradesh,16,24.82583,79.88115,1400,3.0254,3.5692,0.5437,17.4,-0.2508,-0.1994,0.0514,55.3,74.4,34.06,0.3922,0.4713,0.01583,1,2,25.1,33.5,1,medium
MA120278,Madhya Pradesh,12,23.88382,74.5912,426,2.6933,4.5347,1.8414,65.92,-0.2548,-0.1992,0.0557,37.6,52.9,39.72,0.514,0.6583,0.02885,1,2,9.5,40.1,1,medium
MA100279,Madhya Pradesh,10,26.54871,74.09507,905,0.8209,0.8117,-0.0091,-0.99,0.0662,0.0718,0.0056,124.6,128.1,2.72,0.6687,0.6077,-0.01219,1,0,24.9,56.6,0,low
MA050280,Madhya Pradesh,5,22.53149,77.12694,2126,0.8987,1.3222,0.4235,42.4,-0.1362,-0.1283,0.0079,107.3,112.0,4.29,0.6851,0.6283,-0.01136,0,1,47.5,82.2,0,low
MA020281,Madhya Pradesh,2,22.16462,76.47303,689,0.9543,1.3505,0.3962,37.58,-0.0281,-0.017,0.0111,80.6,87.0,7.8,0.5472,0.4619,-0.01706,0,2,26.8,79.3,1,low
MA130282,Madhya Pradesh,13,26.7811,81.43707,724,0.8988,1.1867,0.2879,28.82,-0.2298,-0.2212,0.0086,45.3,51.1,12.56,0.2902,0.2867,-0.00069,1,0,38.0,57.7,1,low
MA020283,Madhya Pradesh,2,21.86575,76.69413,471,0.8287,1.2476,0.4189,45.1,-0.039,-0.0417,-0.0026,46.0,44.2,-3.87,0.253,0.1613,-0.01832,0,2,24.0,91.2,1,low
MA210284,Madhya Pradesh,21,23.79427,76.9298,732,3.0865,4.1352,1.0487,32.91,0.027,0.081,0.054,143.0,168.7,17.9,0.5882,0.6334,0.00904,1,1,28.5,32.5,0,medium
MA060285,Madhya Pradesh,6,23.42792,76.22667,301,1.1802,1.3962,0.216,16.87,0.1621,0.1815,0.0194,87.0,99.9,14.68,0.2483,0.2139,-0.00689,1,1,29.4,55.7,0,low
MA080286,Madhya Pradesh,8,21.59784,81.87916,2915,10.3025,13.2529,2.9504,28.36,-0.237,-0.1756,0.0614,27.0,72.9,164.05,0.3361,0.4598,0.02473,1,2,14.6,17.7,1,high
MA050287,Madhya Pradesh,5,21.76879,76.26143,846,3.2821,3.6059,0.3237,9.57,-0.223,-0.1845,0.0385,25.3,50.8,97.3,0.4322,0.4666,0.00688,1,1,21.2,42.4,0,medium
MA050288,Madhya Pradesh,5,21.57351,80.28337,701,0.7003,1.0551,0.3548,44.33,0.0764,0.0859,0.0095,106.3,111.8,5.08,0.5392,0.4678,-0.01428,1,1,27.5,90.3,1,low
MA040289,Madhya Pradesh,4,23.40886,75.5889,2079,1.0519,1.3251,0.2732,23.72,-0.1626,-0.1635,-0.0009,46.4,46.2,-0.5,0.2552,0.1957,-0.01189,1,1,16.1,76.4,0,low
MA160290,Madhya Pradesh,16,25.63433,78.67828,775,2.6891,4.3364,1.6473,59.06,-0.2434,-0.2016,0.0418,33.6,47.2,39.46,0.6607,0.6623,0.00032,1,1,8.2,45.7,0,medium
MA250291,Madhya Pradesh,25,24.04614,80.97148,218,0.4651,0.4381,-0.0271,-4.79,0.0611,0.0798,0.0187,150.7,161.8,7.32,0.4024,0.4513,0.00978,1,0,32.2,58.6,0,low
MA020292,Madhya Pradesh,2,23.94703,81.5246,459,0.5641,0.6404,0.0763,11.49,0.1444,0.1593,0.0149,176.1,180.2,2.31,0.2719,0.2181,-0.01076,0,1,20.3,93.0,0,low
MA200293,Madhya Pradesh,20,24.36554,80.69128,1287,0.5435,0.9296,0.3861,59.99,-0.2807,-0.2807,0.0,30.2,30.2,0.0,0.5087,0.4677,-0.00819,0,0,26.6,85.7,0,low
MA240294,Madhya Pradesh,24,21.51913,77.68321,1115,6.8489,9.4153,2.5663,36.93,-0.2598,-0.1241,0.1356,28.0,76.7,167.89,0.2864,0.4011,0.02294,1,2,17.4,27.4,1,high
MA080295,Madhya Pradesh,8,22.37058,76.11532,200,1.2082,1.276,0.0678,5.18,0.0824,0.0926,0.0102,91.0,98.5,8.25,0.5356,0.561,0.00508,1,0,40.9,78.6,0,low
MA040296,Madhya Pradesh,4,26.88174,79.60581,2092,0.8289,0.8381,0.0092,1.0,0.1862,0.201,0.0148,112.5,122.6,8.86,0.3773,0.2845,-0.01856,1,0,27.1,69.7,0,low
MA130297,Madhya Pradesh,13,24.9044,76.69247,1056,0.7303,0.8907,0.1604,19.32,-0.2115,-0.2065,0.005,28.7,31.9,11.04,0.5919,0.5924,0.0001,1,0,15.3,90.6,1,low
MA100298,Madhya Pradesh,10,25.14133,78.79509,821,2.7008,4.1374,1.4366,51.29,-0.124,-0.1057,0.0184,94.7,106.0,11.76,0.2595,0.4009,0.02828,1,2,16.9,64.6,1,medium
MA070299,Madhya Pradesh,7,25.89913,82.03222,279,0.455,0.4094,-0.0455,-8.21,-0.0347,-0.04,-0.0053,67.4,63.5,-5.71,0.6026,0.5662,-0.00728,1,1,15.2,80.9,0,low
MA210300,Madhya Pradesh,21,24.87597,75.37182,1382,3.1611,4.5321,1.371,42.04,0.0986,0.1492,0.0507,65.6,82.4,25.17,0.6918,0.7179,0.00523,0,2,27.6,35.1,1,medium
MA230301,Madhya Pradesh,23,24.15426,80.02104,275,1.8138,2.1661,0.3523,18.41,-0.0091,0.0055,0.0146,109.9,118.5,7.72,0.6022,0.5966,-0.00111,0,0,52.2,73.7,0,low
MA290302,Madhya Pradesh,29,25.83169,82.16242,2134,3.353,3.8091,0.4562,13.21,0.1052,0.164,0.0588,154.7,172.2,11.19,0.6519,0.7701,0.02364,1,1,26.1,54.0,1,medium
MA180303,Madhya Pradesh,18,24.85292,75.48921,706,3.8638,4.877,1.0132,25.56,-0.2975,-0.2472,0.0503,30.7,53.4,71.51,0.5581,0.5951,0.00739,1,0,20.3,40.6,0,medium
MA110304,Madhya Pradesh,11,24.95985,74.73788,1234,0.5463,0.8271,0.2808,43.45,-0.1969,-0.1801,0.0168,71.3,78.0,9.17,0.4457,0.3907,-0.01099,1,0,51.4,57.7,0,low
MA080305,Madhya Pradesh,8,25.59213,79.13541,1410,3.3237,3.7561,0.4325,12.63,-0.1076,-0.0957,0.0118,96.4,101.0,4.66,0.3284,0.3883,0.01197,1,0,15.1,57.7,1,medium
MA210306,Madhya Pradesh,21,21.25949,74.77575,814,1.9069,2.9277,1.0208,50.86,0.1827,0.2334,0.0507,152.7,188.3,23.15,0.6512,0.7865,0.02706,1,2,29.0,66.9,0,medium
MA030307,Madhya Pradesh,3,21.00005,76.22256,893,2.2914,3.0734,0.782,32.7,0.0573,0.0795,0.0223,110.9,119.2,7.41,0.2662,0.3295,0.01266,1,1,15.5,48.8,1,medium
MA160308,Madhya Pradesh,16,23.3762,81.09101,296,1.1858,1.4754,0.2897,22.53,0.0441,0.0615,0.0174,82.4,87.1,5.66,0.4226,0.3232,-0.01988,1,0,52.6,64.1,1,low
MA250309,Madhya Pradesh,25,22.83644,78.24044,1121,3.1093,3.6402,0.5309,16.54,0.1621,0.2123,0.0502,170.5,185.1,8.52,0.5396,0.5576,0.00361,1,2,11.2,40.4,1,medium
MA080310,Madhya Pradesh,8,23.42098,82.0826,608,0.425,0.3753,-0.0497,-9.47,-0.2925,-0.2989,-0.0065,54.5,50.6,-7.05,0.5308,0.4721,-0.01173,1,0,19.3,69.8,1,low
MA190311,Madhya Pradesh,19,25.77807,74.68454,511,3.6688,4.4749,0.8061,21.39,-0.2581,-0.2194,0.0387,50.5,71.5,40.7,0.2925,0.3795,0.0174,1,0,19.0,66.0,0,medium
MA210312,Madhya Pradesh,21,22.19516,76.74907,1519,0.8141,0.742,-0.0721,-7.89,-0.2805,-0.267,0.0135,36.4,46.4,26.97,0.3061,0.2148,-0.01825,1,1,52.6,73.5,0,low
MA040313,Madhya Pradesh,4,25.39107,75.60424,1756,1.9008,3.7125,1.8117,90.55,-0.1364,-0.0778,0.0586,89.9,115.8,28.48,0.2392,0.3671,0.02559,1,2,9.5,33.5,1,medium
MA050314,Madhya Pradesh,5,25.53721,81.13165,202,0.6755,0.7284,0.0529,6.82,-0.2514,-0.2528,-0.0014,28.2,27.3,-3.06,0.6004,0.5885,-0.00239,0,1,34.6,88.8,1,low
MA210315,Madhya Pradesh,21,24.36933,78.93251,523,0.6346,0.5808,-0.0538,-7.32,0.0683,0.0834,0.0151,130.1,134.0,2.96,0.5168,0.4776,-0.00783,0,2,55.7,82.2,1,low
MA260316,Madhya Pradesh,26,25.56838,79.96574,1254,2.6862,4.6016,1.9155,68.75,-0.125,-0.0733,0.0517,98.8,135.3,36.59,0.488,0.6295,0.02832,1,1,24.8,42.6,1,medium
MA180317,Madhya Pradesh,18,24.21464,77.85706,718,0.5983,0.8607,0.2623,37.56,0.1094,0.1156,0.0062,172.8,176.9,2.34,0.6653,0.6052,-0.01202,0,0,25.6,82.0,1,low
MA290318,Madhya Pradesh,29,22.76966,81.00471,1446,1.0034,1.0921,0.0887,8.04,-0.0254,-0.0194,0.0059,52.7,55.0,4.26,0.3009,0.2117,-0.01784,1,0,25.1,96.0,1,low
MA210319,Madhya Pradesh,21,26.52442,77.85308,865,8.5923,15.9061,7.3138,84.14,0.0026,0.0724,0.0698,45.1,77.8,70.9,0.2931,0.5168,0.04474,1,2,6.2,38.7,1,high
MA150320,Madhya Pradesh,15,22.89548,76.68488,391,0.3575,0.2719,-0.0856,-18.71,-0.1988,-0.1962,0.0026,64.8,65.9,1.63,0.3589,0.3614,0.00051,0,0,38.6,58.4,1,low
MA120321,Madhya Pradesh,12,26.35147,74.83344,427,1.1664,1.2497,0.0833,6.58,0.1801,0.1939,0.0138,153.4,160.9,4.83,0.2415,0.2864,0.00898,1,1,49.2,92.4,1,low
MA120322,Madhya Pradesh,12,26.22028,82.15067,4444,6.399,12.7599,6.3609,97.88,0.0958,0.1843,0.0885,163.1,203.2,24.38,0.3261,0.5811,0.051,1,1,4.7,11.4,1,high
MA170323,Madhya Pradesh,17,21.3861,77.45303,671,1.0671,1.4828,0.4157,35.62,-0.2067,-0.1897,0.017,65.3,72.3,10.61,0.2232,0.135,-0.01764,0,0,58.6,88.9,0,low
MA290324,Madhya Pradesh,29,21.16164,79.47125,1899,1.123,1.333,0.21,17.17,0.0109,0.02,0.0091,146.0,149.0,2.06,0.2249,0.1514,-0.0147,0,0,23.2,99.0,1,low
MA280325,Madhya Pradesh,28,26.42033,76.94885,1603,3.2576,3.6133,0.3557,10.59,0.0466,0.088,0.0414,98.2,123.5,25.49,0.6631,0.7892,0.02522,1,2,18.3,39.3,0,medium
MA010326,Madhya Pradesh,1,22.73729,80.84569,6452,10.3878,20.1771,9.7893,93.34,0.028,0.1551,0.1271,132.5,178.6,34.55,0.6428,0.8122,0.03389,1,2,15.8,31.2,1,high
MA270327,Madhya Pradesh,27,26.47732,79.9669,1173,3.2947,4.2108,0.916,26.98,-0.1299,-0.074,0.0559,108.5,145.8,34.03,0.5421,0.5758,0.00674,1,1,18.4,50.2,1,medium
MA280328,Madhya Pradesh,28,25.08923,75.5466,838,2.6274,4.5112,1.8838,69.07,-0.2634,-0.2292,0.0342,38.5,50.9,31.36,0.5684,0.7007,0.02644,1,1,26.8,69.6,1,medium
MA200329,Madhya Pradesh,20,21.82417,77.31747,797,0.9363,1.1464,0.2101,20.27,0.1001,0.1102,0.0102,170.3,174.8,2.64,0.4132,0.4595,0.00925,0,0,57.9,61.2,1,low
MA230330,Madhya Pradesh,23,24.18582,80.14301,860,0.4346,0.4888,0.0542,10.14,-0.2355,-0.2436,-0.008,74.0,68.8,-6.94,0.3254,0.3206,-0.00095,0,0,29.9,62.5,0,low
MA140331,Madhya Pradesh,14,25.83939,82.23966,1129,2.4039,3.2924,0.8884,35.48,-0.1896,-0.1586,0.0311,87.3,109.7,25.34,0.4241,0.4947,0.01412,0,1,8.1,34.0,1,medium
MA090332,Madhya Pradesh,9,25.49334,78.24385,1301,3.0721,3.8241,0.7519,23.7,0.1561,0.1951,0.039,189.3,206.9,9.26,0.275,0.4175,0.0285,0,1,15.6,44.7,1,medium
MA100333,Madhya Pradesh,10,24.07949,74.60946,2927,2.7044,3.5913,0.8869,31.63,0.1791,0.2295,0.0504,115.8,130.1,12.25,0.2547,0.3002,0.0091,1,0,22.6,39.5,0,medium
MA100334,Madhya Pradesh,10,21.79181,80.58074,1417,3.0655,4.5915,1.5261,48.21,-0.0749,-0.0315,0.0434,87.2,100.3,14.88,0.496,0.5745,0.01571,1,1,18.8,46.2,1,medium
MA080335,Madhya Pradesh,8,22.72206,76.64469,2014,2.2594,3.5484,1.289,54.63,-0.2094,-0.1679,0.0414,46.2,74.5,60.04,0.5524,0.6414,0.01779,1,2,27.6,50.1,0,medium
MA240336,Madhya Pradesh,24,22.01152,75.19504,1507,0.5664,1.0001,0.4338,65.1,-0.2442,-0.2316,0.0126,52.0,59.5,14.21,0.4688,0.4634,-0.00109,0,1,19.3,72.9,1,low
MA120337,Madhya Pradesh,12,21.34636,74.49656,1980,10.1171,13.7641,3.6471,35.7,0.1913,0.3125,0.1212,105.6,154.7,46.14,0.4783,0.7659,0.05751,1,0,10.9,16.5,1,high
MA080338,Madhya Pradesh,8,25.50271,77.68812,756,3.5305,4.7542,1.2237,33.71,0.07,0.1183,0.0483,149.1,169.2,13.4,0.4991,0.5947,0.01911,1,1,15.1,41.5,0,medium
MA170339,Madhya Pradesh,17,25.38152,77.09047,2222,0.6305,0.7458,0.1153,15.78,-0.1005,-0.1102,-0.0097,95.8,90.1,-5.9,0.4225,0.4318,0.00186,1,1,28.9,87.3,0,low
MA250340,Madhya Pradesh,25,24.22531,75.63754,200,1.5106,1.7552,0.2447,15.19,-0.1779,-0.1803,-0.0024,45.1,43.4,-3.77,0.492,0.4312,-0.01215,1,1,53.8,68.1,1,low
MA190341,Madhya Pradesh,19,22.0556,77.12467,1515,2.9955,3.5624,0.5669,18.31,-0.2409,-0.1824,0.0585,76.5,95.5,24.46,0.5287,0.6385,0.02195,1,2,13.6,36.9,1,medium
MA210342,Madhya Pradesh,21,25.8203,77.39488,1637,3.0355,4.5572,1.5216,48.53,-0.2119,-0.1614,0.0506,22.9,49.2,110.25,0.5507,0.6572,0.02131,0,2,29.1,41.7,1,medium
MA280343,Madhya Pradesh,28,26.08318,74.24791,2331,1.927,3.7638,1.8367,90.61,0.1831,0.2323,0.0491,112.0,137.0,22.06,0.5891,0.7361,0.02941,1,2,26.0,48.9,0,medium
MA270344,Madhya Pradesh,27,26.21546,81.67425,1213,2.5478,2.8533,0.3055,11.54,-0.0955,-0.0368,0.0587,63.3,83.1,30.75,0.6633,0.7026,0.00786,1,1,19.2,37.1,1,medium
MA290345,Madhya Pradesh,29,25.76455,81.84736,436,1.2601,1.5243,0.2642,19.42,0.1711,0.1901,0.019,192.0,199.6,3.9,0.2755,0.219,-0.0113,0,1,48.3,98.4,0,low
MA170346,Madhya Pradesh,17,22.02953,81.0668,2862,9.955,20.0748,10.1198,100.64,0.0429,0.116,0.0731,54.9,99.3,79.61,0.6243,0.9,0.0556,1,1,9.0,24.4,1,high
MA110347,Madhya Pradesh,11,24.86037,79.99305,1232,4.6754,6.361,1.6855,35.3,-0.0775,-0.0521,0.0254,46.2,57.2,23.41,0.3482,0.3543,0.00122,0,2,13.6,58.0,1,medium
MA100348,Madhya Pradesh,10,23.10128,78.65362,819,0.6248,0.692,0.0672,9.28,-0.1326,-0.119,0.0136,109.6,119.6,9.07,0.6589,0.6469,-0.0024,0,1,46.3,71.5,0,low
MA110349,Madhya Pradesh,11,23.49875,78.21941,268,2.4926,3.5808,1.0882,41.97,0.0448,0.0821,0.0372,129.0,152.8,18.31,0.5003,0.5606,0.01205,0,2,27.4,65.4,1,medium
MA210350,Madhya Pradesh,21,22.62842,75.61962,200,0.7029,1.1437,0.4408,54.9,0.0359,0.0441,0.0082,87.9,91.8,4.41,0.6308,0.5929,-0.00756,0,0,56.5,56.9,1,low
MA090351,Madhya Pradesh,9,24.36084,74.52708,1004,0.6757,0.9988,0.3231,41.65,0.0836,0.075,-0.0086,72.2,69.5,-3.6,0.4834,0.461,-0.00448,0,0,57.3,65.3,0,low
MA090352,Madhya Pradesh,9,21.02317,80.68007,935,2.6093,3.9443,1.335,49.27,0.1503,0.1789,0.0287,182.2,189.9,4.19,0.4129,0.4506,0.00754,1,1,27.0,69.6,1,medium
MA070353,Madhya Pradesh,7,24.04455,79.10201,655,2.3898,3.2153,0.8255,33.15,-0.2333,-0.2077,0.0256,45.3,53.0,16.58,0.6668,0.6931,0.00526,1,0,21.1,69.9,1,medium
MA190354,Madhya Pradesh,19,25.06079,74.39677,912,2.2505,2.7234,0.473,20.12,0.1531,0.1658,0.0127,83.5,87.8,5.08,0.4834,0.5929,0.02191,0,2,20.6,53.8,1,medium
MA150355,Madhya Pradesh,15,24.06492,80.20449,5843,2.6326,3.5895,0.9569,35.02,-0.2798,-0.2341,0.0457,29.4,50.2,68.73,0.6408,0.691,0.01005,1,2,13.1,49.2,1,medium
MA100356,Madhya Pradesh,10,21.22258,81.59746,298,0.4974,0.9658,0.4685,78.42,0.0507,0.0511,0.0003,111.6,111.8,0.15,0.256,0.2746,0.00371,1,0,51.4,79.1,0,low
MA110357,Madhya Pradesh,11,26.44102,81.92152,1129,0.6199,0.8323,0.2124,29.5,-0.1153,-0.1063,0.0089,38.4,43.5,12.98,0.2543,0.2468,-0.00149,0,0,50.6,94.3,0,low
MA180358,Madhya Pradesh,18,25.83007,77.20029,1614,3.574,5.0701,1.4961,40.72,-0.1736,-0.1211,0.0525,56.3,84.2,48.75,0.2065,0.2228,0.00326,1,1,22.4,63.8,1,medium
MA210359,Madhya Pradesh,21,23.6373,80.5206,498,1.1258,1.0295,-0.0962,-7.85,-0.2203,-0.2283,-0.008,41.8,36.3,-12.85,0.3505,0.328,-0.00451,0,0,32.2,79.2,0,low
MA020360,Madhya Pradesh,2,25.17792,79.029,528,0.4066,0.8653,0.4587,90.54,-0.1138,-0.1193,-0.0055,58.1,54.5,-6.01,0.5365,0.531,-0.0011,1,0,24.4,83.1,0,low
MA210361,Madhya Pradesh,21,22.10638,79.56715,812,2.5552,3.7991,1.2438,46.85,-0.2992,-0.2455,0.0537,35.2,51.9,46.27,0.4251,0.5576,0.02649,1,0,28.4,56.1,1,medium
MA030362,Madhya Pradesh,3,22.05272,74.06116,759,1.2253,1.178,-0.0472,-3.56,0.0744,0.0886,0.0143,158.9,169.0,6.31,0.4185,0.3912,-0.00546,0,1,30.7,97.1,0,low
MA160363,Madhya Pradesh,16,23.20198,75.00229,6086,6.2066,16.3241,10.1175,160.43,-0.0044,0.1244,0.1288,79.1,164.0,105.92,0.3523,0.6027,0.05008,1,2,11.9,29.1,1,high
MA230364,Madhya Pradesh,23,21.44056,79.37008,2728,0.5515,0.8087,0.2572,39.49,0.0813,0.0753,-0.006,142.6,140.3,-1.6,0.2618,0.1762,-0.01711,1,2,15.1,70.0,1,low
MA290365,Madhya Pradesh,29,23.88733,79.01299,630,2.3755,3.7366,1.3611,54.98,-0.2654,-0.2553,0.0101,24.6,29.5,19.25,0.224,0.2284,0.00088,0,1,25.9,34.1,1,medium
MA080366,Madhya Pradesh,8,25.8447,74.45037,1795,2.0869,3.4914,1.4045,64.22,0.0019,0.0345,0.0326,81.5,95.4,16.88,0.4705,0.5221,0.01033,1,0,25.1,50.3,1,medium
MA090367,Madhya Pradesh,9,21.13386,78.3742,1181,0.5109,0.48,-0.0309,-5.05,0.1527,0.1639,0.0112,95.7,101.8,6.3,0.5477,0.533,-0.00295,0,1,40.0,70.6,1,low
MA220368,Madhya Pradesh,22,26.59655,76.10774,5535,3.4792,4.382,0.9029,25.23,-0.1206,-0.0924,0.0282,96.8,104.8,8.13,0.6981,0.8415,0.02869,1,1,28.8,47.8,0,medium
MA210369,Madhya Pradesh,21,24.48585,75.39133,696,0.8268,0.7348,-0.092,-9.93,-0.2521,-0.2554,-0.0033,61.3,59.8,-2.44,0.598,0.5808,-0.00345,0,1,17.9,89.8,1,low
MA270370,Madhya Pradesh,27,25.62267,77.64166,425,0.5819,1.03,0.4482,65.73,-0.1111,-0.0992,0.0119,115.2,122.8,6.5,0.3796,0.3628,-0.00334,0,0,29.4,97.7,0,low
MA260371,Madhya Pradesh,26,21.82128,81.03061,215,2.2798,2.6235,0.3437,14.44,0.0847,0.1104,0.0257,125.3,135.5,8.09,0.624,0.6935,0.01391,1,2,14.8,45.0,0,medium
MA230372,Madhya Pradesh,23,25.87663,77.52283,847,2.3807,3.518,1.1373,45.84,0.0632,0.1074,0.0442,121.9,151.3,23.96,0.6422,0.7391,0.01937,0,0,10.6,64.4,0,medium
MA270373,Madhya Pradesh,27,23.31017,77.60023,1134,3.6849,4.4427,0.7578,20.02,0.0813,0.1355,0.0542,92.0,124.9,35.38,0.5577,0.6033,0.00913,1,1,21.8,47.4,1,medium
MA150374,Madhya Pradesh,15,25.08572,80.82658,1583,8.1084,16.821,8.7126,106.14,0.0327,0.0997,0.0671,53.6,97.8,80.95,0.3431,0.5764,0.04667,1,1,12.4,15.4,0,high
MA070375,Madhya Pradesh,7,21.85553,78.55426,1584,0.4942,0.6976,0.2033,34.22,-0.1559,-0.1361,0.0197,44.8,51.6,14.85,0.3105,0.2605,-0.01001,0,1,37.6,99.5,1,low
MA070376,Madhya Pradesh,7,22.01307,82.1997,756,4.0885,5.4873,1.3988,33.4,-0.2721,-0.2299,0.0421,54.4,72.3,32.32,0.655,0.7795,0.02491,0,2,16.8,32.5,0,medium
MA240377,Madhya Pradesh,24,23.81716,82.47491,3192,3.5181,4.5721,1.0539,29.13,0.0903,0.1104,0.02,53.3,66.6,24.52,0.6531,0.7848,0.02633,1,0,27.1,63.0,1,medium
MA220378,Madhya Pradesh,22,24.14634,74.54919,835,2.3209,3.0561,0.7352,30.37,-0.1209,-0.0833,0.0376,99.4,110.1,10.65,0.3476,0.4082,0.01212,1,1,20.9,30.8,0,medium
MA080379,Madhya Pradesh,8,24.85223,82.79489,1445,1.3358,1.2416,-0.0942,-6.56,0.088,0.095,0.007,112.1,116.3,3.71,0.5897,0.5029,-0.01736,1,0,47.1,67.9,1,low
MA250380,Madhya Pradesh,25,26.81565,78.95216,1319,3.0578,3.6913,0.6335,20.06,0.1026,0.1242,0.0216,124.9,131.2,5.02,0.6655,0.6975,0.0064,1,2,29.7,63.4,1,medium
MA020381,Madhya Pradesh,2,21.05691,79.93836,2647,3.0325,3.7741,0.7416,23.68,0.1825,0.1955,0.013,77.2,82.8,7.11,0.3593,0.4056,0.00926,1,2,19.3,57.1,1,medium
MA140382,Madhya Pradesh,14,26.64399,74.86088,1089,0.779,0.9729,0.1938,22.05,-0.1321,-0.1224,0.0097,49.2,51.9,5.41,0.6758,0.6631,-0.00254,0,2,31.6,98.1,0,low
MA120383,Madhya Pradesh,12,21.3277,75.33541,1456,0.6293,1.0313,0.402,55.13,0.0593,0.0545,-0.0049,118.1,116.3,-1.51,0.6258,0.5518,-0.0148,0,1,41.8,85.4,1,low
MA040384,Madhya Pradesh,4,24.5807,80.76427,1275,0.8168,1.2918,0.475,51.81,-0.1897,-0.1966,-0.0069,44.7,41.1,-7.83,0.5239,0.4934,-0.0061,1,0,40.3,74.4,1,low
MA110385,Madhya Pradesh,11,22.45765,76.09549,1261,2.9897,4.8581,1.8684,60.47,0.0097,0.0242,0.0145,128.9,133.1,3.22,0.5031,0.6012,0.01962,1,1,16.9,40.6,1,medium
MA060386,Madhya Pradesh,6,23.99949,76.30932,200,1.8422,2.0568,0.2146,11.05,-0.2715,-0.2631,0.0084,44.1,49.9,12.7,0.2354,0.217,-0.00368,1,2,40.9,73.8,1,low
MA290387,Madhya Pradesh,29,23.90745,74.31066,943,2.8238,3.1669,0.343,11.73,-0.2639,-0.2269,0.0369,66.5,89.4,33.89,0.2157,0.3171,0.02027,1,2,26.6,38.7,1,medium
MA140388,Madhya Pradesh,14,24.00753,82.61474,1030,0.7677,1.0147,0.247,28.46,-0.2447,-0.234,0.0107,20.8,25.3,20.46,0.595,0.6026,0.00152,1,0,23.7,61.6,0,low
MA220389,Madhya Pradesh,22,23.26263,80.94132,497,0.6872,0.764,0.0768,9.76,0.0027,0.0025,-0.0003,129.5,129.4,-0.07,0.6282,0.5749,-0.01066,1,0,37.3,90.3,0,low
MA170390,Madhya Pradesh,17,25.47101,75.42113,743,7.8681,17.3166,9.4486,118.58,-0.2301,-0.1303,0.0998,53.6,114.0,110.62,0.4326,0.7303,0.05955,1,2,15.6,43.7,1,high
MA040391,Madhya Pradesh,4,25.42279,80.14015,200,0.4801,0.6797,0.1996,34.41,-0.1581,-0.1644,-0.0063,45.8,43.4,-5.1,0.3108,0.2853,-0.0051,1,2,46.5,69.5,1,low
MA210392,Madhya Pradesh,21,23.43799,79.19713,1843,3.1545,3.973,0.8185,25.15,0.0093,0.0211,0.0118,138.4,144.0,4.03,0.3881,0.4463,0.01162,0,2,23.2,38.3,1,medium
MA240393,Madhya Pradesh,24,23.44064,78.49302,2537,0.7853,0.9519,0.1666,18.82,0.1599,0.1586,-0.0013,66.5,66.0,-0.76,0.4423,0.3817,-0.01214,1,0,47.4,73.7,1,low
MA050394,Madhya Pradesh,5,25.47936,79.1555,1077,1.6725,1.5791,-0.0934,-5.27,0.1034,0.1157,0.0124,55.9,62.9,12.18,0.2385,0.1458,-0.01855,1,0,49.2,71.5,1,low
MA110395,Madhya Pradesh,11,25.05295,80.70874,409,0.5686,0.4852,-0.0834,-12.47,0.1453,0.1493,0.004,83.8,86.6,3.3,0.3478,0.2916,-0.01123,0,0,43.7,88.8,0,low
MA290396,Madhya Pradesh,29,23.82307,79.54562,200,3.85,4.8503,1.0003,25.33,0.1037,0.1448,0.0411,79.1,109.6,38.06,0.6232,0.6865,0.01267,1,1,27.6,65.0,1,medium
MA210397,Madhya Pradesh,21,23.1794,77.50577,651,1.087,1.5012,0.4142,34.9,-0.0093,0.0078,0.0171,60.3,65.6,8.65,0.2032,0.1636,-0.00792,1,1,40.0,65.7,1,low
MA030398,Madhya Pradesh,3,21.56561,78.35,1477,2.0049,2.6685,0.6635,31.52,0.0347,0.0933,0.0586,107.9,138.8,28.46,0.3389,0.4733,0.02688,1,2,11.6,57.9,1,medium
MA280399,Madhya Pradesh,28,24.73341,75.84324,453,0.5917,0.9363,0.3446,49.83,-0.1569,-0.1665,-0.0095,83.9,80.8,-3.62,0.602,0.6262,0.00485,1,1,41.0,95.2,1,low
RA210000,Rajasthan,21,24.7804,75.64736,991,0.5289,0.7888,0.2599,41.32,0.0,0.0112,0.0112,149.6,154.9,3.48,0.3794,0.4105,0.00622,0,0,57.8,89.6,1,low
RA030001,Rajasthan,3,26.26442,70.19483,1281,3.1539,4.8545,1.7007,52.27,0.1468,0.1768,0.0301,146.8,161.4,9.85,0.4073,0.532,0.02495,1,2,11.8,55.2,1,medium
RA130002,Rajasthan,13,25.57859,72.30609,602,0.7357,1.0374,0.3016,36.09,-0.2203,-0.2175,0.0029,46.3,47.1,1.69,0.6249,0.5812,-0.00873,1,0,38.6,63.9,0,low
RA060003,Rajasthan,6,26.76266,76.56949,1004,3.3321,3.8416,0.5096,14.85,-0.0079,0.0489,0.0568,116.3,136.1,16.85,0.6734,0.6853,0.00237,0,0,25.4,56.1,1,medium
RA100004,Rajasthan,10,28.12905,69.77264,853,6.8381,12.4319,5.5938,80.62,-0.1903,-0.0279,0.1623,49.1,115.7,133.01,0.5909,0.7813,0.03809,1,2,3.0,33.7,1,high
RA030005,Rajasthan,3,24.51075,76.59281,1230,1.7709,2.0947,0.3238,17.31,-0.1972,-0.1532,0.0439,61.9,77.3,24.52,0.399,0.4863,0.01747,1,2,27.1,45.8,1,medium
RA060006,Rajasthan,6,24.99073,71.08722,655,0.5133,0.4634,-0.0499,-8.14,-0.0317,-0.0187,0.013,60.1,68.9,14.39,0.3906,0.4139,0.00466,1,2,40.9,56.9,1,low
RA290007,Rajasthan,29,27.15071,76.99226,2326,7.1778,16.96,9.7823,134.41,-0.1467,0.0099,0.1566,74.7,183.4,143.61,0.2945,0.4338,0.02786,0,1,10.2,22.3,1,high
RA080008,Rajasthan,8,29.98568,75.07324,761,0.6584,1.1561,0.4977,65.62,-0.1847,-0.1875,-0.0028,72.6,71.9,-1.0,0.3434,0.3425,-0.00018,0,0,30.1,98.7,0,low
RA180009,Rajasthan,18,26.41896,70.90554,278,0.6384,0.9234,0.285,38.6,-0.0569,-0.0532,0.0037,35.4,37.3,5.14,0.5604,0.5155,-0.00897,1,1,46.8,90.7,1,low
RA120010,Rajasthan,12,28.13941,71.91451,2464,0.6503,0.9387,0.2884,38.43,0.0198,0.0236,0.0038,64.5,66.6,3.19,0.4525,0.4499,-0.00052,1,1,15.4,89.6,1,low
RA080011,Rajasthan,8,29.30286,75.15427,1299,1.2854,1.7746,0.4892,35.31,-0.2721,-0.258,0.0141,29.4,38.5,29.8,0.2855,0.2286,-0.01138,0,0,58.4,61.0,0,low
RA210012,Rajasthan,21,25.44758,74.3229,1391,0.6107,0.6406,0.0299,4.2,0.0895,0.0812,-0.0083,52.3,47.3,-9.27,0.3922,0.3518,-0.00808,1,1,45.0,74.9,0,low
RA010013,Rajasthan,1,26.45757,76.32395,505,0.6747,0.9382,0.2635,34.01,-0.2134,-0.2101,0.0032,21.8,23.3,6.7,0.5439,0.4714,-0.01452,0,2,26.5,71.4,1,low
RA220014,Rajasthan,22,24.82826,72.44656,815,0.61,0.8875,0.2775,39.08,-0.0646,-0.0448,0.0198,122.7,134.0,9.15,0.471,0.4667,-0.00087,0,0,23.3,70.4,1,low
RA130015,Rajasthan,13,23.02151,71.16954,670,0.9362,1.0865,0.1503,14.51,-0.239,-0.2468,-0.0078,64.7,60.4,-6.61,0.6131,0.5882,-0.00498,1,1,26.6,96.6,0,low
RA240016,Rajasthan,24,28.31345,73.88315,760,2.3047,4.1595,1.8548,77.13,-0.0611,-0.0421,0.019,122.9,130.5,6.1,0.5177,0.6182,0.0201,0,1,12.5,53.1,1,medium
RA290017,Rajasthan,29,25.39049,76.86275,6971,2.4535,3.3069,0.8534,33.42,0.099,0.1392,0.0402,69.3,88.9,27.84,0.3372,0.4314,0.01884,1,2,26.1,42.1,1,medium
RA120018,Rajasthan,12,23.98721,74.86724,1103,0.5822,0.7099,0.1277,18.72,0.1596,0.1546,-0.005,116.8,113.7,-2.6,0.3439,0.3257,-0.00366,1,1,27.7,74.0,0,low
RA110019,Rajasthan,11,27.11416,72.32531,560,0.9424,1.2895,0.3472,33.31,0.1863,0.1883,0.002,181.9,182.9,0.52,0.368,0.3792,0.00224,1,2,56.7,98.1,1,low
RA240020,Rajasthan,24,23.09405,72.45516,1066,3.2061,3.7784,0.5723,17.31,-0.1442,-0.115,0.0293,84.9,105.2,23.57,0.4297,0.5317,0.02039,1,1,12.5,64.5,1,medium
RA060021,Rajasthan,6,27.93688,71.23481,305,0.6877,1.0099,0.3222,40.91,0.0802,0.0949,0.0148,113.7,120.8,6.13,0.3299,0.3795,0.00992,1,0,23.1,61.7,1,low
RA100022,Rajasthan,10,29.44318,73.15113,667,10.2118,21.0647,10.8529,105.25,0.1036,0.2152,0.1116,68.8,123.3,78.03,0.6223,0.7724,0.03,1,2,3.0,22.4,1,high
RA230023,Rajasthan,23,28.99395,76.92735,2826,2.0816,2.6764,0.5948,27.26,-0.2284,-0.1958,0.0326,66.6,77.8,16.72,0.2621,0.3292,0.01343,0,2,20.6,45.6,1,medium
RA190024,Rajasthan,19,23.55844,70.08059,516,0.8078,1.2758,0.468,51.55,-0.114,-0.1197,-0.0057,53.0,51.3,-3.03,0.577,0.6052,0.00565,0,0,24.5,90.0,0,low
RA200025,Rajasthan,20,25.90326,71.14607,254,0.9837,1.2426,0.2589,23.89,-0.0218,-0.0243,-0.0025,85.5,83.8,-1.99,0.6542,0.6292,-0.00499,0,0,24.6,84.3,1,low
RA190026,Rajasthan,19,24.14986,72.3652,695,0.8568,1.2942,0.4375,45.72,0.1907,0.2104,0.0197,69.3,83.4,19.96,0.6403,0.5876,-0.01054,0,2,36.4,85.0,0,low
RA240027,Rajasthan,24,24.24165,77.30347,411,1.0563,1.3481,0.2918,25.24,-0.1368,-0.1418,-0.005,88.7,85.2,-3.91,0.3494,0.2618,-0.01753,1,0,56.5,62.1,1,low
RA120028,Rajasthan,12,24.12894,76.80903,2079,3.4612,5.144,1.6828,47.25,0.1775,0.1996,0.0222,63.1,70.1,10.83,0.6852,0.6902,0.00099,1,1,24.3,34.7,1,medium
RA030029,Rajasthan,3,25.87266,76.05491,403,2.6128,3.1237,0.5108,18.83,-0.2617,-0.2419,0.0198,29.1,36.2,23.94,0.537,0.5564,0.00388,1,1,9.1,47.4,0,medium
RA260030,Rajasthan,26,23.64827,77.2503,297,2.2582,3.0865,0.8282,35.12,-0.1254,-0.0726,0.0528,105.5,126.8,19.95,0.4714,0.5735,0.02041,1,2,15.2,65.0,1,medium
RA210031,Rajasthan,21,23.98081,75.5479,550,1.6284,2.0648,0.4364,25.25,-0.1265,-0.1106,0.0159,67.2,71.9,6.86,0.4604,0.4956,0.00703,0,1,20.5,91.0,0,low
RA160032,Rajasthan,16,27.69006,75.24848,1109,2.1061,3.5997,1.4936,67.7,0.0769,0.0976,0.0206,143.5,150.5,4.84,0.4428,0.5692,0.02528,1,2,9.4,48.9,1,medium
RA030033,Rajasthan,3,27.953,76.16181,2670,5.8859,9.6725,3.7866,63.26,-0.2716,-0.1284,0.1432,41.5,98.2,133.25,0.4852,0.6147,0.02589,1,2,4.9,11.8,1,high
RA250034,Rajasthan,25,25.40695,70.19019,775,3.5734,4.6911,1.1176,30.42,-0.1721,-0.1208,0.0513,64.9,93.9,43.96,0.5723,0.6437,0.01427,0,0,12.7,43.8,1,medium
RA170035,Rajasthan,17,23.55732,77.89,928,0.7302,1.0904,0.3602,43.39,-0.0138,-0.0134,0.0004,63.3,63.5,0.3,0.3599,0.2741,-0.01715,0,0,35.2,82.7,0,low
RA120036,Rajasthan,12,24.07087,70.96077,1400,1.0164,1.0631,0.0467,4.18,-0.0873,-0.0971,-0.0098,40.8,37.1,-8.84,0.2773,0.2769,-8e-05,0,1,49.3,59.2,0,low
RA050037,Rajasthan,5,24.02112,72.60979,326,0.5302,0.5579,0.0277,4.4,-0.1732,-0.1733,-0.0,39.8,39.7,-0.03,0.635,0.646,0.00221,1,0,22.9,90.0,0,low
RA160038,Rajasthan,16,24.33051,77.87042,752,0.4621,0.6579,0.1958,34.84,-0.1393,-0.1385,0.0008,45.3,45.6,0.62,0.562,0.5746,0.00252,1,1,17.2,68.1,1,low
RA220039,Rajasthan,22,29.0359,73.36503,633,0.5624,0.6722,0.1097,16.57,-0.048,-0.0413,0.0067,78.6,83.6,6.25,0.2934,0.3104,0.0034,1,1,19.5,69.6,0,low
RA290040,Rajasthan,29,26.30522,74.67582,250,0.617,0.7455,0.1285,17.92,-0.2986,-0.2958,0.0028,17.4,19.2,9.58,0.6339,0.6795,0.00912,0,0,21.0,64.6,1,low
RA160041,Rajasthan,16,24.90858,70.45982,749,1.0752,1.2034,0.1282,10.91,-0.1741,-0.1716,0.0025,94.1,95.0,0.95,0.5895,0.5441,-0.00906,0,1,32.9,69.6,0,low
RA150042,Rajasthan,15,28.50497,71.25512,1029,2.4933,4.397,1.9037,73.41,-0.0078,0.0502,0.0579,140.5,168.5,19.73,0.5823,0.6713,0.01781,1,0,27.5,49.8,1,medium
RA280043,Rajasthan,28,30.13522,74.49416,1898,2.3243,2.7787,0.4544,18.74,-0.222,-0.1628,0.0591,69.4,109.0,56.25,0.6836,0.7769,0.01866,1,2,15.2,63.8,1,medium
RA120044,Rajasthan,12,24.71966,76.0627,1141,0.723,0.6955,-0.0274,-3.34,0.0639,0.0669,0.0031,137.2,139.3,1.48,0.5428,0.5509,0.00163,0,0,48.2,88.0,1,low
RA240045,Rajasthan,24,27.32358,75.66914,685,0.8205,0.9363,0.1158,12.58,0.0993,0.0996,0.0003,107.3,107.4,0.14,0.203,0.1095,-0.01869,0,0,39.6,69.5,1,low
RA020046,Rajasthan,2,26.67741,71.53784,200,0.9432,0.9456,0.0024,0.23,0.071,0.0809,0.0099,128.3,133.5,4.07,0.6678,0.6868,0.00381,1,1,34.8,82.8,0,low
RA190047,Rajasthan,19,23.57821,77.66438,3958,1.9678,3.365,1.3973,67.57,0.1052,0.1175,0.0123,88.3,93.6,6.0,0.4795,0.5352,0.01112,1,1,9.9,41.5,0,medium
RA210048,Rajasthan,21,23.72893,75.10216,1025,0.6803,1.1702,0.4899,62.79,-0.1712,-0.1686,0.0026,78.7,79.5,0.98,0.2827,0.2446,-0.00763,0,2,45.1,86.8,0,low
RA220049,Rajasthan,22,26.73715,72.66726,1172,1.5178,1.5886,0.0707,4.37,-0.1365,-0.1427,-0.0062,53.2,48.6,-8.5,0.5275,0.533,0.0011,0,0,27.8,67.3,0,low
RA040050,Rajasthan,4,24.70966,74.19106,864,4.0063,5.3272,1.321,32.17,0.1115,0.1328,0.0213,149.2,165.1,10.58,0.4771,0.4834,0.00126,1,1,20.9,39.5,0,medium
RA130051,Rajasthan,13,25.60695,73.75681,400,1.2295,1.3133,0.0838,6.31,-0.0639,-0.0636,0.0003,35.9,36.0,0.41,0.5707,0.6003,0.00591,1,0,49.1,95.7,0,low
RA160052,Rajasthan,16,26.40508,77.50105,582,0.6705,0.7954,0.1249,16.21,-0.1506,-0.1332,0.0174,77.3,82.3,6.38,0.4987,0.5288,0.00601,1,0,17.9,85.5,0,low
RA080053,Rajasthan,8,26.56816,75.42514,746,0.8044,1.1757,0.3713,41.05,-0.0801,-0.0783,0.0018,119.2,120.5,1.11,0.5206,0.4789,-0.00836,1,0,37.5,56.4,1,low
RA260054,Rajasthan,26,26.12303,74.38353,522,0.7501,1.12,0.3699,43.51,-0.2506,-0.2476,0.003,46.4,48.2,3.77,0.2928,0.2818,-0.00221,0,0,31.1,68.4,0,low
RA240055,Rajasthan,24,29.0219,72.24953,890,1.1664,1.4157,0.2493,19.69,-0.2525,-0.234,0.0185,46.2,57.1,22.99,0.2637,0.2568,-0.00137,0,1,49.8,81.9,1,low
RA100056,Rajasthan,10,28.10675,76.95779,1420,0.5622,0.7925,0.2303,34.78,0.0278,0.0215,-0.0063,99.7,97.2,-2.49,0.5504,0.5234,-0.00539,1,2,20.9,84.7,0,low
RA050057,Rajasthan,5,29.29258,70.15772,1923,2.4764,4.0364,1.56,60.55,0.1307,0.1511,0.0204,88.2,96.2,9.02,0.2573,0.377,0.02394,1,0,20.4,65.1,1,medium
RA250058,Rajasthan,25,29.95612,70.96355,322,1.7682,3.5695,1.8013,96.42,-0.2415,-0.2054,0.0361,31.1,50.0,58.99,0.365,0.4362,0.01423,0,2,21.7,66.3,0,medium
RA200059,Rajasthan,20,24.37698,72.89867,260,0.9231,1.2772,0.3541,34.61,-0.1491,-0.1396,0.0095,85.2,89.5,4.95,0.2163,0.1791,-0.00746,0,0,27.5,58.9,0,low
RA180060,Rajasthan,18,25.04723,77.79414,1224,0.6709,0.7496,0.0787,10.21,-0.267,-0.258,0.009,29.0,34.7,18.8,0.2484,0.2734,0.00498,0,1,21.1,94.1,0,low
RA110061,Rajasthan,11,27.86626,76.57976,1082,1.3715,1.5542,0.1827,12.42,-0.2278,-0.2187,0.0091,66.1,71.9,8.61,0.5218,0.5543,0.0065,1,0,27.0,58.9,1,low
RA170062,Rajasthan,17,27.54071,71.80405,1264,2.6043,3.5327,0.9284,34.33,-0.1287,-0.0897,0.039,59.6,80.6,34.64,0.4906,0.5644,0.01475,1,0,26.3,38.3,1,medium
RA080063,Rajasthan,8,29.94782,76.9401,248,0.9401,1.0899,0.1498,14.41,-0.2028,-0.1988,0.004,36.2,38.2,5.23,0.4383,0.4063,-0.00639,0,0,55.3,91.4,1,low
RA130064,Rajasthan,13,26.11936,76.55869,437,0.6029,0.8868,0.2839,40.39,0.1236,0.1197,-0.0039,59.1,56.4,-4.58,0.6508,0.6416,-0.00184,0,2,22.0,59.7,1,low
RA110065,Rajasthan,11,26.67495,74.35191,759,0.6297,0.6577,0.028,3.84,-0.2013,-0.1911,0.0103,24.0,29.8,23.32,0.6952,0.6936,-0.00031,1,1,22.0,70.5,1,low
RA200066,Rajasthan,20,24.81287,72.13618,2671,10.4725,15.941,5.4685,51.72,-0.1214,-0.0244,0.097,92.2,158.4,70.95,0.3175,0.5524,0.04698,1,2,15.8,35.3,1,high
RA230067,Rajasthan,23,24.53239,77.66751,395,0.4588,0.5824,0.1236,22.11,0.1436,0.1591,0.0155,154.4,163.2,5.67,0.6801,0.6869,0.00135,0,1,58.5,70.1,1,low
RA130068,Rajasthan,13,24.59589,72.07988,748,3.525,4.9087,1.3837,38.17,0.0377,0.0591,0.0214,112.1,124.9,11.27,0.4284,0.4654,0.00741,1,2,27.4,47.5,1,medium
RA230069,Rajasthan,23,29.39268,70.09951,200,0.8769,1.1945,0.3176,32.51,0.1394,0.1406,0.0012,52.4,52.9,0.9,0.4293,0.3759,-0.01067,0,0,45.1,62.7,0,low
RA020070,Rajasthan,2,27.95682,77.82903,1568,3.2098,3.8547,0.6449,19.48,-0.2509,-0.2104,0.0405,68.1,92.1,34.74,0.5487,0.5992,0.0101,0,0,21.9,32.4,1,medium
RA290071,Rajasthan,29,23.38432,72.03885,1147,2.0185,3.3637,1.3452,63.5,0.1343,0.1798,0.0455,91.9,115.6,25.54,0.6205,0.7515,0.02621,0,2,22.2,61.7,1,medium
RA250072,Rajasthan,25,24.6832,73.54906,1460,2.4171,3.9392,1.5221,60.47,-0.2449,-0.2297,0.0152,76.3,80.6,5.58,0.2114,0.3541,0.02853,1,0,23.5,54.0,1,medium
RA020073,Rajasthan,2,25.14626,76.32676,2245,3.2623,3.6204,0.3581,10.65,0.1887,0.2356,0.0469,88.3,113.6,28.25,0.3841,0.42,0.00719,1,1,8.5,37.8,1,medium
RA020074,Rajasthan,2,25.23765,77.04365,942,7.1586,14.6395,7.481,103.06,-0.0888,0.0168,0.1056,42.3,70.6,65.55,0.2763,0.5705,0.05884,1,2,9.8,27.4,1,high
RA030075,Rajasthan,3,24.34847,70.81072,864,6.0572,9.1137,3.0565,49.64,-0.2784,-0.118,0.1603,56.2,118.2,108.48,0.2961,0.5227,0.04531,1,2,7.3,12.8,1,high
RA290076,Rajasthan,29,25.06172,74.78944,427,0.9259,1.3474,0.4215,41.09,0.1152,0.1344,0.0192,112.5,119.9,6.46,0.5409,0.5103,-0.00612,1,1,55.8,90.8,0,low
RA060077,Rajasthan,6,23.08343,75.7246,869,2.306,3.0747,0.7687,31.95,-0.1347,-0.0759,0.0588,77.8,108.4,38.83,0.2888,0.2976,0.00177,0,2,17.5,48.4,0,medium
RA090078,Rajasthan,9,29.72455,76.25843,549,2.3957,3.0592,0.6635,26.59,-0.2837,-0.2283,0.0554,17.8,37.9,106.77,0.6896,0.8342,0.02894,1,1,9.6,54.7,1,medium
RA070079,Rajasthan,7,25.45204,74.64546,3294,0.7095,1.1891,0.4796,59.24,-0.0821,-0.0697,0.0124,61.0,64.6,5.68,0.679,0.7279,0.00977,1,0,40.5,67.4,0,low
RA210080,Rajasthan,21,26.61352,72.4151,913,1.0182,0.9926,-0.0257,-2.3,0.0622,0.072,0.0098,138.9,141.7,2.01,0.6478,0.6638,0.0032,0,1,52.3,91.0,0,low
RA260081,Rajasthan,26,28.81483,78.03798,456,0.8356,0.8003,-0.0354,-3.78,0.1341,0.1289,-0.0053,84.3,82.8,-1.7,0.441,0.3997,-0.00825,1,1,58.3,91.9,1,low
RA040082,Rajasthan,4,27.08143,76.73652,494,0.529,1.0024,0.4734,75.26,0.0147,0.0142,-0.0005,121.0,120.9,-0.11,0.2763,0.3118,0.00708,1,1,45.0,73.4,1,low
RA130083,Rajasthan,13,30.12462,73.85235,424,2.4251,2.9126,0.4874,19.3,0.1804,0.2032,0.0228,77.7,88.3,13.48,0.371,0.4766,0.02112,1,0,9.4,59.2,1,medium
RA030084,Rajasthan,3,29.86973,76.19756,1108,3.5229,3.9774,0.4545,12.54,0.1929,0.2065,0.0136,100.7,106.5,5.74,0.3769,0.522,0.02903,0,2,25.7,46.0,1,medium
RA030085,Rajasthan,3,29.35654,71.52839,1144,2.5421,4.3719,1.8298,69.26,0.0686,0.1277,0.0591,102.9,126.1,22.34,0.5632,0.6574,0.01884,1,1,10.6,51.8,1,medium
RA290086,Rajasthan,29,24.38451,73.59537,1134,9.4741,17.124,7.6499,79.9,-0.0937,-0.0016,0.0921,47.2,84.4,77.08,0.697,0.8025,0.02111,1,2,12.5,16.8,1,high
RA070087,Rajasthan,7,25.92771,76.25283,927,0.7933,1.2375,0.4442,49.73,0.1093,0.0993,-0.0099,135.3,128.9,-4.7,0.4236,0.4647,0.00821,0,0,47.8,96.3,0,low
RA040088,Rajasthan,4,25.14381,74.15793,580,3.0864,4.7492,1.6627,52.18,0.0695,0.1045,0.0349,69.6,94.1,34.66,0.6027,0.6034,0.00013,1,1,8.3,37.2,1,medium
RA060089,Rajasthan,6,24.17127,74.84636,4022,3.1328,4.7339,1.601,49.52,0.1971,0.2394,0.0424,87.5,104.0,18.64,0.488,0.5373,0.00987,1,1,19.0,48.0,0,medium
RA280090,Rajasthan,28,27.91101,76.19386,360,0.7534,0.9833,0.2299,26.94,-0.0744,-0.0619,0.0125,97.6,101.6,4.07,0.3334,0.2522,-0.01624,0,0,44.7,93.8,0,low
RA180091,Rajasthan,18,25.43034,75.26153,377,0.4471,0.818,0.3709,67.79,0.0163,0.0306,0.0143,52.2,61.4,17.21,0.4603,0.4818,0.0043,1,1,58.9,56.4,1,low
RA080092,Rajasthan,8,26.40081,74.88009,200,0.93,0.9868,0.0568,5.52,0.175,0.1918,0.0169,92.1,99.6,7.99,0.2354,0.17,-0.01307,1,2,37.2,63.8,0,low
RA140093,Rajasthan,14,24.42729,71.17884,262,0.7918,0.8931,0.1014,11.37,-0.145,-0.1329,0.0122,96.1,99.6,3.57,0.4545,0.3846,-0.01399,0,0,58.5,73.6,0,low
RA140094,Rajasthan,14,23.41652,72.77295,200,0.6371,0.7366,0.0995,13.5,-0.0748,-0.0689,0.0059,90.4,91.8,1.62,0.3339,0.3838,0.00998,1,2,39.3,82.5,0,low
RA200095,Rajasthan,20,26.94324,69.5241,992,0.5548,0.9801,0.4253,64.95,0.0225,0.0135,-0.009,141.1,135.2,-4.22,0.5952,0.5782,-0.00339,0,2,55.6,78.1,0,low
RA240096,Rajasthan,24,24.86198,78.13709,2303,3.1001,3.8895,0.7894,24.67,-0.0215,0.0377,0.0592,98.0,137.8,40.29,0.3364,0.3594,0.0046,1,2,23.8,31.6,1,medium
RA290097,Rajasthan,29,26.75118,77.97282,540,0.5016,0.9061,0.4045,67.24,-0.2248,-0.229,-0.0042,46.8,45.2,-3.26,0.6423,0.6864,0.00883,0,2,49.8,95.3,1,low
RA260098,Rajasthan,26,24.99362,73.74373,3391,3.1022,3.9146,0.8124,25.37,-0.1608,-0.1398,0.021,26.0,34.3,30.58,0.3761,0.5253,0.02984,1,0,9.7,50.1,1,medium
RA170099,Rajasthan,17,25.70481,69.83624,765,3.1072,3.6855,0.5783,18.03,-0.0423,-0.013,0.0293,64.0,71.5,11.58,0.4486,0.4896,0.0082,1,0,14.9,30.7,1,medium
RA160100,Rajasthan,16,27.34567,75.86281,1046,2.3129,2.7837,0.4708,19.51,0.1751,0.1999,0.0248,175.8,189.5,7.75,0.5256,0.5922,0.01332,1,2,11.2,57.0,1,medium
RA030101,Rajasthan,3,25.94694,70.7545,309,0.7794,1.2205,0.4411,50.16,-0.1904,-0.178,0.0123,77.1,82.4,6.8,0.3302,0.2576,-0.01452,0,1,46.6,60.0,1,low
RA090102,Rajasthan,9,27.77997,69.77136,347,1.8506,2.502,0.6514,33.4,0.1287,0.1725,0.0438,51.6,80.6,55.26,0.6304,0.7271,0.01935,1,1,11.5,55.3,1,medium
RA190103,Rajasthan,19,26.48279,76.50224,448,0.865,0.9805,0.1155,11.96,-0.2365,-0.2315,0.0049,60.9,63.1,3.47,0.4347,0.4126,-0.00444,1,1,48.6,75.8,1,low
RA080104,Rajasthan,8,28.60864,76.93331,2384,3.0984,4.8709,1.7725,55.42,0.0053,0.0587,0.0533,44.9,64.2,42.05,0.4459,0.5227,0.01536,1,0,9.7,49.2,0,medium
RA160105,Rajasthan,16,29.31926,71.94227,604,0.549,1.0122,0.4632,71.38,-0.2035,-0.2091,-0.0055,46.0,44.6,-3.03,0.3297,0.3647,0.00701,1,1,44.9,77.7,1,low
RA130106,Rajasthan,13,23.11262,75.38274,1510,0.5003,0.7366,0.2363,39.37,-0.117,-0.0998,0.0173,64.1,71.5,11.45,0.5642,0.5065,-0.01155,1,2,30.0,99.6,0,low
RA110107,Rajasthan,11,26.77055,72.45413,1733,0.9976,1.3596,0.362,32.99,-0.0639,-0.0603,0.0036,101.0,102.5,1.4,0.4793,0.3998,-0.01589,0,0,17.4,86.6,1,low
RA080108,Rajasthan,8,26.93056,73.27411,778,2.216,4.1394,1.9233,83.04,-0.0305,0.0023,0.0329,69.5,85.2,22.29,0.2087,0.2139,0.00104,1,2,13.9,62.6,1,medium
RA200109,Rajasthan,20,25.16516,72.76925,941,0.8279,1.0136,0.1857,20.02,-0.2889,-0.2889,-0.0001,53.1,53.1,-0.07,0.2505,0.1651,-0.01706,1,0,48.2,56.3,1,low
RA040110,Rajasthan,4,23.38449,75.92779,836,0.4594,0.5497,0.0903,16.14,-0.2821,-0.2893,-0.0072,18.6,13.9,-23.96,0.2206,0.1309,-0.01794,1,0,55.9,74.3,0,low
RA030111,Rajasthan,3,30.06288,75.49815,1456,2.6527,3.2292,0.5765,20.94,-0.1606,-0.1224,0.0381,93.9,109.6,16.56,0.6323,0.6765,0.00883,1,1,27.6,67.6,1,medium
RA080112,Rajasthan,8,29.89997,76.54337,1806,0.5082,0.7453,0.2371,38.98,0.0953,0.0888,-0.0065,96.7,94.2,-2.56,0.4398,0.3863,-0.0107,0,2,55.0,62.3,0,low
RA290113,Rajasthan,29,26.03413,69.859,1671,0.5588,0.8416,0.2828,42.92,-0.2113,-0.2091,0.0022,46.4,47.9,3.17,0.3546,0.3529,-0.00034,0,2,19.3,80.5,1,low
RA280114,Rajasthan,28,26.12702,75.96626,679,2.3309,3.6736,1.3427,55.23,-0.0373,-0.0065,0.0308,115.2,125.8,9.08,0.6278,0.6363,0.0017,0,1,12.1,39.1,0,medium
RA170115,Rajasthan,17,23.16777,72.85371,200,0.484,0.9511,0.4671,79.99,-0.1032,-0.0904,0.0127,45.0,48.6,7.86,0.2489,0.2325,-0.00328,1,2,57.0,83.9,1,low
RA290116,Rajasthan,29,26.10181,71.93889,2246,6.9442,16.2265,9.2823,131.77,0.0109,0.136,0.1251,41.9,129.0,202.86,0.4239,0.6935,0.05393,1,2,9.2,23.4,1,high
RA080117,Rajasthan,8,29.81789,69.67815,443,0.4894,0.8263,0.3369,57.15,0.1311,0.1223,-0.0089,144.2,139.0,-3.59,0.3015,0.3307,0.00583,0,2,48.7,85.1,1,low
RA200118,Rajasthan,20,27.89315,77.05589,401,0.7185,0.9698,0.2514,30.71,0.1778,0.1965,0.0187,120.7,125.6,4.05,0.4076,0.444,0.00728,0,0,48.5,70.0,1,low
RA180119,Rajasthan,18,26.48517,75.28285,5679,2.9378,4.7965,1.8587,61.19,0.1653,0.2105,0.0452,192.2,209.9,9.16,0.2964,0.3789,0.01651,0,1,9.5,48.9,0,medium
RA290120,Rajasthan,29,27.40317,71.08464,2911,2.6502,4.3624,1.7122,62.26,-0.0247,0.0219,0.0466,131.8,152.1,15.28,0.4358,0.5822,0.02927,1,1,17.9,63.6,1,medium
RA290121,Rajasthan,29,25.85939,76.17227,816,0.7451,0.8618,0.1166,13.8,-0.022,-0.0089,0.0131,89.1,97.5,9.28,0.3561,0.3087,-0.00948,1,0,18.9,79.6,0,low
RA040122,Rajasthan,4,28.1241,69.8507,257,0.9051,1.3009,0.3958,39.37,-0.0887,-0.0707,0.018,82.4,88.3,7.15,0.568,0.5124,-0.01112,0,2,58.6,70.7,0,low
RA050123,Rajasthan,5,23.30303,71.9871,1857,0.4472,0.7411,0.294,53.72,-0.1562,-0.1602,-0.0041,73.1,70.1,-4.06,0.4431,0.4331,-0.00201,0,2,44.4,83.3,0,low
RA090124,Rajasthan,9,26.6949,71.90311,801,0.8422,1.3014,0.4593,48.74,-0.2753,-0.2849,-0.0096,29.4,23.7,-18.8,0.4735,0.4171,-0.01128,1,2,38.5,97.9,0,low
RA250125,Rajasthan,25,23.32893,71.20183,338,0.5731,0.7094,0.1363,20.24,0.1325,0.1337,0.0013,173.9,174.8,0.5,0.2269,0.2128,-0.00284,0,0,28.5,68.3,0,low
RA110126,Rajasthan,11,30.00607,77.1615,1386,2.2593,2.8068,0.5475,23.21,0.0998,0.1494,0.0497,124.8,157.0,25.64,0.273,0.3367,0.01275,1,0,9.6,37.7,1,medium
RA070127,Rajasthan,7,27.51741,70.02949,3448,0.6469,0.7178,0.0708,9.48,-0.2797,-0.2604,0.0193,33.2,40.4,21.01,0.6642,0.6622,-0.0004,0,2,38.4,92.5,0,low
RA190128,Rajasthan,19,23.42087,74.82796,1464,3.1562,4.4918,1.3356,41.02,0.1961,0.215,0.019,58.8,71.9,21.96,0.2553,0.3623,0.0214,1,0,15.1,65.1,1,medium
RA030129,Rajasthan,3,29.82766,71.95736,286,0.9524,1.086,0.1336,12.69,0.0792,0.0832,0.004,155.3,156.3,0.65,0.5782,0.5999,0.00434,1,2,59.1,86.7,1,low
RA130130,Rajasthan,13,24.4192,78.07889,812,3.3705,4.9513,1.5808,45.55,0.0236,0.0624,0.0388,139.5,151.7,8.66,0.339,0.4388,0.01996,0,1,16.7,60.9,0,medium
RA160131,Rajasthan,16,26.69018,71.3826,352,0.4327,0.7217,0.289,54.25,0.0613,0.0674,0.0061,95.4,99.6,4.43,0.5701,0.563,-0.00143,1,2,33.6,78.8,1,low
RA130132,Rajasthan,13,27.12183,73.64018,518,3.2629,4.9391,1.6762,49.85,-0.0069,0.0455,0.0524,71.0,105.6,48.07,0.4746,0.5238,0.00983,1,1,25.3,53.7,1,medium
RA070133,Rajasthan,7,23.28788,77.74318,1279,9.8527,12.9291,3.0764,30.91,0.1814,0.3029,0.1215,192.3,229.9,19.46,0.2609,0.5299,0.0538,1,2,16.6,39.1,1,high
RA260134,Rajasthan,26,28.40513,77.93578,3941,2.8959,3.4699,0.574,19.16,-0.1333,-0.0938,0.0395,73.3,102.6,39.41,0.2887,0.4083,0.02392,1,1,17.4,62.2,1,medium
RA210135,Rajasthan,21,28.70976,72.15402,629,1.9366,2.7518,0.8152,40.03,-0.1237,-0.0996,0.0241,41.7,55.7,32.9,0.4014,0.4038,0.00047,1,1,14.2,69.6,1,medium
RA050136,Rajasthan,5,29.73791,77.76511,5896,8.5839,17.7336,9.1497,105.36,-0.0101,0.0761,0.0862,69.3,100.9,44.98,0.6771,0.8182,0.02823,0,1,2.0,41.8,1,high
RA130137,Rajasthan,13,23.4158,73.72901,557,0.7075,1.1795,0.472,58.46,-0.1667,-0.1736,-0.0069,48.7,45.6,-6.36,0.4018,0.3522,-0.00993,1,1,51.7,67.6,0,low
RA190138,Rajasthan,19,29.95285,77.21932,622,1.8307,2.0185,0.1878,9.73,0.1886,0.186,-0.0026,71.5,70.3,-1.67,0.2387,0.1717,-0.01339,0,1,29.0,98.2,0,low
RA140139,Rajasthan,14,23.48887,77.23109,568,3.6573,5.1965,1.5392,40.97,0.0178,0.0644,0.0466,81.5,115.9,41.69,0.2594,0.3777,0.02366,0,1,12.5,33.8,0,medium
RA210140,Rajasthan,21,23.36963,77.94223,302,0.9702,1.1048,0.1345,12.57,0.1551,0.1464,-0.0086,91.7,89.4,-2.51,0.3028,0.2527,-0.01001,1,0,30.4,96.9,1,low
RA070141,Rajasthan,7,23.46819,73.47024,716,0.5112,0.5324,0.0213,3.48,-0.0964,-0.0812,0.0151,87.8,94.8,7.94,0.622,0.6079,-0.00282,1,2,25.7,66.0,1,low
RA130142,Rajasthan,13,25.27239,73.16889,752,0.4265,0.5536,0.1271,24.15,-0.0139,-0.0183,-0.0044,113.1,110.1,-2.6,0.5913,0.6098,0.0037,0,0,32.7,87.3,0,low
RA130143,Rajasthan,13,28.87288,73.87054,679,0.7269,0.9998,0.2729,33.0,-0.124,-0.1263,-0.0023,96.2,95.5,-0.71,0.4473,0.4268,-0.00412,0,0,25.2,87.1,0,low
RA020144,Rajasthan,2,24.11908,75.17793,428,0.7395,1.1543,0.4149,49.42,-0.1418,-0.1394,0.0024,95.5,97.1,1.66,0.6028,0.616,0.00266,1,1,27.4,86.9,1,low
RA280145,Rajasthan,28,24.64353,73.11392,828,0.7176,0.8608,0.1433,17.52,0.0742,0.0726,-0.0016,99.1,98.4,-0.74,0.2557,0.1731,-0.01652,0,2,21.9,83.0,0,low
RA250146,Rajasthan,25,26.06753,69.57538,638,11.6033,22.5346,10.9313,93.4,0.1476,0.3171,0.1695,179.5,281.8,56.67,0.4687,0.6329,0.03285,1,2,11.4,14.2,0,high
RA230147,Rajasthan,23,25.23895,71.66538,3805,1.0821,1.39,0.3079,26.04,-0.1265,-0.1284,-0.0019,96.9,95.8,-1.1,0.4413,0.3953,-0.00919,0,0,59.1,57.7,1,low
RA080148,Rajasthan,8,28.41063,76.11129,606,1.1254,1.3089,0.1835,14.98,0.048,0.0421,-0.0059,145.6,141.8,-2.6,0.6154,0.5189,-0.01929,1,0,21.5,74.9,1,low
RA150149,Rajasthan,15,26.55971,72.68708,1009,2.5215,4.1366,1.6152,61.61,0.1364,0.1925,0.0561,115.4,144.5,24.93,0.6261,0.664,0.00758,1,1,21.6,51.9,1,medium
RA260150,Rajasthan,26,23.80924,75.03233,1614,9.6861,21.2561,11.5701,118.23,-0.0515,0.0044,0.0559,105.3,138.9,31.66,0.5013,0.7914,0.05803,1,1,10.3,39.5,1,high
RA130151,Rajasthan,13,24.77575,69.93048,383,0.5873,0.8269,0.2396,34.86,0.0552,0.0597,0.0045,50.6,53.9,6.35,0.2734,0.2911,0.00353,1,1,42.3,90.5,0,low
RA190152,Rajasthan,19,23.35548,75.49064,1269,0.8489,1.2015,0.3526,37.16,0.1346,0.1522,0.0176,54.7,67.3,22.49,0.4936,0.5004,0.00137,1,2,24.3,60.3,1,low
RA290153,Rajasthan,29,25.67774,77.85426,900,3.7611,4.4413,0.6802,17.62,-0.1232,-0.0806,0.0427,41.8,65.7,55.92,0.2115,0.2543,0.00856,0,2,15.4,51.8,1,medium
RA080154,Rajasthan,8,25.34668,75.69556,1554,8.2017,15.8821,7.6804,92.52,-0.0675,0.0437,0.1112,57.5,136.0,134.1,0.6316,0.8332,0.04032,1,1,6.7,14.4,1,high
RA210155,Rajasthan,21,25.59218,76.71301,1728,9.1936,14.9601,5.7666,62.05,0.1408,0.2238,0.0829,86.0,110.8,28.53,0.6241,0.7951,0.0342,1,2,10.4,26.4,1,high
RA210156,Rajasthan,21,26.50999,77.91743,763,3.193,3.4961,0.3031,9.2,0.0286,0.0601,0.0315,124.8,135.4,8.42,0.5835,0.6497,0.01323,1,2,19.0,42.7,1,medium
RA180157,Rajasthan,18,29.85025,73.24222,942,0.5993,0.5739,-0.0253,-3.62,-0.0953,-0.0793,0.016,94.4,98.8,4.66,0.2335,0.2535,0.004,1,1,45.2,88.3,1,low
RA160158,Rajasthan,16,29.41579,71.07959,1813,0.701,1.1537,0.4526,56.5,0.093,0.0891,-0.0038,58.3,56.8,-2.51,0.4046,0.3937,-0.00219,1,0,20.4,91.9,1,low
RA020159,Rajasthan,2,26.24034,74.19545,462,0.6436,0.9645,0.3209,43.15,0.0543,0.07,0.0157,139.4,145.5,4.39,0.5387,0.5474,0.00174,0,0,34.8,80.3,1,low
RA090160,Rajasthan,9,24.76501,76.09978,1511,3.1207,3.8267,0.706,21.92,0.1591,0.1887,0.0295,133.0,146.8,10.3,0.4748,0.5186,0.00876,1,2,10.6,49.7,1,medium
RA220161,Rajasthan,22,24.69707,71.9849,368,0.8645,1.3183,0.4538,47.05,-0.1199,-0.1297,-0.0098,112.5,105.7,-6.03,0.4208,0.465,0.00884,0,0,17.2,66.5,0,low
RA280162,Rajasthan,28,26.17974,72.48195,753,0.6756,0.8497,0.1741,22.44,-0.1879,-0.1969,-0.0089,87.6,84.9,-3.12,0.2757,0.2097,-0.01321,1,1,47.0,88.5,0,low
RA160163,Rajasthan,16,28.7902,70.60652,915,0.9071,1.2584,0.3513,34.89,-0.2097,-0.2114,-0.0016,57.9,57.3,-0.97,0.2479,0.2224,-0.0051,1,2,32.9,84.6,0,low
RA280164,Rajasthan,28,29.12512,72.99381,421,1.4941,1.9817,0.4876,30.58,0.0647,0.0802,0.0155,84.0,93.1,10.74,0.2735,0.295,0.00432,1,0,18.0,79.7,0,low
RA060165,Rajasthan,6,27.20712,69.59548,1511,0.6539,1.0393,0.3855,51.13,0.017,0.0118,-0.0052,48.9,45.3,-7.19,0.2642,0.2299,-0.00685,1,0,51.4,63.6,0,low
RA080166,Rajasthan,8,26.48629,75.51992,200,0.7193,1.1562,0.4369,53.32,0.1168,0.1306,0.0137,145.0,154.7,6.62,0.2638,0.1763,-0.01751,1,0,53.3,87.4,0,low
RA090167,Rajasthan,9,24.50912,71.29312,1359,3.1093,4.7044,1.5951,49.7,0.0872,0.1224,0.0351,167.5,192.5,14.86,0.2311,0.3491,0.0236,1,2,21.6,43.9,0,medium
RA160168,Rajasthan,16,23.11581,77.55313,691,2.1942,2.7784,0.5842,25.46,-0.144,-0.1159,0.0281,68.7,80.1,16.25,0.2357,0.3285,0.01857,1,0,10.4,66.0,1,medium
RA140169,Rajasthan,14,26.14691,73.25931,727,2.9393,3.3822,0.443,14.58,-0.1532,-0.1359,0.0172,43.8,51.0,16.12,0.3464,0.478,0.02631,1,2,25.8,36.2,1,medium
RA100170,Rajasthan,10,29.47326,70.61198,1269,8.6473,13.0418,4.3945,50.24,0.0556,0.1967,0.1411,57.1,124.1,115.39,0.3299,0.4979,0.03361,1,2,14.7,39.7,1,high
RA050171,Rajasthan,5,28.60367,77.73986,3067,3.062,3.602,0.54,17.08,-0.1646,-0.1296,0.0349,73.9,99.9,34.74,0.2595,0.2679,0.00166,1,1,29.7,47.3,1,medium
RA140172,Rajasthan,14,27.3128,72.24876,1181,0.6181,0.637,0.019,2.64,-0.1935,-0.1929,0.0007,42.5,43.0,1.05,0.2164,0.169,-0.00947,0,0,16.5,73.9,0,low
RA110173,Rajasthan,11,23.57138,71.12202,382,0.5395,0.9019,0.3623,56.66,0.0599,0.0787,0.0188,72.1,77.1,6.77,0.6161,0.5924,-0.00474,1,0,28.4,72.9,1,low
RA270174,Rajasthan,27,27.93931,69.80826,1442,2.7539,3.2501,0.4962,17.39,0.1805,0.2121,0.0316,177.2,195.8,10.42,0.6476,0.7412,0.01872,1,1,11.5,63.7,1,medium
RA020175,Rajasthan,2,23.4822,77.79061,1010,0.8652,1.0559,0.1907,19.76,-0.2648,-0.253,0.0118,34.5,41.9,20.73,0.2941,0.3383,0.00886,0,0,29.2,76.1,1,low
RA110176,Rajasthan,11,26.11681,72.10129,833,3.0356,5.0017,1.9661,62.7,-0.2668,-0.2089,0.0579,49.8,81.7,62.76,0.6101,0.6602,0.01001,1,2,9.5,33.1,1,medium
RA050177,Rajasthan,5,26.96734,75.8733,980,2.1891,3.6808,1.4917,65.17,-0.0104,0.018,0.0284,138.3,151.6,9.57,0.4045,0.5052,0.02012,1,2,15.5,54.4,0,medium
RA080178,Rajasthan,8,23.56517,70.76504,3283,6.0016,12.7926,6.791,111.3,-0.044,0.0264,0.0703,45.8,74.1,60.61,0.3327,0.4444,0.02234,1,2,8.0,33.7,1,high
RA060179,Rajasthan,6,23.37396,76.07373,1706,0.5985,1.0552,0.4567,65.39,0.1628,0.1633,0.0005,198.3,198.5,0.11,0.4001,0.3128,-0.01747,0,2,54.3,60.8,0,low
RA070180,Rajasthan,7,25.40083,76.80951,3423,1.4979,1.9719,0.4741,29.67,0.0841,0.0828,-0.0013,78.4,77.9,-0.7,0.3806,0.3048,-0.01517,1,2,39.6,61.4,0,low
RA050181,Rajasthan,5,24.09579,77.14618,682,0.6447,0.561,-0.0837,-11.24,0.0659,0.0591,-0.0068,51.9,49.2,-5.12,0.5913,0.5608,-0.0061,1,1,19.2,67.7,1,low
RA200182,Rajasthan,20,23.55728,72.09572,1417,10.0374,13.5138,3.4764,34.29,0.0161,0.112,0.096,121.4,152.2,25.23,0.49,0.7379,0.04958,1,2,7.8,33.3,1,high
RA180183,Rajasthan,18,23.72923,69.5795,885,10.1803,20.3338,10.1534,98.77,0.1819,0.338,0.1561,116.5,207.7,77.71,0.5817,0.8228,0.04822,1,1,2.5,10.6,1,high
RA230184,Rajasthan,23,25.28641,77.71652,2242,0.759,0.9935,0.2345,27.29,-0.0566,-0.0513,0.0053,86.7,88.9,2.57,0.4232,0.3758,-0.00948,1,2,59.8,78.2,0,low
RA010185,Rajasthan,1,27.46175,75.21617,851,0.7714,1.0701,0.2987,34.27,-0.2714,-0.2528,0.0186,27.1,36.7,34.18,0.4199,0.3765,-0.00869,1,0,34.6,92.1,0,low
RA170186,Rajasthan,17,25.69072,76.97742,345,0.4627,0.6356,0.1729,30.73,0.029,0.0361,0.0072,55.8,58.9,5.43,0.5894,0.5256,-0.01275,1,0,48.7,96.1,0,low
RA130187,Rajasthan,13,29.88772,71.25347,3350,0.5892,0.815,0.2258,32.76,-0.1986,-0.1926,0.006,27.7,32.1,15.47,0.4818,0.3997,-0.01642,0,0,34.0,66.2,1,low
RA090188,Rajasthan,9,27.39706,73.92633,509,2.0903,2.4712,0.3809,17.39,-0.1411,-0.1291,0.012,100.6,107.9,7.17,0.6792,0.8111,0.02637,0,1,29.3,49.4,1,medium
RA170189,Rajasthan,17,25.86596,69.84772,982,0.878,1.0637,0.1857,18.99,0.0092,0.0264,0.0172,100.2,111.8,11.4,0.5719,0.4806,-0.01827,0,0,37.3,79.1,0,low
RA170190,Rajasthan,17,25.41776,75.15715,373,1.0121,1.0364,0.0242,2.18,0.007,0.0047,-0.0023,68.5,67.5,-1.51,0.4201,0.3607,-0.01187,1,0,42.5,99.0,0,low
RA290191,Rajasthan,29,26.5891,73.56414,398,0.7195,0.9647,0.2452,29.92,0.083,0.079,-0.004,106.6,105.1,-1.41,0.4745,0.4242,-0.01005,1,0,46.3,94.3,0,low
RA100192,Rajasthan,10,28.35601,75.33679,716,0.91,0.9295,0.0194,1.93,0.0432,0.0558,0.0126,147.1,150.4,2.24,0.6012,0.5683,-0.00657,1,1,39.5,77.1,0,low
RA010193,Rajasthan,1,26.2811,76.45452,781,0.4333,0.3626,-0.0707,-13.25,-0.244,-0.2482,-0.0042,59.2,57.1,-3.41,0.5324,0.5617,0.00586,1,1,44.5,94.6,1,low
RA100194,Rajasthan,10,29.02692,70.92329,3415,2.6028,4.0749,1.4721,54.47,-0.2489,-0.2304,0.0185,40.6,52.6,28.99,0.451,0.5779,0.02538,0,2,22.6,41.7,0,medium
RA290195,Rajasthan,29,28.60053,75.38357,657,0.7391,1.1565,0.4174,49.74,-0.1463,-0.1313,0.015,35.5,43.2,21.15,0.6508,0.5865,-0.01286,1,0,58.0,99.1,0,low
RA280196,Rajasthan,28,24.38294,76.61148,351,0.9895,1.1511,0.1617,14.84,-0.2548,-0.2591,-0.0043,39.7,37.9,-4.37,0.2262,0.207,-0.00384,1,0,19.9,65.8,0,low
RA260197,Rajasthan,26,27.81038,71.5219,465,0.5054,0.884,0.3787,62.55,0.0269,0.0287,0.0018,107.8,108.5,0.67,0.6744,0.6582,-0.00326,0,0,49.6,96.4,0,low
RA190198,Rajasthan,19,26.05411,71.99757,295,0.7931,0.7784,-0.0146,-1.64,-0.011,0.0047,0.0157,40.9,52.0,26.56,0.3008,0.32,0.00383,1,0,40.5,93.1,1,low
RA220199,Rajasthan,22,29.45573,76.90294,2511,4.0319,5.4334,1.4016,33.92,-0.1595,-0.1314,0.0281,89.9,102.9,14.36,0.625,0.7287,0.02073,1,2,26.1,54.2,1,medium
RA260200,Rajasthan,26,23.63507,75.32582,339,1.0348,1.1049,0.0701,6.18,0.0227,0.0388,0.0161,114.2,119.8,4.88,0.4851,0.4005,-0.01693,1,0,54.1,86.3,0,low
RA270201,Rajasthan,27,25.26514,76.91647,835,1.1781,1.2335,0.0554,4.34,-0.0627,-0.0447,0.018,110.5,122.4,10.68,0.5713,0.6058,0.00691,1,0,37.7,74.8,0,low
RA060202,Rajasthan,6,25.99864,70.61658,693,0.6618,1.1108,0.4491,58.95,-0.1541,-0.1443,0.0098,82.6,88.5,7.1,0.6401,0.6551,0.003,0,0,59.0,68.2,0,low
RA280203,Rajasthan,28,27.55207,76.77484,438,2.0921,3.2136,1.1216,51.16,-0.0899,-0.065,0.0249,119.8,129.8,8.24,0.5893,0.7207,0.02627,0,2,8.5,56.0,1,medium
RA170204,Rajasthan,17,28.87201,70.10243,313,1.3929,1.8645,0.4716,31.59,-0.1761,-0.1636,0.0124,81.8,85.7,4.67,0.3491,0.3341,-0.003,0,0,57.6,68.5,0,low
RA170205,Rajasthan,17,27.57743,73.63573,1764,0.7492,0.8073,0.0581,6.85,0.1734,0.1689,-0.0045,83.2,80.3,-3.47,0.6439,0.5448,-0.01983,0,0,25.3,95.9,0,low
RA010206,Rajasthan,1,24.31239,71.88079,804,1.0149,1.3781,0.3632,32.58,-0.1296,-0.1339,-0.0042,44.8,42.8,-4.26,0.5011,0.4999,-0.00023,0,0,22.2,94.5,1,low
RA240207,Rajasthan,24,29.66186,76.07167,1905,3.3348,4.5391,1.2043,35.06,-0.1315,-0.1175,0.014,97.6,106.8,9.34,0.3796,0.504,0.02487,1,2,27.6,67.2,0,medium
RA110208,Rajasthan,11,26.98713,74.83927,495,2.9626,4.5936,1.6311,53.26,-0.2069,-0.1655,0.0413,44.5,71.1,58.38,0.6131,0.7154,0.02047,1,1,13.1,53.5,1,medium
RA050209,Rajasthan,5,27.48633,74.98586,815,1.2257,1.1967,-0.029,-2.19,-0.2527,-0.237,0.0157,28.8,36.5,26.03,0.3018,0.2825,-0.00386,0,2,34.5,94.6,1,low
RA040210,Rajasthan,4,28.69104,73.13105,3360,0.961,0.9079,-0.0531,-5.01,-0.2637,-0.2534,0.0103,44.3,50.5,13.55,0.291,0.1914,-0.01991,0,0,40.9,83.3,0,low
RA050211,Rajasthan,5,23.52492,73.0779,1659,1.0116,1.4798,0.4681,42.11,-0.029,-0.0347,-0.0056,36.8,33.6,-8.34,0.5465,0.5815,0.00699,1,0,34.7,79.0,0,low
RA080212,Rajasthan,8,29.87712,77.59197,2914,5.7998,14.5846,8.7848,148.9,-0.2302,-0.1758,0.0544,25.8,62.9,138.67,0.2165,0.3592,0.02854,1,2,8.8,30.0,1,high
RA040213,Rajasthan,4,29.44663,71.65804,717,0.9863,0.9742,-0.0121,-1.11,-0.1231,-0.1279,-0.0048,45.4,43.6,-3.94,0.5615,0.5106,-0.01018,0,0,16.8,79.9,0,low
RA090214,Rajasthan,9,28.12263,75.53838,479,2.0475,3.0243,0.9768,45.49,-0.0961,-0.0511,0.045,35.4,58.1,62.07,0.5651,0.6947,0.02592,1,1,17.0,32.8,1,medium
RA100215,Rajasthan,10,29.80632,73.05933,1855,9.8889,14.2794,4.3905,43.95,0.0404,0.2162,0.1758,100.1,166.7,65.96,0.2045,0.461,0.0513,1,2,8.1,44.8,1,high
RA100216,Rajasthan,10,29.32011,74.90412,601,0.8234,0.7309,-0.0925,-10.02,-0.1208,-0.114,0.0068,53.3,56.6,6.1,0.535,0.5409,0.00119,1,1,28.9,61.0,0,low
RA050217,Rajasthan,5,29.05905,78.14535,784,0.5312,0.8767,0.3455,54.73,-0.1911,-0.185,0.0061,42.6,46.4,8.68,0.452,0.3592,-0.01856,0,1,23.6,80.1,1,low
RA050218,Rajasthan,5,26.72626,77.75557,687,0.8802,1.2664,0.3861,39.39,-0.0602,-0.0645,-0.0043,94.5,92.5,-2.12,0.3624,0.2688,-0.0187,0,2,50.9,71.3,0,low
RA040219,Rajasthan,4,28.09646,77.45638,1352,7.0475,10.9586,3.9112,54.72,0.1754,0.3053,0.1299,103.9,188.8,80.99,0.4727,0.6337,0.03219,1,1,8.1,20.8,1,high
RA080220,Rajasthan,8,26.83816,73.58401,1099,1.4583,1.4024,-0.0559,-3.59,0.1054,0.0964,-0.0091,58.0,54.0,-6.74,0.6045,0.5251,-0.01588,0,0,23.1,79.7,0,low
RA210221,Rajasthan,21,29.43479,75.93028,460,0.5444,0.4503,-0.0941,-14.6,0.0592,0.0656,0.0064,131.7,134.1,1.78,0.5357,0.4525,-0.01666,0,2,49.9,79.2,1,low
RA290222,Rajasthan,29,29.81834,75.07442,783,0.9213,1.2087,0.2874,28.14,0.1416,0.1399,-0.0017,61.9,61.1,-1.37,0.3638,0.3421,-0.00434,0,0,48.0,95.6,0,low
RA130223,Rajasthan,13,26.20536,77.42351,871,0.5532,0.7025,0.1493,22.85,0.0859,0.0982,0.0123,76.4,81.9,7.04,0.4394,0.3769,-0.01249,0,0,18.1,77.9,1,low
RA010224,Rajasthan,1,25.76332,71.06246,2015,2.4524,3.254,0.8016,31.41,-0.1491,-0.1299,0.0192,59.8,71.9,19.94,0.3008,0.3606,0.01196,1,0,27.1,37.1,1,medium
RA230225,Rajasthan,23,24.77846,77.26139,579,2.8411,4.5532,1.7121,58.21,-0.2071,-0.1895,0.0176,35.3,41.1,15.96,0.2802,0.4016,0.02427,0,2,8.3,37.5,1,medium
RA050226,Rajasthan,5,24.00677,74.00532,200,0.694,1.1132,0.4192,52.79,-0.1133,-0.1145,-0.0012,102.4,101.5,-0.82,0.6502,0.6313,-0.0038,1,2,50.8,59.6,0,low
RA070227,Rajasthan,7,25.85081,72.43218,1224,7.6848,10.7399,3.0551,39.24,0.0734,0.2512,0.1778,92.6,170.6,83.35,0.6523,0.7676,0.02305,1,1,5.4,32.0,1,high
RA240228,Rajasthan,24,28.47841,76.16397,1221,2.691,3.2259,0.5349,19.17,0.0904,0.1007,0.0103,169.8,176.0,3.62,0.638,0.6905,0.01052,1,2,22.0,42.9,1,medium
RA180229,Rajasthan,18,25.79822,72.7811,1123,6.6738,14.4969,7.8231,115.49,-0.027,0.0415,0.0685,37.7,56.4,48.32,0.6716,0.8537,0.03643,1,2,7.8,15.9,1,high
RA230230,Rajasthan,23,28.73998,70.79703,228,3.0551,4.7807,1.7255,54.69,-0.0212,0.0205,0.0418,39.3,53.9,35.98,0.5795,0.7263,0.02935,0,1,11.9,45.9,1,medium
RA090231,Rajasthan,9,28.41894,74.61653,527,2.6259,4.4687,1.8428,67.6,0.0159,0.0288,0.0129,46.5,54.4,16.54,0.4777,0.5086,0.00617,0,0,27.5,40.1,1,medium
RA050232,Rajasthan,5,26.75205,69.67986,1523,2.4212,3.2743,0.853,33.83,0.0629,0.0947,0.0318,58.1,66.6,14.47,0.4803,0.5595,0.01585,0,1,17.7,40.7,1,medium
RA010233,Rajasthan,1,24.07609,74.1276,1101,1.004,1.4606,0.4567,41.37,0.0188,0.0125,-0.0062,153.8,150.6,-2.1,0.3576,0.3573,-7e-05,1,1,54.5,65.0,0,low
RA030234,Rajasthan,3,23.14427,72.31636,2655,1.0178,1.2006,0.1828,16.36,0.0574,0.0649,0.0075,44.2,49.1,10.9,0.2136,0.2356,0.00442,0,1,45.8,88.6,0,low
RA170235,Rajasthan,17,26.25989,70.04547,428,1.443,1.6584,0.2154,13.96,-0.2962,-0.281,0.0152,30.1,37.9,25.02,0.6042,0.5313,-0.01456,1,1,27.8,78.9,1,low
RA070236,Rajasthan,7,23.39116,74.02266,2065,0.5128,0.9303,0.4175,68.12,-0.0595,-0.0554,0.0041,127.9,130.8,2.26,0.4248,0.4665,0.00835,1,0,44.0,83.3,0,low
RA120237,Rajasthan,12,26.6128,73.04898,890,2.6617,4.2329,1.5712,56.89,0.1392,0.1738,0.0346,148.6,164.9,10.9,0.4652,0.6148,0.02992,1,2,14.6,40.8,1,medium
RA240238,Rajasthan,24,23.25014,69.83878,1378,11.0031,16.1658,5.1627,46.5,0.0076,0.1617,0.1541,108.2,194.1,78.65,0.2205,0.3278,0.02146,1,2,2.4,39.5,1,high
RA170239,Rajasthan,17,27.33283,70.78824,1387,3.2324,3.6436,0.4112,12.34,-0.122,-0.1077,0.0142,51.4,60.7,17.64,0.5459,0.6755,0.02592,1,0,29.7,61.5,1,medium
RA080240,Rajasthan,8,26.87286,71.94435,765,1.8059,3.3813,1.5754,82.66,0.0473,0.0746,0.0274,156.2,173.3,10.89,0.6336,0.686,0.01048,1,2,14.8,45.3,0,medium
RA050241,Rajasthan,5,26.8062,72.34583,407,1.0433,1.1106,0.0673,5.89,0.0298,0.0493,0.0196,57.9,69.5,19.79,0.6599,0.6403,-0.00392,1,1,38.1,58.3,0,low
RA250242,Rajasthan,25,28.41328,72.62053,981,2.3413,3.878,1.5366,62.94,-0.1429,-0.1216,0.0213,95.8,103.4,7.88,0.4852,0.5602,0.01501,1,2,10.7,49.3,0,medium
RA010243,Rajasthan,1,25.33543,78.13386,2182,7.5845,10.1111,2.5266,32.88,-0.0243,0.0348,0.0592,77.9,96.0,22.9,0.525,0.6384,0.02267,1,2,14.8,20.2,1,high
RA040244,Rajasthan,4,25.94578,75.58572,1097,2.8961,3.4277,0.5316,17.74,0.1461,0.1842,0.0381,119.6,139.3,16.34,0.4326,0.5183,0.01714,1,2,11.8,44.2,1,medium
RA040245,Rajasthan,4,23.98074,76.54047,1359,3.3682,5.0132,1.6451,47.43,-0.2576,-0.2127,0.0449,36.4,51.8,41.07,0.39,0.4851,0.01903,1,2,16.4,55.5,1,medium
RA160246,Rajasthan,16,27.84542,73.57136,4492,9.1223,19.3921,10.2698,111.36,0.1512,0.2311,0.0799,75.5,103.7,36.76,0.4607,0.5893,0.02574,1,2,8.6,11.2,1,high
RA140247,Rajasthan,14,24.56522,76.40442,1269,9.9209,17.3502,7.4293,74.14,-0.1942,-0.0179,0.1763,31.2,101.0,216.5,0.5427,0.7338,0.03822,1,2,9.7,15.5,1,high
RA160248,Rajasthan,16,25.93113,76.80683,461,2.3812,3.3582,0.977,39.38,-0.2712,-0.233,0.0382,64.8,85.5,31.47,0.5264,0.5675,0.00823,1,1,21.8,34.0,0,medium
RA120249,Rajasthan,12,24.59323,70.55547,302,0.9762,1.2517,0.2756,25.61,0.1875,0.2029,0.0155,72.1,80.4,11.31,0.3401,0.2563,-0.01676,0,2,38.4,99.5,0,low
RA050250,Rajasthan,5,26.23281,73.59714,701,2.7869,4.4611,1.6742,57.99,-0.1044,-0.0697,0.0347,97.1,115.9,19.1,0.3057,0.3985,0.01857,1,1,10.3,68.6,1,medium
RA170251,Rajasthan,17,24.76131,74.2727,699,1.2554,1.5953,0.3399,25.08,0.1718,0.1885,0.0168,62.8,72.2,14.87,0.2272,0.2631,0.00718,1,0,26.7,64.1,0,low
RA130252,Rajasthan,13,25.2646,76.65412,577,0.755,1.1223,0.3672,42.95,-0.2765,-0.2605,0.016,24.5,35.1,41.67,0.6121,0.5844,-0.00554,1,0,49.7,59.0,1,low
RA100253,Rajasthan,10,27.38985,77.39664,1353,0.7087,1.1525,0.4438,54.87,0.1603,0.1643,0.004,196.7,198.5,0.9,0.3715,0.3838,0.00246,1,1,43.4,85.4,0,low
RA030254,Rajasthan,3,28.04721,73.46276,2896,0.6052,0.659,0.0538,7.63,0.0488,0.0679,0.0191,56.5,69.4,22.35,0.2192,0.199,-0.00404,1,2,38.7,61.8,1,low
RA290255,Rajasthan,29,29.15849,76.86027,1630,3.3659,4.2089,0.843,24.32,-0.0924,-0.0402,0.0523,118.8,155.6,30.7,0.6011,0.6144,0.00265,1,0,27.8,63.5,0,medium
RA250256,Rajasthan,25,26.6881,71.27422,504,2.4469,4.3402,1.8933,74.34,0.0315,0.0824,0.0509,135.8,167.0,22.83,0.3647,0.4886,0.02478,0,2,10.8,58.9,0,medium
RA160257,Rajasthan,16,29.20717,70.59858,2523,2.4235,3.3103,0.8867,35.14,0.1574,0.217,0.0596,67.7,95.5,40.47,0.2214,0.3392,0.02356,1,2,23.5,55.8,0,medium
RA210258,Rajasthan,21,29.4271,69.64137,1213,2.3303,3.5985,1.2682,52.18,0.0636,0.0878,0.0243,167.1,183.7,9.86,0.382,0.4825,0.02012,1,2,17.6,35.0,1,medium
RA230259,Rajasthan,23,25.57627,74.85792,1440,3.1439,4.634,1.4901,45.94,-0.1844,-0.1636,0.0209,53.6,64.4,19.85,0.5405,0.6538,0.02266,1,2,29.7,51.5,1,medium
RA230260,Rajasthan,23,25.40339,77.84411,1228,2.1719,2.6515,0.4796,21.11,0.1782,0.2119,0.0337,175.0,185.3,5.84,0.5705,0.6583,0.01756,1,2,27.4,67.0,1,medium
RA120261,Rajasthan,12,23.37279,76.71584,2634,3.2469,4.6022,1.3554,40.5,-0.298,-0.2614,0.0366,18.5,35.8,89.05,0.253,0.3653,0.02246,1,2,25.4,41.0,1,medium
RA220262,Rajasthan,22,24.90201,74.23251,200,0.98,1.0179,0.0379,3.51,-0.2962,-0.2979,-0.0017,51.9,51.4,-1.07,0.4314,0.3771,-0.01086,1,0,24.1,56.6,1,low
RA280263,Rajasthan,28,30.02833,75.80372,3305,6.9771,12.904,5.9269,83.75,-0.1577,-0.0837,0.074,39.2,71.0,79.11,0.6922,0.9,0.05994,1,2,11.1,33.9,0,high
RA030264,Rajasthan,3,27.17787,77.90387,942,3.0659,4.5434,1.4775,46.67,0.0094,0.0632,0.0538,110.1,142.3,28.97,0.4952,0.5934,0.01964,1,1,27.1,39.1,1,medium
RA130265,Rajasthan,13,25.34628,75.40012,1477,1.6354,1.9994,0.364,20.98,-0.188,-0.1916,-0.0036,27.8,25.5,-7.98,0.6747,0.6566,-0.00362,0,0,30.3,77.0,1,low
RA230266,Rajasthan,23,24.34244,72.80022,2559,2.4323,2.808,0.3757,14.84,-0.2849,-0.2301,0.0548,30.1,47.0,54.02,0.2272,0.321,0.01877,1,2,28.4,50.3,1,medium
RA060267,Rajasthan,6,28.87335,76.71865,839,1.0076,0.9237,-0.0838,-7.57,-0.274,-0.2714,0.0026,21.6,23.5,8.37,0.3792,0.3567,-0.00451,1,0,55.2,91.8,1,low
RA200268,Rajasthan,20,27.69148,70.00904,621,0.6712,0.5823,-0.0888,-11.52,-0.0947,-0.0823,0.0124,102.4,109.7,7.1,0.5898,0.598,0.00163,1,1,38.5,68.0,0,low
RA210269,Rajasthan,21,29.55946,70.26784,347,0.6219,0.9368,0.3149,43.62,-0.15,-0.1576,-0.0075,35.8,32.7,-8.49,0.3438,0.2525,-0.01826,1,0,31.2,68.4,0,low
RA240270,Rajasthan,24,29.34985,77.22672,1394,2.1698,3.0311,0.8613,37.95,-0.1143,-0.0962,0.0181,92.5,97.5,5.29,0.3534,0.3878,0.00688,1,2,16.4,67.0,0,medium
RA060271,Rajasthan,6,26.72171,75.91994,2338,3.0104,4.3288,1.3184,42.39,0.1981,0.238,0.0399,201.6,223.5,10.8,0.2514,0.2636,0.00244,1,2,10.8,31.3,0,medium
RA220272,Rajasthan,22,27.97157,71.79707,1093,0.9678,1.4551,0.4873,45.64,0.0103,0.0161,0.0059,45.3,48.8,7.51,0.3675,0.3409,-0.00533,1,0,17.4,72.2,0,low
RA120273,Rajasthan,12,25.5876,73.1668,443,0.5279,0.6995,0.1716,27.34,0.0342,0.0354,0.0011,43.6,44.0,1.07,0.4638,0.4142,-0.00992,1,0,25.9,99.3,1,low
RA090274,Rajasthan,9,23.39868,73.7329,1478,3.1301,3.5329,0.4028,12.47,-0.2869,-0.2305,0.0563,47.6,74.9,56.1,0.3275,0.4712,0.02874,0,1,25.2,33.9,1,medium
RA150275,Rajasthan,15,29.74564,72.39386,4864,7.5928,12.8585,5.2658,68.45,0.0033,0.0536,0.0503,56.5,80.3,41.44,0.4675,0.6053,0.02756,1,2,4.9,36.9,1,high
RA250276,Rajasthan,25,26.43672,74.94312,1029,0.5787,0.8521,0.2735,40.29,-0.1552,-0.1536,0.0016,52.7,53.6,1.65,0.2914,0.3164,0.00501,1,2,26.5,63.3,1,low
RA100277,Rajasthan,10,25.7167,75.2754,644,0.8461,0.949,0.1029,10.88,-0.1987,-0.1955,0.0032,56.6,57.5,1.6,0.635,0.5785,-0.0113,1,0,52.0,88.0,0,low
RA290278,Rajasthan,29,23.93747,74.32398,1108,3.2174,3.5292,0.3118,9.4,0.1741,0.1916,0.0175,76.8,89.8,16.65,0.5354,0.5926,0.01143,1,1,21.4,34.3,1,medium
RA080279,Rajasthan,8,23.05561,70.47238,821,0.8174,0.9122,0.0948,10.33,-0.1569,-0.1534,0.0034,68.0,70.2,3.2,0.2286,0.2504,0.00435,1,1,15.4,58.5,0,low
RA290280,Rajasthan,29,25.99228,73.999,200,0.4508,0.3751,-0.0757,-13.75,-0.265,-0.2495,0.0154,64.8,72.6,11.8,0.4839,0.4809,-0.0006,1,1,35.5,76.1,0,low
RA050281,Rajasthan,5,26.6102,73.13019,978,3.1482,4.0605,0.9123,28.09,-0.2767,-0.2461,0.0305,58.5,66.4,13.25,0.635,0.7079,0.01459,0,1,21.9,69.3,1,medium
RA270282,Rajasthan,27,26.95713,74.80073,780,2.5421,3.26,0.718,27.18,-0.0333,-0.0023,0.031,36.6,48.2,31.06,0.5753,0.6654,0.01802,1,0,24.4,53.5,1,medium
RA090283,Rajasthan,9,28.69449,75.58182,5565,3.1301,3.8411,0.711,22.01,0.0741,0.0957,0.0216,119.7,135.2,12.78,0.6233,0.6776,0.01085,1,2,23.3,41.4,1,medium
RA110284,Rajasthan,11,25.32791,77.8231,845,6.8756,18.5307,11.655,167.08,-0.148,-0.053,0.0949,54.3,110.4,101.29,0.6318,0.8075,0.03514,1,2,11.6,41.6,1,high
RA220285,Rajasthan,22,27.42887,75.11198,1603,0.7565,0.7098,-0.0467,-5.45,-0.0331,-0.0327,0.0004,108.5,108.7,0.18,0.6762,0.6296,-0.00933,1,2,31.0,70.9,1,low
RA070286,Rajasthan,7,25.7935,77.22695,339,0.6293,0.6928,0.0635,8.71,-0.2786,-0.2825,-0.0039,49.7,48.2,-2.99,0.5078,0.5043,-0.00068,1,1,54.4,87.1,1,low
RA170287,Rajasthan,17,24.38769,72.45279,3008,9.9625,16.8826,6.9201,68.77,-0.0295,0.0979,0.1274,54.2,130.3,137.85,0.6025,0.8303,0.04556,1,2,6.5,37.8,1,high
RA290288,Rajasthan,29,23.92986,71.79155,724,1.0414,1.2271,0.1857,16.27,0.1531,0.1497,-0.0034,144.4,142.2,-1.55,0.5371,0.5148,-0.00446,1,2,42.0,67.7,1,low
RA290289,Rajasthan,29,28.38457,71.95944,3184,2.9446,4.8926,1.948,63.98,-0.1164,-0.0767,0.0397,67.8,80.1,17.88,0.682,0.8197,0.02754,0,1,24.9,39.4,0,medium
RA190290,Rajasthan,19,28.169,73.72266,917,3.6528,4.0506,0.3979,10.6,0.1677,0.2011,0.0334,76.9,100.2,29.87,0.5282,0.5968,0.01372,0,1,24.5,65.7,1,medium
RA220291,Rajasthan,22,23.13932,76.62337,1786,2.64,3.2193,0.5793,21.14,-0.0271,0.0308,0.0579,125.0,163.0,30.13,0.5762,0.6346,0.01168,1,2,25.4,67.2,0,medium
RA250292,Rajasthan,25,25.78806,77.58576,699,3.4629,5.2841,1.8213,51.12,0.093,0.1462,0.0532,49.6,71.1,42.58,0.2894,0.3602,0.01417,1,1,8.7,40.5,1,medium
RA220293,Rajasthan,22,26.57609,75.15002,753,0.4504,0.8568,0.4064,73.83,-0.2004,-0.1956,0.0048,88.7,91.0,2.54,0.3965,0.3264,-0.01403,0,1,38.3,97.3,0,low
RA050294,Rajasthan,5,27.56426,74.07878,478,0.6184,0.8814,0.2631,36.62,-0.2049,-0.2133,-0.0085,72.0,65.6,-8.68,0.4007,0.3235,-0.01544,1,2,55.6,96.0,0,low
RA200295,Rajasthan,20,23.58309,77.21274,1600,2.2945,2.9436,0.6491,27.11,-0.2218,-0.2097,0.0121,75.3,82.2,9.08,0.4938,0.6028,0.0218,0,0,26.1,65.7,1,medium
RA230296,Rajasthan,23,28.27334,72.96342,394,3.0448,3.5185,0.4736,15.06,0.1923,0.2032,0.0108,159.4,163.8,2.74,0.2495,0.2523,0.00057,1,0,22.3,35.4,0,medium
RA040297,Rajasthan,4,24.80491,77.96438,278,1.1843,1.4779,0.2936,22.86,-0.1869,-0.1849,0.0021,26.9,28.1,4.02,0.2443,0.2652,0.0042,1,0,40.6,93.8,0,low
RA150298,Rajasthan,15,24.17538,77.71257,710,0.3616,0.457,0.0954,20.66,-0.1728,-0.1774,-0.0046,78.8,76.6,-2.74,0.5316,0.5709,0.00786,0,0,23.2,63.2,0,low
RA080299,Rajasthan,8,25.52148,77.13477,854,0.5696,0.8246,0.255,38.08,0.1475,0.1514,0.0039,55.7,57.7,3.47,0.5248,0.4885,-0.00727,0,2,52.0,70.2,0,low
RA210300,Rajasthan,21,23.53573,74.2244,726,0.5528,0.5609,0.0081,1.24,0.136,0.1364,0.0004,87.9,88.0,0.17,0.6435,0.5705,-0.0146,0,0,17.9,70.0,0,low
RA030301,Rajasthan,3,23.44213,73.83569,702,2.9601,4.7001,1.74,56.86,0.0563,0.0752,0.0189,62.4,68.6,9.73,0.5165,0.5889,0.01448,1,1,19.2,56.1,1,medium
RA230302,Rajasthan,23,28.84939,74.08447,289,0.9083,1.1491,0.2408,23.88,0.0802,0.0785,-0.0017,51.0,50.5,-0.85,0.2525,0.2628,0.00206,0,0,52.6,60.6,0,low
RA250303,Rajasthan,25,29.97104,71.98367,2223,0.7251,0.7907,0.0656,7.95,0.0222,0.0239,0.0017,152.5,153.1,0.39,0.2525,0.1961,-0.01127,0,2,24.9,67.9,0,low
RA220304,Rajasthan,22,26.31521,72.43267,294,0.5899,0.6063,0.0164,2.38,-0.2312,-0.2296,0.0016,45.7,46.3,1.36,0.3834,0.4188,0.00707,1,0,22.3,85.7,1,low
RA260305,Rajasthan,26,24.94673,72.60071,526,0.7751,0.947,0.172,19.65,0.1159,0.1219,0.006,81.1,83.6,3.07,0.4327,0.3393,-0.01868,1,1,55.8,96.8,1,low
RA270306,Rajasthan,27,24.73656,75.33464,1767,10.5149,19.7437,9.2289,86.94,-0.0337,0.0661,0.0998,94.1,137.6,45.74,0.4667,0.6264,0.03195,1,2,5.0,25.1,0,high
RA250307,Rajasthan,25,25.35287,73.35843,1331,2.0602,3.3179,1.2576,58.22,-0.1152,-0.0668,0.0484,70.7,92.0,29.76,0.5187,0.6188,0.02002,1,2,26.7,69.6,0,medium
RA040308,Rajasthan,4,28.58678,77.58749,633,1.235,1.1403,-0.0948,-7.1,0.0793,0.0797,0.0004,173.0,173.2,0.09,0.5218,0.4854,-0.00727,0,1,46.3,72.1,0,low
RA100309,Rajasthan,10,28.89258,74.37113,2884,2.7091,3.3063,0.5972,21.26,0.0055,0.028,0.0225,108.4,114.9,5.87,0.3804,0.4773,0.0194,0,2,21.5,37.4,0,medium
RA260310,Rajasthan,26,26.23048,70.72836,1325,0.5876,1.0557,0.4682,68.09,-0.2955,-0.2804,0.0151,49.4,56.2,13.42,0.2158,0.2509,0.00702,1,1,34.3,94.3,0,low
RA090311,Rajasthan,9,29.2701,71.41239,3598,3.3616,4.3465,0.9849,28.45,0.06,0.1072,0.0472,138.3,170.2,22.95,0.4869,0.632,0.02903,1,0,24.0,39.8,0,medium
RA240312,Rajasthan,24,29.83743,75.79419,376,0.5757,0.7436,0.1679,24.84,0.1431,0.1527,0.0096,79.6,83.9,5.4,0.3836,0.4108,0.00545,1,1,51.7,67.7,1,low
RA040313,Rajasthan,4,23.68273,74.85919,200,1.1436,1.1258,-0.0179,-1.44,0.1061,0.1253,0.0192,69.9,76.7,9.63,0.3084,0.2198,-0.01773,0,0,50.7,55.0,1,low
RA020314,Rajasthan,2,29.7125,71.44108,591,0.6024,1.0025,0.4001,56.96,0.013,0.0249,0.0118,102.0,106.4,4.32,0.387,0.408,0.00421,0,0,21.9,55.5,1,low
RA270315,Rajasthan,27,23.22752,78.1476,1085,1.0956,1.258,0.1625,13.59,-0.0189,-0.0254,-0.0065,118.2,114.3,-3.32,0.465,0.4539,-0.00222,0,0,18.0,82.8,0,low
RA150316,Rajasthan,15,26.31613,70.68158,2158,0.6658,0.8637,0.1979,25.84,-0.1166,-0.1226,-0.006,77.1,73.7,-4.28,0.6662,0.612,-0.01084,0,2,34.9,69.9,0,low
RA030317,Rajasthan,3,30.0362,73.4378,685,0.9777,1.0214,0.0437,4.05,0.0551,0.069,0.014,82.7,91.6,10.62,0.3605,0.2827,-0.01556,1,1,30.4,62.5,0,low
RA230318,Rajasthan,23,23.64618,77.85397,1393,1.1285,1.4469,0.3184,25.92,0.0278,0.0235,-0.0043,101.8,99.8,-1.93,0.6624,0.6972,0.00696,1,1,59.9,59.1,1,low
RA280319,Rajasthan,28,27.20712,76.18262,2805,2.8464,3.6245,0.7781,26.41,-0.2859,-0.2628,0.0231,33.8,46.2,35.67,0.3082,0.3282,0.004,1,1,17.7,43.4,1,medium
RA080320,Rajasthan,8,28.19693,73.28018,753,0.6077,0.5541,-0.0537,-7.59,0.18,0.1867,0.0066,127.3,131.2,3.04,0.2233,0.2296,0.00125,1,0,36.4,75.1,1,low
RA130321,Rajasthan,13,28.5391,72.27984,225,0.7437,1.1924,0.4487,53.18,-0.0774,-0.0777,-0.0003,108.2,108.0,-0.13,0.4411,0.4114,-0.00595,1,0,15.4,72.0,0,low
RA190322,Rajasthan,19,26.51852,69.73519,1394,0.6566,0.7891,0.1325,17.51,0.188,0.1857,-0.0023,182.8,181.4,-0.76,0.5412,0.5403,-0.00018,0,1,49.6,70.1,0,low
RA190323,Rajasthan,19,23.81283,71.57182,1066,2.1697,3.6333,1.4636,64.49,-0.0954,-0.0415,0.0539,83.4,97.0,16.12,0.6585,0.7775,0.02381,0,2,13.6,49.5,1,medium
RA290324,Rajasthan,29,26.23096,70.43838,313,0.5881,0.8238,0.2357,34.25,0.116,0.115,-0.001,147.5,146.9,-0.42,0.2055,0.2065,0.0002,1,1,24.1,90.0,0,low
RA070325,Rajasthan,7,24.48335,73.05409,202,0.5216,0.4723,-0.0493,-7.93,-0.1406,-0.1488,-0.0082,52.9,50.8,-3.79,0.5179,0.4285,-0.01788,0,1,42.2,62.0,0,low
RA040326,Rajasthan,4,28.7255,70.33177,200,1.3706,1.4284,0.0577,3.93,-0.0809,-0.0738,0.0071,65.1,67.8,4.07,0.6292,0.6256,-0.00071,0,2,35.8,78.3,0,low
RA190327,Rajasthan,19,29.39799,71.35991,572,2.5687,2.9383,0.3696,13.85,-0.126,-0.071,0.055,93.6,112.3,19.78,0.2008,0.316,0.02304,1,2,24.5,41.6,1,medium
RA150328,Rajasthan,15,28.71073,70.00732,1272,1.6845,2.1771,0.4926,27.61,-0.198,-0.1958,0.0022,25.1,26.7,6.39,0.6703,0.6558,-0.00289,0,0,46.5,69.1,0,low
RA230329,Rajasthan,23,28.21468,71.63444,1347,10.2214,12.3862,2.1648,20.97,-0.0181,0.1355,0.1537,36.7,89.2,138.95,0.6063,0.8059,0.03991,1,0,11.7,35.2,1,high
RA020330,Rajasthan,2,24.82868,75.29946,1333,0.5351,0.8838,0.3487,54.9,0.1015,0.1017,0.0002,177.1,177.2,0.03,0.6174,0.5356,-0.01635,1,1,27.5,98.1,0,low
RA030331,Rajasthan,3,27.95949,74.06663,512,0.7715,0.9834,0.2119,24.31,-0.2855,-0.282,0.0035,16.7,18.5,9.75,0.5499,0.55,2e-05,1,2,59.9,85.6,1,low
RA170332,Rajasthan,17,23.28517,74.52207,339,0.6167,0.7942,0.1775,24.77,0.0009,0.0044,0.0035,78.0,79.7,2.14,0.5911,0.6075,0.00328,0,1,21.9,77.3,0,low
RA060333,Rajasthan,6,23.25519,75.10282,370,1.19,1.6809,0.4909,38.06,0.1773,0.1904,0.0131,152.6,160.2,4.92,0.3461,0.367,0.00417,1,1,50.0,57.2,0,low
RA260334,Rajasthan,26,24.28245,73.43855,324,0.8988,1.2132,0.3144,31.48,-0.1144,-0.0996,0.0148,77.0,80.8,4.81,0.2044,0.1156,-0.01776,1,2,50.5,72.2,1,low
RA280335,Rajasthan,28,24.72211,77.26395,259,0.7422,0.9012,0.159,18.88,0.1058,0.1038,-0.002,103.3,102.2,-1.05,0.2777,0.3017,0.0048,1,0,33.9,89.3,1,low
RA270336,Rajasthan,27,24.01071,76.27217,271,0.5505,0.4677,-0.0829,-12.74,-0.0306,-0.0387,-0.0081,131.0,127.5,-2.64,0.576,0.4818,-0.01885,0,2,38.3,56.8,0,low
RA290337,Rajasthan,29,27.51163,74.56732,1003,0.5136,0.8975,0.3839,62.56,-0.0653,-0.0477,0.0176,104.3,112.5,7.77,0.2653,0.2958,0.0061,0,0,57.6,71.8,0,low
RA190338,Rajasthan,19,27.12644,76.25162,536,1.4546,1.4353,-0.0193,-1.24,0.1589,0.1496,-0.0093,94.6,92.2,-2.56,0.6128,0.5141,-0.01973,1,1,53.8,55.4,0,low
RA280339,Rajasthan,28,25.04756,75.17633,879,3.4483,3.9284,0.4802,13.53,0.0063,0.0329,0.0267,130.6,144.4,10.52,0.4772,0.5242,0.0094,1,2,28.1,31.7,1,medium
RA160340,Rajasthan,16,29.25169,69.77764,382,8.2528,15.2109,6.9581,83.3,0.0087,0.1154,0.1067,123.8,186.1,49.87,0.5996,0.8656,0.05319,1,2,7.0,42.7,1,high
RA140341,Rajasthan,14,24.10347,74.87024,3216,9.5951,13.8037,4.2086,43.41,0.1554,0.3188,0.1634,92.6,201.0,115.73,0.4207,0.704,0.05665,1,1,10.0,14.1,1,high
RA010342,Rajasthan,1,27.08594,70.91423,4404,2.6888,3.4018,0.7129,25.56,0.1614,0.1948,0.0334,187.4,206.8,10.29,0.6943,0.7528,0.01171,0,0,11.2,33.3,1,medium
RA170343,Rajasthan,17,27.05648,74.04401,250,1.763,2.8261,1.0631,57.07,0.0685,0.0837,0.0152,83.8,91.8,9.39,0.3661,0.467,0.02018,0,0,29.9,36.4,1,medium
RA240344,Rajasthan,24,25.41642,73.69901,1026,0.4745,0.6777,0.2033,35.38,0.0628,0.0538,-0.009,131.5,128.3,-2.35,0.568,0.5433,-0.00494,0,0,50.7,70.2,0,low
RA170345,Rajasthan,17,23.02134,69.59831,2685,3.4189,4.751,1.3321,37.85,-0.2478,-0.197,0.0509,31.6,56.6,76.65,0.2663,0.2897,0.00468,1,2,26.1,41.9,1,medium
RA270346,Rajasthan,27,28.70656,75.12681,992,0.4725,0.3978,-0.0747,-13.06,-0.2353,-0.2214,0.0139,65.3,73.7,12.65,0.2684,0.1857,-0.01654,0,1,51.1,60.7,1,low
RA060347,Rajasthan,6,29.78455,75.96353,1073,0.6367,0.5414,-0.0954,-12.95,-0.2626,-0.2542,0.0084,34.5,38.1,10.07,0.3767,0.3019,-0.01495,0,1,47.9,82.7,0,low
RA060348,Rajasthan,6,24.03629,70.36684,3629,10.0092,15.8264,5.8171,57.54,-0.0946,0.0838,0.1784,32.7,144.9,332.66,0.2255,0.5146,0.05781,1,2,17.7,16.5,1,high
RA130349,Rajasthan,13,29.82961,71.63456,1858,3.2,4.9923,1.7923,54.31,-0.2241,-0.1967,0.0273,27.8,47.9,69.95,0.4506,0.5519,0.02025,1,2,23.5,31.6,1,medium
RA070350,Rajasthan,7,23.49023,76.7693,1682,1.1324,1.4661,0.3337,27.07,0.0655,0.0838,0.0183,56.1,68.7,22.03,0.2495,0.1722,-0.01547,0,0,52.0,89.7,0,low
RA090351,Rajasthan,9,25.64908,72.88965,697,0.5792,0.9121,0.3328,49.0,0.0413,0.0526,0.0113,84.4,88.3,4.48,0.4367,0.4467,0.002,0,2,36.7,74.5,1,low
RA280352,Rajasthan,28,25.70497,71.20383,241,1.096,1.0147,-0.0814,-6.8,0.0206,0.0351,0.0145,116.3,120.1,3.19,0.4594,0.4298,-0.00592,1,1,51.1,69.7,0,low
RA040353,Rajasthan,4,30.03297,75.07689,2400,0.8581,1.2407,0.3827,39.94,0.0801,0.0941,0.014,144.5,150.0,3.81,0.3414,0.3476,0.00124,1,0,29.4,66.7,1,low
RA240354,Rajasthan,24,24.28945,72.72013,936,8.046,12.199,4.153,50.98,-0.1716,-0.0541,0.1175,31.8,107.1,229.2,0.2659,0.5419,0.0552,1,2,6.3,44.7,1,high
RA040355,Rajasthan,4,24.14973,74.56523,1013,9.9733,21.3157,11.3424,112.6,0.0327,0.1255,0.0929,87.1,126.6,44.81,0.4004,0.6455,0.04903,1,2,8.6,36.5,1,high
RA100356,Rajasthan,10,28.17568,73.90455,1620,0.8566,0.8605,0.0039,0.41,-0.2321,-0.241,-0.009,78.6,72.4,-7.74,0.3948,0.4306,0.00718,0,0,42.3,57.6,1,low
RA040357,Rajasthan,4,24.66172,76.17319,465,1.3142,1.4211,0.1069,7.56,-0.0759,-0.0638,0.0121,59.3,66.3,11.65,0.6122,0.5479,-0.01286,1,1,43.2,90.8,0,low
RA130358,Rajasthan,13,30.10378,78.06855,519,2.6073,3.968,1.3607,50.26,0.0657,0.1236,0.0579,67.6,93.2,37.34,0.6838,0.7724,0.01773,1,0,11.7,56.9,1,medium
RA290359,Rajasthan,29,26.32492,71.64978,650,0.7157,1.095,0.3792,46.49,-0.1117,-0.0991,0.0126,54.5,62.5,14.45,0.4228,0.3826,-0.00804,0,2,58.4,76.2,0,low
RA020360,Rajasthan,2,23.21971,76.34766,1480,0.6442,0.9938,0.3496,46.98,-0.1039,-0.1002,0.0037,102.4,104.2,1.79,0.6519,0.6368,-0.00303,0,1,29.1,68.8,0,low
RA130361,Rajasthan,13,23.36172,72.51029,2320,2.2233,3.0698,0.8465,36.44,0.0952,0.1538,0.0586,157.1,190.0,20.81,0.4809,0.4933,0.00249,0,1,19.3,32.3,1,medium
RA290362,Rajasthan,29,29.58412,77.44252,1322,0.4512,0.9104,0.4592,83.31,-0.02,-0.0299,-0.01,49.8,45.8,-7.9,0.5324,0.4979,-0.00691,1,1,37.1,66.8,0,low
RA110363,Rajasthan,11,27.64368,73.95477,2275,7.8028,11.3975,3.5947,45.49,-0.07,0.0534,0.1234,105.8,167.7,58.0,0.5051,0.6426,0.02751,1,2,13.1,12.8,1,high
RA140364,Rajasthan,14,28.50894,71.02456,591,0.8198,0.957,0.1371,14.91,-0.0795,-0.0657,0.0137,93.2,102.0,9.39,0.2499,0.2939,0.00882,1,1,52.5,80.2,0,low
RA010365,Rajasthan,1,24.53053,77.79672,417,0.5926,0.8286,0.2359,34.06,-0.013,-0.0214,-0.0085,123.1,120.5,-2.1,0.6831,0.6423,-0.00816,1,0,22.4,72.9,1,low
RA030366,Rajasthan,3,26.21674,75.64135,2035,2.9096,3.3191,0.4095,13.61,-0.0469,-0.0139,0.033,50.3,64.5,27.86,0.6303,0.7039,0.01472,0,2,19.2,38.6,0,medium
RA230367,Rajasthan,23,27.91672,78.06878,506,1.0983,1.3559,0.2576,21.5,-0.2287,-0.2217,0.007,63.8,66.5,4.19,0.41,0.4348,0.00496,0,2,25.5,73.3,1,low
RA140368,Rajasthan,14,29.34328,74.70746,2213,3.2641,3.771,0.507,15.07,0.1449,0.1819,0.037,154.8,181.1,16.93,0.4266,0.4605,0.00678,1,2,17.9,61.7,0,medium
RA180369,Rajasthan,18,26.64351,76.19577,734,0.8108,0.8761,0.0653,7.17,0.0783,0.0877,0.0095,152.1,155.7,2.38,0.365,0.2928,-0.01446,0,1,15.5,86.3,1,low
RA190370,Rajasthan,19,24.1302,77.28439,4917,9.9465,18.0717,8.1253,80.88,0.0207,0.1877,0.1669,135.6,182.3,34.2,0.6065,0.7282,0.02434,1,0,16.2,16.1,1,high
RA080371,Rajasthan,8,26.58457,72.83995,1685,2.7664,3.6305,0.8641,30.15,0.0279,0.0806,0.0527,67.7,104.6,53.82,0.6531,0.7292,0.01521,1,1,24.8,41.2,1,medium
RA060372,Rajasthan,6,23.64161,78.08844,366,0.7899,0.974,0.1841,20.68,-0.2528,-0.2343,0.0184,66.1,73.8,11.42,0.5138,0.5621,0.00967,0,1,15.8,66.3,1,low
RA080373,Rajasthan,8,26.63203,69.91703,1221,0.5561,0.6145,0.0584,8.89,0.0759,0.0939,0.018,119.3,132.3,10.82,0.5897,0.5855,-0.00082,0,1,29.8,59.0,0,low
RA270374,Rajasthan,27,27.93654,76.58966,247,1.4485,1.5937,0.1453,9.38,0.0576,0.0495,-0.0081,70.2,67.9,-3.24,0.3024,0.2759,-0.0053,1,2,32.8,60.2,1,low
RA080375,Rajasthan,8,24.80116,73.97066,1715,2.2593,2.6509,0.3916,16.6,0.1088,0.1109,0.0021,156.1,156.8,0.46,0.5818,0.5808,-0.00019,1,2,27.5,88.9,0,low
RA230376,Rajasthan,23,25.02084,74.74316,1677,10.1637,16.6839,6.5203,63.53,0.1193,0.2377,0.1184,46.7,129.6,173.47,0.6781,0.8205,0.02848,1,0,13.3,32.7,1,high
RA120377,Rajasthan,12,26.58181,76.93354,313,2.7341,4.492,1.7579,62.03,-0.1907,-0.1514,0.0393,77.5,106.6,37.03,0.255,0.3772,0.02445,1,2,10.2,65.8,1,medium
RA030378,Rajasthan,3,28.65285,78.04582,2132,2.6512,3.7143,1.063,38.64,-0.0898,-0.0415,0.0483,55.0,89.8,62.24,0.3142,0.4164,0.02044,1,2,13.8,56.3,1,medium
RA110379,Rajasthan,11,27.48706,69.67217,2733,7.942,19.793,11.8509,147.36,0.1214,0.1829,0.0616,114.9,155.5,35.04,0.2391,0.4308,0.03834,1,2,7.1,22.6,1,high
RA110380,Rajasthan,11,23.82088,70.38969,1301,0.5811,0.6992,0.1181,17.34,-0.1849,-0.1786,0.0062,93.3,96.5,3.46,0.5508,0.5503,-0.0001,0,2,22.2,84.7,0,low
RA020381,Rajasthan,2,25.94821,77.30426,467,0.6719,1.0951,0.4232,54.83,-0.1371,-0.1357,0.0013,55.7,56.1,0.73,0.2531,0.1575,-0.01912,0,1,55.3,97.9,1,low
RA220382,Rajasthan,22,27.8764,74.99963,1484,3.1752,4.1811,1.0058,30.71,-0.0869,-0.0587,0.0282,60.7,74.3,22.07,0.2419,0.341,0.01983,1,1,9.3,31.7,0,medium
RA070383,Rajasthan,7,28.36213,74.83736,293,0.8651,0.7783,-0.0867,-8.99,0.0489,0.0643,0.0153,124.2,131.1,5.5,0.5309,0.5301,-0.00017,0,0,56.2,72.7,0,low
RA190384,Rajasthan,19,28.04536,73.78287,329,0.8313,0.8074,-0.024,-2.57,0.1225,0.1276,0.0051,128.5,130.0,1.15,0.633,0.5783,-0.01093,1,1,20.9,61.6,0,low
RA120385,Rajasthan,12,25.14678,74.65469,7582,0.9151,1.0659,0.1508,14.85,-0.0427,-0.0371,0.0056,70.7,72.7,2.8,0.6499,0.6482,-0.00034,1,1,59.8,93.1,1,low
RA290386,Rajasthan,29,23.18026,74.69569,218,3.1306,4.8324,1.7018,52.68,-0.0503,0.0005,0.0509,96.5,121.9,26.05,0.4306,0.5721,0.0283,0,2,27.9,36.1,1,medium
RA270387,Rajasthan,27,23.20337,71.02399,406,1.2656,1.7105,0.4448,32.57,-0.1167,-0.1001,0.0166,94.0,102.8,9.26,0.3692,0.3053,-0.01278,1,2,45.5,84.6,1,low
RA030388,Rajasthan,3,29.264,72.90711,200,0.9878,1.4218,0.434,39.9,0.0979,0.0964,-0.0016,104.4,103.3,-1.09,0.6229,0.5857,-0.00744,1,0,21.4,71.1,1,low
RA030389,Rajasthan,3,29.67099,74.47963,294,0.6001,0.9006,0.3005,42.92,0.1312,0.1313,0.0001,150.8,150.9,0.03,0.2577,0.2568,-0.00018,1,1,21.9,72.8,0,low
RA210390,Rajasthan,21,25.84646,71.14492,341,0.7921,0.8536,0.0614,6.89,-0.1812,-0.1656,0.0156,91.6,98.8,7.72,0.4307,0.3582,-0.01449,0,1,45.2,74.5,1,low
RA220391,Rajasthan,22,29.59833,73.96083,286,1.1267,1.3511,0.2245,18.3,0.0815,0.0971,0.0157,168.4,177.5,5.35,0.2838,0.2511,-0.00654,0,0,40.0,80.5,1,low
RA090392,Rajasthan,9,28.40526,74.18064,4154,1.962,2.8324,0.8704,42.21,0.1277,0.1717,0.044,92.8,122.0,31.16,0.2169,0.3601,0.02864,0,0,29.8,35.6,0,medium
RA060393,Rajasthan,6,27.13542,72.94971,277,0.6432,0.939,0.2958,39.8,-0.1857,-0.1831,0.0026,36.5,38.1,4.22,0.6879,0.655,-0.00658,0,0,42.1,71.9,1,low
RA100394,Rajasthan,10,28.47875,78.05078,688,0.8297,0.8554,0.0256,2.76,-0.2812,-0.2899,-0.0087,27.1,21.0,-21.58,0.558,0.5614,0.00067,1,2,27.9,98.0,0,low
RA070395,Rajasthan,7,28.67867,76.68987,414,0.4897,0.8078,0.318,53.93,-0.1668,-0.1732,-0.0064,48.3,46.3,-4.04,0.2092,0.2147,0.00111,0,0,53.8,83.8,1,low
RA070396,Rajasthan,7,27.7019,71.52535,593,9.1626,21.0614,11.8988,128.46,0.0688,0.2246,0.1559,146.3,220.9,50.63,0.2179,0.4812,0.05266,1,2,8.2,19.0,1,high
RA080397,Rajasthan,8,27.78639,69.62829,1270,0.5543,0.7052,0.1509,23.06,-0.2846,-0.2886,-0.0041,29.0,26.6,-8.03,0.4349,0.414,-0.00418,1,1,16.6,86.8,1,low
RA050398,Rajasthan,5,28.15436,76.40806,786,0.6992,0.8962,0.197,24.64,-0.1106,-0.1034,0.0071,91.4,96.7,5.79,0.3279,0.358,0.00603,0,2,32.1,85.3,0,low
RA020399,Rajasthan,2,28.44589,78.14772,2882,0.8638,0.7708,-0.0931,-9.66,0.1645,0.1717,0.0072,100.5,103.0,2.41,0.2724,0.2445,-0.00558,0,0,25.9,86.0,0,low
BI020000,Bihar,2,27.04792,85.45025,1711,0.494,0.556,0.0621,10.45,-0.0918,-0.0996,-0.0078,45.7,42.5,-6.99,0.2335,0.2503,0.00335,0,0,54.9,72.3,1,low
BI130001,Bihar,13,24.78588,84.63188,2114,0.6905,0.9202,0.2297,29.06,0.1646,0.1547,-0.0098,193.6,186.3,-3.73,0.4928,0.4753,-0.0035,1,0,55.2,87.9,1,low
BI170002,Bihar,17,25.25575,86.53641,1069,3.6224,5.506,1.8836,50.6,-0.0546,0.0018,0.0563,70.5,104.1,46.9,0.5796,0.7179,0.02766,0,2,9.1,51.0,1,medium
BI190003,Bihar,19,25.78426,84.84777,1550,0.8757,1.0966,0.2209,22.64,-0.2677,-0.2499,0.0178,63.7,72.4,13.4,0.6413,0.6422,0.00017,1,0,47.7,66.8,1,low
BI010004,Bihar,1,26.24495,86.69773,568,1.9098,3.4968,1.587,78.96,-0.1972,-0.1657,0.0315,45.6,59.3,29.35,0.4267,0.5096,0.01658,1,2,23.6,40.8,0,medium
BI100005,Bihar,10,26.05712,85.16509,516,0.7404,1.0409,0.3004,35.75,0.0557,0.0681,0.0125,99.0,104.6,5.56,0.333,0.238,-0.019,1,2,51.2,66.1,1,low
BI020006,Bihar,2,25.27305,86.78126,1009,2.4959,3.8954,1.3996,53.92,0.0002,0.048,0.0478,104.0,116.0,11.41,0.2469,0.2926,0.00915,1,0,15.7,31.5,0,medium
BI240007,Bihar,24,25.2598,88.25825,325,0.6437,0.5573,-0.0864,-11.62,0.1997,0.2174,0.0177,74.3,83.6,12.4,0.223,0.2635,0.00811,1,0,29.6,76.7,1,low
BI280008,Bihar,28,24.75044,87.27215,1167,3.0295,3.9203,0.8908,28.47,0.0437,0.0964,0.0527,140.7,158.4,12.47,0.5233,0.5375,0.00283,1,1,14.1,65.7,1,medium
BI040009,Bihar,4,24.3031,87.59916,200,0.5936,0.9037,0.3101,44.7,-0.0806,-0.0634,0.0171,51.6,57.7,11.56,0.5772,0.5742,-0.0006,0,0,22.2,88.6,0,low
BI230010,Bihar,23,26.80512,83.4503,491,0.8334,1.3021,0.4686,50.21,-0.2782,-0.2872,-0.009,61.1,56.7,-7.07,0.6622,0.5997,-0.0125,0,0,45.0,59.6,0,low
BI230011,Bihar,23,27.33517,87.57872,595,2.0719,2.6508,0.5789,26.66,-0.0949,-0.0728,0.0221,63.4,79.3,24.65,0.4462,0.5736,0.02547,1,1,22.0,46.6,1,medium
BI030012,Bihar,3,26.00465,86.87656,4244,2.7207,4.5869,1.8661,66.16,0.1658,0.2028,0.037,115.4,138.8,20.1,0.3215,0.4398,0.02365,1,0,26.6,65.7,1,medium
BI080013,Bihar,8,26.79455,85.63722,270,0.7072,0.7733,0.0661,8.19,-0.111,-0.0942,0.0168,92.9,102.3,9.96,0.3834,0.3468,-0.00732,1,0,19.9,74.5,0,low
BI080014,Bihar,8,25.03519,84.62768,397,1.9334,2.8506,0.9172,45.1,0.0586,0.0911,0.0325,115.3,135.4,17.23,0.6969,0.747,0.01002,0,1,12.1,52.8,1,medium
BI100015,Bihar,10,26.67182,86.20889,916,1.8332,2.4654,0.6322,32.7,0.1697,0.1943,0.0245,106.8,118.9,11.31,0.4802,0.4918,0.00233,1,2,8.4,48.2,1,medium
BI100016,Bihar,10,24.31411,87.19983,478,0.6984,0.8082,0.1098,13.75,-0.2918,-0.2721,0.0197,21.9,28.4,28.27,0.451,0.4919,0.00819,0,0,54.1,99.4,1,low
BI100017,Bihar,10,26.54056,88.15645,2110,9.0624,17.3812,8.3188,90.79,0.0982,0.1785,0.0803,87.1,133.7,52.98,0.2328,0.4118,0.0358,1,2,16.1,44.0,1,high
BI070018,Bihar,7,24.61283,88.09099,1368,0.5977,0.9602,0.3625,51.96,0.1214,0.1177,-0.0037,151.4,149.7,-1.12,0.3433,0.3875,0.00883,0,0,47.6,57.5,1,low
BI020019,Bihar,2,24.44735,85.09673,536,0.841,1.0595,0.2184,23.21,0.1971,0.212,0.0149,161.2,168.9,4.75,0.5388,0.5404,0.00033,0,2,48.6,84.1,1,low
BI200020,Bihar,20,27.38405,83.65952,2845,0.964,1.1663,0.2024,19.02,0.0616,0.063,0.0014,124.7,125.7,0.78,0.3368,0.2743,-0.0125,1,1,31.4,56.0,0,low
BI260021,Bihar,26,25.0856,83.74359,2488,10.1654,15.3554,5.19,50.56,-0.2142,-0.0408,0.1734,66.0,138.5,108.11,0.4472,0.5621,0.02298,1,2,3.2,17.2,1,high
BI270022,Bihar,27,26.79587,85.35958,431,0.8193,1.0957,0.2764,30.06,-0.2376,-0.2283,0.0093,46.2,50.8,9.69,0.2521,0.2288,-0.00465,1,0,23.9,79.6,0,low
BI190023,Bihar,19,26.60584,84.08814,1697,3.0617,4.1786,1.1169,35.33,-0.2303,-0.1781,0.0523,48.0,74.4,53.99,0.6126,0.6953,0.01653,1,1,19.4,58.7,1,medium
BI140024,Bihar,14,24.96719,87.64177,200,2.5225,3.1156,0.5931,22.61,-0.2626,-0.2105,0.0521,55.1,69.5,25.7,0.439,0.5197,0.01614,1,1,13.5,63.1,1,medium
BI040025,Bihar,4,24.45563,84.8377,430,1.3626,1.8287,0.4661,31.87,-0.2664,-0.2643,0.0021,19.3,20.1,3.84,0.2432,0.2044,-0.00775,1,0,23.0,91.8,1,low
BI260026,Bihar,26,25.10708,83.96411,649,0.9246,1.3835,0.4589,44.79,-0.2524,-0.235,0.0175,41.3,54.0,30.1,0.408,0.3635,-0.00889,1,2,16.6,75.6,0,low
BI260027,Bihar,26,26.59935,84.72929,823,0.7795,1.0398,0.2602,29.59,0.0408,0.0473,0.0066,73.7,75.4,2.37,0.5796,0.617,0.00749,1,0,32.9,91.0,0,low
BI280028,Bihar,28,24.71634,86.12134,569,0.7232,0.8825,0.1593,19.35,-0.1376,-0.1269,0.0107,104.5,110.6,5.78,0.2361,0.1719,-0.01284,1,1,45.1,65.7,0,low
BI080029,Bihar,8,24.68849,83.8268,946,3.2391,5.2318,1.9927,59.68,-0.1608,-0.1371,0.0237,31.1,37.9,21.36,0.6312,0.6475,0.00326,1,0,25.6,48.4,1,medium
BI030030,Bihar,3,24.36303,87.76858,758,10.4197,13.6543,3.2346,30.75,-0.0677,0.0291,0.0968,114.9,161.3,40.0,0.4683,0.73,0.05235,1,2,13.6,33.9,1,high
BI160031,Bihar,16,24.58643,87.75183,2559,9.6411,20.5827,10.9416,112.32,0.0823,0.1336,0.0513,120.5,146.7,21.56,0.5482,0.8195,0.05426,1,1,9.1,27.1,1,high
BI170032,Bihar,17,26.06183,85.62687,2653,0.7762,0.725,-0.0512,-5.85,0.1062,0.1059,-0.0003,177.6,177.5,-0.09,0.2587,0.2941,0.00708,1,0,34.2,60.4,0,low
BI070033,Bihar,7,25.88926,86.00852,1799,2.6314,3.2254,0.594,21.75,-0.2759,-0.2221,0.0538,38.5,58.3,50.19,0.4975,0.6009,0.02068,1,2,10.1,64.0,0,medium
BI210034,Bihar,21,24.81506,84.66853,1207,2.1732,4.1041,1.9308,84.94,-0.1361,-0.0766,0.0595,35.1,71.3,100.34,0.6487,0.7233,0.01492,1,1,8.1,36.4,0,medium
BI290035,Bihar,29,26.64271,86.36281,2768,2.2449,3.6885,1.4436,61.57,-0.2703,-0.2506,0.0198,30.9,38.0,22.19,0.5425,0.5781,0.00713,0,0,21.9,44.4,1,medium
BI210036,Bihar,21,26.83602,86.34623,833,0.8886,1.303,0.4144,41.92,-0.1446,-0.1255,0.0191,90.0,99.6,10.45,0.2916,0.2455,-0.00923,0,0,22.3,72.4,0,low
BI230037,Bihar,23,26.91204,86.71087,418,1.2905,1.3581,0.0676,4.86,0.0677,0.0852,0.0175,99.0,109.9,10.92,0.5293,0.4785,-0.01017,0,0,58.8,55.1,0,low
BI020038,Bihar,2,24.507,85.51784,2498,8.3415,16.813,8.4715,100.36,0.1599,0.3301,0.1702,178.0,298.0,67.05,0.2624,0.4957,0.04668,1,2,10.5,40.2,1,high
BI120039,Bihar,12,26.63025,87.44776,1578,2.6601,4.2172,1.557,56.41,0.0939,0.1531,0.0592,75.9,119.3,56.54,0.5949,0.6065,0.00232,1,0,28.7,51.9,1,medium
BI140040,Bihar,14,25.03128,85.70194,630,2.653,3.0661,0.4131,15.0,0.0566,0.0729,0.0163,101.6,105.9,4.16,0.6954,0.7937,0.01966,1,0,10.5,42.9,1,medium
BI270041,Bihar,27,26.46684,84.94234,1133,0.8341,1.0566,0.2226,23.83,-0.1994,-0.2025,-0.0031,61.4,59.9,-2.45,0.4089,0.3814,-0.0055,1,2,34.7,81.3,0,low
BI110042,Bihar,11,25.65283,84.39152,866,0.5021,0.5872,0.0852,14.15,0.1996,0.2012,0.0016,75.0,75.9,1.18,0.4384,0.4275,-0.00219,1,1,24.3,86.0,1,low
BI290043,Bihar,29,25.99342,83.76273,1806,3.2095,4.3335,1.124,33.96,0.0039,0.0618,0.0579,93.8,113.6,20.97,0.5,0.5166,0.00333,1,1,19.2,60.9,1,medium
BI150044,Bihar,15,25.25433,85.15355,582,0.5649,0.8974,0.3325,50.01,-0.2523,-0.2414,0.0109,64.5,70.6,9.3,0.2192,0.1649,-0.01086,1,2,35.7,98.5,1,low
BI070045,Bihar,7,24.67295,86.47004,259,1.2839,1.5023,0.2184,15.78,-0.131,-0.1182,0.0128,35.5,41.4,16.1,0.2273,0.2529,0.00512,1,2,43.1,57.8,0,low
BI210046,Bihar,21,26.32625,86.78947,1821,1.8367,1.7675,-0.0692,-3.57,0.1353,0.1472,0.0119,146.5,152.6,4.15,0.5196,0.4965,-0.00461,1,2,18.1,56.6,1,low
BI110047,Bihar,11,24.50102,86.49788,1028,0.806,0.8757,0.0697,7.7,-0.1191,-0.1208,-0.0017,112.7,112.1,-0.56,0.5235,0.4524,-0.01424,1,0,44.4,84.2,1,low
BI250048,Bihar,25,27.37196,84.12824,200,0.7816,0.807,0.0254,2.88,-0.1513,-0.1552,-0.0039,48.7,46.2,-4.95,0.5321,0.5814,0.00987,0,1,52.4,59.8,1,low
BI140049,Bihar,14,24.50131,86.34097,356,1.2784,1.3093,0.0309,2.24,-0.2761,-0.2747,0.0015,36.4,36.8,1.05,0.3353,0.2853,-0.01002,1,0,34.0,62.6,1,low
BI040050,Bihar,4,26.57633,83.97223,200,1.6421,1.8647,0.2226,12.78,0.011,0.0171,0.0061,44.6,47.2,5.74,0.635,0.6104,-0.00492,0,1,35.0,80.9,0,low
BI010051,Bihar,1,25.74108,85.36982,3033,0.7037,1.1308,0.4271,53.14,0.0611,0.0741,0.013,48.3,57.0,17.54,0.4412,0.3631,-0.01561,1,1,30.3,74.6,1,low
BI170052,Bihar,17,26.8167,88.23458,1616,9.9927,21.3792,11.3865,112.82,-0.0146,0.1028,0.1175,117.3,185.5,57.73,0.5357,0.7466,0.04217,1,1,10.7,15.6,1,high
BI270053,Bihar,27,26.53626,86.21717,885,2.5943,4.1216,1.5273,56.69,0.1751,0.205,0.0299,110.0,131.3,19.22,0.2223,0.3436,0.02426,1,1,24.5,64.2,1,medium
BI030054,Bihar,3,27.34405,85.26231,1311,0.7067,0.7287,0.022,2.73,-0.2458,-0.2476,-0.0018,24.6,24.0,-2.33,0.3449,0.2964,-0.0097,0,1,34.8,76.7,1,low
BI270055,Bihar,27,26.07712,84.07004,200,1.089,1.514,0.425,35.75,0.166,0.1681,0.0021,109.5,111.0,1.32,0.6795,0.6294,-0.01002,0,0,59.2,79.9,0,low
BI280056,Bihar,28,24.72197,84.89072,1085,2.4291,3.7151,1.286,50.85,0.1396,0.1582,0.0186,146.8,155.5,5.91,0.4968,0.6068,0.022,1,2,16.8,53.0,0,medium
BI220057,Bihar,22,24.55065,84.4847,850,1.0564,1.3444,0.2879,24.9,-0.1177,-0.1215,-0.0038,94.7,92.6,-2.15,0.2521,0.2047,-0.00949,1,2,50.6,95.6,1,low
BI090058,Bihar,9,24.79375,85.56046,278,1.151,1.4407,0.2898,23.16,0.0156,0.0197,0.004,125.9,128.2,1.87,0.248,0.2362,-0.00236,1,0,46.6,69.5,0,low
BI070059,Bihar,7,24.6333,86.12409,400,2.2638,4.1063,1.8426,77.95,-0.1781,-0.1395,0.0386,63.9,79.5,24.03,0.5685,0.7062,0.02754,1,1,29.7,47.4,0,medium
BI020060,Bihar,2,26.95843,87.46013,807,0.5595,1.0163,0.4568,69.27,0.1859,0.1961,0.0102,61.9,66.7,7.66,0.4152,0.4083,-0.00138,1,1,26.8,75.5,0,low
BI120061,Bihar,12,24.54087,83.57777,2184,2.678,3.7952,1.1171,40.21,-0.2181,-0.2062,0.0119,67.5,74.4,10.01,0.3564,0.4808,0.02488,0,2,26.2,34.7,1,medium
BI100062,Bihar,10,24.563,84.06837,1847,0.8679,1.1849,0.317,32.75,-0.0963,-0.0923,0.004,80.4,82.4,2.44,0.3115,0.2675,-0.00882,0,2,44.9,91.6,0,low
BI180063,Bihar,18,26.71585,85.70032,496,1.3856,1.6325,0.2469,16.62,0.0373,0.0443,0.007,88.2,93.1,5.54,0.6317,0.6405,0.00176,1,0,42.4,70.7,1,low
BI200064,Bihar,20,26.09741,87.53462,324,0.8654,1.1133,0.2479,25.68,0.1008,0.1031,0.0023,156.1,157.4,0.79,0.6406,0.5979,-0.00855,0,1,32.6,63.3,1,low
BI260065,Bihar,26,25.01297,86.2708,4429,6.8958,17.8392,10.9433,156.43,-0.0031,0.1148,0.1179,93.6,164.4,74.84,0.459,0.6099,0.03019,1,2,15.8,40.5,1,high
BI100066,Bihar,10,25.08342,84.15834,1262,0.4984,0.8919,0.3935,65.76,-0.2478,-0.2489,-0.0011,74.8,74.2,-0.78,0.2267,0.1599,-0.01337,0,1,45.8,84.1,0,low
BI060067,Bihar,6,26.26357,87.06093,1471,3.2119,3.6181,0.4062,12.27,0.0045,0.0633,0.0587,81.7,101.6,24.08,0.6143,0.6463,0.0064,1,2,19.0,52.5,1,medium
BI170068,Bihar,17,25.5948,88.19219,1190,3.6498,4.9152,1.2654,33.75,0.1175,0.1706,0.0531,148.7,180.5,21.19,0.204,0.2628,0.01176,0,0,21.4,47.7,1,medium
BI170069,Bihar,17,24.69028,87.12265,514,0.8088,1.248,0.4393,48.34,0.1677,0.1808,0.0132,178.3,185.2,3.81,0.2825,0.2459,-0.00733,1,0,49.6,98.6,1,low
BI110070,Bihar,11,26.98081,83.46697,1705,3.2195,4.5061,1.2866,38.76,0.0405,0.0897,0.0492,98.7,112.3,13.67,0.5687,0.5829,0.00284,1,1,17.9,36.4,0,medium
BI030071,Bihar,3,24.8886,87.42582,1204,1.7888,2.1875,0.3988,21.11,-0.2604,-0.2412,0.0192,33.0,42.9,29.13,0.4675,0.4766,0.00181,1,1,28.6,38.3,1,medium
BI050072,Bihar,5,26.53563,87.73532,2106,0.5324,0.6886,0.1563,24.71,-0.0454,-0.0268,0.0186,68.7,75.9,10.22,0.5921,0.5345,-0.01152,1,1,38.9,59.0,0,low
BI220073,Bihar,22,26.76801,86.53639,4959,0.7393,0.8413,0.102,12.16,0.0518,0.045,-0.0067,85.2,81.1,-4.75,0.4516,0.3632,-0.01768,0,0,23.5,72.0,1,low
BI270074,Bihar,27,26.53458,87.22494,882,0.73,0.9891,0.2591,31.22,0.1147,0.1122,-0.0025,180.8,179.9,-0.47,0.6016,0.5411,-0.01211,1,0,47.4,93.8,1,low
BI120075,Bihar,12,25.86212,86.5743,808,0.4783,0.8068,0.3285,56.81,0.0093,0.0222,0.0129,118.6,127.0,6.97,0.427,0.3275,-0.01992,0,0,35.5,97.2,0,low
BI190076,Bihar,19,25.90022,84.71815,1081,2.827,4.1295,1.3025,44.5,-0.1735,-0.149,0.0245,52.9,65.6,23.53,0.5277,0.6752,0.0295,1,1,14.5,56.9,1,medium
BI230077,Bihar,23,24.36122,83.95,422,2.3991,3.7381,1.339,53.58,0.0425,0.081,0.0386,125.4,150.9,20.14,0.6838,0.8071,0.02466,1,2,8.9,63.0,1,medium
BI080078,Bihar,8,25.10433,87.42978,295,1.2147,1.5223,0.3075,23.39,-0.1932,-0.1822,0.011,31.9,38.8,20.97,0.6856,0.6963,0.00215,0,1,29.4,71.3,0,low
BI150079,Bihar,15,25.50935,87.36511,1005,7.1279,15.0058,7.8779,108.99,0.044,0.2066,0.1626,56.9,134.4,133.64,0.4274,0.5928,0.03309,1,2,5.5,15.8,1,high
BI230080,Bihar,23,26.87277,87.91436,1343,9.0695,17.9203,8.8508,96.52,-0.1433,0.001,0.1443,37.7,113.6,196.0,0.5055,0.7147,0.04184,1,2,17.8,35.3,1,high
BI230081,Bihar,23,26.85394,86.33458,349,0.7787,0.8473,0.0686,7.81,0.1809,0.2,0.019,82.3,90.6,9.99,0.5024,0.5149,0.00251,0,2,52.3,66.3,0,low
BI090082,Bihar,9,25.70743,86.00138,793,2.7501,4.7495,1.9994,70.15,0.1273,0.1426,0.0154,100.5,106.0,5.49,0.4026,0.4512,0.00972,1,1,24.1,57.2,0,medium
BI190083,Bihar,19,26.49616,85.42454,663,0.5374,0.7904,0.253,39.7,0.091,0.1048,0.0137,122.3,131.9,7.78,0.5076,0.4802,-0.00548,0,2,59.3,82.4,0,low
BI130084,Bihar,13,25.5336,84.83816,777,0.6479,0.8449,0.197,26.35,-0.1763,-0.1748,0.0015,81.5,82.6,1.33,0.3826,0.4217,0.00782,1,2,32.3,91.6,0,low
BI060085,Bihar,6,25.22997,88.24504,1162,2.7629,3.5805,0.8176,28.56,-0.1379,-0.0934,0.0445,39.5,64.2,60.97,0.2776,0.2983,0.00415,1,1,8.4,32.7,1,medium
BI150086,Bihar,15,26.57608,85.08036,1019,0.65,0.7242,0.0742,9.9,-0.1608,-0.1686,-0.0078,90.5,85.1,-5.85,0.4674,0.5101,0.00853,1,2,39.3,87.2,1,low
BI160087,Bihar,16,27.19209,84.65022,633,0.4863,0.5533,0.067,11.42,-0.2782,-0.2864,-0.0081,58.7,52.7,-10.18,0.3952,0.3624,-0.00657,1,0,46.0,82.2,1,low
BI090088,Bihar,9,26.26542,86.49573,3891,0.8986,1.3847,0.4861,48.68,0.0965,0.1057,0.0092,167.3,172.7,3.22,0.4555,0.4105,-0.00901,1,0,15.9,66.1,0,low
BI130089,Bihar,13,27.16883,86.98034,1784,3.1976,4.3392,1.1415,34.62,-0.2253,-0.1832,0.0421,72.3,100.1,37.97,0.5765,0.5792,0.00054,1,1,11.9,36.3,0,medium
BI040090,Bihar,4,24.87159,83.64866,200,0.3761,0.2955,-0.0805,-16.92,-0.1581,-0.1537,0.0044,53.7,55.4,3.07,0.6816,0.6705,-0.00222,0,0,30.6,69.2,0,low
BI160091,Bihar,16,25.92467,84.9766,312,1.2133,1.3822,0.1689,12.86,-0.1768,-0.1603,0.0166,58.5,63.5,8.5,0.6431,0.579,-0.01281,1,2,33.3,64.5,0,low
BI010092,Bihar,1,26.0849,86.35464,214,3.4925,4.5904,1.0979,30.56,-0.2505,-0.2152,0.0354,38.9,64.9,65.19,0.2026,0.2902,0.01752,1,2,12.7,62.1,1,medium
BI100093,Bihar,10,26.68036,84.97856,699,3.1937,4.6969,1.5032,45.64,0.0637,0.0847,0.021,165.4,179.6,8.54,0.4959,0.6241,0.02564,0,2,8.8,48.7,1,medium
BI280094,Bihar,28,27.33671,85.58537,1713,0.6177,0.947,0.3294,45.9,-0.0698,-0.0683,0.0015,35.9,36.5,1.54,0.26,0.2921,0.00642,0,0,15.1,98.4,0,low
BI170095,Bihar,17,25.76464,86.98695,233,0.5021,0.9834,0.4813,79.93,-0.0908,-0.0986,-0.0079,87.3,83.3,-4.56,0.2332,0.1829,-0.01005,0,1,43.9,90.4,0,low
BI170096,Bihar,17,24.49988,86.37923,1832,1.0133,1.2554,0.2421,21.74,-0.0308,-0.0349,-0.0041,55.2,52.8,-4.21,0.5207,0.5639,0.00864,0,1,56.5,61.5,0,low
BI020097,Bihar,2,27.16975,86.35185,435,1.3435,1.6544,0.3109,21.54,-0.089,-0.0847,0.0042,101.7,104.7,2.9,0.6069,0.5141,-0.01857,0,1,44.2,80.7,1,low
BI190098,Bihar,19,25.30437,83.57844,3203,7.0135,10.4892,3.4757,48.86,0.176,0.2266,0.0506,177.8,192.6,8.27,0.5869,0.8782,0.05825,1,2,5.7,40.0,1,high
BI270099,Bihar,27,26.49248,84.22386,302,0.7877,1.0033,0.2156,24.29,0.0089,0.0037,-0.0052,135.0,133.3,-1.25,0.2534,0.2311,-0.00447,0,1,40.4,87.5,0,low
BI260100,Bihar,26,27.45967,85.92141,766,0.6234,0.891,0.2677,37.0,0.0119,0.003,-0.0089,105.1,99.5,-5.26,0.5912,0.5327,-0.0117,0,2,27.6,68.4,0,low
BI150101,Bihar,15,24.33137,86.39524,813,2.7847,3.6681,0.8834,30.62,0.198,0.2402,0.0422,184.4,198.7,7.69,0.2551,0.3668,0.02234,0,1,11.5,50.5,1,medium
BI110102,Bihar,11,26.17156,87.78489,395,2.9417,4.6257,1.684,55.36,-0.2159,-0.1564,0.0595,38.5,66.1,70.09,0.2852,0.3908,0.02112,0,2,26.6,58.7,1,medium
BI230103,Bihar,23,27.49067,87.06696,854,3.0836,4.0461,0.9624,30.23,-0.0165,0.0421,0.0586,53.7,84.9,56.94,0.4026,0.4848,0.01644,1,2,28.5,38.9,0,medium
BI070104,Bihar,7,25.18256,87.25108,1688,4.4854,5.6607,1.1754,25.63,-0.2261,-0.1863,0.0397,54.9,81.2,47.06,0.455,0.5009,0.00917,1,1,22.9,38.7,0,medium
BI140105,Bihar,14,25.39105,88.08277,1697,6.0867,12.4884,6.4018,103.48,0.0603,0.2393,0.179,163.6,246.3,50.29,0.3997,0.5552,0.0311,1,2,10.8,33.8,1,high
BI240106,Bihar,24,25.72115,86.84388,487,1.4522,1.6836,0.2314,14.91,-0.1413,-0.1296,0.0117,51.9,59.7,14.74,0.5235,0.5422,0.00374,1,0,55.3,84.1,0,low
BI010107,Bihar,1,26.94919,86.55112,568,0.7793,1.1604,0.3811,43.35,-0.2272,-0.2148,0.0125,67.3,74.1,9.85,0.3288,0.3673,0.00771,0,0,24.3,95.3,0,low
BI260108,Bihar,26,24.48905,86.59392,1078,7.6695,10.0757,2.4062,30.97,-0.1195,-0.0204,0.0991,48.3,90.5,85.51,0.4018,0.5713,0.03392,1,2,9.4,11.1,1,high
BI290109,Bihar,29,24.97289,87.78596,1054,0.7199,0.9842,0.2643,32.24,-0.078,-0.0791,-0.0011,32.0,31.4,-1.76,0.3373,0.3337,-0.00072,1,0,36.8,80.6,1,low
BI090110,Bihar,9,26.24671,83.8831,1789,3.0754,3.4299,0.3544,11.16,-0.0789,-0.0491,0.0298,85.5,99.2,15.81,0.4429,0.4744,0.0063,0,1,27.7,50.3,1,medium
BI250111,Bihar,25,25.43622,88.22446,626,0.6876,1.0789,0.3914,49.69,-0.1075,-0.1002,0.0073,71.2,76.2,7.05,0.3025,0.3327,0.00603,1,1,40.5,64.7,1,low
BI270112,Bihar,27,25.75645,86.81181,337,0.9034,1.1495,0.2461,24.52,-0.2184,-0.2067,0.0116,67.4,72.4,7.36,0.5253,0.5407,0.00307,1,0,50.0,62.2,1,low
BI260113,Bihar,26,26.39491,87.89574,3107,6.4218,10.2455,3.8236,58.63,-0.2518,-0.1033,0.1485,27.4,111.0,293.91,0.6163,0.8739,0.05153,1,2,13.3,35.9,1,high
BI250114,Bihar,25,26.90606,83.40854,2036,0.7549,1.222,0.4672,54.65,-0.2399,-0.2468,-0.0069,55.6,53.3,-4.06,0.5463,0.4547,-0.01832,1,1,45.0,64.8,0,low
BI070115,Bihar,7,26.40491,85.99022,1313,8.3476,13.4259,5.0783,60.12,0.1368,0.2214,0.0846,154.6,197.5,27.59,0.5183,0.6309,0.02253,1,1,9.5,22.1,1,high
BI120116,Bihar,12,24.82359,86.42589,490,0.6594,0.7042,0.0447,5.89,-0.2145,-0.2199,-0.0055,65.1,63.1,-3.09,0.6667,0.5937,-0.01461,0,0,15.4,62.8,1,low
BI200117,Bihar,20,27.4388,83.43887,2013,0.7766,1.1753,0.3987,45.48,-0.1235,-0.1109,0.0126,58.3,66.5,13.92,0.5533,0.5828,0.00589,0,1,46.1,86.6,0,low
BI190118,Bihar,19,25.8103,84.25629,477,0.9574,1.275,0.3177,30.04,0.0908,0.0871,-0.0037,138.0,136.6,-0.99,0.3406,0.3563,0.00313,0,0,35.8,71.9,0,low
BI290119,Bihar,29,25.07698,85.43066,422,0.8563,0.8967,0.0404,4.22,-0.246,-0.2456,0.0004,20.3,20.6,0.99,0.4556,0.3774,-0.01563,0,0,38.2,56.4,0,low
BI260120,Bihar,26,24.39118,83.82544,517,0.4913,0.65,0.1588,26.85,-0.0568,-0.0647,-0.0079,63.1,59.7,-5.32,0.6853,0.6224,-0.01258,0,0,27.9,66.2,0,low
BI250121,Bihar,25,26.50288,86.02241,593,0.8703,1.1774,0.3071,31.65,0.0923,0.1062,0.0139,157.7,165.2,4.77,0.6655,0.6036,-0.01239,0,0,22.2,66.0,0,low
BI120122,Bihar,12,24.53439,86.17484,2533,0.8011,1.2082,0.4071,45.18,-0.1333,-0.1407,-0.0074,67.7,62.3,-7.85,0.4588,0.4076,-0.01024,1,1,57.4,96.3,0,low
BI260123,Bihar,26,26.71964,83.93091,659,0.9339,1.4022,0.4683,45.29,-0.0855,-0.0832,0.0023,45.4,46.1,1.38,0.5618,0.5887,0.0054,1,0,30.8,93.0,0,low
BI190124,Bihar,19,25.43871,84.81359,1123,6.6147,10.037,3.4223,50.97,0.036,0.1388,0.1027,138.4,184.1,32.79,0.5229,0.6922,0.03388,1,0,15.9,31.7,1,high
BI060125,Bihar,6,24.41688,84.29799,681,2.0069,2.7043,0.6975,33.11,-0.2559,-0.2367,0.0193,57.0,70.2,22.78,0.4045,0.4869,0.01649,1,0,18.7,53.6,1,medium
BI210126,Bihar,21,24.44422,86.02385,1160,2.6041,3.586,0.9819,36.31,-0.0543,-0.026,0.0282,68.2,84.6,23.62,0.3468,0.4711,0.02485,1,2,25.9,68.5,1,medium
BI050127,Bihar,5,25.45152,86.74932,1031,2.0213,2.8495,0.8282,39.04,-0.2345,-0.1879,0.0467,32.5,62.9,90.75,0.3972,0.4508,0.01073,0,2,11.5,47.1,0,medium
BI270128,Bihar,27,24.84481,86.85223,1622,1.0775,1.2587,0.1811,15.38,-0.0838,-0.0832,0.0005,62.2,62.4,0.39,0.4886,0.4135,-0.01502,0,0,31.2,92.7,0,low
BI050129,Bihar,5,24.52807,84.72091,383,3.1451,4.1217,0.9767,30.1,0.0181,0.0706,0.0525,50.7,66.6,30.81,0.3808,0.4764,0.01911,1,2,27.6,62.6,0,medium
BI280130,Bihar,28,25.54128,85.49703,868,1.6569,2.1049,0.4479,25.5,0.1873,0.1789,-0.0084,105.4,103.1,-2.15,0.4992,0.5046,0.00107,0,0,19.3,60.1,1,low
BI160131,Bihar,16,25.55442,86.37873,1300,0.4726,0.3822,-0.0903,-15.78,0.1849,0.1972,0.0123,97.0,104.6,7.74,0.5753,0.5141,-0.01224,1,1,17.2,81.6,0,low
BI250132,Bihar,25,26.22648,85.72563,200,0.5389,0.8608,0.3219,50.38,0.0545,0.0491,-0.0055,54.9,51.8,-5.49,0.5965,0.6409,0.00887,1,0,20.8,58.2,1,low
BI170133,Bihar,17,26.24251,84.17938,874,3.2244,3.9002,0.6758,20.33,0.0245,0.0785,0.0541,39.4,77.9,95.38,0.3817,0.3945,0.00256,1,2,9.5,64.5,1,medium
BI190134,Bihar,19,25.4809,84.83012,1755,2.1956,3.9328,1.7372,75.68,-0.021,0.0354,0.0564,55.1,85.6,54.4,0.6479,0.7228,0.01498,1,1,19.2,35.7,0,medium
BI220135,Bihar,22,25.53251,83.74025,262,0.5648,0.6732,0.1085,16.32,0.0635,0.0626,-0.0009,90.9,90.4,-0.56,0.4053,0.4147,0.00189,0,0,28.3,98.0,1,low
BI150136,Bihar,15,25.65703,85.0377,766,0.9597,1.2736,0.3139,29.62,-0.2475,-0.2364,0.0111,46.0,53.0,14.98,0.4084,0.4316,0.00463,1,0,55.8,98.9,1,low
BI130137,Bihar,13,24.93526,85.86105,200,0.8546,1.2764,0.4218,44.19,0.0816,0.0843,0.0026,62.0,63.2,1.79,0.612,0.5466,-0.01307,1,2,37.0,59.3,1,low
BI170138,Bihar,17,27.15127,86.82568,2035,2.2133,2.7117,0.4984,21.55,0.1703,0.1923,0.022,58.4,67.4,15.02,0.6087,0.6213,0.00252,1,2,11.0,56.0,1,medium
BI080139,Bihar,8,24.81994,86.05414,893,0.5413,0.563,0.0218,3.39,-0.0072,-0.005,0.0022,43.6,44.9,2.79,0.5896,0.6183,0.00573,1,0,28.9,88.7,0,low
BI040140,Bihar,4,26.39858,83.48406,1053,0.7391,0.7597,0.0205,2.45,-0.0928,-0.1017,-0.0089,75.6,69.7,-7.72,0.3563,0.3099,-0.00927,1,1,29.3,66.5,0,low
BI130141,Bihar,13,25.63261,86.74676,296,1.0953,1.4734,0.3781,31.63,0.0039,0.0057,0.0018,135.8,136.5,0.47,0.3233,0.255,-0.01367,0,0,40.6,64.2,0,low
BI160142,Bihar,16,27.35085,86.43677,384,0.8957,0.8978,0.0021,0.21,-0.0373,-0.0231,0.0142,71.0,78.6,10.61,0.52,0.5004,-0.00391,1,2,42.3,57.4,1,low
BI150143,Bihar,15,25.82734,85.55854,496,0.5288,0.9725,0.4437,70.57,-0.261,-0.254,0.007,35.0,36.9,5.33,0.4902,0.4129,-0.01546,0,0,19.4,63.2,1,low
BI100144,Bihar,10,24.89751,83.90264,751,0.5541,0.8538,0.2997,45.82,-0.0212,-0.0194,0.0017,116.3,117.0,0.54,0.4431,0.3905,-0.01051,1,1,38.3,90.6,0,low
BI120145,Bihar,12,26.2766,86.68736,2006,0.5728,0.6272,0.0544,8.08,0.1341,0.1262,-0.0079,172.3,169.2,-1.78,0.3744,0.3941,0.00394,1,0,45.7,59.1,0,low
BI250146,Bihar,25,26.35218,87.05189,431,1.0469,1.4309,0.3839,33.48,-0.1866,-0.1731,0.0135,50.2,54.9,9.23,0.5073,0.5546,0.00946,0,2,16.2,89.9,1,low
BI090147,Bihar,9,25.8864,86.33295,1192,0.8482,0.9449,0.0967,10.2,-0.0436,-0.0435,0.0001,128.9,128.9,0.03,0.6742,0.6482,-0.00521,1,0,32.8,92.6,1,low
BI160148,Bihar,16,25.46676,88.26731,200,0.7251,0.9211,0.196,23.75,-0.1592,-0.1451,0.0142,52.9,58.6,10.61,0.6947,0.7404,0.00914,0,0,42.9,68.9,0,low
BI240149,Bihar,24,26.04606,87.32289,614,1.1052,1.539,0.4338,35.99,-0.1867,-0.1724,0.0142,62.7,67.1,6.91,0.5079,0.4367,-0.01423,1,2,54.8,79.9,0,low
BI040150,Bihar,4,26.01241,86.24152,439,0.7846,1.0932,0.3087,34.89,-0.0385,-0.0418,-0.0033,66.7,65.4,-1.86,0.2329,0.2595,0.00531,1,2,46.7,95.4,1,low
BI040151,Bihar,4,24.55204,85.61094,1161,2.9492,3.8396,0.8904,29.2,-0.2882,-0.2393,0.0488,33.8,54.2,58.41,0.5225,0.6124,0.01797,0,2,21.8,51.0,0,medium
BI170152,Bihar,17,24.48026,86.3653,345,2.7868,4.4421,1.6553,57.34,-0.0774,-0.0473,0.0301,125.1,138.4,10.57,0.2892,0.3903,0.02022,1,1,14.4,55.2,1,medium
BI130153,Bihar,13,24.94982,83.38411,746,0.4844,0.8494,0.365,62.46,0.1561,0.1472,-0.0089,58.0,53.0,-8.44,0.3048,0.2772,-0.00552,0,2,42.9,69.7,0,low
BI230154,Bihar,23,25.81191,86.6481,200,0.9839,1.1712,0.1873,17.28,-0.1546,-0.1377,0.0169,95.3,101.6,6.53,0.6077,0.5968,-0.00217,1,0,33.2,89.6,1,low
BI120155,Bihar,12,26.26551,84.53688,701,1.4932,1.6406,0.1475,9.26,-0.0685,-0.051,0.0175,107.0,111.4,4.07,0.4658,0.4756,0.00197,1,0,41.0,90.4,1,low
BI230156,Bihar,23,25.47241,85.90689,1361,7.75,17.8351,10.0851,128.47,0.0421,0.1156,0.0735,111.8,136.0,21.47,0.3217,0.5792,0.05151,0,2,10.5,23.9,1,high
BI060157,Bihar,6,24.94699,85.88119,1118,8.9163,13.6608,4.7445,52.62,-0.2907,-0.1451,0.1456,46.9,93.8,97.8,0.3033,0.5379,0.0469,1,2,11.5,21.6,0,high
BI090158,Bihar,9,25.40637,86.33648,418,0.5288,0.7197,0.1909,30.36,-0.0334,-0.038,-0.0046,119.5,118.0,-1.23,0.422,0.3918,-0.00603,1,0,36.6,94.4,0,low
BI200159,Bihar,20,27.19279,85.62701,1099,3.1759,4.3381,1.1622,35.48,-0.2946,-0.2491,0.0455,25.4,41.4,60.6,0.3079,0.329,0.00423,1,2,24.8,59.2,0,medium
BI190160,Bihar,19,24.93315,84.47788,518,0.3764,0.7916,0.4152,87.15,-0.2744,-0.2843,-0.0099,53.9,50.2,-6.58,0.6237,0.5631,-0.01213,1,0,57.3,91.4,0,low
BI040161,Bihar,4,26.92791,87.22758,1595,2.2316,3.7992,1.5677,67.24,0.0201,0.0387,0.0186,155.4,162.1,4.27,0.6161,0.6515,0.00708,1,1,23.4,42.2,1,medium
BI040162,Bihar,4,26.50354,85.97028,695,0.6358,1.1049,0.4691,63.76,-0.0193,-0.0003,0.019,90.1,100.1,10.99,0.5882,0.5975,0.00186,0,1,51.6,74.1,1,low
BI080163,Bihar,8,24.93167,86.03545,1568,0.4692,0.4012,-0.068,-11.95,-0.0088,0.0069,0.0157,141.9,149.1,5.09,0.5948,0.6354,0.00813,1,2,56.0,74.0,1,low
BI010164,Bihar,1,24.50256,87.33795,854,0.9842,1.0415,0.0573,5.28,-0.1909,-0.1898,0.0011,36.0,36.5,1.23,0.6972,0.7156,0.00369,1,1,28.0,77.4,1,low
BI080165,Bihar,8,26.26951,87.79999,515,0.6696,0.8231,0.1536,19.96,-0.1457,-0.1453,0.0004,65.3,65.5,0.21,0.6675,0.638,-0.00591,0,2,38.2,89.2,1,low
BI290166,Bihar,29,24.66106,84.99249,377,0.8426,1.0332,0.1905,20.21,0.0645,0.0571,-0.0074,43.9,40.2,-8.41,0.5664,0.5084,-0.01161,0,1,22.1,84.0,0,low
BI270167,Bihar,27,27.15407,87.84459,531,0.5746,0.7309,0.1563,23.16,-0.0551,-0.0648,-0.0096,45.8,43.2,-5.66,0.506,0.4328,-0.01464,1,0,30.6,59.6,0,low
BI030168,Bihar,3,25.73557,87.33435,497,0.8389,1.0613,0.2225,23.69,-0.1084,-0.1017,0.0068,90.9,93.8,3.2,0.2715,0.1763,-0.01904,0,0,54.8,71.6,1,low
BI040169,Bihar,4,27.24374,87.68143,1242,0.7871,0.8286,0.0415,4.68,0.0617,0.0678,0.0061,127.9,132.2,3.33,0.2505,0.1994,-0.0102,0,0,52.4,70.5,1,low
BI030170,Bihar,3,26.85238,86.29234,238,0.7863,1.1904,0.4041,45.59,-0.1953,-0.1945,0.0008,41.6,42.1,1.1,0.5622,0.5306,-0.00632,1,2,20.6,92.7,0,low
BI080171,Bihar,8,26.99968,83.71969,3049,2.9892,3.7736,0.7844,25.39,-0.1982,-0.1868,0.0114,50.6,58.1,14.72,0.598,0.6979,0.01999,1,2,14.0,40.5,1,medium
BI220172,Bihar,22,26.89891,84.09937,758,0.7883,0.8677,0.0794,8.93,0.1019,0.1087,0.0068,168.2,170.8,1.53,0.5433,0.4993,-0.00879,0,1,33.8,80.8,1,low
BI130173,Bihar,13,25.15674,87.82995,1717,3.1866,4.2189,1.0324,31.41,0.1654,0.2151,0.0497,100.7,119.5,18.57,0.5967,0.7435,0.02936,1,2,27.9,61.8,1,medium
BI110174,Bihar,11,25.45052,85.14136,3998,0.5911,0.7057,0.1147,16.59,0.0532,0.0639,0.0108,69.1,74.1,7.07,0.3112,0.2291,-0.01643,0,0,15.4,90.7,0,low
BI030175,Bihar,3,25.80116,83.951,529,0.6459,0.6791,0.0332,4.45,0.0023,0.0076,0.0054,71.4,74.8,4.76,0.4048,0.3093,-0.0191,0,2,29.1,75.2,0,low
BI100176,Bihar,10,24.71092,84.68029,715,0.6436,1.0709,0.4273,57.46,0.1616,0.1626,0.001,196.8,197.0,0.13,0.4277,0.4762,0.00969,1,0,57.3,64.7,0,low
BI280177,Bihar,28,25.48083,83.57309,868,0.6398,0.8089,0.1691,22.85,-0.2665,-0.266,0.0005,47.9,48.1,0.36,0.2173,0.1685,-0.00976,1,1,27.5,90.3,0,low
BI210178,Bihar,21,26.19253,84.60001,242,2.0504,2.6387,0.5883,27.36,-0.1188,-0.1073,0.0115,99.3,103.6,4.28,0.4205,0.5398,0.02386,1,2,13.2,36.1,1,medium
BI030179,Bihar,3,24.37574,83.36213,348,0.9161,1.2641,0.3481,34.25,0.1604,0.1731,0.0127,183.3,189.4,3.33,0.6994,0.6947,-0.00095,0,0,53.2,81.7,1,low
BI080180,Bihar,8,26.15007,86.63346,1582,0.5023,0.9891,0.4867,80.81,-0.2759,-0.2786,-0.0027,66.3,64.5,-2.68,0.506,0.506,-1e-05,1,2,53.3,83.2,1,low
BI100181,Bihar,10,24.56155,86.0158,1281,0.7101,1.1441,0.434,53.58,-0.1892,-0.1858,0.0035,62.0,63.2,1.86,0.5715,0.5404,-0.00623,1,1,27.8,90.4,0,low
BI150182,Bihar,15,24.46579,84.71904,2458,7.4068,16.1634,8.7566,116.65,0.135,0.2775,0.1426,70.3,152.6,115.29,0.3668,0.5604,0.03874,1,2,10.3,14.4,1,high
BI270183,Bihar,27,27.16259,85.54551,1754,2.2967,3.5613,1.2646,52.76,-0.1699,-0.1324,0.0376,44.6,72.6,61.36,0.5319,0.5326,0.00014,0,1,11.4,54.6,1,medium
BI020184,Bihar,2,25.98775,87.74078,574,3.1897,4.4429,1.2532,38.1,-0.1573,-0.1296,0.0277,71.0,87.4,22.76,0.6397,0.6653,0.00513,1,1,25.8,67.4,1,medium
BI120185,Bihar,12,26.15842,85.33389,1084,0.8457,0.845,-0.0007,-0.08,0.0236,0.0271,0.0035,77.7,79.7,2.51,0.4756,0.388,-0.01752,0,0,23.9,69.6,1,low
BI220186,Bihar,22,26.09061,83.711,553,2.0966,2.4103,0.3137,14.28,-0.0827,-0.0608,0.0219,92.4,104.9,13.38,0.5759,0.5783,0.00049,1,1,19.4,38.8,1,medium
BI100187,Bihar,10,26.57947,84.64091,842,2.226,3.2664,1.0404,44.73,-0.0805,-0.042,0.0385,120.3,139.9,16.16,0.586,0.62,0.0068,1,1,18.8,52.2,1,medium
BI240188,Bihar,24,24.44601,84.02708,501,0.8274,1.2005,0.3732,40.24,-0.0439,-0.025,0.0189,96.2,102.6,6.59,0.6468,0.6307,-0.00322,0,0,25.7,83.2,1,low
BI270189,Bihar,27,24.64917,84.16442,441,2.0861,2.3195,0.2334,10.68,0.0698,0.068,-0.0018,166.8,165.6,-0.73,0.6108,0.6273,0.00329,1,1,56.8,81.9,0,low
BI150190,Bihar,15,25.28083,83.96223,829,2.9268,4.0089,1.082,35.75,0.1151,0.1283,0.0132,85.1,91.8,7.78,0.4444,0.4815,0.00742,1,0,14.5,33.5,1,medium
BI120191,Bihar,12,26.54661,87.47546,1185,1.8833,2.5365,0.6532,32.94,0.0534,0.098,0.0446,164.4,189.3,15.01,0.3377,0.4366,0.01979,0,1,18.7,62.5,1,medium
BI020192,Bihar,2,24.40896,88.19346,256,0.4232,0.4236,0.0004,0.07,0.1624,0.1634,0.0011,117.7,118.2,0.4,0.3647,0.3143,-0.01008,1,2,35.3,89.8,0,low
BI290193,Bihar,29,25.45998,86.06565,506,0.5717,0.9443,0.3726,55.47,-0.0888,-0.076,0.0127,44.3,48.5,9.22,0.5345,0.4615,-0.0146,0,0,27.4,70.5,0,low
BI250194,Bihar,25,25.91674,83.40862,284,0.7252,1.0526,0.3274,39.67,-0.2239,-0.222,0.0019,38.6,39.7,2.91,0.6348,0.5714,-0.01267,0,2,28.6,59.6,0,low
BI180195,Bihar,18,24.54778,83.93183,2160,2.453,4.0592,1.6061,62.91,0.0453,0.0771,0.0318,43.7,65.3,48.16,0.2737,0.3465,0.01456,1,0,20.2,59.2,1,medium
BI210196,Bihar,21,27.09885,87.96555,557,2.3405,3.5899,1.2493,51.19,0.0436,0.0916,0.048,113.5,140.0,23.08,0.2734,0.4035,0.02601,1,2,13.8,32.0,0,medium
BI220197,Bihar,22,26.78129,85.20691,563,1.1619,1.1079,-0.054,-4.28,-0.1094,-0.1118,-0.0024,87.0,85.6,-1.69,0.4719,0.497,0.00501,1,0,47.5,58.7,0,low
BI260198,Bihar,26,26.01882,87.83406,1467,3.5324,4.1935,0.6611,18.2,0.192,0.21,0.0179,97.6,109.4,11.99,0.2371,0.3423,0.02104,0,2,22.5,42.9,1,medium
BI150199,Bihar,15,24.69195,86.21016,1215,2.5274,3.3156,0.7882,30.0,0.1443,0.1717,0.0274,153.4,161.8,5.46,0.6681,0.6782,0.00201,1,2,18.0,69.7,1,medium
BI040200,Bihar,4,25.30303,85.06117,320,0.9093,1.0126,0.1033,10.23,-0.2836,-0.2713,0.0123,18.4,22.1,19.46,0.2976,0.2935,-0.00084,1,0,47.4,96.3,0,low
BI140201,Bihar,14,25.1174,87.14183,2243,0.6112,0.6661,0.0549,7.72,-0.0857,-0.0794,0.0064,86.8,89.3,2.84,0.6644,0.6359,-0.00571,0,0,51.1,85.0,1,low
BI120202,Bihar,12,27.42803,86.7446,407,1.9418,1.9407,-0.001,-0.05,0.0738,0.0728,-0.0009,155.7,155.0,-0.43,0.2834,0.2557,-0.00554,1,0,55.6,81.7,0,low
BI150203,Bihar,15,26.04205,88.08874,200,0.697,0.636,-0.061,-7.65,-0.0972,-0.0794,0.0178,102.0,108.9,6.67,0.4214,0.4419,0.0041,1,0,43.8,64.0,1,low
BI030204,Bihar,3,24.41018,84.02348,1079,9.6289,19.6985,10.0696,103.5,0.0194,0.1908,0.1714,47.8,136.1,180.77,0.2259,0.4874,0.0523,1,2,12.9,33.1,1,high
BI240205,Bihar,24,24.58694,83.74524,915,0.6166,1.0933,0.4768,66.53,0.0819,0.0794,-0.0025,124.1,122.5,-1.32,0.6259,0.6064,-0.00391,1,1,52.2,76.0,0,low
BI030206,Bihar,3,26.14163,86.15655,2340,1.9341,3.9166,1.9825,97.46,0.0957,0.1424,0.0467,88.2,123.3,39.23,0.2179,0.2498,0.00638,1,1,29.9,39.9,1,medium
BI020207,Bihar,2,25.68877,85.2649,206,0.6299,0.6489,0.019,2.6,-0.0711,-0.0779,-0.0068,124.2,121.2,-2.35,0.2161,0.1815,-0.00691,1,0,39.0,62.5,0,low
BI240208,Bihar,24,25.65412,86.53446,480,0.8751,0.9061,0.031,3.18,-0.1402,-0.132,0.0082,88.6,92.0,3.83,0.5637,0.5432,-0.0041,0,0,31.9,85.5,1,low
BI010209,Bihar,1,26.52127,85.66813,862,0.619,1.0801,0.4612,64.14,-0.2059,-0.1929,0.013,67.0,71.6,6.7,0.5215,0.4748,-0.00934,1,2,36.6,80.1,0,low
BI060210,Bihar,6,25.42463,84.79477,514,0.7447,0.9454,0.2007,23.76,-0.1845,-0.1757,0.0087,67.7,73.5,8.47,0.3739,0.2755,-0.01967,0,0,42.2,66.9,0,low
BI210211,Bihar,21,26.50844,85.86075,1459,1.0034,1.3458,0.3424,31.03,0.0911,0.1033,0.0122,84.9,89.5,5.36,0.2785,0.2165,-0.0124,0,1,56.4,56.8,0,low
BI140212,Bihar,14,24.68248,84.88127,386,0.7446,0.8968,0.1522,18.02,-0.0011,0.0073,0.0084,78.1,80.4,2.88,0.3112,0.2639,-0.00945,0,1,37.7,94.3,0,low
BI150213,Bihar,15,25.29135,88.24562,439,0.8468,0.8683,0.0215,2.27,0.0544,0.0599,0.0056,141.9,145.4,2.4,0.3645,0.373,0.0017,1,2,35.8,65.3,0,low
BI060214,Bihar,6,26.21692,87.65903,200,0.6748,0.9605,0.2856,36.86,-0.2304,-0.2365,-0.0061,44.9,40.8,-8.85,0.6695,0.6482,-0.00426,1,2,50.3,94.6,1,low
BI210215,Bihar,21,24.57249,83.88407,1816,6.1142,16.3342,10.22,164.46,-0.2195,-0.0854,0.134,30.5,98.4,215.24,0.3927,0.6098,0.04341,1,2,4.4,21.9,1,high
BI280216,Bihar,28,24.8471,87.31341,489,1.3125,1.4653,0.1528,10.82,-0.2801,-0.2876,-0.0075,47.5,44.7,-5.86,0.376,0.3667,-0.00187,1,1,23.4,97.6,1,low
BI210217,Bihar,21,24.64816,85.18743,699,2.6655,3.1022,0.4366,15.79,-0.2471,-0.2049,0.0423,51.1,69.1,34.47,0.3372,0.4034,0.01324,1,2,29.9,68.1,1,medium
BI280218,Bihar,28,26.82128,87.59837,255,0.6535,0.9198,0.2663,35.33,-0.1267,-0.1068,0.0199,45.8,53.6,16.61,0.4336,0.4816,0.0096,0,0,28.4,64.5,0,low
BI020219,Bihar,2,25.16333,86.86011,469,0.9665,0.9412,-0.0253,-2.37,0.1865,0.1946,0.0081,87.0,90.0,3.44,0.4785,0.4094,-0.01383,1,2,59.9,62.3,0,low
BI130220,Bihar,13,24.84167,83.72058,2847,3.1086,4.8276,1.7191,53.58,-0.1756,-0.146,0.0297,74.1,82.7,11.41,0.2168,0.3288,0.0224,1,1,10.4,47.5,0,medium
BI180221,Bihar,18,27.20703,86.55399,790,0.743,0.8045,0.0615,7.3,0.0268,0.0304,0.0036,157.9,160.3,1.52,0.6871,0.726,0.00778,1,2,56.9,60.5,0,low
BI260222,Bihar,26,25.72122,83.98638,3143,9.1336,16.79,7.6564,82.92,0.1538,0.2389,0.085,77.1,113.5,46.62,0.4171,0.7047,0.05752,1,2,7.6,19.8,1,high
BI090223,Bihar,9,26.04135,88.08243,1044,0.8835,0.8375,-0.046,-4.68,-0.0461,-0.051,-0.0049,75.3,72.5,-3.72,0.4082,0.3681,-0.00802,0,0,40.5,78.4,0,low
BI030224,Bihar,3,26.1291,83.86987,377,0.9928,1.1231,0.1303,11.92,-0.2396,-0.2295,0.0101,68.1,72.2,5.84,0.4214,0.3959,-0.0051,0,0,44.7,83.5,0,low
BI070225,Bihar,7,26.36381,85.41982,6646,8.0419,12.3481,4.3062,52.89,0.1485,0.3244,0.1759,181.7,266.5,46.37,0.3725,0.5805,0.04161,1,0,14.3,38.0,1,high
BI280226,Bihar,28,26.41358,87.03465,1077,2.0328,2.47,0.4372,20.5,0.0873,0.1019,0.0146,141.4,146.4,3.52,0.3736,0.3769,0.00065,1,0,26.0,30.7,1,medium
BI120227,Bihar,12,27.46601,87.77649,1771,2.7663,4.1741,1.4078,49.12,-0.1243,-0.08,0.0442,106.9,120.7,12.82,0.5455,0.5659,0.00409,1,1,16.6,33.3,0,medium
BI170228,Bihar,17,24.44344,83.89695,367,0.5264,0.6611,0.1347,21.5,-0.0634,-0.0603,0.0031,128.4,130.0,1.19,0.2942,0.2641,-0.00602,0,0,22.3,99.8,1,low
BI070229,Bihar,7,25.72016,88.28252,1747,1.5691,1.6971,0.1281,7.67,0.18,0.1829,0.0028,52.4,54.0,3.02,0.5621,0.5151,-0.00941,1,1,33.2,62.0,0,low
BI150230,Bihar,15,26.58639,86.47984,489,0.9239,1.0696,0.1457,14.23,0.1323,0.1523,0.02,117.9,128.7,9.09,0.6423,0.6209,-0.00428,0,0,58.6,90.6,0,low
BI180231,Bihar,18,24.45808,86.8878,1127,8.4059,10.4682,2.0623,24.25,0.001,0.1138,0.1128,49.9,83.1,65.22,0.2034,0.4748,0.05426,1,2,12.8,16.2,1,high
BI020232,Bihar,2,26.03649,85.33366,746,8.8423,13.1556,4.3133,48.23,-0.2924,-0.2101,0.0823,50.9,84.6,65.05,0.3956,0.6407,0.04901,1,2,7.7,29.3,1,high
BI290233,Bihar,29,27.37384,86.99863,828,0.6834,0.865,0.1817,23.19,-0.0331,-0.0427,-0.0096,129.0,122.5,-5.01,0.3133,0.2486,-0.01295,0,0,28.7,60.5,0,low
BI020234,Bihar,2,26.78861,83.31061,472,1.7723,2.0685,0.2962,15.82,-0.1616,-0.1674,-0.0058,97.9,96.2,-1.65,0.4397,0.3774,-0.01247,0,0,59.0,76.6,0,low
BI120235,Bihar,12,25.4959,88.19856,200,1.3044,1.222,-0.0824,-5.87,0.1431,0.1443,0.0012,176.2,176.8,0.32,0.482,0.3998,-0.01646,0,2,46.5,88.0,1,low
BI270236,Bihar,27,26.05788,84.60984,706,3.4628,4.3312,0.8684,24.37,0.0399,0.0986,0.0588,128.7,160.4,24.5,0.4603,0.5733,0.02261,0,2,30.0,46.3,1,medium
BI120237,Bihar,12,24.74593,86.84427,834,3.1987,3.5335,0.3348,10.15,-0.2595,-0.2452,0.0144,52.6,59.7,13.37,0.2681,0.3192,0.01022,1,0,24.7,35.3,1,medium
BI080238,Bihar,8,27.20494,85.97213,304,0.6582,0.5624,-0.0958,-12.64,-0.1963,-0.2011,-0.0047,60.3,56.9,-5.46,0.5957,0.637,0.00824,1,2,40.8,64.4,0,low
BI010239,Bihar,1,25.37889,85.13202,1062,1.228,1.4544,0.2265,17.05,0.1053,0.0958,-0.0095,63.4,61.0,-3.69,0.5439,0.4817,-0.01242,0,0,56.7,84.4,1,low
BI290240,Bihar,29,27.38414,85.19148,569,0.516,0.8573,0.3413,55.4,-0.1467,-0.1459,0.0008,30.7,31.0,0.96,0.2735,0.2458,-0.00553,1,2,42.2,71.2,0,low
BI020241,Bihar,2,25.47541,85.42167,814,0.8454,1.2137,0.3682,38.95,0.1736,0.1667,-0.0069,136.0,131.0,-3.65,0.51,0.4227,-0.01747,0,2,30.1,65.9,1,low
BI110242,Bihar,11,26.45668,84.13472,335,0.5912,0.6142,0.0231,3.34,0.0769,0.0813,0.0044,138.1,140.0,1.39,0.4553,0.3971,-0.01164,1,2,59.2,74.3,1,low
BI260243,Bihar,26,27.26145,85.22001,1297,1.0581,1.1805,0.1224,10.57,-0.0746,-0.0574,0.0172,46.9,56.2,19.46,0.6835,0.6152,-0.01365,0,1,25.9,86.2,0,low
BI150244,Bihar,15,24.45286,86.27778,4015,0.7351,1.0087,0.2736,32.76,-0.2823,-0.2843,-0.002,62.3,61.4,-1.42,0.3761,0.2922,-0.01677,1,2,17.1,66.7,1,low
BI170245,Bihar,17,27.41266,86.93222,537,2.1236,3.1554,1.0318,46.4,-0.1118,-0.0676,0.0443,96.7,121.9,25.89,0.5357,0.5537,0.00359,1,1,11.3,69.8,1,medium
BI140246,Bihar,14,24.30446,84.45402,370,0.4912,0.4236,-0.0676,-11.44,0.1497,0.1398,-0.0099,178.3,174.9,-1.93,0.2331,0.1903,-0.00855,0,0,27.3,85.3,1,low
BI160247,Bihar,16,26.85476,85.00197,798,6.3076,16.9568,10.6492,166.2,-0.2625,-0.1594,0.1031,36.4,93.7,153.1,0.5381,0.8182,0.05602,1,2,13.0,29.3,1,high
BI220248,Bihar,22,27.44172,85.42487,368,0.5786,0.746,0.1673,24.66,-0.2672,-0.2614,0.0059,27.0,28.6,5.89,0.3452,0.276,-0.01384,1,0,19.5,83.8,0,low
BI140249,Bihar,14,27.2736,86.94604,572,0.7657,1.1848,0.4191,48.42,-0.2808,-0.2842,-0.0034,55.6,53.2,-4.16,0.3515,0.3474,-0.00084,0,0,45.6,64.0,0,low
BI250250,Bihar,25,26.30341,87.29076,562,0.5698,0.6844,0.1146,17.11,0.0568,0.069,0.0122,89.2,96.2,7.81,0.4572,0.401,-0.01125,1,1,49.5,62.3,1,low
BI070251,Bihar,7,27.06903,83.32509,2337,0.8996,0.9026,0.0031,0.31,0.1698,0.1737,0.0039,92.8,94.0,1.23,0.6279,0.5488,-0.01581,0,0,37.3,89.2,1,low
BI270252,Bihar,27,26.82445,87.8974,336,0.6705,0.925,0.2545,33.03,0.0745,0.0711,-0.0034,170.6,168.2,-1.4,0.6446,0.5491,-0.01909,1,1,46.0,82.5,1,low
BI230253,Bihar,23,25.19849,84.37343,851,3.0359,3.5123,0.4765,15.19,-0.0647,-0.0292,0.0355,53.0,68.2,28.12,0.428,0.5166,0.01772,0,1,28.8,51.8,1,medium
BI050254,Bihar,5,24.6219,84.3943,933,5.9898,12.2536,6.2638,102.86,0.1524,0.3059,0.1535,154.2,235.6,52.47,0.5934,0.8713,0.05558,1,2,13.2,20.5,1,high
BI020255,Bihar,2,25.75198,84.55129,337,0.6551,0.7457,0.0906,12.0,0.0645,0.0814,0.017,43.8,56.4,28.17,0.6596,0.6858,0.00524,0,0,32.5,84.5,1,low
BI010256,Bihar,1,27.17593,84.00886,200,0.7498,1.0063,0.2565,30.18,-0.1049,-0.0912,0.0136,99.0,108.3,9.36,0.2517,0.2359,-0.00317,1,0,48.0,63.7,0,low
BI200257,Bihar,20,24.66522,86.87424,2840,4.1311,4.4895,0.3584,8.47,0.0881,0.1144,0.0263,58.3,73.4,25.5,0.5359,0.6676,0.02633,1,1,8.1,56.9,0,medium
BI050258,Bihar,5,25.90802,86.2368,373,0.7485,1.0714,0.3229,38.06,-0.0561,-0.0443,0.0118,110.5,115.1,4.16,0.3926,0.3683,-0.00487,1,0,32.3,85.5,0,low
BI200259,Bihar,20,24.65383,87.2644,384,0.6502,0.9571,0.3069,40.91,0.1343,0.1298,-0.0045,112.5,110.5,-1.83,0.5982,0.5274,-0.01415,1,2,37.9,60.4,0,low
BI010260,Bihar,1,24.52252,85.53415,718,0.8518,1.3032,0.4514,47.42,-0.082,-0.0871,-0.0051,65.4,63.6,-2.78,0.6658,0.6362,-0.00593,1,1,52.3,65.7,0,low
BI250261,Bihar,25,26.40203,87.46796,630,0.3898,0.7713,0.3815,77.9,-0.1882,-0.1818,0.0063,53.8,57.4,6.68,0.6211,0.569,-0.01042,0,0,27.1,56.0,0,low
BI030262,Bihar,3,26.71945,87.58495,514,0.6241,1.0297,0.4056,56.01,0.1175,0.1114,-0.0061,68.5,65.9,-3.83,0.4296,0.3409,-0.01775,1,0,59.2,72.1,1,low
BI130263,Bihar,13,26.69893,86.21557,605,1.2986,1.2959,-0.0027,-0.2,-0.1592,-0.1539,0.0053,99.7,101.3,1.59,0.695,0.6883,-0.00133,1,1,29.6,75.1,0,low
BI250264,Bihar,25,26.95987,85.95793,1879,0.7321,1.028,0.2959,35.57,0.037,0.051,0.0141,91.9,102.3,11.15,0.2168,0.1369,-0.01598,1,0,59.6,63.2,1,low
BI110265,Bihar,11,25.96229,87.59571,2273,0.669,0.7965,0.1275,16.57,0.0648,0.0676,0.0028,127.4,129.3,1.42,0.3579,0.3943,0.00727,1,2,30.6,60.8,0,low
BI160266,Bihar,16,25.18872,86.38823,200,0.7276,0.8662,0.1386,16.75,0.0011,-0.0045,-0.0055,79.1,75.7,-4.22,0.5013,0.4389,-0.01248,1,2,27.3,66.4,1,low
BI080267,Bihar,8,26.31729,85.78983,200,0.7287,0.63,-0.0987,-11.91,-0.2725,-0.2584,0.0141,44.5,54.2,21.1,0.5853,0.608,0.00453,0,0,17.8,84.4,1,low
BI040268,Bihar,4,25.69092,86.11331,1501,6.7767,10.7032,3.9265,57.1,-0.187,-0.1074,0.0796,53.0,83.3,55.93,0.6911,0.8143,0.02464,1,2,9.6,15.0,1,high
BI250269,Bihar,25,27.45848,84.58057,1249,2.9035,4.1819,1.2784,42.56,-0.0445,-0.0158,0.0288,94.7,115.3,21.6,0.4023,0.547,0.02895,1,1,10.0,59.2,1,medium
BI260270,Bihar,26,27.49674,85.21253,2675,6.6171,12.2135,5.5964,83.32,-0.0774,0.046,0.1234,113.8,164.1,43.79,0.2076,0.3537,0.02922,1,2,16.4,17.6,1,high
BI200271,Bihar,20,26.76871,87.81814,203,0.5425,0.5779,0.0354,5.51,0.0742,0.0933,0.0191,113.4,119.7,5.42,0.5334,0.4424,-0.01821,1,1,29.9,69.0,0,low
BI230272,Bihar,23,27.07829,85.73728,403,2.6462,3.8549,1.2088,44.02,0.0421,0.0686,0.0265,76.2,89.3,16.96,0.3066,0.3755,0.01378,0,1,11.4,58.1,1,medium
BI070273,Bihar,7,26.4661,84.67293,1160,2.2556,3.6321,1.3765,58.43,0.0178,0.0375,0.0196,147.5,154.6,4.77,0.2675,0.2961,0.00572,0,2,22.3,64.7,1,medium
BI240274,Bihar,24,25.27003,87.14807,453,2.5036,4.2433,1.7396,66.82,0.1141,0.1527,0.0386,138.0,163.8,18.52,0.4517,0.4731,0.00429,0,2,11.4,39.1,0,medium
BI030275,Bihar,3,26.09223,87.06258,3376,3.3084,3.6488,0.3404,9.99,-0.2711,-0.2587,0.0124,41.2,49.1,18.94,0.382,0.4428,0.01216,1,2,29.3,43.1,1,medium
BI120276,Bihar,12,25.04605,83.8485,802,0.4204,0.849,0.4287,82.38,-0.134,-0.1198,0.0142,55.2,64.8,17.07,0.6379,0.6782,0.00804,1,2,24.6,63.0,1,low
BI010277,Bihar,1,24.48647,83.7202,561,0.677,1.1397,0.4627,59.55,-0.2655,-0.2525,0.013,68.4,77.2,12.72,0.4519,0.4281,-0.00477,1,2,18.2,81.6,0,low
BI190278,Bihar,19,25.60889,86.02608,429,0.7173,1.1676,0.4504,55.11,-0.0998,-0.0926,0.0073,110.8,113.9,2.81,0.568,0.5615,-0.00131,1,1,20.2,74.6,1,low
BI050279,Bihar,5,24.96503,83.59301,1703,2.8013,3.4015,0.6002,20.69,-0.011,0.0377,0.0487,128.0,162.1,26.44,0.352,0.4647,0.02254,1,2,8.0,63.6,1,medium
BI280280,Bihar,28,24.47427,84.66101,200,0.5696,1.0106,0.441,65.86,-0.2036,-0.2118,-0.0082,57.4,52.8,-7.76,0.2779,0.2197,-0.01165,1,0,22.2,82.0,1,low
BI210281,Bihar,21,27.42806,86.92219,2415,2.2474,3.7781,1.5308,65.21,-0.2249,-0.166,0.0589,53.4,74.9,39.37,0.6961,0.8314,0.02706,1,2,16.2,37.0,1,medium
BI030282,Bihar,3,26.08702,87.57643,1469,6.5513,10.3811,3.8297,57.58,-0.194,-0.1021,0.0919,46.6,83.0,76.53,0.6411,0.7784,0.02745,1,1,11.3,25.1,1,high
BI120283,Bihar,12,25.81982,84.23429,687,1.0567,1.1884,0.1317,11.39,-0.0101,-0.0126,-0.0025,116.5,115.3,-0.98,0.5513,0.5883,0.00741,0,1,39.5,59.1,0,low
BI270284,Bihar,27,26.87755,83.74215,748,2.8048,4.3075,1.5027,51.73,-0.0308,0.0263,0.0572,53.8,68.5,26.97,0.5697,0.5976,0.00558,1,0,27.8,47.1,1,medium
BI170285,Bihar,17,25.58353,87.24318,793,8.3223,17.6911,9.3688,111.24,-0.2162,-0.0793,0.1368,73.1,154.2,109.45,0.5928,0.7575,0.03294,1,2,15.9,19.0,1,high
BI160286,Bihar,16,24.84976,84.04176,1136,6.9773,17.4512,10.4739,147.99,0.1104,0.2252,0.1149,76.2,105.0,37.26,0.3772,0.483,0.02118,1,1,17.1,44.0,1,high
BI210287,Bihar,21,25.11316,85.10793,529,2.9491,3.3169,0.3679,12.06,0.1744,0.1905,0.0161,143.2,152.5,6.46,0.5082,0.5429,0.00693,1,2,24.2,49.7,0,medium
BI080288,Bihar,8,27.45726,84.94408,1162,1.7039,2.0522,0.3483,19.31,-0.1759,-0.1747,0.0012,46.8,47.5,1.5,0.5422,0.5911,0.00979,1,1,32.9,79.0,0,low
BI030289,Bihar,3,25.82121,86.479,393,1.6897,2.0522,0.3625,20.26,-0.2077,-0.207,0.0007,75.4,75.6,0.26,0.531,0.5479,0.00337,1,0,20.9,66.5,0,low
BI230290,Bihar,23,24.72076,87.68292,524,0.5986,0.6777,0.0791,11.33,-0.1101,-0.0963,0.0138,77.6,87.2,12.21,0.3207,0.2303,-0.01807,0,0,16.4,79.9,0,low
BI140291,Bihar,14,26.43671,87.77965,2118,6.8983,11.4127,4.5144,64.51,0.15,0.2051,0.0551,62.7,100.2,58.92,0.3242,0.5326,0.04169,1,2,11.8,16.0,1,high
BI100292,Bihar,10,24.61651,85.51197,1193,2.7291,3.9097,1.1806,41.73,0.1135,0.1345,0.021,129.6,145.3,12.05,0.5932,0.7037,0.02209,1,1,20.3,57.4,0,medium
BI220293,Bihar,22,25.92461,87.49432,765,0.573,0.7681,0.1952,29.0,-0.0385,-0.0318,0.0067,104.2,108.1,3.73,0.6249,0.6592,0.00686,0,2,34.1,57.2,0,low
BI060294,Bihar,6,24.71588,87.39447,2916,9.2377,12.3847,3.147,33.7,0.0006,0.1755,0.1749,56.3,106.1,86.84,0.6712,0.8559,0.03693,1,1,5.0,27.1,0,high
BI010295,Bihar,1,25.64096,85.63491,720,0.7121,1.178,0.4659,57.37,-0.2534,-0.2574,-0.004,67.0,65.6,-1.96,0.3124,0.2449,-0.01351,0,2,41.3,78.8,0,low
BI270296,Bihar,27,26.2806,84.49514,1090,3.5904,4.9164,1.326,35.93,-0.1831,-0.1725,0.0106,72.9,77.0,5.44,0.4451,0.545,0.02,0,1,12.2,66.8,1,medium
BI290297,Bihar,29,27.36464,85.83593,458,3.336,5.1707,1.8346,53.39,0.1032,0.1428,0.0396,123.4,140.2,13.56,0.2527,0.3346,0.0164,1,2,15.2,67.2,1,medium
BI220298,Bihar,22,24.93184,84.17757,617,0.7186,1.0562,0.3376,41.24,-0.1142,-0.108,0.0062,57.3,59.4,3.54,0.5671,0.5767,0.00191,0,0,24.6,99.5,0,low
BI120299,Bihar,12,26.31847,86.25379,623,0.8207,1.0095,0.1888,20.51,0.1769,0.1833,0.0064,191.9,194.1,1.18,0.3535,0.3473,-0.00124,1,0,22.5,80.4,0,low
BI100300,Bihar,10,24.34865,83.67679,1373,1.0011,1.4378,0.4367,39.66,0.0748,0.0887,0.0139,139.6,143.3,2.67,0.5757,0.5251,-0.01011,0,1,41.5,62.1,1,low
BI140301,Bihar,14,25.60652,87.30543,1486,3.1907,4.0787,0.8881,26.99,0.0447,0.0772,0.0326,88.8,111.4,25.11,0.5066,0.6154,0.02177,1,2,9.8,33.5,0,medium
BI250302,Bihar,25,26.57982,83.97049,714,2.2806,2.3926,0.112,4.71,-0.2149,-0.1972,0.0177,73.1,82.1,12.16,0.2954,0.2185,-0.01537,0,0,22.6,58.8,1,low
BI220303,Bihar,22,27.14162,84.94668,1192,1.1918,1.4171,0.2253,17.44,0.1442,0.1537,0.0095,182.2,188.4,3.4,0.3706,0.3988,0.00563,1,0,15.2,87.6,0,low
BI040304,Bihar,4,24.81266,87.16412,2578,8.3292,18.4216,10.0923,119.73,0.0556,0.1766,0.121,165.8,241.5,45.44,0.6174,0.8808,0.05268,1,2,10.1,35.7,1,high
BI150305,Bihar,15,26.89002,84.09186,568,0.7586,0.8977,0.1391,16.2,0.0286,0.0265,-0.0021,111.2,109.7,-1.41,0.4102,0.3421,-0.01362,1,2,53.4,57.5,0,low
BI230306,Bihar,23,24.83649,86.95519,268,3.0901,4.2666,1.1765,36.88,-0.1303,-0.1067,0.0236,83.5,95.0,13.66,0.503,0.6312,0.02564,1,1,9.3,40.7,0,medium
BI240307,Bihar,24,27.07833,86.34739,623,0.4531,0.7125,0.2594,46.89,0.0257,0.0379,0.0123,135.5,140.7,3.77,0.3106,0.2627,-0.00957,1,2,24.3,90.1,1,low
BI230308,Bihar,23,26.90497,85.07932,234,0.6893,0.869,0.1797,22.77,0.0209,0.033,0.0121,128.1,137.1,6.9,0.2694,0.2989,0.00591,1,0,35.5,69.0,0,low
BI100309,Bihar,10,26.43452,84.24616,3869,7.5067,15.6494,8.1427,107.05,-0.2347,-0.0977,0.137,74.1,168.3,125.33,0.2368,0.3475,0.02214,1,2,7.7,37.7,1,high
BI260310,Bihar,26,25.81478,83.39893,988,0.8318,0.8597,0.0279,3.0,0.1406,0.1494,0.0088,115.6,120.8,4.45,0.2133,0.1877,-0.00511,1,2,32.7,88.1,0,low
BI200311,Bihar,20,27.20986,85.11275,301,1.8626,2.2782,0.4157,21.18,-0.0075,-0.0147,-0.0073,139.2,135.0,-3.0,0.4516,0.4576,0.0012,0,0,58.2,97.2,0,low
BI120312,Bihar,12,26.8806,85.10896,627,0.7077,0.8126,0.1049,12.99,-0.1459,-0.1455,0.0004,43.8,44.0,0.42,0.6327,0.5797,-0.01059,1,1,57.0,67.7,0,low
BI060313,Bihar,6,24.51889,88.18973,365,0.7536,1.0013,0.2477,29.02,0.1294,0.1228,-0.0066,106.3,103.5,-2.61,0.2764,0.2739,-0.0005,0,0,36.9,63.6,0,low
BI280314,Bihar,28,25.97845,83.61254,2276,9.2743,17.4258,8.1515,86.96,-0.1337,0.0371,0.1707,108.7,173.8,59.31,0.496,0.6178,0.02437,1,2,8.0,33.6,1,high
BI020315,Bihar,2,27.00731,88.19869,870,1.0548,1.1461,0.0913,7.9,0.03,0.0464,0.0164,65.0,70.7,8.64,0.2795,0.2459,-0.00671,0,1,49.2,98.4,0,low
BI250316,Bihar,25,25.76104,85.30656,1145,1.1404,1.1569,0.0165,1.33,-0.2738,-0.274,-0.0002,54.0,53.9,-0.18,0.5816,0.5224,-0.01185,1,1,27.0,80.8,0,low
BI220317,Bihar,22,24.49635,85.64124,860,6.7182,12.4477,5.7294,84.03,-0.1375,-0.0089,0.1285,56.4,139.4,144.8,0.5319,0.6588,0.02538,1,2,6.2,23.9,1,high
BI040318,Bihar,4,25.24691,87.74489,480,0.7382,0.9463,0.2081,24.83,0.1799,0.1837,0.0038,108.1,110.7,2.42,0.3711,0.403,0.00638,0,1,51.2,58.4,0,low
BI080319,Bihar,8,25.8828,87.96358,397,3.1246,4.6265,1.5019,46.58,0.0319,0.0563,0.0244,115.9,129.6,11.71,0.3135,0.3332,0.00395,1,0,11.4,48.5,1,medium
BI150320,Bihar,15,25.2478,86.94719,326,2.6308,3.4527,0.8219,30.1,0.1319,0.1857,0.0538,91.3,126.6,38.22,0.6638,0.7996,0.02717,1,1,11.1,31.1,1,medium
BI050321,Bihar,5,27.15734,87.7464,1044,1.2082,1.1961,-0.0121,-0.92,0.0109,0.006,-0.0049,137.9,134.4,-2.53,0.667,0.5887,-0.01565,1,0,54.7,89.6,0,low
BI180322,Bihar,18,26.78188,87.95762,330,1.0665,1.2584,0.1919,16.45,-0.1123,-0.1187,-0.0063,54.3,52.5,-3.28,0.556,0.5635,0.0015,0,1,21.0,78.5,1,low
BI180323,Bihar,18,25.7047,84.33384,1444,3.1432,3.5003,0.3571,11.01,0.0886,0.1184,0.0298,70.8,84.6,19.25,0.352,0.4699,0.02359,1,0,25.2,31.8,1,medium
BI180324,Bihar,18,25.32804,87.20712,200,0.7604,0.8492,0.0888,10.32,-0.1356,-0.1398,-0.0042,59.6,57.0,-4.4,0.5793,0.5649,-0.00287,0,1,45.2,90.2,1,low
BI040325,Bihar,4,27.42888,85.56496,524,0.6162,0.7186,0.1024,14.3,-0.1477,-0.1354,0.0123,80.7,84.3,4.46,0.2293,0.2173,-0.00241,1,1,17.7,77.4,0,low
BI190326,Bihar,19,26.05807,85.85776,1747,3.0576,4.88,1.8224,57.72,-0.2134,-0.1595,0.0539,75.5,114.6,51.11,0.3832,0.408,0.00497,0,2,17.7,59.1,1,medium
BI030327,Bihar,3,26.51592,86.46693,1369,2.7273,4.6073,1.8799,66.49,0.0468,0.103,0.0562,83.0,110.0,32.12,0.4031,0.5261,0.02459,0,1,18.1,45.6,1,medium
BI160328,Bihar,16,25.46568,86.94523,2173,10.8394,14.5777,3.7383,34.17,0.179,0.3431,0.1641,176.6,218.3,23.48,0.4883,0.7286,0.04806,1,1,9.3,15.3,1,high
BI250329,Bihar,25,24.53167,83.31128,362,0.823,1.1409,0.3179,34.45,0.0253,0.0389,0.0137,65.2,72.0,10.24,0.6785,0.6055,-0.01462,0,0,27.2,62.4,0,low
BI290330,Bihar,29,25.45962,84.89021,390,0.7947,0.7708,-0.024,-2.68,-0.1781,-0.1635,0.0145,77.0,86.5,12.11,0.5632,0.5101,-0.01062,1,0,22.9,60.7,0,low
BI030331,Bihar,3,24.97438,86.15106,1402,7.6141,10.956,3.3419,43.32,-0.1383,-0.0145,0.1238,52.4,115.2,117.75,0.2281,0.424,0.03917,1,2,5.0,15.5,1,high
BI280332,Bihar,28,26.12622,87.06152,861,2.4609,4.3702,1.9093,74.55,0.1628,0.1997,0.0369,191.0,206.2,7.87,0.4733,0.6009,0.02552,1,1,23.5,32.8,0,medium
BI140333,Bihar,14,25.30097,87.95966,450,2.8731,4.0499,1.1769,39.58,-0.1622,-0.1372,0.025,52.7,63.6,20.34,0.5601,0.6566,0.01929,0,2,19.3,59.6,1,medium
BI070334,Bihar,7,26.20374,87.64605,805,0.5542,0.6628,0.1086,16.6,-0.0367,-0.0353,0.0014,88.8,89.7,1.02,0.3995,0.3337,-0.01317,1,1,55.0,81.3,1,low
BI020335,Bihar,2,25.64255,83.62043,200,0.7594,1.2357,0.4763,55.43,-0.2693,-0.2642,0.0051,59.4,61.1,2.81,0.4611,0.4901,0.0058,1,0,53.2,74.0,0,low
BI040336,Bihar,4,27.41685,83.76707,1401,0.5721,0.7442,0.1721,25.6,-0.0381,-0.0379,0.0002,130.5,130.6,0.06,0.274,0.2902,0.00323,1,2,25.1,89.5,0,low
BI190337,Bihar,19,24.79478,86.16133,610,2.6492,3.4815,0.8323,30.27,-0.1277,-0.0973,0.0303,45.5,63.5,38.71,0.3841,0.4882,0.02082,1,1,8.4,68.4,1,medium
BI040338,Bihar,4,27.06853,87.05596,738,3.2107,4.6603,1.4497,43.79,-0.2691,-0.239,0.0302,42.9,58.0,34.33,0.4321,0.5468,0.02294,0,2,26.8,37.5,1,medium
BI120339,Bihar,12,25.02602,87.39045,931,6.1787,12.0382,5.8594,93.32,-0.1966,-0.0354,0.1612,50.4,166.4,225.96,0.2261,0.4998,0.05475,1,2,2.2,33.5,1,high
BI220340,Bihar,22,26.87482,85.09609,200,0.7744,0.6885,-0.0858,-9.82,0.0455,0.0551,0.0096,155.6,162.7,4.5,0.3848,0.3638,-0.00421,1,0,53.5,55.7,0,low
BI100341,Bihar,10,25.90044,86.17042,357,0.8221,0.7582,-0.0638,-6.92,0.1254,0.1432,0.0178,55.8,67.6,20.74,0.287,0.2485,-0.0077,1,1,30.7,74.0,0,low
BI050342,Bihar,5,24.50323,87.06128,832,2.0256,2.8095,0.7838,36.88,-0.12,-0.0795,0.0405,82.5,92.7,12.2,0.5355,0.5365,0.00021,1,1,16.4,38.4,1,medium
BI020343,Bihar,2,26.84852,86.78787,870,3.1563,4.7463,1.5901,48.83,-0.0687,-0.0389,0.0298,114.5,133.2,16.17,0.2678,0.3639,0.01924,1,2,10.0,54.4,1,medium
BI060344,Bihar,6,24.36744,83.3876,355,0.6417,1.0986,0.4569,61.6,-0.0428,-0.0463,-0.0036,59.6,57.0,-4.33,0.599,0.6433,0.00887,1,0,55.0,59.0,0,low
BI040345,Bihar,4,26.09729,84.76516,4393,1.0657,1.3841,0.3184,27.32,0.0739,0.0861,0.0122,71.9,78.4,9.02,0.2778,0.2223,-0.01111,0,0,40.3,77.1,0,low
BI130346,Bihar,13,26.13642,86.30676,300,1.0549,1.2102,0.1553,13.44,0.0685,0.0753,0.0069,160.0,162.9,1.8,0.6806,0.6319,-0.00975,0,2,21.3,77.9,0,low
BI010347,Bihar,1,26.17601,88.16998,820,1.6394,2.0522,0.4128,23.73,0.0743,0.0651,-0.0092,69.5,63.2,-8.98,0.6446,0.6882,0.00871,1,0,36.6,82.7,0,low
BI080348,Bihar,8,25.16531,84.6437,6520,3.4595,4.7247,1.2652,35.54,0.1832,0.2148,0.0315,53.8,67.2,24.38,0.2358,0.3431,0.02147,1,0,10.0,36.9,1,medium
BI260349,Bihar,26,24.72501,83.71458,673,2.4678,3.6726,1.2048,46.92,-0.1988,-0.1736,0.0252,36.9,49.8,34.22,0.2515,0.334,0.0165,1,0,27.2,46.8,1,medium
GU230000,Gujarat,23,23.28246,73.86677,1081,0.781,0.7643,-0.0167,-1.9,-0.0543,-0.0456,0.0087,57.5,60.9,5.83,0.5868,0.4955,-0.01826,1,0,55.6,86.1,1,low
GU060001,Gujarat,6,23.30586,68.33449,2258,2.3624,4.1843,1.8219,73.99,0.0494,0.0597,0.0103,71.0,76.1,7.0,0.2964,0.3015,0.00101,1,1,26.7,45.4,0,medium
GU170002,Gujarat,17,20.26114,68.77285,1892,0.6384,0.6085,-0.0298,-4.04,-0.2566,-0.2536,0.003,67.1,68.2,1.63,0.2424,0.208,-0.00686,1,0,35.8,57.8,0,low
GU200003,Gujarat,20,22.56461,69.93448,721,3.4087,3.7799,0.3712,10.58,0.0146,0.0391,0.0245,62.5,80.5,28.35,0.2064,0.2587,0.01047,1,2,26.1,30.4,0,medium
GU030004,Gujarat,3,23.23772,68.51465,863,1.2439,1.2004,-0.0436,-3.24,-0.0593,-0.0505,0.0088,129.8,132.6,2.15,0.2417,0.2672,0.0051,0,0,51.6,70.5,0,low
GU200005,Gujarat,20,23.82997,71.79829,2052,1.6241,1.9897,0.3656,21.21,-0.1147,-0.111,0.0036,48.1,50.8,5.42,0.6634,0.5983,-0.01301,1,2,59.7,92.1,1,low
GU020006,Gujarat,2,23.98893,74.15391,5072,2.1021,2.9039,0.8018,36.41,0.1173,0.1647,0.0474,78.0,107.6,37.4,0.2151,0.3494,0.02686,1,0,29.9,37.3,1,medium
GU020007,Gujarat,2,24.37353,69.40353,200,0.7547,0.6761,-0.0786,-9.2,-0.2953,-0.2855,0.0098,38.0,40.7,6.72,0.6366,0.5608,-0.01518,0,1,34.1,72.9,1,low
GU280008,Gujarat,28,22.06315,69.29584,200,0.5349,0.7072,0.1723,27.13,-0.1003,-0.0949,0.0054,119.7,121.4,1.43,0.6287,0.5832,-0.0091,1,0,47.7,88.9,0,low
GU010009,Gujarat,1,24.51658,73.2757,1038,2.7657,3.1944,0.4287,14.96,0.0476,0.1033,0.0557,80.3,106.6,32.27,0.5328,0.613,0.01604,0,1,23.8,43.4,1,medium
GU060010,Gujarat,6,22.53228,72.95966,1536,0.7538,1.0635,0.3097,36.27,-0.0467,-0.0344,0.0123,41.9,46.3,10.09,0.3293,0.2716,-0.01154,1,0,40.3,57.8,0,low
GU200011,Gujarat,20,22.06351,69.84854,1876,2.3578,3.7136,1.3558,55.16,0.1623,0.1807,0.0184,126.2,131.9,4.46,0.4308,0.4752,0.00888,1,1,21.3,34.6,1,medium
GU120012,Gujarat,12,20.99813,69.36178,382,0.7799,1.1779,0.398,45.24,0.1093,0.1201,0.0109,69.2,72.8,5.12,0.5173,0.5669,0.00992,1,0,54.3,90.8,0,low
GU070013,Gujarat,7,22.27411,70.39948,731,1.1142,1.4898,0.3756,30.94,0.1126,0.1192,0.0066,55.5,60.4,8.56,0.5582,0.5834,0.00503,1,1,17.3,98.6,0,low
GU160014,Gujarat,16,20.3371,68.86841,818,3.2443,3.628,0.3837,11.47,-0.0391,-0.0236,0.0155,89.6,98.7,10.08,0.605,0.6095,0.0009,1,1,13.0,39.7,1,medium
GU070015,Gujarat,7,23.45164,70.78912,200,0.4789,0.6472,0.1683,29.08,0.1536,0.1601,0.0065,173.0,174.7,0.99,0.3056,0.3226,0.0034,1,1,31.4,56.6,0,low
GU070016,Gujarat,7,21.46869,72.11076,1970,8.0225,13.3024,5.28,65.0,0.0278,0.1655,0.1377,93.3,194.8,107.65,0.4342,0.7278,0.05871,1,2,8.6,24.3,1,high
GU070017,Gujarat,7,22.55838,70.21889,856,2.4682,2.7764,0.3083,12.0,-0.0728,-0.0189,0.0539,88.1,110.6,25.24,0.2568,0.2827,0.00519,1,0,8.0,37.3,1,medium
GU040018,Gujarat,4,20.95633,69.44579,907,0.7215,0.7044,-0.017,-2.07,-0.1137,-0.122,-0.0083,55.7,52.1,-6.39,0.4456,0.367,-0.01572,1,0,32.1,74.0,0,low
GU030019,Gujarat,3,22.21964,70.03823,898,0.4902,0.6858,0.1956,33.15,-0.1948,-0.1996,-0.0048,33.9,31.8,-5.96,0.2507,0.2853,0.00691,0,0,40.0,63.3,1,low
GU130020,Gujarat,13,23.86518,70.26843,675,0.5694,0.8891,0.3197,47.77,0.1056,0.1008,-0.0048,84.6,81.7,-3.29,0.5637,0.5275,-0.00723,0,0,16.1,68.9,1,low
GU040021,Gujarat,4,22.32584,72.84466,1291,2.439,2.7846,0.3456,13.61,-0.1227,-0.082,0.0407,106.3,127.5,19.67,0.562,0.6907,0.02576,1,2,25.8,51.7,1,medium
GU070022,Gujarat,7,22.79562,70.11781,1040,3.0664,4.2167,1.1503,36.33,-0.0956,-0.0396,0.0561,76.8,101.1,31.18,0.4611,0.5299,0.01376,1,2,9.2,36.5,1,medium
GU030023,Gujarat,3,22.69654,69.49399,200,0.72,1.1388,0.4188,51.07,0.1647,0.1707,0.0061,153.2,155.7,1.58,0.6277,0.5403,-0.01748,0,2,58.4,62.3,1,low
GU260024,Gujarat,26,23.99451,74.39443,2913,1.1428,1.0549,-0.0879,-7.07,-0.0048,-0.0013,0.0034,113.3,115.3,1.76,0.3879,0.4369,0.00979,1,2,48.1,69.4,0,low
GU020025,Gujarat,2,20.30648,71.68741,1392,1.1446,1.0507,-0.0939,-7.54,-0.0656,-0.0712,-0.0056,47.1,44.3,-6.0,0.3038,0.2772,-0.00532,1,0,31.1,94.3,0,low
GU110026,Gujarat,11,23.75969,73.7697,1192,0.67,1.1047,0.4347,56.45,-0.1471,-0.1453,0.0018,62.4,63.4,1.49,0.3492,0.3637,0.0029,1,1,40.2,94.4,0,low
GU160027,Gujarat,16,22.84984,70.09917,1257,10.6744,13.5505,2.8761,26.69,-0.0831,0.0016,0.0847,40.1,78.6,93.85,0.6627,0.8401,0.03548,1,2,10.2,10.2,1,high
GU220028,Gujarat,22,22.34764,71.63696,376,0.594,0.8404,0.2464,35.51,0.0968,0.1061,0.0093,128.3,133.7,4.24,0.3907,0.3534,-0.00747,0,0,49.9,78.0,0,low
GU010029,Gujarat,1,24.12257,69.89513,431,0.6367,0.6343,-0.0024,-0.32,0.0273,0.0376,0.0104,43.6,50.9,16.35,0.5893,0.598,0.00173,1,1,59.4,72.7,0,low
GU190030,Gujarat,19,22.88136,69.27691,592,0.7108,0.651,-0.0598,-7.38,-0.2371,-0.23,0.0071,44.7,50.0,11.6,0.5899,0.563,-0.00538,1,0,58.0,68.2,0,low
GU080031,Gujarat,8,23.42414,71.388,1163,1.0086,1.3316,0.3229,29.13,0.1425,0.1514,0.0089,155.4,158.5,1.93,0.3088,0.224,-0.01695,0,1,24.6,76.9,0,low
GU160032,Gujarat,16,22.86976,69.34047,673,2.6415,3.7905,1.1491,41.91,0.1923,0.2096,0.0174,186.2,198.1,6.34,0.6753,0.7253,0.01,1,2,17.0,45.3,0,medium
GU200033,Gujarat,20,21.72862,68.55548,1483,0.4157,0.6721,0.2564,49.73,0.0425,0.0429,0.0005,83.8,84.0,0.24,0.5011,0.4116,-0.0179,1,0,17.0,99.8,0,low
GU130034,Gujarat,13,20.94832,72.13584,839,2.6,3.7693,1.1693,43.31,-0.2161,-0.1999,0.0162,68.8,78.0,13.19,0.6588,0.782,0.02463,0,2,8.8,61.4,1,medium
GU220035,Gujarat,22,23.65174,71.517,200,0.6535,0.7426,0.0892,11.83,-0.0133,-0.0058,0.0075,68.6,70.9,3.3,0.2511,0.1867,-0.01289,0,0,51.4,91.1,0,low
GU030036,Gujarat,3,22.47648,69.91802,200,1.5513,1.5183,-0.033,-2.0,-0.0008,0.004,0.0048,42.0,44.0,4.7,0.587,0.6092,0.00443,1,0,34.4,89.6,0,low
GU280037,Gujarat,28,23.13693,70.95607,456,0.4442,0.8401,0.396,72.77,0.1788,0.1777,-0.0011,107.5,107.2,-0.33,0.5521,0.4815,-0.01414,0,0,18.8,84.2,0,low
GU170038,Gujarat,17,23.5365,71.75957,375,0.5652,0.6296,0.0644,9.68,0.1265,0.1242,-0.0023,122.2,121.2,-0.89,0.4376,0.4264,-0.00225,0,2,52.2,89.1,1,low
GU140039,Gujarat,14,22.19281,70.82341,1740,2.8271,4.8244,1.9973,68.24,-0.2569,-0.2175,0.0394,67.9,80.7,18.49,0.4449,0.4574,0.0025,1,2,12.0,53.5,1,medium
GU170040,Gujarat,17,20.9454,73.93507,762,3.2036,4.3718,1.1681,35.36,-0.2641,-0.2168,0.0473,49.1,61.8,25.4,0.4259,0.5207,0.01895,1,0,13.9,54.9,1,medium
GU170041,Gujarat,17,22.12456,68.82658,982,1.0544,1.0275,-0.027,-2.34,-0.0096,-0.0015,0.0081,98.3,103.5,5.19,0.2904,0.2524,-0.00761,1,2,45.6,98.7,0,low
GU020042,Gujarat,2,21.25538,71.33282,1340,9.2604,20.6203,11.3598,121.36,0.1652,0.2682,0.103,78.8,116.5,47.17,0.4293,0.6086,0.03587,1,2,16.0,39.9,0,high
GU160043,Gujarat,16,23.4136,70.36901,1074,3.1111,4.2407,1.1296,35.18,0.1528,0.2107,0.0579,129.7,153.2,17.98,0.3952,0.4828,0.01751,0,2,22.8,57.2,0,medium
GU190044,Gujarat,19,22.55922,72.42712,2385,3.2196,3.6598,0.4402,13.26,0.1855,0.2253,0.0398,98.1,108.0,10.05,0.3314,0.3317,6e-05,1,1,28.0,60.8,1,medium
GU050045,Gujarat,5,21.0618,69.98376,590,3.7686,4.5323,0.7637,19.74,0.1594,0.2022,0.0428,156.5,185.0,18.12,0.4041,0.5139,0.02197,1,2,12.8,38.3,1,medium
GU050046,Gujarat,5,22.29322,73.65502,662,2.9929,4.9237,1.9308,62.43,-0.2395,-0.2007,0.0388,66.0,80.1,21.1,0.6791,0.7235,0.00887,1,0,15.5,59.3,1,medium
GU020047,Gujarat,2,23.01458,72.53108,1893,10.679,17.2905,6.6115,61.34,0.1642,0.2793,0.1151,106.3,143.6,34.77,0.337,0.5995,0.05251,1,2,5.2,21.8,1,high
GU260048,Gujarat,26,22.65262,73.68762,434,3.1168,4.7508,1.6341,50.8,0.0508,0.0897,0.0389,117.1,139.2,18.65,0.2926,0.3338,0.00823,0,2,25.6,48.3,1,medium
GU250049,Gujarat,25,22.67288,71.24298,574,0.9942,0.9537,-0.0404,-3.7,-0.2289,-0.229,-0.0,77.8,77.8,-0.03,0.2692,0.2695,7e-05,1,0,17.1,61.7,1,low
GU010050,Gujarat,1,24.07349,71.02214,1197,3.1643,4.7071,1.5428,47.26,-0.1271,-0.074,0.0531,104.6,135.4,29.16,0.3344,0.3753,0.00818,1,2,20.4,51.5,1,medium
GU110051,Gujarat,11,23.0379,69.45684,293,1.4552,1.7071,0.2519,16.2,0.1428,0.1428,0.0,129.9,129.9,0.01,0.549,0.4659,-0.01662,1,0,49.8,100.0,1,low
GU060052,Gujarat,6,24.42351,68.34545,406,1.3208,1.729,0.4082,28.73,0.0383,0.0519,0.0136,112.8,117.2,3.85,0.6829,0.5993,-0.01671,0,0,54.2,97.8,0,low
GU170053,Gujarat,17,21.88618,73.48496,790,2.7382,4.603,1.8648,65.7,0.189,0.2465,0.0575,163.6,203.1,24.01,0.6938,0.7063,0.00249,0,2,14.3,44.3,1,medium
GU020054,Gujarat,2,23.90818,68.25733,1105,0.4776,0.5914,0.1138,19.7,-0.2877,-0.2797,0.008,45.8,51.7,12.49,0.5549,0.5024,-0.01049,0,2,57.6,63.1,0,low
GU010055,Gujarat,1,23.82837,73.37973,1864,0.7648,0.8038,0.039,4.51,-0.1844,-0.1785,0.0059,48.2,50.6,4.77,0.4137,0.3636,-0.01001,0,0,19.5,76.3,0,low
GU080056,Gujarat,8,20.76735,69.73556,1369,0.9341,1.2712,0.3372,32.6,-0.183,-0.1699,0.013,30.0,39.1,29.28,0.4652,0.3822,-0.0166,0,2,25.4,59.6,0,low
GU050057,Gujarat,5,22.95202,68.64827,305,0.4841,0.6672,0.1831,31.34,-0.2653,-0.2489,0.0164,56.5,64.2,13.35,0.4951,0.4878,-0.00147,1,0,56.0,58.6,0,low
GU200058,Gujarat,20,20.75682,70.82201,2066,0.8477,1.1509,0.3032,31.99,0.0521,0.0581,0.006,100.7,104.8,3.96,0.499,0.4399,-0.01183,0,1,26.2,74.1,0,low
GU190059,Gujarat,19,23.44271,72.1857,829,0.4856,0.5873,0.1017,17.37,0.0898,0.1072,0.0174,84.9,95.5,12.32,0.5682,0.5251,-0.00862,0,1,32.7,61.8,0,low
GU100060,Gujarat,10,20.32019,70.82625,2080,0.4307,0.4851,0.0544,10.24,0.1574,0.1484,-0.009,147.7,142.6,-3.47,0.334,0.3463,0.00247,1,1,28.5,62.5,0,low
GU210061,Gujarat,21,24.34027,68.75243,1521,2.5312,3.2389,0.7077,26.89,0.057,0.0917,0.0347,113.1,137.4,21.3,0.6336,0.6546,0.0042,1,1,17.4,32.5,1,medium
GU210062,Gujarat,21,24.15386,72.59292,554,2.8693,3.8606,0.9913,33.39,0.1631,0.2198,0.0566,93.0,130.8,40.23,0.6816,0.7553,0.01474,1,1,23.8,53.1,1,medium
GU270063,Gujarat,27,23.19339,73.92647,657,1.0198,1.1398,0.12,10.72,0.1928,0.1948,0.0019,122.2,123.3,0.9,0.3738,0.3723,-0.0003,0,0,46.1,93.8,1,low
GU140064,Gujarat,14,22.5018,74.06912,1532,6.2175,15.8982,9.6807,153.24,-0.1034,0.0394,0.1428,86.4,127.2,46.72,0.4504,0.5633,0.02258,1,2,3.7,16.0,1,high
GU120065,Gujarat,12,23.84009,73.90749,1019,1.0839,1.0481,-0.0358,-3.02,0.0019,-0.0025,-0.0044,120.3,117.9,-2.0,0.2652,0.2108,-0.01088,1,1,15.0,67.1,0,low
GU190066,Gujarat,19,21.72981,71.22461,1091,0.4467,0.701,0.2543,46.52,-0.2992,-0.2818,0.0174,38.3,44.2,15.02,0.2984,0.2775,-0.00418,0,1,20.5,61.0,0,low
GU160067,Gujarat,16,24.61521,73.31833,396,0.9537,0.9049,-0.0488,-4.63,0.1259,0.1454,0.0195,174.2,179.3,2.93,0.6486,0.6101,-0.00769,0,0,30.8,89.9,1,low
GU200068,Gujarat,20,24.13358,72.92839,313,1.9933,2.2461,0.2528,12.08,-0.2734,-0.2702,0.0032,52.5,53.6,2.2,0.6267,0.6254,-0.00027,0,0,29.3,99.6,0,low
GU190069,Gujarat,19,20.3578,71.19094,963,10.4631,12.4843,2.0212,19.13,0.0945,0.1463,0.0518,118.8,145.2,22.08,0.3524,0.5105,0.03163,1,2,5.7,22.0,1,high
GU180070,Gujarat,18,23.31891,69.35404,2071,3.1901,3.8065,0.6164,18.74,-0.0504,-0.0069,0.0434,36.9,52.2,40.38,0.558,0.6729,0.02298,1,2,25.4,49.4,0,medium
GU140071,Gujarat,14,21.16857,73.93702,494,0.9098,1.3267,0.4169,41.28,-0.1222,-0.1122,0.01,63.7,68.9,8.15,0.2665,0.2941,0.00551,1,2,22.2,72.9,0,low
GU180072,Gujarat,18,22.3267,72.2476,467,2.5742,4.2072,1.6331,61.07,0.0717,0.1197,0.0481,76.7,101.2,31.47,0.4073,0.4134,0.00122,1,2,26.4,47.9,0,medium
GU190073,Gujarat,19,20.36843,72.66821,1109,3.5225,3.8748,0.3524,9.73,0.0695,0.1226,0.0531,53.8,78.9,45.7,0.4463,0.5145,0.01363,1,1,9.9,32.1,1,medium
GU040074,Gujarat,4,20.58373,69.55004,687,3.1314,3.9703,0.8389,25.96,-0.1011,-0.0432,0.0579,92.7,133.9,43.95,0.5347,0.6736,0.02778,1,0,19.5,44.4,1,medium
GU040075,Gujarat,4,23.90028,69.06364,888,0.5589,0.4808,-0.0782,-11.86,-0.088,-0.0824,0.0056,50.1,52.8,5.22,0.635,0.6824,0.0095,0,0,52.7,86.3,1,low
GU180076,Gujarat,18,24.30697,69.08844,1733,3.0686,4.8373,1.7687,55.82,-0.1696,-0.1416,0.028,49.3,68.3,37.63,0.4498,0.4583,0.0017,0,1,19.5,55.1,0,medium
GU170077,Gujarat,17,21.65962,71.31936,680,3.7448,4.7974,1.0526,27.38,-0.1254,-0.0964,0.029,49.4,63.5,28.06,0.5894,0.6463,0.01139,1,0,16.5,39.0,0,medium
GU220078,Gujarat,22,20.84951,69.08528,2525,3.1816,4.206,1.0244,31.22,-0.0224,-0.004,0.0185,73.0,82.8,13.31,0.5332,0.5513,0.00362,1,2,18.9,52.3,0,medium
GU130079,Gujarat,13,20.55017,69.08486,1132,0.4813,0.8383,0.357,61.42,-0.2962,-0.2867,0.0095,23.9,26.4,10.24,0.6299,0.5935,-0.00728,0,2,22.4,63.0,0,low
GU190080,Gujarat,19,22.49141,69.49977,868,2.6149,3.2777,0.6628,24.41,-0.1939,-0.139,0.0549,30.2,55.2,80.22,0.5968,0.6117,0.00298,1,0,21.9,69.4,1,medium
GU020081,Gujarat,2,21.3473,70.38635,1055,1.7823,3.0503,1.268,67.36,-0.0716,-0.055,0.0166,103.0,110.6,7.32,0.2485,0.274,0.00509,1,0,23.6,47.4,0,medium
GU080082,Gujarat,8,21.98782,69.79555,678,10.3271,18.6257,8.2986,79.59,-0.1359,0.0285,0.1644,62.5,137.1,117.36,0.5817,0.7372,0.03109,1,2,13.9,12.2,1,high
GU010083,Gujarat,1,20.3614,68.43313,708,0.6463,0.7537,0.1074,14.4,0.1563,0.1484,-0.0079,84.5,79.2,-6.16,0.365,0.2819,-0.0166,0,0,15.9,62.3,0,low
GU090084,Gujarat,9,22.12172,69.70825,892,0.8469,1.286,0.4391,46.37,-0.2573,-0.2423,0.015,25.1,35.2,38.61,0.3715,0.3446,-0.00538,1,0,45.8,61.3,0,low
GU150085,Gujarat,15,20.7685,71.1924,752,2.0133,3.3377,1.3244,62.67,0.1885,0.2306,0.0421,98.1,124.9,27.01,0.697,0.75,0.01059,1,2,28.7,42.5,1,medium
GU270086,Gujarat,27,20.77944,74.40441,813,0.539,0.7296,0.1906,29.82,0.1294,0.1314,0.002,147.8,148.6,0.54,0.5505,0.5053,-0.00903,1,0,38.1,60.4,1,low
GU280087,Gujarat,28,21.56004,69.81925,611,1.2552,1.169,-0.0862,-6.36,-0.2315,-0.2283,0.0032,74.2,76.2,2.57,0.2618,0.3007,0.0078,1,2,32.3,72.9,0,low
GU150088,Gujarat,15,20.40779,72.9717,1403,2.6267,3.8212,1.1945,43.81,-0.0398,-0.023,0.0169,49.6,57.4,15.5,0.2765,0.3283,0.01037,1,1,20.3,59.3,0,medium
GU150089,Gujarat,15,23.25744,69.49695,265,0.8088,1.1049,0.2961,32.59,-0.139,-0.119,0.0199,95.1,103.0,8.17,0.6983,0.6712,-0.00542,0,0,32.0,92.4,1,low
GU150090,Gujarat,15,23.91964,72.62051,562,0.8914,1.095,0.2036,20.54,-0.1857,-0.1675,0.0183,41.0,50.0,21.39,0.602,0.6276,0.00513,0,2,29.2,81.3,0,low
GU260091,Gujarat,26,24.45439,69.22063,859,3.524,4.8192,1.2952,35.74,0.1403,0.1686,0.0282,48.0,59.6,23.52,0.5907,0.6211,0.00608,1,2,20.5,49.1,1,medium
GU170092,Gujarat,17,23.47214,73.25542,200,0.8273,1.2665,0.4392,47.37,-0.1159,-0.1027,0.0132,61.6,70.9,14.91,0.2017,0.1228,-0.01579,0,1,37.1,68.2,0,low
GU250093,Gujarat,25,20.71191,68.35903,1568,0.9215,1.0325,0.111,10.87,-0.2593,-0.2595,-0.0001,48.1,48.1,-0.17,0.2103,0.1206,-0.01792,1,0,20.4,98.1,0,low
GU230094,Gujarat,23,21.8358,73.68356,200,1.1352,1.5958,0.4606,37.29,0.1772,0.1753,-0.0019,132.9,131.9,-0.72,0.6086,0.5705,-0.00762,1,0,50.6,91.0,1,low
GU120095,Gujarat,12,23.98477,72.77647,1785,0.6045,0.5341,-0.0704,-10.0,-0.2795,-0.2693,0.0102,65.8,68.7,4.29,0.3361,0.2555,-0.01612,1,1,31.4,66.5,0,low
GU030096,Gujarat,3,24.36316,70.97395,993,0.7622,1.025,0.2628,30.48,0.0865,0.0779,-0.0085,116.5,110.7,-4.9,0.3033,0.2694,-0.00677,1,2,25.3,85.8,1,low
GU010097,Gujarat,1,22.2136,68.81447,742,1.5686,1.7841,0.2154,12.91,-0.1508,-0.1315,0.0193,61.7,68.0,10.05,0.4939,0.4831,-0.00216,1,0,15.5,57.6,0,low
GU160098,Gujarat,16,21.36387,74.34374,1647,3.748,5.3227,1.5748,40.92,-0.2843,-0.2613,0.023,59.1,72.1,21.68,0.4969,0.5762,0.01585,1,0,18.5,49.2,1,medium
GU230099,Gujarat,23,22.60683,70.16194,990,0.9697,1.391,0.4213,39.39,0.0868,0.0889,0.0021,142.7,143.5,0.59,0.2511,0.2356,-0.00311,0,1,22.8,92.8,1,low
GU210100,Gujarat,21,24.21558,73.32914,1122,3.8068,5.0837,1.2769,32.69,0.0878,0.1342,0.0464,128.0,144.7,12.94,0.6956,0.8391,0.0287,1,2,29.8,33.5,0,medium
GU220101,Gujarat,22,22.53513,68.97054,2084,8.8206,18.9756,10.155,113.84,-0.2968,-0.245,0.0518,46.2,70.1,50.44,0.5237,0.7268,0.04063,1,2,5.2,44.6,1,high
GU010102,Gujarat,1,23.04465,68.49896,765,0.617,0.8666,0.2496,34.81,-0.2356,-0.2419,-0.0063,60.7,56.0,-7.58,0.5409,0.4522,-0.01774,1,0,36.9,81.6,0,low
GU080103,Gujarat,8,20.49276,68.69709,745,0.6735,1.1549,0.4815,62.25,-0.0211,-0.0232,-0.0021,60.9,59.8,-1.69,0.2929,0.2239,-0.01381,0,1,56.1,76.1,0,low
GU130104,Gujarat,13,20.7995,71.02013,200,1.4063,1.5181,0.1118,7.42,-0.2685,-0.2769,-0.0084,42.7,36.6,-14.12,0.2088,0.1865,-0.00447,1,0,19.0,91.2,0,low
GU250105,Gujarat,25,24.18678,68.33049,237,2.53,3.521,0.9911,37.68,0.061,0.1122,0.0512,161.6,188.2,16.36,0.5292,0.6452,0.02319,1,1,29.2,32.7,1,medium
GU160106,Gujarat,16,22.32845,70.44727,939,0.6428,0.957,0.3142,42.3,-0.2262,-0.2253,0.0009,47.4,47.9,1.11,0.4313,0.3414,-0.01799,1,0,52.3,61.0,0,low
GU060107,Gujarat,6,21.92695,71.94542,1112,2.428,3.1236,0.6956,27.52,-0.0439,-0.0323,0.0116,39.6,44.2,11.23,0.3149,0.462,0.02942,1,2,13.2,46.9,1,medium
GU120108,Gujarat,12,21.72038,69.23302,1939,3.8321,5.8198,1.9876,50.55,0.1795,0.216,0.0366,74.7,88.9,18.71,0.3062,0.3458,0.00791,1,2,11.8,37.6,1,medium
GU220109,Gujarat,22,22.40403,70.61758,351,0.8386,0.8831,0.0446,4.75,0.0404,0.0457,0.0053,76.7,78.1,1.74,0.3899,0.3201,-0.01395,0,0,37.0,75.3,1,low
GU270110,Gujarat,27,22.04764,72.53608,2782,2.1416,2.579,0.4374,19.51,0.041,0.0996,0.0586,120.7,139.9,15.79,0.313,0.3487,0.00713,0,2,15.5,39.9,1,medium
GU260111,Gujarat,26,24.38455,71.66037,387,0.998,1.2906,0.2926,26.65,0.0878,0.1015,0.0137,76.2,82.3,7.96,0.5834,0.5645,-0.00378,1,0,48.4,73.8,0,low
GU120112,Gujarat,12,22.66954,70.62454,3887,6.2491,9.4382,3.1891,50.23,-0.1986,-0.1371,0.0614,28.4,45.1,56.81,0.3197,0.5087,0.0378,1,2,2.3,14.3,1,high
GU200113,Gujarat,20,21.26716,72.9039,734,0.5655,0.667,0.1015,15.25,-0.1065,-0.1062,0.0002,94.6,94.7,0.12,0.5386,0.5722,0.00672,1,0,27.6,88.1,0,low
GU180114,Gujarat,18,24.09211,71.43234,1318,11.5474,20.8955,9.3481,80.26,0.0511,0.2059,0.1548,82.4,166.0,100.21,0.5619,0.8033,0.04827,1,1,14.4,37.9,1,high
GU170115,Gujarat,17,24.24755,72.47604,481,0.4738,0.9045,0.4307,75.07,-0.2908,-0.2988,-0.008,55.9,50.7,-9.1,0.5131,0.531,0.00358,1,2,46.3,76.5,0,low
GU050116,Gujarat,5,21.55702,71.36528,2076,3.1262,4.8809,1.7547,54.39,0.19,0.2476,0.0576,186.1,227.6,22.2,0.5347,0.5652,0.00609,0,1,8.3,30.7,1,medium
GU130117,Gujarat,13,21.46291,71.45932,363,2.6392,3.5973,0.958,34.98,0.0746,0.0944,0.0198,131.6,144.0,9.37,0.5103,0.5763,0.0132,1,2,10.2,61.2,1,medium
GU260118,Gujarat,26,22.11135,70.26807,1918,2.32,3.3548,1.0348,42.76,0.0495,0.0647,0.0152,104.4,110.4,5.65,0.6224,0.636,0.00272,0,1,29.7,41.1,1,medium
GU240119,Gujarat,24,20.73801,72.19412,965,3.16,4.4637,1.3037,39.99,0.0945,0.1063,0.0118,82.1,87.0,5.81,0.2461,0.3241,0.01559,1,1,21.0,59.8,0,medium
GU040120,Gujarat,4,22.77299,73.48377,229,0.601,0.8763,0.2754,39.29,0.1195,0.1194,-0.0001,151.1,151.0,-0.03,0.4599,0.488,0.00562,0,1,20.2,77.7,1,low
GU230121,Gujarat,23,24.30758,70.64519,1740,1.1955,1.1654,-0.0301,-2.32,0.0413,0.0344,-0.0069,111.8,107.2,-4.01,0.228,0.2001,-0.00559,0,0,43.1,69.3,1,low
GU080122,Gujarat,8,20.95543,74.03746,1957,0.5213,0.6592,0.1379,22.2,-0.0413,-0.0478,-0.0065,38.9,36.8,-5.38,0.329,0.264,-0.013,0,1,52.4,76.9,0,low
GU010123,Gujarat,1,22.3542,71.38048,2031,2.2494,4.2085,1.9591,83.39,-0.1836,-0.1444,0.0392,76.4,86.2,12.7,0.4819,0.5133,0.00627,1,1,11.3,63.3,1,medium
GU110124,Gujarat,11,24.31824,73.46225,2533,0.6391,0.7459,0.1068,14.45,0.1952,0.1878,-0.0074,56.2,53.1,-5.44,0.6871,0.6691,-0.0036,0,1,31.7,67.1,1,low
GU200125,Gujarat,20,22.61937,71.74939,824,0.932,1.2525,0.3205,31.05,0.0194,0.0162,-0.0032,148.0,145.6,-1.61,0.3236,0.2433,-0.01604,1,1,57.9,64.6,0,low
GU060126,Gujarat,6,24.08439,69.12273,487,0.8934,1.1459,0.2525,25.41,-0.2446,-0.2448,-0.0002,65.0,64.9,-0.1,0.6594,0.6176,-0.00837,1,1,47.6,77.1,1,low
GU210127,Gujarat,21,22.94644,74.2417,1339,3.1107,4.3874,1.2766,39.76,-0.2072,-0.1943,0.0129,68.9,78.4,13.55,0.4109,0.4611,0.01004,0,1,17.1,34.4,1,medium
GU030128,Gujarat,3,22.29086,68.89045,443,0.6294,0.6085,-0.0209,-2.86,-0.0656,-0.0607,0.0049,86.5,89.0,2.89,0.4226,0.4471,0.0049,1,1,25.3,75.0,0,low
GU110129,Gujarat,11,21.86358,72.73193,1939,3.1445,4.4179,1.2734,39.25,-0.1956,-0.1532,0.0425,66.8,91.7,36.72,0.3633,0.4893,0.0252,1,2,19.4,36.8,1,medium
GU040130,Gujarat,4,22.19292,72.32151,2556,3.083,4.7207,1.6377,51.45,-0.0563,-0.015,0.0413,59.5,82.1,37.42,0.3388,0.4813,0.02851,1,0,24.4,55.1,0,medium
GU010131,Gujarat,1,23.52933,69.10604,295,0.5051,0.722,0.2169,35.84,0.1331,0.1398,0.0067,177.0,179.4,1.34,0.6158,0.583,-0.00656,0,2,31.2,72.8,0,low
GU050132,Gujarat,5,23.78515,69.98059,290,0.7071,0.6573,-0.0498,-6.17,0.0914,0.095,0.0036,162.4,163.6,0.73,0.5271,0.5191,-0.00161,1,0,17.7,85.5,0,low
GU040133,Gujarat,4,23.10297,70.49077,1157,0.8679,1.238,0.3701,38.24,-0.1774,-0.1742,0.0032,86.3,88.6,2.56,0.308,0.2728,-0.00704,1,1,16.8,94.9,0,low
GU240134,Gujarat,24,24.16854,72.56949,269,1.0504,1.0108,-0.0396,-3.44,-0.11,-0.0902,0.0198,49.0,63.0,27.88,0.5719,0.5221,-0.00997,0,1,54.4,80.1,1,low
GU250135,Gujarat,25,22.09007,73.78736,599,4.1801,4.7416,0.5615,13.12,-0.0873,-0.0598,0.0276,51.1,60.2,17.48,0.3493,0.4683,0.0238,1,1,21.9,47.2,0,medium
GU210136,Gujarat,21,24.24602,72.03545,944,3.7939,5.3441,1.5503,39.81,-0.2761,-0.2265,0.0497,32.6,59.5,80.35,0.2655,0.3881,0.02451,1,0,15.0,56.7,0,medium
GU130137,Gujarat,13,22.954,73.96848,1709,1.1687,1.1565,-0.0122,-0.96,-0.1726,-0.1698,0.0028,63.0,64.3,1.94,0.4159,0.3538,-0.01242,0,1,46.7,87.5,0,low
GU140138,Gujarat,14,22.90056,68.45741,613,0.606,0.7041,0.0981,13.9,-0.0381,-0.0281,0.01,85.7,92.2,7.49,0.5514,0.4687,-0.01654,1,1,28.2,82.0,1,low
GU020139,Gujarat,2,23.19893,69.15551,1885,1.7701,2.4904,0.7203,38.52,-0.1564,-0.1003,0.0562,32.8,53.2,60.21,0.4136,0.4283,0.00293,1,2,12.5,42.0,0,medium
GU230140,Gujarat,23,22.92531,68.62385,509,0.5234,0.6795,0.1561,25.04,0.0535,0.0461,-0.0075,154.7,152.5,-1.41,0.4167,0.3467,-0.014,1,0,27.4,95.5,0,low
GU190141,Gujarat,19,24.66512,68.97822,349,1.1571,1.1868,0.0297,2.36,-0.2592,-0.2535,0.0056,63.8,67.0,4.91,0.2315,0.1329,-0.01971,1,0,49.5,59.0,0,low
GU020142,Gujarat,2,22.67339,71.7983,619,0.7372,0.6922,-0.045,-5.37,-0.2711,-0.2681,0.003,32.5,33.6,3.12,0.2119,0.1242,-0.01755,1,2,56.1,72.0,0,low
GU270143,Gujarat,27,24.54649,73.41872,705,0.7806,1.0763,0.2957,33.58,-0.0071,0.0059,0.013,105.9,115.5,8.96,0.5224,0.5281,0.00115,0,2,19.5,89.8,0,low
GU190144,Gujarat,19,22.60027,70.43356,620,9.7734,12.3874,2.614,26.47,-0.0815,0.0376,0.1191,45.6,114.9,148.66,0.5984,0.8277,0.04586,1,2,13.5,37.7,1,high
GU170145,Gujarat,17,24.20068,71.59521,1367,1.1209,1.4639,0.343,28.1,-0.2017,-0.1975,0.0042,60.3,62.3,3.22,0.5837,0.4859,-0.01956,1,1,60.0,61.7,1,low
GU170146,Gujarat,17,20.6094,69.85414,1648,2.9136,3.3308,0.4172,13.84,-0.1668,-0.1156,0.0512,62.3,98.8,57.6,0.4928,0.58,0.01746,0,2,20.1,44.2,0,medium
GU020147,Gujarat,2,23.27237,72.66489,1297,4.0113,5.7638,1.7525,42.63,-0.0203,0.0159,0.0362,76.9,99.7,29.23,0.5904,0.6715,0.01621,0,2,13.9,52.4,1,medium
GU130148,Gujarat,13,24.06798,68.60134,1472,0.5061,0.8055,0.2993,49.38,0.1947,0.2012,0.0066,72.9,77.5,6.24,0.493,0.513,0.00401,1,0,54.0,69.1,0,low
GU030149,Gujarat,3,23.18314,70.38272,263,0.8989,1.3717,0.4728,47.33,0.1035,0.1068,0.0033,93.3,94.2,0.91,0.307,0.2321,-0.01499,1,0,40.1,81.8,0,low
GU100150,Gujarat,10,24.19059,69.26078,1373,9.9676,15.2414,5.2738,52.38,0.195,0.2935,0.0986,102.1,160.8,56.98,0.4083,0.5826,0.03486,1,1,5.6,20.8,1,high
GU100151,Gujarat,10,24.66913,71.01324,902,0.6855,1.1112,0.4257,54.19,-0.1734,-0.1636,0.0097,42.4,48.2,13.24,0.2375,0.2457,0.00164,1,0,31.2,63.7,0,low
GU070152,Gujarat,7,23.58575,70.27714,482,0.7442,1.0071,0.2629,31.14,-0.0514,-0.046,0.0054,123.4,125.5,1.64,0.5205,0.4616,-0.01178,1,0,20.8,87.9,1,low
GU060153,Gujarat,6,24.40082,71.05776,876,0.9234,0.8661,-0.0573,-5.6,0.183,0.182,-0.001,174.4,173.8,-0.33,0.5234,0.5306,0.00143,1,0,15.7,67.1,1,low
GU200154,Gujarat,20,21.37328,68.6045,395,0.532,0.8755,0.3435,54.35,-0.2992,-0.2987,0.0004,30.9,31.1,0.68,0.2018,0.223,0.00424,1,1,54.6,98.6,1,low
GU260155,Gujarat,26,23.0729,68.89886,966,6.8949,9.9812,3.0863,44.12,-0.1646,-0.0561,0.1085,81.9,125.9,53.09,0.3655,0.4789,0.02267,1,1,4.0,43.7,1,high
GU060156,Gujarat,6,24.68703,68.96244,1555,1.7968,2.4617,0.6649,35.05,-0.1315,-0.1133,0.0181,66.4,78.1,17.26,0.544,0.5611,0.00342,0,0,16.3,34.7,1,medium
GU110157,Gujarat,11,22.22593,72.21772,1040,2.4155,4.0479,1.6324,64.89,-0.2453,-0.2091,0.0363,28.0,37.5,32.85,0.4528,0.5422,0.01786,1,2,9.0,56.0,1,medium
GU280158,Gujarat,28,23.56376,73.1183,3068,1.1368,1.1152,-0.0216,-1.74,-0.1857,-0.1918,-0.0061,75.1,73.2,-2.57,0.3333,0.2851,-0.00964,1,0,27.8,98.1,0,low
GU030159,Gujarat,3,23.47684,72.41479,376,0.6261,0.7576,0.1315,18.11,-0.249,-0.246,0.0029,51.9,53.0,2.08,0.5209,0.4693,-0.01031,1,2,42.2,86.2,0,low
GU160160,Gujarat,16,21.10173,73.15388,501,0.6775,1.0011,0.3236,41.62,-0.0862,-0.0819,0.0043,36.9,39.0,5.37,0.3504,0.2761,-0.01487,1,2,30.0,59.1,1,low
GU220161,Gujarat,22,20.44266,73.90966,263,0.6386,0.9722,0.3336,45.17,-0.0577,-0.0617,-0.004,74.3,71.3,-3.94,0.6675,0.7074,0.00798,1,2,46.0,74.8,1,low
GU170162,Gujarat,17,22.21485,71.28474,1979,9.8901,12.8824,2.9923,29.95,0.174,0.3323,0.1583,58.6,155.0,161.64,0.3784,0.6319,0.0507,1,2,14.6,18.8,1,high
GU280163,Gujarat,28,20.76306,72.73858,391,1.2718,1.7252,0.4534,33.05,0.0103,0.0021,-0.0082,145.9,141.6,-2.93,0.6955,0.7409,0.00908,1,1,38.0,63.1,0,low
GU260164,Gujarat,26,23.09402,74.2723,1401,2.3612,3.8052,1.444,58.67,0.1899,0.2228,0.0329,57.8,80.6,38.65,0.5944,0.6427,0.00966,1,1,24.2,44.3,1,medium
GU120165,Gujarat,12,22.02544,69.8221,336,1.5762,1.6647,0.0885,5.28,-0.2174,-0.2116,0.0058,60.8,64.3,5.76,0.4208,0.3358,-0.01701,1,0,36.0,82.6,0,low
GU240166,Gujarat,24,21.66676,70.75264,737,3.2221,5.1557,1.9336,58.21,0.1542,0.1898,0.0356,148.4,170.5,14.78,0.629,0.6928,0.01277,0,2,28.9,67.1,1,medium
GU140167,Gujarat,14,21.77909,70.85257,1040,6.8222,17.5224,10.7002,154.58,-0.1363,-0.0157,0.1206,83.7,170.6,102.66,0.3177,0.4849,0.03345,1,2,4.8,32.3,1,high
GU050168,Gujarat,5,24.6996,73.50534,256,0.694,0.906,0.212,26.69,-0.2545,-0.2428,0.0117,22.8,29.0,26.38,0.3886,0.3064,-0.01644,1,0,27.0,58.2,0,low
GU210169,Gujarat,21,22.41921,68.33649,421,0.7295,0.8475,0.118,14.22,-0.0699,-0.061,0.0089,70.9,77.1,8.56,0.2922,0.2159,-0.01527,1,1,24.1,61.8,1,low
GU290170,Gujarat,29,21.02384,72.36427,1688,0.6204,0.6107,-0.0097,-1.35,-0.0293,-0.028,0.0013,98.2,99.1,0.84,0.2625,0.1805,-0.01638,1,0,23.1,78.9,0,low
GU180171,Gujarat,18,24.05108,74.2263,1987,0.7788,1.0574,0.2786,31.7,-0.1846,-0.1725,0.0121,53.1,56.8,6.89,0.5768,0.571,-0.00116,1,0,20.2,76.2,0,low
GU180172,Gujarat,18,24.65652,72.19087,1853,2.5555,4.319,1.7636,66.41,-0.2713,-0.2332,0.038,40.5,66.8,63.57,0.3016,0.4193,0.02354,1,2,18.7,39.3,1,medium
GU090173,Gujarat,9,20.74576,68.61677,333,0.7054,1.1844,0.479,59.47,-0.2117,-0.207,0.0047,33.5,36.4,8.46,0.5762,0.501,-0.01504,0,0,50.5,68.6,1,low
GU080174,Gujarat,8,22.52514,68.39648,766,0.8975,1.2566,0.3591,36.0,-0.0122,-0.0156,-0.0034,73.0,70.9,-2.93,0.4167,0.4243,0.0015,1,1,25.6,57.4,0,low
GU130175,Gujarat,13,22.08072,70.22327,641,3.2211,4.119,0.8979,27.04,-0.1504,-0.1374,0.013,65.7,72.4,10.08,0.5808,0.658,0.01544,1,1,26.3,30.5,1,medium
GU030176,Gujarat,3,22.18036,73.60466,1438,2.9319,4.8029,1.8709,61.71,0.1993,0.2161,0.0168,106.3,114.4,7.51,0.3814,0.4628,0.01628,1,1,24.7,43.9,1,medium
GU180177,Gujarat,18,21.35774,71.39265,1072,0.78,0.8239,0.0439,4.99,-0.1054,-0.1058,-0.0005,50.4,50.2,-0.4,0.5539,0.512,-0.00838,0,1,27.5,68.8,0,low
GU140178,Gujarat,14,21.40549,71.24362,531,0.8584,1.2956,0.4371,45.61,-0.2364,-0.2247,0.0117,55.6,64.2,15.1,0.256,0.2022,-0.01076,1,0,26.6,96.9,0,low
GU110179,Gujarat,11,22.45328,73.70229,1333,0.9504,1.4346,0.4842,46.09,-0.1305,-0.122,0.0085,28.4,31.3,9.88,0.4127,0.3218,-0.01817,1,0,45.1,65.3,1,low
GU230180,Gujarat,23,24.2712,69.1881,890,3.8266,5.2203,1.3937,35.49,-0.2585,-0.2304,0.0281,45.4,59.8,31.17,0.308,0.3385,0.0061,0,1,25.0,42.8,1,medium
GU140181,Gujarat,14,21.07991,72.59291,819,1.0524,0.9576,-0.0949,-8.23,-0.2309,-0.2278,0.0031,46.5,48.2,3.64,0.5293,0.5339,0.00093,1,0,52.2,88.4,0,low
GU180182,Gujarat,18,22.59814,72.95261,755,0.5665,0.819,0.2526,37.9,0.1006,0.0967,-0.0039,74.5,73.4,-1.46,0.3433,0.3143,-0.0058,0,0,16.6,65.6,1,low
GU260183,Gujarat,26,20.67985,70.59824,631,0.7686,0.9525,0.1839,21.17,-0.2553,-0.2434,0.0119,62.6,70.4,12.31,0.3235,0.2447,-0.01576,0,1,54.7,97.8,1,low
GU280184,Gujarat,28,22.6533,74.01595,811,0.6214,0.7339,0.1126,15.6,-0.0744,-0.0672,0.0072,64.9,68.6,5.63,0.2624,0.2128,-0.00993,0,0,56.4,81.2,1,low
GU040185,Gujarat,4,22.31677,70.64449,1085,0.4776,0.5226,0.045,7.79,0.1427,0.1602,0.0175,188.1,195.2,3.76,0.6686,0.6325,-0.00722,1,1,55.6,81.0,0,low
GU190186,Gujarat,19,22.03212,72.37035,1070,0.859,0.9663,0.1073,11.19,0.086,0.0981,0.0121,46.6,50.8,8.8,0.3943,0.3294,-0.01297,1,0,47.8,63.1,0,low
GU260187,Gujarat,26,23.02485,69.13449,3128,2.6713,4.5392,1.8679,67.4,-0.2899,-0.2527,0.0372,22.4,32.8,44.45,0.3477,0.3766,0.00577,0,1,23.1,49.5,0,medium
GU180188,Gujarat,18,22.82463,74.47412,925,0.5879,0.7497,0.1618,23.53,-0.2015,-0.1959,0.0056,37.6,41.0,8.66,0.3615,0.4094,0.00958,0,0,51.9,91.2,0,low
GU210189,Gujarat,21,21.06804,69.96157,479,0.4776,0.9723,0.4947,85.66,-0.167,-0.166,0.001,95.3,96.0,0.72,0.4486,0.4617,0.00261,0,0,40.8,93.5,1,low
GU240190,Gujarat,24,23.28988,71.90837,1603,3.6875,4.1764,0.4889,12.91,-0.0225,0.0071,0.0296,68.6,87.7,27.45,0.3909,0.5064,0.02311,0,2,29.2,68.1,1,medium
GU060191,Gujarat,6,22.61255,68.36161,423,1.0007,1.3787,0.378,34.34,0.0993,0.1098,0.0105,157.2,160.9,2.38,0.5136,0.5362,0.00451,0,1,28.4,90.3,0,low
GU230192,Gujarat,23,20.6838,71.06692,2259,0.6765,0.666,-0.0105,-1.35,-0.0687,-0.0525,0.0162,109.6,121.3,10.64,0.6346,0.6509,0.00326,0,1,28.3,85.1,0,low
GU150193,Gujarat,15,23.15777,68.56954,1176,3.2502,3.9475,0.6973,20.81,0.017,0.0629,0.0459,121.7,150.6,23.59,0.4809,0.6043,0.02467,1,1,21.0,52.6,0,medium
GU160194,Gujarat,16,23.16168,69.42645,1385,2.8139,4.5416,1.7278,59.29,0.0814,0.1102,0.0288,118.0,128.8,9.05,0.3723,0.4893,0.0234,1,0,24.1,47.2,1,medium
GU240195,Gujarat,24,24.03926,72.19879,1507,3.0589,4.8223,1.7635,55.83,0.1115,0.1411,0.0296,81.8,89.4,9.26,0.5104,0.561,0.01012,1,1,18.7,62.3,0,medium
GU110196,Gujarat,11,23.73036,73.37489,508,0.8229,0.8117,-0.0112,-1.21,0.1599,0.1675,0.0076,178.7,181.0,1.31,0.5479,0.508,-0.00799,0,0,24.5,94.7,0,low
GU140197,Gujarat,14,22.5817,70.8252,1993,3.2689,4.7049,1.436,42.63,0.1949,0.227,0.0321,139.0,157.7,13.37,0.3857,0.5055,0.02395,0,1,10.9,55.3,1,medium
GU090198,Gujarat,9,20.51405,70.24167,747,0.5536,0.671,0.1174,17.97,-0.2905,-0.285,0.0054,48.7,50.1,2.89,0.4433,0.4026,-0.00814,1,0,43.5,87.5,1,low
GU100199,Gujarat,10,21.03102,68.71243,1014,2.1795,3.7169,1.5374,67.44,0.015,0.0331,0.0181,110.9,124.3,11.96,0.5151,0.629,0.02279,1,1,16.0,54.9,1,medium
GU030200,Gujarat,3,22.18722,71.80406,200,0.5272,0.6942,0.167,26.62,-0.1355,-0.1233,0.0122,78.7,82.2,4.37,0.3011,0.2827,-0.00367,1,1,25.4,82.7,0,low
GU100201,Gujarat,10,23.67894,71.46705,1911,3.2462,4.4658,1.2195,36.45,0.0761,0.1092,0.0332,70.6,86.9,22.74,0.3432,0.4233,0.01601,0,0,21.8,31.1,1,medium
GU140202,Gujarat,14,21.28033,70.46827,568,0.648,0.7105,0.0625,8.35,0.1506,0.1669,0.0162,158.0,164.0,3.79,0.6175,0.5937,-0.00476,1,0,17.3,95.0,0,low
GU010203,Gujarat,1,21.75605,69.55179,3292,1.0456,1.5313,0.4856,42.39,0.0254,0.0277,0.0023,75.4,76.2,1.12,0.4858,0.5125,0.00534,0,0,39.5,78.1,1,low
GU090204,Gujarat,9,22.40026,71.17751,905,0.5963,0.5311,-0.0652,-9.36,-0.1971,-0.1962,0.0009,33.2,33.5,0.68,0.5812,0.6171,0.00718,0,2,20.1,58.6,0,low
GU160205,Gujarat,16,22.80975,71.10056,286,0.7289,0.6978,-0.0311,-3.75,0.1116,0.1169,0.0053,142.5,146.4,2.68,0.2449,0.2329,-0.0024,1,0,55.6,79.4,0,low
GU120206,Gujarat,12,20.94961,73.56199,881,2.8923,4.2279,1.3356,44.63,0.1777,0.2342,0.0565,187.7,217.0,15.51,0.307,0.4524,0.02906,1,2,14.6,35.4,1,medium
GU170207,Gujarat,17,22.99272,72.04568,898,5.8969,14.3495,8.4526,140.95,0.1294,0.1964,0.067,178.1,210.1,17.85,0.6321,0.771,0.02779,1,2,11.8,44.1,1,high
GU250208,Gujarat,25,22.1734,70.57812,482,2.3344,3.0798,0.7454,30.62,-0.1454,-0.1137,0.0317,87.4,104.2,18.99,0.5284,0.5844,0.01119,1,2,18.3,37.5,0,medium
GU050209,Gujarat,5,23.86846,74.18514,428,7.7998,12.2766,4.4768,56.67,-0.2297,-0.0719,0.1578,66.0,138.5,108.28,0.2784,0.409,0.02611,1,2,4.8,31.1,0,high
GU140210,Gujarat,14,21.18616,74.43019,466,0.7892,0.8096,0.0204,2.29,-0.139,-0.1282,0.0108,43.2,47.8,10.49,0.477,0.4458,-0.00624,0,0,47.0,98.9,1,low
GU030211,Gujarat,3,20.47646,72.34189,642,2.963,3.8855,0.9224,30.12,-0.2699,-0.2447,0.0252,20.1,27.4,34.58,0.2285,0.2909,0.01249,1,1,17.0,40.4,1,medium
GU070212,Gujarat,7,20.20031,72.18423,200,0.5476,0.9384,0.3909,60.36,0.0761,0.0878,0.0117,123.7,127.6,3.17,0.4533,0.4037,-0.00993,1,2,30.5,69.9,0,low
GU270213,Gujarat,27,20.7079,68.7721,311,0.5729,0.9039,0.3309,49.18,-0.1311,-0.131,0.0002,35.7,35.8,0.13,0.5481,0.5899,0.00837,0,0,38.2,69.4,0,low
GU140214,Gujarat,14,23.52447,72.94557,1190,0.6408,0.6577,0.0169,2.28,0.0178,0.0102,-0.0076,73.7,68.1,-7.43,0.4472,0.4188,-0.00568,0,1,43.7,79.8,1,low
GU250215,Gujarat,25,23.86074,68.21513,1056,1.0178,1.0812,0.0634,5.67,0.0415,0.0335,-0.008,121.2,116.1,-4.17,0.4023,0.3256,-0.01535,1,0,19.4,74.1,0,low
GU160216,Gujarat,16,20.60522,69.95839,447,1.3724,1.5846,0.2122,14.41,-0.279,-0.2803,-0.0013,30.5,29.7,-2.48,0.5003,0.4673,-0.0066,0,0,57.5,99.8,1,low
GU060217,Gujarat,6,23.20812,68.47697,431,0.5464,0.9754,0.429,66.38,-0.2738,-0.256,0.0178,63.7,76.1,19.02,0.2266,0.1577,-0.01377,1,0,35.4,75.6,1,low
GU140218,Gujarat,14,20.65834,72.84739,373,0.5148,0.5782,0.0635,10.32,0.0353,0.0459,0.0106,91.2,98.7,8.07,0.3582,0.3486,-0.00192,0,0,36.9,70.7,0,low
GU180219,Gujarat,18,23.40181,72.78435,1778,0.5295,0.5991,0.0696,11.05,0.1268,0.1395,0.0128,163.8,172.9,5.52,0.5065,0.5344,0.00559,1,2,40.8,69.0,0,low
GU070220,Gujarat,7,20.1622,71.52533,2168,6.4325,13.6841,7.2516,111.01,0.044,0.107,0.063,130.0,168.2,29.13,0.2579,0.5071,0.04985,1,2,9.2,35.0,1,high
GU280221,Gujarat,28,23.98239,70.49249,319,0.7641,1.1093,0.3452,39.95,0.1723,0.1875,0.0152,136.3,144.9,6.22,0.347,0.2912,-0.01116,0,1,24.3,94.7,0,low
GU160222,Gujarat,16,23.40117,68.43327,1327,2.6282,4.095,1.4668,53.77,-0.1381,-0.1134,0.0247,102.5,112.7,9.76,0.4944,0.5336,0.00783,1,1,14.4,52.2,1,medium
GU090223,Gujarat,9,23.21479,73.66224,200,1.1847,1.4374,0.2527,19.67,-0.2779,-0.2776,0.0003,63.9,64.1,0.32,0.4652,0.5055,0.00805,0,0,28.9,55.0,0,low
GU260224,Gujarat,26,20.38231,72.50727,479,0.6443,0.9595,0.3152,42.35,0.1631,0.163,-0.0001,138.7,138.6,-0.07,0.3478,0.3506,0.00056,0,2,34.4,56.4,1,low
GU150225,Gujarat,15,22.45116,68.7977,2456,2.769,4.4679,1.6989,59.21,-0.0581,-0.0422,0.0159,83.8,89.5,6.77,0.3287,0.4345,0.02116,1,0,13.4,64.3,1,medium
GU220226,Gujarat,22,20.68726,70.45224,1679,0.7111,1.0949,0.3838,47.32,-0.2724,-0.2709,0.0015,44.6,45.4,1.73,0.3117,0.2617,-0.00999,1,0,29.3,61.4,1,low
GU260227,Gujarat,26,21.79831,71.41103,1370,3.1818,4.7035,1.5216,46.37,-0.2694,-0.2398,0.0296,54.3,65.4,20.17,0.3442,0.4563,0.02243,1,2,27.9,66.2,0,medium
GU070228,Gujarat,7,24.13058,68.76263,482,0.6678,1.0727,0.4049,52.73,-0.2343,-0.2197,0.0146,33.0,39.3,18.29,0.4154,0.334,-0.01627,1,0,28.6,85.3,1,low
GU060229,Gujarat,6,21.359,68.3476,546,0.8546,1.2474,0.3929,41.16,0.0194,0.0334,0.0141,41.2,50.8,22.82,0.643,0.6692,0.00524,0,0,58.4,61.6,1,low
GU250230,Gujarat,25,22.28283,71.54962,727,0.6673,1.0709,0.4036,52.61,0.0695,0.0751,0.0056,56.2,59.7,6.15,0.23,0.2174,-0.00252,0,0,47.5,90.1,1,low
GU060231,Gujarat,6,22.07467,70.28416,1127,3.9498,5.6897,1.7399,42.96,-0.2914,-0.2334,0.058,55.3,90.0,61.81,0.5499,0.6125,0.01251,1,2,10.0,39.7,1,medium
GU210232,Gujarat,21,23.3525,68.55359,1410,0.6062,1.0225,0.4162,58.94,0.134,0.1281,-0.006,132.4,129.0,-2.56,0.5766,0.5528,-0.00475,0,2,23.8,76.4,1,low
GU220233,Gujarat,22,22.64152,70.26085,200,0.6946,1.1781,0.4836,60.86,0.0799,0.0762,-0.0037,92.0,91.1,-1.01,0.6279,0.564,-0.01279,1,0,32.2,89.9,0,low
GU150234,Gujarat,15,24.55531,69.16157,1317,0.8809,0.819,-0.0619,-6.31,0.0437,0.0436,-0.0001,99.4,99.3,-0.07,0.2912,0.3173,0.00523,0,1,18.8,72.9,0,low
GU260235,Gujarat,26,24.43588,70.2629,285,1.9416,3.0073,1.0657,52.2,-0.0058,0.0443,0.0501,112.6,137.1,21.5,0.5099,0.658,0.02963,1,2,10.7,43.4,1,medium
GU100236,Gujarat,10,20.94333,74.09124,249,0.6345,1.0814,0.4469,60.84,-0.2867,-0.275,0.0117,59.1,64.4,8.78,0.693,0.6526,-0.00808,1,0,49.9,98.8,1,low
GU180237,Gujarat,18,23.07886,68.62322,1311,2.2876,3.5303,1.2427,52.05,-0.1183,-0.0774,0.041,85.6,112.1,30.6,0.5647,0.5901,0.00508,1,2,8.7,40.9,1,medium
GU150238,Gujarat,15,21.54743,69.11141,1319,3.1221,4.7446,1.6225,50.35,-0.0424,0.0133,0.0557,71.5,100.8,40.4,0.4756,0.4819,0.00125,0,2,10.7,46.3,1,medium
GU030239,Gujarat,3,22.83603,70.74157,1005,2.7605,4.437,1.6764,58.6,-0.2164,-0.1658,0.0505,55.5,82.7,48.16,0.4462,0.5223,0.01522,1,2,8.5,66.0,1,medium
GU040240,Gujarat,4,20.67473,70.86811,989,6.3137,9.5514,3.2377,50.48,-0.0755,0.0164,0.0919,96.2,120.9,25.37,0.5431,0.6626,0.0239,1,2,7.0,39.3,1,high
GU140241,Gujarat,14,21.82685,68.65928,691,3.6445,5.0671,1.4225,37.99,-0.0246,0.0267,0.0512,74.5,101.6,35.85,0.6925,0.7114,0.00379,1,0,11.1,58.9,1,medium
GU100242,Gujarat,10,21.04481,70.2092,428,3.1679,4.8781,1.7102,52.33,-0.1807,-0.1679,0.0128,82.3,88.2,7.05,0.6232,0.7068,0.01673,0,0,26.6,50.1,1,medium
GU100243,Gujarat,10,21.7096,70.86693,870,2.8745,4.2165,1.342,45.12,0.0473,0.1065,0.0593,97.1,133.9,37.48,0.4887,0.5409,0.01044,1,2,18.5,40.4,0,medium
GU060244,Gujarat,6,24.1031,70.89065,918,0.4195,0.8078,0.3883,74.75,0.0287,0.0383,0.0096,70.2,72.9,3.93,0.2068,0.1339,-0.01459,0,0,55.6,92.8,0,low
GU240245,Gujarat,24,20.41852,70.21465,552,0.5367,0.7764,0.2397,37.65,0.1447,0.1559,0.0112,136.3,141.1,3.5,0.6768,0.6262,-0.01011,0,1,32.0,71.9,0,low
GU200246,Gujarat,20,23.84724,69.21753,401,0.7871,0.8804,0.0934,10.52,0.1924,0.1927,0.0003,149.5,149.7,0.11,0.5917,0.607,0.00305,0,2,25.1,94.6,0,low
GU140247,Gujarat,14,24.54068,73.08178,509,0.5431,0.6635,0.1204,18.72,-0.0742,-0.0833,-0.0091,68.1,63.9,-6.12,0.3786,0.3717,-0.00138,1,0,32.4,68.3,0,low
GU200248,Gujarat,20,21.60784,73.55258,685,0.6136,0.7729,0.1593,22.32,-0.1868,-0.1844,0.0024,44.6,45.8,2.64,0.5158,0.5083,-0.00149,0,0,39.0,88.4,0,low
GU150249,Gujarat,15,22.87071,71.08954,1468,0.7585,0.7866,0.0281,3.27,0.0265,0.0444,0.0179,122.5,130.8,6.74,0.4444,0.4613,0.00338,1,1,33.9,76.5,1,low
GU100250,Gujarat,10,22.70406,68.29774,1404,0.4262,0.8494,0.4232,80.42,-0.1016,-0.1075,-0.0059,86.2,84.3,-2.21,0.2187,0.2096,-0.00182,1,0,36.3,92.7,0,low
GU060251,Gujarat,6,23.77424,69.64395,754,9.3405,11.9908,2.6503,28.07,-0.0258,0.1391,0.1649,51.1,153.5,196.29,0.4081,0.5882,0.03603,1,2,2.1,32.6,1,high
GU190252,Gujarat,19,23.15685,71.4576,485,0.5009,0.4589,-0.042,-6.99,-0.0725,-0.0641,0.0084,90.8,95.5,5.13,0.5077,0.4117,-0.0192,0,0,39.7,82.7,1,low
GU180253,Gujarat,18,23.01469,69.84566,974,1.7489,1.7243,-0.0245,-1.33,-0.1892,-0.1866,0.0027,41.4,43.4,4.59,0.2703,0.2168,-0.0107,1,0,57.7,61.2,0,low
GU270254,Gujarat,27,22.33838,73.92031,2150,0.6876,0.9672,0.2796,35.5,-0.1593,-0.1418,0.0174,39.6,46.0,15.68,0.6239,0.6675,0.00872,1,0,48.9,60.3,1,low
GU170255,Gujarat,17,20.16087,68.91183,761,0.6081,0.6131,0.0049,0.7,0.0729,0.0813,0.0083,49.5,55.2,11.24,0.546,0.546,0.0,0,2,28.6,65.1,0,low
GU040256,Gujarat,4,22.52288,71.65101,2308,2.6756,3.53,0.8543,30.78,-0.1371,-0.0797,0.0574,65.7,102.9,55.92,0.5446,0.6034,0.01177,1,2,12.4,37.8,1,medium
GU230257,Gujarat,23,20.94035,73.28719,3015,3.1164,3.5896,0.4732,14.71,-0.241,-0.219,0.022,23.6,37.6,56.94,0.2425,0.3386,0.01922,1,1,24.8,53.7,1,medium
GU150258,Gujarat,15,22.58689,70.27067,2891,0.5653,0.567,0.0017,0.26,0.1013,0.1121,0.0108,56.1,63.5,13.0,0.5491,0.5676,0.0037,1,2,54.8,74.7,0,low
GU040259,Gujarat,4,23.89828,69.76762,1020,0.7513,0.9888,0.2375,27.9,-0.0861,-0.0811,0.0051,110.2,113.1,2.59,0.3937,0.4096,0.00318,1,0,59.5,68.0,0,low
GU260260,Gujarat,26,22.06971,72.40086,911,2.4721,3.8054,1.3333,51.84,-0.2035,-0.1739,0.0296,25.7,47.8,82.62,0.6639,0.7006,0.00734,1,2,21.3,30.2,0,medium
GU150261,Gujarat,15,22.98968,72.06034,200,2.7399,3.5029,0.763,26.87,0.0583,0.1076,0.0493,103.5,117.2,13.13,0.6726,0.6787,0.00123,1,1,17.7,30.8,0,medium
GU190262,Gujarat,19,23.81194,71.60907,363,0.94,1.1843,0.2443,23.49,-0.1075,-0.1091,-0.0016,85.4,84.6,-0.9,0.2318,0.169,-0.01257,1,2,25.3,86.2,0,low
GU070263,Gujarat,7,22.31878,68.74554,762,3.3539,3.8124,0.4585,13.27,0.0052,0.0563,0.0511,40.9,59.6,44.64,0.255,0.2667,0.00235,1,0,8.2,35.3,1,medium
GU070264,Gujarat,7,20.35216,72.54261,200,2.9312,3.3183,0.3871,12.77,-0.0003,0.0444,0.0447,125.9,137.4,9.07,0.6191,0.7613,0.02842,1,2,26.6,64.3,0,medium
GU100265,Gujarat,10,22.62521,68.70293,531,1.4522,1.4912,0.039,2.51,-0.2793,-0.2816,-0.0022,63.6,62.8,-1.23,0.6626,0.6286,-0.0068,1,2,39.7,83.6,1,low
GU260266,Gujarat,26,23.14266,71.7086,655,0.4466,0.6472,0.2006,36.69,-0.0278,-0.0243,0.0035,127.9,130.2,1.77,0.5435,0.4602,-0.01667,0,0,30.6,59.2,1,low
GU170267,Gujarat,17,20.11787,69.83797,292,0.7671,1.2076,0.4405,50.8,-0.0129,-0.0155,-0.0026,43.8,42.8,-2.13,0.5649,0.488,-0.01538,0,0,33.3,79.7,1,low
GU190268,Gujarat,19,21.27428,73.86807,1352,0.5282,0.7827,0.2545,40.51,-0.1509,-0.1323,0.0186,59.3,64.2,8.05,0.4144,0.3651,-0.00985,1,2,18.5,89.9,0,low
GU180269,Gujarat,18,24.2787,68.9202,303,2.7596,4.6694,1.9099,66.79,0.1803,0.1947,0.0144,154.7,163.0,5.34,0.3899,0.497,0.02141,0,2,17.8,63.4,1,medium
GU170270,Gujarat,17,22.72357,73.59933,200,0.5512,0.4786,-0.0726,-11.15,-0.2609,-0.2442,0.0168,44.5,50.6,13.35,0.4754,0.4129,-0.0125,1,1,41.8,83.8,0,low
GU210271,Gujarat,21,22.34352,72.56487,581,0.6255,1.0745,0.4489,61.88,-0.2898,-0.2803,0.0094,47.0,50.7,7.8,0.4324,0.3583,-0.01481,1,0,53.3,95.3,1,low
GU020272,Gujarat,2,20.84682,69.31495,2759,1.137,1.2958,0.1589,12.85,0.1619,0.1634,0.0015,120.2,121.2,0.86,0.5273,0.5382,0.00219,0,1,51.0,71.2,1,low
GU170273,Gujarat,17,21.28168,68.8544,496,0.7348,0.7528,0.018,2.15,-0.0697,-0.0768,-0.0071,99.4,94.1,-5.27,0.424,0.4574,0.00668,1,1,48.1,85.2,1,low
GU090274,Gujarat,9,21.51043,72.12287,813,6.524,15.2167,8.6926,131.23,-0.0449,0.0228,0.0677,38.5,83.5,113.76,0.2171,0.3848,0.03353,1,2,7.5,18.2,1,high
GU190275,Gujarat,19,23.30353,73.57081,545,2.9834,4.1816,1.1982,38.86,0.0491,0.0847,0.0356,121.6,140.9,15.72,0.263,0.3324,0.01389,1,2,9.6,68.6,0,medium
GU070276,Gujarat,7,22.12566,72.0195,931,1.667,1.9067,0.2397,13.57,-0.1707,-0.1651,0.0057,57.3,61.3,6.89,0.4205,0.3883,-0.00645,1,0,26.6,95.6,0,low
GU070277,Gujarat,7,21.85409,72.91709,208,2.9613,4.3664,1.4051,45.9,0.1234,0.1537,0.0303,86.0,97.5,13.23,0.6295,0.6963,0.01335,1,2,23.0,35.4,0,medium
GU170278,Gujarat,17,22.50307,70.86282,817,0.8706,1.0664,0.1958,20.17,-0.2545,-0.2393,0.0152,61.3,71.9,17.05,0.6626,0.7015,0.00777,0,1,20.5,57.4,1,low
GU270279,Gujarat,27,20.64072,69.00505,627,0.6218,0.7246,0.1028,14.25,0.0976,0.1041,0.0065,104.1,108.6,4.31,0.3339,0.3532,0.00386,0,1,47.7,59.9,1,low
GU170280,Gujarat,17,20.58465,69.07121,4431,0.8461,0.911,0.0648,6.85,-0.1161,-0.1017,0.0144,71.8,77.6,7.95,0.5917,0.5853,-0.00128,1,1,46.9,84.9,1,low
GU250281,Gujarat,25,21.34586,68.20879,504,0.8993,1.3707,0.4713,47.16,-0.0563,-0.0572,-0.0009,89.3,89.0,-0.35,0.4819,0.4113,-0.01411,0,1,28.5,94.9,0,low
GU020282,Gujarat,2,22.20157,68.63014,594,9.2507,19.4219,10.1711,108.77,-0.1384,-0.0132,0.1252,27.1,110.7,297.25,0.3516,0.5379,0.03727,1,2,5.0,16.8,1,high
GU080283,Gujarat,8,24.27123,69.19149,342,1.552,2.0187,0.4668,28.25,-0.0563,-0.0535,0.0028,126.2,127.2,0.78,0.3988,0.4026,0.00075,1,1,24.6,57.1,0,low
GU190284,Gujarat,19,24.13128,70.5049,1423,6.4287,15.2017,8.773,134.38,-0.299,-0.225,0.0741,43.1,95.9,119.64,0.2023,0.4238,0.0443,1,2,12.2,10.2,1,high
GU120285,Gujarat,12,23.35458,71.1542,474,2.0546,2.3785,0.3239,15.03,-0.0728,-0.0503,0.0225,111.7,123.0,10.05,0.5559,0.692,0.02722,0,2,22.0,41.8,1,medium
GU230286,Gujarat,23,21.34093,74.45822,1380,10.5556,16.0047,5.449,51.14,-0.1897,-0.0331,0.1566,37.8,81.8,113.4,0.4095,0.6672,0.05154,1,2,10.8,17.5,1,high
GU140287,Gujarat,14,21.08265,72.54681,1070,0.8994,1.2404,0.341,34.12,-0.198,-0.1892,0.0088,49.3,55.8,12.94,0.2031,0.1496,-0.0107,1,1,58.0,88.1,1,low
GU040288,Gujarat,4,24.38144,68.20974,2906,8.3674,17.8246,9.4573,111.69,-0.1093,0.0685,0.1779,92.1,213.8,130.85,0.646,0.9,0.05627,1,1,17.7,31.6,1,high
GU170289,Gujarat,17,21.41484,68.55089,622,0.5089,1.0004,0.4915,80.72,-0.104,-0.0867,0.0173,86.3,98.3,13.79,0.6521,0.597,-0.01101,1,1,32.9,90.9,1,low
GU210290,Gujarat,21,24.61306,71.27416,2687,1.381,1.4162,0.0352,2.38,0.0291,0.0287,-0.0004,56.9,56.8,-0.22,0.4245,0.3715,-0.0106,1,1,30.3,61.2,0,low
GU140291,Gujarat,14,20.55558,68.8803,1979,3.045,4.4957,1.4507,46.13,-0.1461,-0.108,0.0381,65.0,90.6,38.79,0.573,0.7045,0.02631,1,2,23.1,42.4,1,medium
GU090292,Gujarat,9,21.2465,72.22304,1101,2.5822,4.5709,1.9887,74.15,0.1367,0.1564,0.0198,146.3,157.7,7.74,0.4116,0.5588,0.02943,1,0,27.9,67.0,1,medium
GU260293,Gujarat,26,21.14075,72.77495,2102,2.5095,3.6934,1.1839,45.37,0.1107,0.137,0.0263,68.4,77.2,12.6,0.4998,0.5617,0.01236,1,1,16.9,62.7,1,medium
GU050294,Gujarat,5,23.05912,68.49226,546,0.5514,0.9126,0.3612,55.46,-0.0343,-0.0218,0.0125,107.7,113.0,4.85,0.2067,0.2511,0.00888,1,0,59.3,67.8,0,low
GU260295,Gujarat,26,20.45127,72.63674,4271,2.4431,3.1594,0.7164,28.17,-0.035,-0.0041,0.0309,120.4,133.2,10.55,0.6288,0.6591,0.00606,1,2,9.6,30.5,1,medium
GU290296,Gujarat,29,21.60685,70.64813,453,2.2376,2.9344,0.6969,29.81,-0.2239,-0.1649,0.0591,59.9,96.2,59.59,0.6336,0.6882,0.01092,1,1,24.7,32.6,0,medium
GU160297,Gujarat,16,23.33708,70.56039,650,2.7793,4.6005,1.8212,63.25,-0.2208,-0.1853,0.0355,78.6,91.0,15.66,0.5618,0.6926,0.02615,1,1,20.1,30.0,0,medium
GU060298,Gujarat,6,20.99503,68.22191,260,0.855,1.1834,0.3284,34.38,-0.2934,-0.2879,0.0055,30.5,32.0,4.68,0.4828,0.5217,0.00779,0,0,46.1,98.2,0,low
GU110299,Gujarat,11,23.09899,74.09843,3498,3.1734,4.4146,1.2412,37.92,-0.2249,-0.1676,0.0573,75.7,91.1,20.18,0.2367,0.2402,0.00069,1,1,15.5,52.0,1,medium
KA290000,Karnataka,29,16.09699,74.24005,675,0.6253,0.6329,0.0075,1.04,-0.2238,-0.2126,0.0112,39.7,43.4,9.24,0.4622,0.5043,0.00843,1,1,28.1,57.9,0,low
KA050001,Karnataka,5,15.48841,77.80452,396,1.1708,1.6357,0.4649,36.59,0.1389,0.1542,0.0154,181.1,185.7,2.49,0.3773,0.4234,0.00922,1,1,28.8,73.1,1,low
KA240002,Karnataka,24,16.64626,74.29668,2913,2.7082,4.5065,1.7983,64.04,0.0761,0.0872,0.0111,89.2,96.3,7.94,0.4926,0.562,0.01389,1,1,15.4,41.7,1,medium
KA170003,Karnataka,17,16.88826,75.23584,1704,3.1376,4.8175,1.6799,51.89,0.0377,0.0657,0.0279,156.2,174.4,11.59,0.3458,0.395,0.00983,1,1,27.3,36.6,1,medium
KA180004,Karnataka,18,13.51406,75.18385,507,0.3952,0.72,0.3248,65.59,-0.1822,-0.1832,-0.0011,70.5,70.2,-0.44,0.2864,0.2933,0.00139,1,1,40.2,64.6,0,low
KA180005,Karnataka,18,14.97429,76.45911,1067,0.7661,0.7677,0.0016,0.19,-0.171,-0.1693,0.0018,84.2,85.4,1.44,0.2258,0.225,-0.00017,1,0,52.4,83.4,1,low
KA060006,Karnataka,6,16.5834,75.04182,605,0.3677,0.6647,0.297,63.5,-0.2646,-0.2602,0.0043,45.4,47.5,4.39,0.5928,0.5396,-0.01064,0,0,43.1,78.9,0,low
KA220007,Karnataka,22,18.01693,76.98826,240,0.6055,0.7636,0.1581,22.41,-0.0851,-0.093,-0.0079,62.6,58.2,-6.86,0.2608,0.2246,-0.00724,1,2,54.0,90.7,0,low
KA160008,Karnataka,16,13.82673,77.23193,294,1.2369,1.3252,0.0883,6.6,-0.1301,-0.1364,-0.0063,90.8,87.3,-3.84,0.5995,0.5227,-0.01537,1,2,34.1,77.1,0,low
KA170009,Karnataka,17,16.01419,76.61384,1791,6.965,17.2296,10.2646,145.29,-0.1515,-0.0143,0.1372,29.8,103.5,239.28,0.505,0.6951,0.03801,1,2,5.4,29.8,1,high
KA100010,Karnataka,10,12.74016,76.45009,1851,2.6606,4.089,1.4283,51.74,-0.0026,0.0476,0.0502,61.6,81.9,32.34,0.2014,0.2149,0.00271,1,2,28.3,55.6,0,medium
KA130011,Karnataka,13,15.41352,74.86167,1812,0.9728,1.1255,0.1526,14.23,-0.2281,-0.212,0.0161,27.9,34.7,23.3,0.2288,0.2635,0.00695,1,2,20.5,77.1,0,low
KA110012,Karnataka,11,17.80885,76.43969,734,0.6716,0.8523,0.1807,23.42,0.0292,0.0194,-0.0098,112.6,108.0,-4.07,0.3042,0.3174,0.00263,1,1,17.9,80.3,0,low
KA170013,Karnataka,17,13.82764,76.22345,1144,0.6053,0.8272,0.2219,31.47,-0.0356,-0.0236,0.0121,99.2,104.9,5.66,0.3049,0.2147,-0.01805,0,2,58.3,92.4,0,low
KA080014,Karnataka,8,12.32709,74.71541,1138,3.1189,3.7863,0.6674,20.74,0.1702,0.1889,0.0187,166.6,178.0,6.77,0.5837,0.7299,0.02922,1,1,26.5,69.0,1,medium
KA170015,Karnataka,17,14.90031,74.25672,840,0.6272,0.6162,-0.0109,-1.5,-0.1413,-0.1325,0.0088,57.2,60.4,5.51,0.4204,0.4427,0.00446,1,0,45.6,89.7,0,low
KA090016,Karnataka,9,17.11723,77.33504,200,1.4568,1.9157,0.4589,29.48,-0.0346,-0.0382,-0.0036,123.7,122.8,-0.73,0.3334,0.3242,-0.00184,0,2,21.4,92.2,0,low
KA200017,Karnataka,20,15.58864,77.72869,1305,3.8458,4.8323,0.9864,25.0,-0.1516,-0.1146,0.037,93.0,104.7,12.4,0.267,0.3564,0.01789,1,1,23.0,36.6,1,medium
KA160018,Karnataka,16,15.63789,76.60908,515,2.2096,4.1441,1.9345,83.76,0.0159,0.0363,0.0204,77.1,83.3,7.97,0.4453,0.4557,0.00208,1,2,14.7,45.1,0,medium
KA290019,Karnataka,29,15.82342,74.2749,385,0.6559,0.7141,0.0582,7.7,-0.0469,-0.0474,-0.0005,67.7,67.5,-0.31,0.4286,0.4709,0.00846,0,0,21.8,84.1,0,low
KA020020,Karnataka,2,13.27364,75.8155,1404,2.5886,4.3216,1.7331,64.46,-0.2946,-0.2782,0.0165,26.5,34.8,29.99,0.5936,0.6023,0.00173,1,1,12.1,69.5,1,medium
KA120021,Karnataka,12,17.10869,74.05458,1633,2.9658,3.9687,1.0028,32.71,0.0962,0.1399,0.0437,97.0,120.6,24.11,0.4635,0.5375,0.0148,1,1,13.4,57.1,1,medium
KA280022,Karnataka,28,15.78217,78.0473,328,0.6871,0.6898,0.0027,0.34,-0.0668,-0.0758,-0.009,61.0,57.8,-5.17,0.4914,0.4798,-0.00233,0,0,55.6,72.9,1,low
KA170023,Karnataka,17,12.04961,76.83168,1018,2.3252,4.1114,1.7862,73.65,-0.0665,-0.0082,0.0583,80.1,123.7,53.78,0.2609,0.2739,0.00261,1,1,9.6,55.1,1,medium
KA170024,Karnataka,17,12.26376,76.46863,578,0.4502,0.5954,0.1452,26.39,0.047,0.044,-0.0029,73.9,72.8,-1.46,0.4567,0.4914,0.00694,1,2,16.3,69.7,1,low
KA280025,Karnataka,28,16.10926,76.70878,3155,9.8342,20.7318,10.8976,109.7,0.0358,0.2079,0.1721,93.6,205.5,118.22,0.6699,0.7871,0.02345,1,2,14.1,41.7,1,high
KA130026,Karnataka,13,14.23135,74.22476,1711,10.0071,20.0624,10.0552,99.49,-0.009,0.1646,0.1737,50.4,150.8,195.49,0.2841,0.5493,0.05304,1,1,7.4,23.2,1,high
KA230027,Karnataka,23,15.75687,76.59807,1469,0.6846,0.6281,-0.0565,-7.2,0.1076,0.1056,-0.002,85.4,84.0,-1.61,0.5404,0.5415,0.00022,1,1,28.6,92.0,1,low
KA050028,Karnataka,5,17.92803,77.72313,1377,2.0223,3.9311,1.9089,89.94,-0.0575,-0.0212,0.0362,119.5,128.7,7.71,0.4858,0.5179,0.00643,1,0,12.9,55.5,1,medium
KA120029,Karnataka,12,16.30783,74.26406,3548,8.6895,11.6564,2.9669,33.76,0.0147,0.1488,0.1341,44.2,107.4,139.72,0.5106,0.6742,0.03273,1,2,13.8,32.4,1,high
KA220030,Karnataka,22,14.34145,77.76566,588,0.8434,1.1489,0.3055,32.38,-0.2651,-0.252,0.0131,37.4,45.3,20.6,0.2616,0.2839,0.00444,1,0,46.7,94.2,1,low
KA260031,Karnataka,26,13.02949,76.22386,1084,2.4,4.2298,1.8298,73.19,0.138,0.1601,0.0221,72.9,88.2,20.66,0.3125,0.4425,0.02601,1,1,15.5,41.1,0,medium
KA220032,Karnataka,22,11.86701,76.84105,3673,7.3882,9.9697,2.5815,34.47,-0.131,-0.04,0.0909,75.3,109.0,44.14,0.3387,0.5397,0.04019,1,1,15.8,39.8,1,high
KA160033,Karnataka,16,16.07791,77.76974,444,0.7778,1.0762,0.2985,34.0,-0.2733,-0.2641,0.0092,21.5,25.9,19.81,0.327,0.3429,0.00317,1,1,56.1,73.5,1,low
KA280034,Karnataka,28,12.28039,74.42146,867,0.6857,0.8331,0.1474,18.76,0.1059,0.1229,0.017,93.1,102.0,9.5,0.4734,0.3749,-0.0197,1,0,54.2,95.8,0,low
KA040035,Karnataka,4,16.12231,75.62236,914,0.7726,0.778,0.0053,0.61,-0.2255,-0.228,-0.0025,55.3,54.4,-1.59,0.6117,0.5899,-0.00437,1,0,25.5,57.8,0,low
KA110036,Karnataka,11,15.68253,78.46883,800,0.7867,0.8809,0.0942,10.63,0.0298,0.0317,0.0019,121.8,123.0,0.97,0.2287,0.2625,0.00677,1,2,58.1,62.2,0,low
KA070037,Karnataka,7,17.67663,74.30597,611,0.5926,0.6003,0.0077,1.12,-0.0918,-0.0835,0.0083,30.9,35.4,13.9,0.5453,0.5179,-0.00549,0,1,53.4,73.5,1,low
KA230038,Karnataka,23,13.62672,74.54836,830,2.0792,2.4491,0.37,16.98,-0.0996,-0.0807,0.0189,61.4,67.5,9.73,0.3178,0.3027,-0.00302,0,0,19.8,86.6,0,low
KA080039,Karnataka,8,17.08833,77.77241,2419,0.7107,0.8083,0.0976,12.04,-0.248,-0.2373,0.0108,63.4,67.9,7.07,0.2668,0.2086,-0.01165,0,0,17.3,96.1,0,low
KA230040,Karnataka,23,16.45694,78.17335,1426,0.4787,0.8604,0.3818,65.97,0.0192,0.0347,0.0155,63.2,69.7,10.12,0.407,0.3077,-0.01984,1,0,50.1,60.0,1,low
KA210041,Karnataka,21,16.0768,75.23189,1037,0.6334,0.835,0.2016,27.49,0.0224,0.0393,0.0168,143.0,149.4,4.4,0.6399,0.6423,0.00047,0,2,39.7,62.2,1,low
KA090042,Karnataka,9,13.24974,76.2301,2178,2.4073,3.9122,1.5049,60.02,-0.0675,-0.0321,0.0354,60.6,83.9,37.81,0.3095,0.3232,0.00273,1,2,13.9,49.2,1,medium
KA110043,Karnataka,11,11.80254,74.45715,1379,0.6146,0.747,0.1324,18.53,-0.1283,-0.1277,0.0006,79.5,79.8,0.42,0.3255,0.3411,0.00312,0,0,28.5,65.3,0,low
KA170044,Karnataka,17,12.67779,75.23001,1455,2.7767,4.5187,1.7419,60.55,0.0104,0.0393,0.0289,149.6,158.4,5.84,0.5817,0.7059,0.02484,1,1,11.1,60.2,0,medium
KA240045,Karnataka,24,13.06181,78.09242,926,7.0765,11.9716,4.8951,68.21,-0.0959,-0.0309,0.0651,118.7,149.1,25.38,0.2699,0.512,0.04842,1,0,12.1,22.4,1,high
KA140046,Karnataka,14,15.49701,74.98617,763,0.8381,0.8369,-0.0012,-0.13,0.1588,0.1576,-0.0011,192.1,191.5,-0.33,0.5004,0.5253,0.00497,0,0,36.6,83.2,0,low
KA170047,Karnataka,17,16.59039,77.75416,1067,3.1952,4.8894,1.6942,51.41,-0.1357,-0.1025,0.0331,100.8,109.8,8.93,0.2563,0.3551,0.01975,1,1,29.3,37.3,1,medium
KA090048,Karnataka,9,17.03166,78.19294,434,1.4601,1.9121,0.452,28.98,-0.2588,-0.2463,0.0125,44.0,48.8,10.71,0.5647,0.5944,0.00594,0,1,57.7,58.3,0,low
KA170049,Karnataka,17,17.71452,76.51365,699,0.6556,0.8306,0.175,23.16,-0.09,-0.0855,0.0045,92.8,94.9,2.23,0.2358,0.2609,0.00502,0,0,58.6,94.7,1,low
KA200050,Karnataka,20,15.13944,76.70813,548,0.645,0.5985,-0.0464,-6.23,0.1964,0.2163,0.0199,97.1,102.9,5.98,0.227,0.2369,0.00198,1,1,20.3,88.8,0,low
KA190051,Karnataka,19,14.16244,78.03427,474,10.6575,12.7173,2.0598,19.15,-0.0083,0.1577,0.1659,119.8,182.8,52.08,0.6047,0.829,0.04484,1,2,16.8,34.8,1,high
KA050052,Karnataka,5,16.7241,75.57444,364,1.127,1.5617,0.4347,35.43,-0.1165,-0.1241,-0.0077,34.7,31.8,-8.03,0.2251,0.2391,0.00279,0,0,20.7,59.9,0,low
KA070053,Karnataka,7,15.8443,74.58189,701,6.4006,12.3511,5.9505,91.54,0.1618,0.2688,0.1069,111.3,159.2,42.59,0.2258,0.4747,0.04976,1,2,13.9,39.4,1,high
KA190054,Karnataka,19,15.98403,77.86189,200,0.5503,0.5871,0.0368,5.66,0.1593,0.1603,0.0011,174.9,175.7,0.44,0.5912,0.4961,-0.01902,0,0,52.1,92.2,0,low
KA120055,Karnataka,12,16.00971,77.90911,1186,1.1622,1.5792,0.417,33.04,0.1323,0.1379,0.0056,92.1,94.8,2.87,0.624,0.5853,-0.00774,1,0,32.6,81.6,0,low
KA040056,Karnataka,4,16.02653,76.84281,940,2.462,3.2173,0.7553,29.48,0.0271,0.0736,0.0465,115.1,130.3,13.14,0.4248,0.4656,0.00817,1,2,19.5,37.9,1,medium
KA150057,Karnataka,15,13.39039,76.0839,938,3.3146,3.6583,0.3436,10.06,0.0988,0.1171,0.0183,86.1,92.5,7.3,0.4431,0.5303,0.01745,1,1,15.2,33.6,0,medium
KA050058,Karnataka,5,14.55615,77.81585,1260,3.1342,5.0075,1.8733,57.92,0.0536,0.0696,0.016,48.1,55.8,15.62,0.5937,0.6287,0.007,1,0,17.9,67.2,0,medium
KA110059,Karnataka,11,11.92417,74.46997,1036,2.9859,3.6742,0.6883,22.31,-0.1812,-0.1632,0.018,44.5,54.9,22.77,0.2781,0.4007,0.02452,1,0,24.0,67.8,1,medium
KA260060,Karnataka,26,16.09968,75.28849,1508,3.7437,4.6656,0.9219,23.98,0.0524,0.1065,0.0541,110.9,147.4,32.57,0.56,0.5944,0.00688,0,2,19.5,34.0,1,medium
KA110061,Karnataka,11,11.73544,76.56394,879,2.5668,3.8453,1.2785,47.94,-0.2934,-0.2472,0.0463,49.4,65.6,32.26,0.4567,0.4881,0.00628,1,1,8.7,32.0,1,medium
KA150062,Karnataka,15,18.20117,74.85654,618,0.6991,1.0759,0.3768,47.15,0.0818,0.1007,0.0189,82.0,92.9,13.06,0.5621,0.5339,-0.00565,1,0,55.9,85.2,0,low
KA100063,Karnataka,10,15.07075,75.0644,1241,1.0778,0.9865,-0.0913,-7.75,0.0395,0.0591,0.0196,98.8,110.1,11.35,0.3292,0.2677,-0.01231,0,0,15.5,92.5,1,low
KA100064,Karnataka,10,17.37984,77.92813,1270,2.2859,4.0576,1.7717,74.26,-0.202,-0.1628,0.0392,58.9,87.4,47.47,0.5463,0.6874,0.02821,1,2,21.0,34.5,0,medium
KA130065,Karnataka,13,13.30204,74.57424,898,2.3907,3.29,0.8992,36.1,-0.0292,0.021,0.0501,85.3,118.0,37.96,0.6533,0.7931,0.02796,1,0,19.6,33.2,0,medium
KA150066,Karnataka,15,14.13314,76.79529,677,1.2939,1.2751,-0.0188,-1.35,0.0266,0.0271,0.0006,110.7,111.1,0.31,0.4765,0.5237,0.00943,1,1,35.9,67.5,0,low
KA250067,Karnataka,25,15.66245,76.40048,3035,0.6762,1.095,0.4188,53.95,0.1362,0.1442,0.008,151.4,154.1,1.76,0.2974,0.2138,-0.01672,1,2,55.5,75.8,0,low
KA060068,Karnataka,6,13.82438,74.90345,578,2.4386,4.3419,1.9033,74.97,-0.0955,-0.054,0.0416,115.5,135.5,17.18,0.2872,0.3384,0.01024,0,2,25.1,31.7,0,medium
KA260069,Karnataka,26,15.45033,75.44985,523,0.4532,0.5678,0.1146,20.71,0.1371,0.1293,-0.0078,72.6,70.3,-3.07,0.3576,0.3807,0.00462,1,1,37.7,95.7,1,low
KA210070,Karnataka,21,12.3621,74.80225,1094,0.6269,0.5729,-0.054,-7.43,-0.1023,-0.0906,0.0117,65.2,73.9,13.13,0.2131,0.2474,0.00685,1,0,41.3,96.0,0,low
KA220071,Karnataka,22,12.43449,75.52367,259,0.8934,0.8124,-0.081,-8.15,0.0715,0.0664,-0.0051,166.0,163.6,-1.4,0.4592,0.4644,0.00105,0,2,33.5,75.1,0,low
KA040072,Karnataka,4,15.10713,74.66121,1258,0.8541,1.1971,0.343,35.95,-0.1582,-0.1488,0.0094,74.9,78.1,4.23,0.5607,0.5566,-0.00082,0,0,20.8,68.1,0,low
KA130073,Karnataka,13,14.61694,75.69343,908,1.0948,1.3226,0.2278,19.07,0.067,0.0795,0.0125,132.8,136.3,2.59,0.5238,0.4961,-0.00554,1,0,49.5,94.7,0,low
KA150074,Karnataka,15,14.93496,77.22606,1514,0.6446,1.1215,0.4769,64.06,-0.1139,-0.1062,0.0078,40.4,43.7,7.83,0.5206,0.4426,-0.01561,1,1,25.5,62.9,0,low
KA100075,Karnataka,10,14.05487,76.33889,1315,0.686,0.9888,0.3028,38.53,-0.2177,-0.2142,0.0034,40.8,42.1,3.1,0.2554,0.1686,-0.01736,1,0,46.1,62.6,1,low
KA110076,Karnataka,11,17.99722,77.19763,1459,2.9483,3.3466,0.3982,13.06,-0.095,-0.0842,0.0108,76.1,80.2,5.34,0.5579,0.6481,0.01804,1,2,27.5,64.5,0,medium
KA290077,Karnataka,29,15.71535,76.60091,1714,0.9567,1.1413,0.1846,17.47,0.1422,0.1522,0.01,124.4,129.0,3.73,0.4147,0.3813,-0.00668,0,2,53.6,69.8,0,low
KA280078,Karnataka,28,16.84419,75.26336,377,0.9323,1.3714,0.4391,42.54,0.0599,0.0508,-0.0091,145.9,140.9,-3.41,0.5176,0.4404,-0.01544,0,0,21.5,62.0,1,low
KA160079,Karnataka,16,14.31946,75.70826,269,0.6629,0.6051,-0.0578,-7.57,-0.2068,-0.2033,0.0035,54.6,56.4,3.14,0.6835,0.6846,0.00021,0,0,37.4,88.2,0,low
KA170080,Karnataka,17,12.76792,76.88362,1231,0.6468,0.6829,0.0361,4.84,-0.2404,-0.2427,-0.0022,25.6,24.9,-2.56,0.6186,0.6605,0.00838,1,1,37.8,88.3,0,low
KA160081,Karnataka,16,12.3477,76.16213,677,0.7736,1.1592,0.3857,44.15,-0.2576,-0.2397,0.0179,25.9,34.7,32.73,0.5409,0.4542,-0.01733,1,0,41.4,97.7,0,low
KA060082,Karnataka,6,18.25219,74.94401,675,0.7018,0.9672,0.2654,33.1,-0.1949,-0.2028,-0.0079,89.5,85.8,-4.12,0.6571,0.6655,0.00167,1,1,30.5,84.1,0,low
KA020083,Karnataka,2,12.70382,74.66788,466,0.8257,0.7773,-0.0484,-5.23,-0.1338,-0.1304,0.0034,96.2,98.7,2.53,0.4618,0.4033,-0.01171,0,2,30.6,95.9,0,low
KA280084,Karnataka,28,13.41251,77.75869,5558,2.0899,2.9368,0.8469,38.67,-0.1304,-0.114,0.0164,103.4,115.3,11.35,0.6963,0.7166,0.00407,0,0,10.2,41.0,1,medium
KA080085,Karnataka,8,16.9131,78.17589,200,0.4744,0.9459,0.4715,82.08,0.1864,0.1795,-0.0069,84.0,80.9,-3.6,0.619,0.5401,-0.01578,1,2,22.8,71.4,0,low
KA200086,Karnataka,20,17.63436,74.99387,1549,0.4729,0.526,0.0531,9.27,-0.2964,-0.2768,0.0196,46.1,60.6,30.84,0.4559,0.4072,-0.00975,0,0,31.0,74.9,0,low
KA160087,Karnataka,16,17.35897,78.4229,1484,0.5027,0.8969,0.3942,65.4,0.0092,0.0237,0.0145,62.7,71.7,14.23,0.3996,0.4244,0.00496,1,2,35.6,63.2,0,low
KA240088,Karnataka,24,14.31566,77.81971,1020,10.0391,18.0265,7.9874,78.78,-0.122,0.0493,0.1713,57.8,121.3,108.21,0.4466,0.6279,0.03626,1,2,7.7,26.7,1,high
KA250089,Karnataka,25,17.98622,77.43063,494,0.7709,1.1068,0.3359,38.57,0.0059,0.0051,-0.0008,68.4,68.0,-0.52,0.5084,0.537,0.00573,0,2,52.4,66.5,0,low
KA080090,Karnataka,8,15.73982,78.15783,1772,3.7899,4.0912,0.3013,7.75,0.1485,0.1602,0.0117,177.3,184.5,4.03,0.6272,0.6308,0.00073,0,2,28.1,60.7,1,medium
KA070091,Karnataka,7,11.88241,74.79543,517,1.5079,1.9221,0.4143,25.77,0.0501,0.0474,-0.0026,130.0,128.0,-1.49,0.4156,0.4088,-0.00135,0,1,56.5,71.7,0,low
KA260092,Karnataka,26,18.04507,78.05897,1034,2.2158,2.9201,0.7042,30.41,-0.1718,-0.1361,0.0357,42.9,58.6,35.7,0.6982,0.8186,0.02409,1,1,21.1,39.1,1,medium
KA040093,Karnataka,4,12.28492,76.73854,702,3.3606,4.9626,1.602,46.29,0.1066,0.1347,0.0282,85.7,104.5,21.62,0.4307,0.5354,0.02093,1,2,15.3,34.4,0,medium
KA030094,Karnataka,3,14.03107,75.39322,570,0.8723,1.1027,0.2304,23.69,0.0383,0.0453,0.007,68.7,72.6,5.71,0.5339,0.4784,-0.0111,1,1,25.0,57.1,0,low
KA070095,Karnataka,7,12.75068,76.60296,1168,2.5708,3.9893,1.4185,53.11,-0.106,-0.0868,0.0192,54.9,62.1,12.93,0.6804,0.8124,0.0264,1,0,14.0,62.2,1,medium
KA290096,Karnataka,29,13.53633,77.41223,217,0.6687,0.5892,-0.0795,-10.34,-0.0907,-0.0824,0.0083,41.0,44.3,8.05,0.4113,0.3194,-0.01839,0,1,26.4,95.6,1,low
KA020097,Karnataka,2,11.98651,74.50215,426,0.6274,0.9057,0.2783,38.25,-0.0736,-0.0618,0.0118,68.2,75.5,10.64,0.2944,0.3072,0.00256,1,1,35.6,62.5,0,low
KA150098,Karnataka,15,14.50997,78.22172,624,0.5478,0.6797,0.1319,20.36,0.1116,0.1189,0.0072,81.6,86.4,5.78,0.2534,0.2298,-0.00473,0,0,42.9,75.2,1,low
KA140099,Karnataka,14,18.33164,78.27039,2569,2.5947,4.2161,1.6214,60.17,-0.142,-0.109,0.0329,47.9,69.6,44.38,0.6534,0.7584,0.02102,1,1,15.4,49.0,1,medium
KA190100,Karnataka,19,12.65978,75.10304,1348,1.1974,1.196,-0.0013,-0.1,0.0913,0.0878,-0.0035,59.2,58.0,-2.1,0.3922,0.4222,0.00601,1,2,42.7,73.5,0,low
KA240101,Karnataka,24,11.65483,76.01553,550,8.0477,13.3373,5.2896,64.92,0.0201,0.1,0.0799,62.3,103.8,65.66,0.3341,0.5131,0.0358,1,2,11.1,16.5,1,high
KA040102,Karnataka,4,17.80057,75.35905,797,3.2699,4.6134,1.3435,39.87,-0.0563,-0.0439,0.0123,110.9,118.8,7.0,0.2763,0.3265,0.01004,1,0,12.0,38.9,1,medium
KA270103,Karnataka,27,16.22541,77.0154,200,0.6827,0.5958,-0.0869,-11.1,0.0945,0.0881,-0.0064,144.9,141.6,-2.29,0.5822,0.5815,-0.00013,1,1,55.7,74.5,0,low
KA140104,Karnataka,14,17.38419,76.50732,1444,5.9189,14.5396,8.6208,143.23,0.1988,0.2657,0.0669,69.6,100.3,43.46,0.3391,0.5722,0.04663,0,1,8.2,37.1,1,high
KA080105,Karnataka,8,12.81537,75.78252,1398,0.9496,1.1989,0.2493,23.75,-0.0541,-0.053,0.0011,78.7,79.0,0.4,0.3854,0.4187,0.00666,0,1,56.9,81.5,0,low
KA240106,Karnataka,24,14.66766,77.8399,1426,7.1658,14.5092,7.3434,101.07,-0.2312,-0.1141,0.1172,51.6,117.0,124.31,0.4202,0.5877,0.03351,1,2,12.8,35.1,1,high
KA090107,Karnataka,9,14.19709,74.98271,2694,2.3069,2.6662,0.3593,14.93,-0.0828,-0.0301,0.0527,40.4,62.0,52.25,0.3265,0.3881,0.01233,0,2,15.5,61.3,1,medium
KA200108,Karnataka,20,15.99259,77.07793,708,0.9072,0.8681,-0.0391,-3.88,-0.0511,-0.0573,-0.0062,51.8,48.0,-7.35,0.6862,0.6996,0.00267,0,1,42.3,84.1,0,low
KA240109,Karnataka,24,17.80465,74.21547,246,1.0865,1.2691,0.1826,15.39,-0.1461,-0.1332,0.0128,38.0,45.6,19.53,0.4344,0.3442,-0.01804,0,0,56.5,60.4,0,low
KA030110,Karnataka,3,13.11593,74.27301,267,0.7126,0.6627,-0.0499,-6.14,-0.0577,-0.061,-0.0033,121.3,119.2,-1.73,0.3006,0.3053,0.00092,1,1,33.8,63.8,1,low
KA220111,Karnataka,22,14.21089,76.53023,1454,2.0631,3.8011,1.738,80.35,-0.0508,0.0026,0.0533,69.7,92.1,31.71,0.3518,0.397,0.00903,1,2,9.6,59.2,1,medium
KA170112,Karnataka,17,16.61402,77.11699,882,2.3247,3.6273,1.3026,53.72,-0.0155,0.0016,0.0172,104.8,115.1,9.8,0.241,0.2704,0.00587,1,2,29.1,37.6,1,medium
KA050113,Karnataka,5,13.40643,75.12549,3888,3.4323,5.3132,1.8809,53.25,-0.1857,-0.162,0.0237,26.5,43.1,60.36,0.2361,0.269,0.00659,1,2,25.8,57.2,1,medium
KA090114,Karnataka,9,16.97119,74.57347,511,0.789,0.8602,0.0712,8.01,-0.1897,-0.1973,-0.0076,88.0,84.6,-3.89,0.5597,0.5834,0.00475,1,1,23.9,79.2,1,low
KA040115,Karnataka,4,15.99603,77.48603,239,0.5359,0.4506,-0.0854,-13.42,-0.1245,-0.1211,0.0035,36.9,39.4,6.75,0.5539,0.5954,0.00829,1,1,27.4,55.9,0,low
KA130116,Karnataka,13,17.44478,74.35041,3946,8.5926,17.4681,8.8755,102.1,-0.0115,0.0657,0.0772,95.1,142.0,48.87,0.5344,0.6853,0.03017,1,0,10.1,20.8,1,high
KA260117,Karnataka,26,13.00367,74.43856,223,1.1511,1.3901,0.239,19.11,-0.2827,-0.2882,-0.0055,63.1,60.7,-3.86,0.5282,0.4737,-0.0109,1,0,53.9,83.4,1,low
KA240118,Karnataka,24,15.2255,75.61298,1413,1.7637,2.1695,0.4057,21.77,0.0521,0.0521,-0.0,56.8,56.8,-0.01,0.5601,0.5209,-0.00784,0,1,35.8,98.0,0,low
KA210119,Karnataka,21,13.84388,74.45069,906,0.7378,1.1535,0.4157,49.62,0.1428,0.1358,-0.007,165.7,162.0,-2.28,0.4778,0.5166,0.00775,0,0,56.8,85.2,1,low
KA020120,Karnataka,2,12.36104,78.11734,6039,3.7799,4.1506,0.3707,9.55,0.0904,0.1044,0.014,128.9,136.4,5.76,0.5608,0.6654,0.02093,1,1,16.9,57.3,1,medium
KA290121,Karnataka,29,12.10032,75.72582,2144,10.0642,17.7413,7.6771,75.53,-0.027,0.1155,0.1425,132.6,215.7,62.22,0.6146,0.9,0.05942,1,2,4.6,13.0,1,high
KA240122,Karnataka,24,17.6122,74.83219,496,0.6458,0.9005,0.2546,34.14,-0.2715,-0.2703,0.0012,42.2,42.6,1.07,0.3737,0.3596,-0.00282,1,0,16.3,91.4,0,low
KA020123,Karnataka,2,18.29493,75.56762,240,0.498,0.5387,0.0407,6.81,-0.0491,-0.0341,0.015,117.1,124.0,5.82,0.5328,0.4934,-0.00787,1,0,58.6,93.3,0,low
KA220124,Karnataka,22,17.18418,75.71027,496,2.6909,3.848,1.1571,41.46,-0.0578,-0.0398,0.018,101.8,112.0,9.89,0.5697,0.7089,0.02784,1,2,22.2,60.3,0,medium
KA050125,Karnataka,5,16.2849,78.17816,333,1.3123,1.3744,0.0621,4.4,-0.1698,-0.168,0.0018,77.0,77.7,0.84,0.2905,0.3115,0.00421,1,1,15.9,86.0,0,low
KA170126,Karnataka,17,13.45469,75.32184,459,0.9495,1.4361,0.4866,46.37,0.0857,0.0844,-0.0013,113.3,112.7,-0.52,0.6793,0.6416,-0.00754,1,2,55.0,90.8,1,low
KA050127,Karnataka,5,14.22718,76.09858,457,0.8482,1.0613,0.2131,22.47,-0.0167,0.0007,0.0174,143.3,152.6,6.42,0.658,0.5804,-0.01552,0,0,57.9,74.5,0,low
KA270128,Karnataka,27,16.87283,77.40761,200,1.2681,1.5914,0.3233,23.63,-0.2801,-0.278,0.0021,21.2,22.7,6.47,0.2372,0.2103,-0.00538,1,1,38.5,96.2,0,low
KA180129,Karnataka,18,14.28619,75.0399,1001,0.43,0.4007,-0.0292,-5.52,-0.2928,-0.2784,0.0144,58.6,65.7,11.9,0.4334,0.3965,-0.00738,1,1,57.3,76.1,0,low
KA250130,Karnataka,25,18.31379,77.90433,679,0.8553,1.1259,0.2706,28.32,-0.1897,-0.1962,-0.0066,84.5,79.8,-5.51,0.6681,0.7134,0.00906,1,1,57.1,64.1,1,low
KA250131,Karnataka,25,17.85185,78.28978,1671,0.3855,0.415,0.0295,6.07,-0.298,-0.2884,0.0095,33.8,39.3,15.71,0.5196,0.4742,-0.00908,1,2,53.9,65.6,0,low
KA290132,Karnataka,29,13.00927,77.32363,2575,2.4802,4.1692,1.6891,65.46,-0.1064,-0.0705,0.0359,43.7,57.3,30.32,0.5495,0.639,0.0179,0,2,9.9,67.5,1,medium
KA160133,Karnataka,16,15.34639,74.70609,229,0.6896,0.7753,0.0858,10.86,-0.1818,-0.1741,0.0078,94.3,98.1,3.97,0.6995,0.6672,-0.00646,0,0,28.3,86.6,0,low
KA280134,Karnataka,28,15.64351,74.02188,2032,2.7392,4.1946,1.4554,51.26,0.0694,0.0805,0.0111,78.8,86.3,9.45,0.5723,0.6698,0.01951,1,2,18.3,38.7,1,medium
KA290135,Karnataka,29,17.24829,78.03544,1102,12.143,15.623,3.48,28.42,-0.1536,-0.0723,0.0813,92.9,118.3,27.02,0.619,0.8102,0.03824,1,0,15.6,45.0,0,high
KA070136,Karnataka,7,15.88334,75.22362,729,3.0801,3.5712,0.4911,15.44,0.062,0.0985,0.0365,57.8,72.8,25.63,0.2188,0.3353,0.02331,1,1,11.8,34.5,1,medium
KA100137,Karnataka,10,13.72531,76.09552,1546,0.6436,1.0244,0.3809,51.22,0.0568,0.0636,0.0069,135.3,137.3,1.44,0.6258,0.6025,-0.00466,0,0,22.9,81.2,0,low
KA140138,Karnataka,14,16.71249,77.2551,1247,0.9169,1.2244,0.3075,30.24,-0.2426,-0.2252,0.0174,37.7,47.9,26.26,0.2047,0.2094,0.00093,0,2,37.2,94.1,1,low
KA240139,Karnataka,24,14.66827,77.36108,403,0.6636,0.6874,0.0238,3.11,0.0179,0.0203,0.0024,79.7,80.9,1.48,0.5683,0.594,0.00513,0,2,40.8,83.4,1,low
KA170140,Karnataka,17,15.0486,77.47116,1270,2.27,2.8959,0.6259,26.41,0.06,0.1045,0.0445,150.4,175.1,16.32,0.4884,0.4946,0.00124,1,1,13.2,62.6,0,medium
KA150141,Karnataka,15,14.93634,78.37524,2210,10.3699,19.5217,9.1518,87.41,0.1891,0.3456,0.1565,52.2,129.1,144.49,0.3725,0.5236,0.03022,1,2,16.7,31.0,1,high
KA030142,Karnataka,3,14.30414,76.37633,2002,0.6661,0.6711,0.005,0.65,-0.029,-0.0169,0.0121,105.0,110.7,5.39,0.6109,0.6094,-0.00029,1,1,49.4,78.4,0,low
KA120143,Karnataka,12,15.59197,76.56984,2479,2.0582,3.1554,1.0972,50.84,0.1713,0.2242,0.0529,184.4,211.8,14.8,0.3431,0.3915,0.00968,1,0,14.3,37.4,1,medium
KA160144,Karnataka,16,12.36796,77.4554,645,0.4307,0.63,0.1993,37.56,-0.0629,-0.0499,0.013,122.2,129.5,5.97,0.2119,0.1896,-0.00446,1,2,40.8,56.3,0,low
KA070145,Karnataka,7,16.4804,76.23406,3253,2.9137,3.3672,0.4535,15.05,-0.0813,-0.0499,0.0314,39.4,49.6,25.02,0.4767,0.512,0.00705,1,0,24.5,63.9,1,medium
KA130146,Karnataka,13,17.81947,74.68444,461,2.8792,3.7255,0.8463,28.41,-0.2093,-0.1625,0.0468,52.3,72.6,38.28,0.6296,0.6663,0.00734,1,2,22.9,55.1,1,medium
KA120147,Karnataka,12,15.50151,76.74797,200,0.5166,0.5363,0.0197,3.2,0.0735,0.0655,-0.008,56.0,50.9,-8.94,0.493,0.4959,0.00058,1,1,30.1,74.1,1,low
KA170148,Karnataka,17,17.8546,78.30811,542,3.5468,4.2222,0.6754,18.52,-0.1778,-0.1557,0.0222,36.7,48.8,32.22,0.5248,0.6153,0.01809,0,1,24.7,62.9,1,medium
KA290149,Karnataka,29,15.58557,76.51855,1121,9.5977,14.7755,5.1778,53.39,-0.0724,0.0572,0.1296,43.4,134.7,205.34,0.48,0.7263,0.04925,1,2,10.7,16.2,1,high
KA290150,Karnataka,29,17.57748,75.20372,328,1.4287,1.8108,0.3822,25.0,-0.096,-0.0832,0.0128,85.4,92.0,7.73,0.3977,0.4384,0.00813,0,1,55.5,56.5,1,low
KA230151,Karnataka,23,14.6414,75.12687,1084,0.5024,0.5966,0.0943,15.65,0.088,0.0787,-0.0094,146.3,139.5,-4.59,0.3456,0.2794,-0.01324,1,0,36.2,94.0,0,low
KA230152,Karnataka,23,17.78748,74.31089,1073,7.3709,15.4508,8.0798,108.15,-0.093,-0.0142,0.0789,86.8,145.7,67.03,0.5987,0.7977,0.03979,1,2,3.2,17.0,1,high
KA100153,Karnataka,10,12.50985,75.52526,200,0.683,0.6465,-0.0365,-4.67,0.1083,0.1253,0.0169,139.5,151.7,8.72,0.255,0.1972,-0.01158,1,2,45.5,96.2,0,low
KA120154,Karnataka,12,12.46837,75.22816,726,1.109,1.5789,0.47,38.87,-0.0049,-0.0061,-0.0012,84.1,83.4,-0.79,0.3008,0.2056,-0.01902,1,1,30.4,76.2,0,low
KA190155,Karnataka,19,15.83569,75.92001,653,6.3646,15.2254,8.8608,137.07,-0.2522,-0.1044,0.1478,73.4,176.4,138.56,0.5581,0.7831,0.04501,1,2,17.7,27.7,1,high
KA240156,Karnataka,24,17.93096,77.45619,470,0.5498,0.862,0.3122,48.05,-0.1392,-0.1262,0.013,43.5,51.7,18.32,0.4139,0.3151,-0.01976,1,2,39.8,83.6,0,low
KA280157,Karnataka,28,13.58097,76.80101,958,2.6949,4.1164,1.4215,50.86,-0.1701,-0.132,0.0381,43.6,68.2,55.02,0.6214,0.649,0.00553,1,0,26.4,50.0,1,medium
KA240158,Karnataka,24,12.9564,77.77509,700,3.2356,4.2366,1.0009,30.01,-0.2039,-0.1515,0.0524,88.5,126.9,42.91,0.4654,0.5341,0.01375,1,2,20.3,33.7,1,medium
KA080159,Karnataka,8,12.40298,75.40276,278,2.1418,2.5462,0.4044,18.04,-0.2575,-0.2049,0.0526,29.3,56.4,89.38,0.3777,0.3978,0.00402,0,2,9.8,55.8,1,medium
KA240160,Karnataka,24,13.11681,74.47463,439,2.1517,3.9633,1.8116,80.46,-0.1926,-0.1604,0.0322,31.8,42.5,32.74,0.5709,0.5977,0.00537,1,2,12.4,63.1,1,medium
KA070161,Karnataka,7,15.66576,75.70936,606,0.5261,0.4653,-0.0608,-9.72,0.1999,0.2052,0.0053,64.2,67.5,4.97,0.4214,0.3481,-0.01467,1,1,28.6,81.8,0,low
KA260162,Karnataka,26,13.21358,74.04026,1078,7.4813,18.8461,11.3648,149.91,-0.1155,-0.0146,0.1009,94.9,138.4,45.28,0.3639,0.6315,0.05351,1,1,3.1,14.8,1,high
KA220163,Karnataka,22,12.27355,74.05666,689,0.8012,1.0096,0.2084,23.12,-0.0526,-0.0416,0.0111,97.0,103.9,7.14,0.5255,0.5005,-0.00501,0,0,27.9,55.6,1,low
KA240164,Karnataka,24,13.17342,76.91046,599,0.576,0.9725,0.3966,58.67,-0.1697,-0.1686,0.0012,38.7,39.4,1.95,0.5707,0.4725,-0.01964,0,0,59.7,66.4,0,low
KA150165,Karnataka,15,18.16512,75.42798,1954,3.4045,5.2973,1.8928,54.01,-0.0596,-0.0242,0.0355,103.4,113.7,9.78,0.5202,0.5842,0.01281,0,2,20.7,67.4,1,medium
KA210166,Karnataka,21,17.93034,75.98471,1104,0.8418,0.8788,0.037,3.93,-0.1006,-0.0863,0.0143,44.9,50.3,11.7,0.3995,0.4283,0.00577,1,0,33.9,85.0,1,low
KA260167,Karnataka,26,17.33991,75.80463,861,2.3372,3.5399,1.2027,49.35,0.0792,0.101,0.0218,113.0,127.8,12.96,0.2414,0.2885,0.00942,1,0,26.9,67.7,1,medium
KA230168,Karnataka,23,16.36309,74.74092,1805,0.5844,0.4909,-0.0936,-13.67,-0.2976,-0.2817,0.0159,51.6,56.5,9.41,0.2565,0.2679,0.00227,1,0,28.6,78.7,0,low
KA030169,Karnataka,3,15.91262,74.69417,1079,2.9362,4.3135,1.3773,45.36,0.1716,0.1995,0.0279,154.9,173.6,12.01,0.3289,0.3667,0.00756,1,1,13.0,61.4,1,medium
KA030170,Karnataka,3,17.62893,76.87119,457,0.6819,0.6824,0.0004,0.05,-0.2351,-0.2302,0.0049,74.1,77.4,4.41,0.4968,0.5134,0.00333,1,0,21.7,94.9,1,low
KA110171,Karnataka,11,15.75228,75.62873,402,0.8379,1.3014,0.4636,49.43,-0.084,-0.0843,-0.0003,78.5,78.3,-0.22,0.3438,0.3727,0.00579,0,1,56.5,65.2,0,low
KA230172,Karnataka,23,15.43982,75.20005,967,6.1466,9.4937,3.3471,53.58,-0.0805,0.0265,0.107,86.0,115.0,33.37,0.6145,0.8773,0.05256,1,2,11.1,30.8,1,high
KA280173,Karnataka,28,17.3633,75.87802,2678,2.2906,4.0729,1.7823,74.55,-0.0801,-0.0486,0.0316,63.4,80.9,27.07,0.2429,0.2436,0.00014,1,0,29.7,55.9,0,medium
KA020174,Karnataka,2,12.40523,77.17394,704,0.3834,0.3641,-0.0193,-4.0,0.0832,0.0829,-0.0003,151.4,151.2,-0.11,0.6205,0.6193,-0.00025,0,1,18.5,80.1,0,low
KA270175,Karnataka,27,15.2283,78.45126,398,0.6654,0.5851,-0.0803,-10.49,0.1015,0.1081,0.0067,81.3,84.7,4.09,0.2725,0.2897,0.00343,1,0,53.1,94.8,0,low
KA030176,Karnataka,3,16.01889,74.07028,451,1.1199,1.517,0.397,32.55,-0.1736,-0.1697,0.0039,51.1,53.3,4.24,0.3267,0.2578,-0.01379,1,1,47.0,98.9,1,low
KA220177,Karnataka,22,12.49339,75.05336,1762,2.385,3.2743,0.8893,35.79,-0.1728,-0.1143,0.0585,66.7,109.2,62.87,0.4106,0.4269,0.00326,1,0,9.5,53.2,1,medium
KA020178,Karnataka,2,17.86765,77.76124,5034,0.8217,0.8333,0.0116,1.25,0.0863,0.0856,-0.0008,72.2,71.7,-0.74,0.3865,0.3338,-0.01054,1,2,22.6,94.4,0,low
KA020179,Karnataka,2,17.7853,75.46427,2591,7.1296,18.3823,11.2527,155.65,0.0906,0.2013,0.1107,93.1,148.7,59.14,0.2061,0.4422,0.04721,1,2,12.7,12.0,1,high
KA200180,Karnataka,20,11.77023,75.90059,1136,8.3139,18.1509,9.837,116.91,-0.15,-0.0715,0.0785,55.3,102.9,84.39,0.3522,0.6349,0.05653,1,2,12.8,27.9,1,high
KA180181,Karnataka,18,16.88351,77.2499,9210,2.2199,2.9848,0.7648,32.97,0.119,0.1479,0.0289,134.0,147.7,10.17,0.3849,0.5281,0.02864,1,0,28.0,42.0,1,medium
KA050182,Karnataka,5,13.89441,76.13955,492,0.7513,1.0345,0.2832,33.27,0.1222,0.1175,-0.0047,60.6,57.3,-5.3,0.4448,0.4259,-0.00378,1,1,46.6,82.3,1,low
KA220183,Karnataka,22,17.75125,75.82992,1962,10.1418,13.5737,3.4319,33.51,-0.067,0.1109,0.1779,73.7,202.6,172.54,0.2464,0.48,0.04671,1,2,8.7,33.3,1,high
KA140184,Karnataka,14,15.7796,76.31518,462,0.8654,1.0655,0.2001,20.73,-0.0651,-0.069,-0.0039,64.6,63.2,-2.11,0.2712,0.3033,0.00642,1,0,46.1,97.0,0,low
KA010185,Karnataka,1,17.69906,77.084,982,1.2443,1.5609,0.3166,23.55,-0.2547,-0.2511,0.0036,52.8,54.0,2.23,0.671,0.6096,-0.01228,0,1,16.9,66.6,0,low
KA180186,Karnataka,18,14.26331,77.66838,402,0.8674,1.1366,0.2693,27.83,-0.1491,-0.1461,0.003,67.2,69.4,3.26,0.3223,0.3388,0.00332,0,2,50.1,65.7,0,low
KA210187,Karnataka,21,16.68361,75.37881,219,2.6529,3.0315,0.3786,13.75,0.1674,0.2008,0.0334,188.7,203.1,7.59,0.5877,0.724,0.02727,1,2,9.9,58.3,1,medium
KA130188,Karnataka,13,17.74719,77.08426,219,0.4891,0.4395,-0.0496,-8.42,-0.2077,-0.1999,0.0078,64.5,67.7,4.91,0.4288,0.3859,-0.00858,0,0,59.4,58.1,1,low
KA210189,Karnataka,21,12.94544,75.58131,1216,0.6834,0.9552,0.2717,34.68,-0.2633,-0.2475,0.0158,22.2,30.8,36.89,0.3433,0.2471,-0.01925,1,0,36.7,72.3,0,low
KA170190,Karnataka,17,17.2323,77.01078,227,0.6998,0.9963,0.2965,37.07,-0.0963,-0.0881,0.0082,45.6,49.8,9.15,0.3898,0.4174,0.00552,0,1,27.0,85.7,1,low
KA020191,Karnataka,2,15.87246,75.70889,421,1.0198,1.0629,0.0432,3.86,-0.1725,-0.1798,-0.0072,64.5,60.7,-5.81,0.5439,0.5805,0.00732,1,2,19.3,81.2,0,low
KA250192,Karnataka,25,16.34408,74.90718,2044,0.3794,0.4005,0.0211,4.4,0.0877,0.1045,0.0168,54.4,65.1,19.16,0.4403,0.3716,-0.01374,1,1,26.1,84.8,1,low
KA230193,Karnataka,23,13.82596,77.15877,1289,0.8241,1.2573,0.4332,46.88,-0.0527,-0.0485,0.0042,74.8,76.5,2.16,0.4887,0.4707,-0.0036,1,2,47.7,70.6,1,low
KA050194,Karnataka,5,14.7997,77.24769,583,0.6328,0.939,0.3062,41.78,0.017,0.0161,-0.0009,111.1,110.7,-0.33,0.4173,0.3204,-0.01937,1,0,34.3,61.1,1,low
KA050195,Karnataka,5,17.23004,74.58623,200,3.2435,4.2701,1.0266,30.71,0.1726,0.2145,0.042,86.3,108.8,25.77,0.3282,0.4107,0.01651,1,1,14.4,55.6,1,medium
KA290196,Karnataka,29,14.66237,75.86741,1184,3.066,4.0068,0.9408,29.72,-0.03,-0.0123,0.0177,112.1,122.7,9.4,0.3194,0.4644,0.029,1,2,21.9,36.5,0,medium
KA020197,Karnataka,2,13.21677,78.44559,582,3.1114,3.4336,0.3222,10.03,0.0623,0.0734,0.0111,154.4,158.4,2.56,0.5415,0.5872,0.00915,1,1,9.8,41.4,0,medium
KA080198,Karnataka,8,14.99079,75.34347,926,0.3867,0.3911,0.0044,0.91,0.1936,0.1955,0.0019,162.1,163.3,0.73,0.3671,0.376,0.00178,1,1,53.2,64.1,0,low
KA290199,Karnataka,29,12.65978,76.05087,619,0.6871,0.9154,0.2283,29.01,0.1362,0.147,0.0107,121.1,127.7,5.41,0.5401,0.5411,0.00021,1,1,54.0,99.2,0,low
KA140200,Karnataka,14,12.55084,74.32622,2358,3.0061,4.8938,1.8877,60.77,-0.1176,-0.1018,0.0158,53.0,59.8,12.71,0.6845,0.8208,0.02727,0,1,19.1,41.2,0,medium
KA040201,Karnataka,4,18.26037,78.07223,565,0.7822,0.7061,-0.0761,-8.63,0.1908,0.2007,0.01,93.2,99.5,6.71,0.651,0.674,0.00461,1,2,38.4,63.3,1,low
KA190202,Karnataka,19,13.99443,75.50561,1648,0.7353,1.1515,0.4162,49.82,-0.082,-0.0743,0.0078,67.2,72.0,6.98,0.6921,0.6838,-0.00166,1,0,40.6,78.6,0,low
KA160203,Karnataka,16,17.99019,76.80556,542,1.1594,1.579,0.4196,33.32,-0.0821,-0.0878,-0.0057,91.0,88.6,-2.63,0.5157,0.4227,-0.01861,1,0,34.0,96.9,0,low
KA100204,Karnataka,10,14.48081,75.27514,910,0.7693,0.9445,0.1753,20.16,-0.0429,-0.0504,-0.0076,37.5,35.5,-5.17,0.6501,0.6994,0.00986,0,0,52.5,64.8,0,low
KA150205,Karnataka,15,12.92088,78.08102,1541,0.9335,1.1227,0.1892,18.31,0.0652,0.0845,0.0194,134.2,145.3,8.21,0.4581,0.3865,-0.01433,0,0,59.8,74.2,1,low
KA150206,Karnataka,15,18.03284,74.2385,1082,2.1885,3.353,1.1645,50.89,-0.1484,-0.1071,0.0413,99.5,123.2,23.59,0.3663,0.4393,0.0146,1,2,20.5,48.7,0,medium
KA220207,Karnataka,22,14.31142,76.7525,530,3.1867,3.6932,0.5065,15.41,-0.0109,0.0296,0.0405,78.8,100.0,26.61,0.2825,0.3572,0.01493,0,1,11.3,68.0,1,medium
KA290208,Karnataka,29,14.82104,76.39475,862,0.6637,1.0673,0.4037,52.86,0.1477,0.1576,0.01,49.6,53.7,8.1,0.5884,0.6172,0.00577,1,2,47.5,58.4,0,low
KA220209,Karnataka,22,16.15244,75.88954,350,0.72,0.7371,0.0171,2.08,0.1061,0.119,0.0129,179.5,187.5,4.48,0.612,0.6496,0.00752,0,0,53.8,81.2,0,low
KA090210,Karnataka,9,15.58251,76.39644,2532,2.1054,2.4472,0.3417,15.49,-0.0722,-0.063,0.0092,84.8,89.7,5.72,0.6754,0.6262,-0.00983,1,0,42.2,87.4,0,low
KA100211,Karnataka,10,13.21687,78.39944,1134,8.6089,12.8303,4.2213,48.47,-0.1144,-0.0191,0.0953,77.2,148.6,91.17,0.4595,0.7229,0.05269,1,2,13.0,20.4,1,high
KA270212,Karnataka,27,12.11396,78.34637,1449,2.6442,3.7427,1.0985,40.03,0.1758,0.2321,0.0563,117.2,153.8,31.05,0.4473,0.5126,0.01305,1,2,13.9,60.6,1,medium
KA040213,Karnataka,4,17.43399,75.10807,629,0.6612,0.7287,0.0674,8.86,-0.2985,-0.2836,0.015,30.9,40.8,31.04,0.6268,0.6681,0.00826,0,2,40.5,90.4,1,low
KA120214,Karnataka,12,14.31507,76.75412,1396,10.3141,21.0366,10.7225,102.96,0.1208,0.222,0.1012,90.8,124.0,36.05,0.366,0.4961,0.02602,1,2,9.2,30.1,1,high
KA190215,Karnataka,19,14.32155,74.74341,568,3.1458,3.7984,0.6526,20.11,0.035,0.0908,0.0558,45.0,76.0,67.5,0.5727,0.6043,0.00633,1,2,19.4,39.8,1,medium
KA260216,Karnataka,26,11.69488,78.132,569,0.9393,0.8872,-0.0521,-5.01,-0.1342,-0.1386,-0.0044,98.6,96.1,-2.52,0.3062,0.3105,0.00085,1,0,58.7,76.7,1,low
KA220217,Karnataka,22,16.07007,75.42966,1159,3.6492,5.3341,1.6849,44.94,-0.1827,-0.1506,0.0321,49.0,63.3,28.62,0.6296,0.7684,0.02775,0,2,10.2,33.8,1,medium
KA290218,Karnataka,29,11.91753,77.33742,843,0.8803,1.033,0.1526,15.57,0.1694,0.1636,-0.0058,198.5,195.2,-1.66,0.4602,0.4871,0.00536,1,0,37.1,80.9,1,low
KA050219,Karnataka,5,18.28094,78.48053,1816,5.1076,6.8387,1.7311,33.24,0.0221,0.0564,0.0344,71.8,80.5,11.97,0.2941,0.3348,0.00815,1,1,9.3,53.0,1,medium
KA190220,Karnataka,19,17.22378,76.65818,200,0.4964,0.8873,0.3908,65.53,-0.061,-0.0494,0.0116,103.1,109.2,5.86,0.6931,0.6978,0.00094,1,2,40.0,92.3,0,low
KA200221,Karnataka,20,11.79525,77.6195,200,3.3627,5.0287,1.666,48.11,-0.2253,-0.1852,0.0402,35.8,61.6,70.11,0.6776,0.7853,0.02154,1,1,28.8,47.6,0,medium
KA100222,Karnataka,10,11.8769,75.50146,698,0.9277,1.249,0.3213,31.26,-0.0735,-0.0589,0.0146,81.3,89.7,10.12,0.3665,0.3499,-0.00332,1,2,41.9,94.4,0,low
KA100223,Karnataka,10,13.75149,74.28298,3410,10.1175,16.7262,6.6087,64.68,-0.2226,-0.1227,0.0999,32.1,59.1,81.46,0.582,0.7553,0.03467,1,1,4.8,41.5,1,high
KA100224,Karnataka,10,13.54719,78.07048,1316,0.5677,0.7304,0.1627,24.37,-0.0293,-0.0231,0.0062,135.3,137.9,1.91,0.4295,0.4451,0.00311,1,0,55.1,95.3,0,low
KA120225,Karnataka,12,15.149,76.45956,1365,3.2237,4.8707,1.647,49.55,-0.2989,-0.2576,0.0412,23.6,44.9,86.66,0.6466,0.7778,0.02625,1,1,9.7,31.7,0,medium
KA170226,Karnataka,17,13.0943,76.2677,448,1.3262,1.7161,0.3898,27.33,0.1638,0.1811,0.0173,87.2,96.5,10.65,0.3419,0.362,0.00402,0,1,56.8,66.8,0,low
KA220227,Karnataka,22,15.07629,74.01639,220,0.556,0.5797,0.0238,3.62,0.0386,0.0289,-0.0097,89.4,83.8,-6.27,0.5121,0.546,0.00678,1,0,50.3,78.4,0,low
KA200228,Karnataka,20,16.00836,74.18721,682,0.4224,0.7525,0.3301,63.18,0.1244,0.1147,-0.0097,98.6,93.2,-5.41,0.2743,0.2459,-0.00568,1,0,59.2,86.4,0,low
KA030229,Karnataka,3,14.26455,76.88294,1759,0.6353,0.6978,0.0625,8.5,-0.1384,-0.143,-0.0047,60.0,58.7,-2.27,0.6761,0.7259,0.00997,0,0,56.7,76.8,1,low
KA260230,Karnataka,26,14.75203,74.06531,1058,0.728,1.1311,0.4031,48.68,-0.1576,-0.1666,-0.0089,102.2,99.1,-3.01,0.4746,0.4004,-0.01484,1,0,17.5,64.6,1,low
KA230231,Karnataka,23,12.31632,74.33017,1168,0.9464,0.9391,-0.0073,-0.7,0.1327,0.1309,-0.0018,136.5,135.5,-0.74,0.5228,0.4761,-0.00934,1,0,33.2,65.8,0,low
KA230232,Karnataka,23,14.83186,77.08915,573,1.0597,1.5334,0.4738,40.85,-0.1129,-0.1104,0.0025,64.3,65.1,1.27,0.4186,0.4281,0.00191,1,0,54.4,84.3,1,low
KA260233,Karnataka,26,16.53658,76.8047,4396,6.6928,12.5561,5.8632,86.31,-0.0547,0.0659,0.1206,129.7,176.8,36.01,0.3304,0.4915,0.03222,1,2,9.4,21.1,1,high
KA010234,Karnataka,1,14.01634,76.72403,1508,2.1242,3.5482,1.424,64.02,0.146,0.1994,0.0534,93.9,131.3,39.37,0.6398,0.6723,0.00649,1,0,13.5,68.8,1,medium
KA260235,Karnataka,26,12.86636,74.60909,627,0.612,0.5323,-0.0797,-11.19,0.1714,0.1778,0.0064,104.7,108.2,3.28,0.6498,0.6199,-0.00599,1,0,48.5,55.4,1,low
KA290236,Karnataka,29,18.06306,75.92332,343,0.3914,0.4514,0.06,12.21,-0.1172,-0.105,0.0122,111.2,115.2,3.56,0.3478,0.3975,0.00993,1,1,15.8,99.2,1,low
KA230237,Karnataka,23,15.54823,74.79162,1948,3.2884,5.0209,1.7325,51.13,-0.1352,-0.0973,0.0379,47.6,69.0,44.0,0.5413,0.6412,0.01997,0,2,18.5,58.1,1,medium
KA020238,Karnataka,2,12.6095,74.72999,1913,0.588,0.747,0.1591,23.12,0.1618,0.157,-0.0048,125.9,124.4,-1.13,0.238,0.2827,0.00893,1,0,47.2,88.9,1,low
KA200239,Karnataka,20,16.37372,77.25834,418,1.1292,1.3615,0.2322,18.89,0.1329,0.1491,0.0162,126.6,131.8,4.12,0.3997,0.4235,0.00475,0,0,46.3,78.6,1,low
KA130240,Karnataka,13,17.11135,75.66565,200,0.5337,0.6925,0.1588,25.05,0.0442,0.0527,0.0085,64.4,68.8,6.75,0.4938,0.4592,-0.00691,0,1,34.7,66.1,1,low
KA130241,Karnataka,13,13.84154,75.77124,1615,0.691,0.626,-0.065,-8.22,-0.2341,-0.2217,0.0124,39.2,45.3,15.43,0.2869,0.2526,-0.00686,0,2,57.7,89.1,0,low
KA120242,Karnataka,12,14.35721,76.41394,583,3.2049,5.1394,1.9345,58.54,-0.0226,0.0184,0.0411,140.8,164.9,17.02,0.2051,0.23,0.00498,1,2,29.0,56.9,1,medium
KA290243,Karnataka,29,13.2002,77.78367,200,0.7662,1.0599,0.2938,33.92,-0.0082,0.0055,0.0137,75.8,84.9,11.85,0.4189,0.3283,-0.01812,0,1,39.6,70.7,0,low
KA100244,Karnataka,10,16.82767,75.88438,364,0.6842,0.964,0.2798,35.68,0.0742,0.0883,0.0141,57.3,61.4,7.18,0.6089,0.6307,0.00436,0,0,38.1,79.2,0,low
KA120245,Karnataka,12,15.60376,76.37629,881,1.1983,1.6285,0.4302,33.13,-0.2462,-0.2297,0.0165,31.9,39.0,21.63,0.687,0.6363,-0.01013,1,1,30.6,75.0,0,low
KA090246,Karnataka,9,13.40565,77.65822,2219,0.5793,0.6783,0.099,14.58,0.1843,0.1901,0.0058,76.0,80.2,5.5,0.3299,0.2601,-0.01395,0,0,22.4,87.7,0,low
KA020247,Karnataka,2,16.59849,77.36696,6933,3.1088,5.0125,1.9037,59.33,-0.1261,-0.0941,0.032,55.4,69.7,25.32,0.5427,0.5731,0.00609,1,1,11.6,49.7,0,medium
KA030248,Karnataka,3,11.93485,74.45215,420,2.6872,4.152,1.4648,52.56,-0.1733,-0.1621,0.0113,36.2,43.7,20.24,0.5039,0.5052,0.00025,1,1,10.5,39.0,1,medium
KA280249,Karnataka,28,12.36604,77.87579,1266,0.5937,0.6002,0.0065,0.94,0.047,0.065,0.018,106.9,118.2,10.51,0.6821,0.5882,-0.01878,1,0,29.9,79.9,0,low
KA110250,Karnataka,11,11.69283,74.08108,382,2.5372,2.9954,0.4582,17.38,0.1695,0.1842,0.0147,175.1,184.3,5.18,0.2817,0.3995,0.02357,1,1,25.0,30.7,1,medium
KA220251,Karnataka,22,14.45806,77.94008,649,0.6732,0.829,0.1559,20.16,0.0109,0.0194,0.0084,138.0,140.3,1.61,0.3029,0.2473,-0.01112,1,1,16.9,81.7,1,low
KA270252,Karnataka,27,16.97329,75.50912,533,0.6754,1.0969,0.4215,54.36,-0.2889,-0.2876,0.0013,37.9,38.3,1.0,0.4663,0.4703,0.00081,1,1,52.3,76.9,0,low
KA040253,Karnataka,4,18.21344,76.90736,476,0.824,0.7456,-0.0784,-8.49,-0.137,-0.1323,0.0047,65.2,66.8,2.39,0.2731,0.2379,-0.00705,1,2,37.0,60.8,0,low
KA290254,Karnataka,29,13.19669,76.83067,1839,8.6068,19.7458,11.1391,127.94,-0.0625,0.0559,0.1185,100.8,141.7,40.19,0.2871,0.505,0.04357,1,2,12.8,29.9,1,high
KA240255,Karnataka,24,15.53005,77.21082,2242,7.1807,15.8819,8.7012,119.51,-0.1647,-0.0241,0.1406,66.5,165.3,146.41,0.2986,0.4578,0.03183,1,2,15.5,24.3,1,high
KA010256,Karnataka,1,13.06227,77.86977,200,0.9936,1.2425,0.2488,22.75,0.0128,0.0119,-0.0009,139.1,138.7,-0.28,0.3419,0.3177,-0.00485,1,1,24.9,76.5,0,low
KA070257,Karnataka,7,17.17569,77.60442,1076,1.9676,3.6411,1.6735,80.94,0.1825,0.2173,0.0348,199.5,219.1,9.77,0.513,0.5257,0.00254,1,2,12.8,57.5,1,medium
KA030258,Karnataka,3,11.88671,75.19197,486,0.5213,0.7325,0.2112,34.0,-0.1134,-0.1035,0.0098,77.9,83.1,6.57,0.3317,0.2859,-0.00916,1,0,44.1,62.8,0,low
KA170259,Karnataka,17,12.25267,76.70889,595,2.6951,3.276,0.5809,20.78,-0.0104,0.0478,0.0582,115.0,155.0,34.45,0.3695,0.4352,0.01315,0,0,16.4,69.9,1,medium
KA070260,Karnataka,7,17.82436,75.85252,723,3.2424,4.0403,0.7978,23.87,0.1792,0.2344,0.0552,108.7,131.7,20.92,0.3416,0.4442,0.02051,0,2,10.3,61.6,1,medium
KA140261,Karnataka,14,11.69838,76.11619,995,2.2548,2.8944,0.6396,27.16,-0.1868,-0.1756,0.0112,66.6,72.6,8.99,0.3378,0.3627,0.00498,1,2,10.2,40.6,1,medium
KA140262,Karnataka,14,15.52929,75.21703,200,0.7914,0.8924,0.101,11.33,0.0329,0.0417,0.0088,67.6,72.9,7.75,0.5252,0.4416,-0.01672,0,0,38.6,92.5,0,low
KA250263,Karnataka,25,15.63816,74.20818,584,3.8604,5.5067,1.6464,41.57,-0.1917,-0.1715,0.0202,46.5,53.1,13.91,0.6998,0.7172,0.00349,1,1,23.6,49.6,0,medium
KA290264,Karnataka,29,16.21763,76.86984,714,0.5018,0.6362,0.1344,22.33,0.0413,0.0504,0.0091,52.1,55.3,5.95,0.587,0.58,-0.00139,1,1,29.3,57.1,1,low
KA110265,Karnataka,11,14.63163,75.45086,1148,2.4157,3.639,1.2233,48.63,-0.0683,-0.0421,0.0263,98.6,111.8,13.22,0.3847,0.4795,0.01897,1,1,22.8,37.8,1,medium
KA200266,Karnataka,20,12.45842,75.44651,718,3.109,4.4839,1.3748,42.84,-0.2777,-0.2485,0.0292,20.6,39.5,87.13,0.5042,0.6401,0.02717,1,0,11.1,52.6,1,medium
KA170267,Karnataka,17,16.93949,76.20049,1137,2.2657,3.6215,1.3558,57.31,-0.2987,-0.2517,0.0469,23.4,40.7,70.61,0.3949,0.4055,0.00212,1,2,28.3,56.7,1,medium
KA100268,Karnataka,10,14.15318,75.61794,444,0.6339,0.6395,0.0056,0.76,-0.1893,-0.1895,-0.0002,44.7,44.6,-0.12,0.6121,0.5236,-0.01769,1,1,35.6,65.5,1,low
KA110269,Karnataka,11,13.07758,75.53723,299,0.5995,0.8777,0.2782,39.77,-0.153,-0.1628,-0.0098,59.4,54.7,-7.78,0.4021,0.3268,-0.01506,1,1,45.2,59.1,1,low
KA210270,Karnataka,21,14.07905,74.61875,1929,3.4323,4.5463,1.114,31.54,0.1184,0.1424,0.024,85.8,96.7,12.47,0.2164,0.3219,0.0211,1,2,9.7,34.7,0,medium
KA240271,Karnataka,24,16.05561,74.95153,313,1.1007,1.2655,0.1648,13.73,0.0671,0.0747,0.0076,84.1,88.7,5.31,0.2485,0.2481,-6e-05,0,1,43.9,60.0,0,low
KA290272,Karnataka,29,14.11808,75.6316,341,2.9816,3.6556,0.6739,21.87,0.0307,0.0691,0.0384,99.6,125.2,25.48,0.4967,0.5184,0.00434,1,1,9.7,59.1,1,medium
KA230273,Karnataka,23,15.07989,74.81785,550,0.7148,1.1971,0.4823,59.19,0.0213,0.0177,-0.0037,100.2,98.0,-2.16,0.5801,0.6105,0.00607,1,0,26.0,78.4,0,low
KA140274,Karnataka,14,15.89074,74.81749,246,1.1157,1.3863,0.2706,22.26,-0.1039,-0.1067,-0.0028,109.5,107.5,-1.78,0.5822,0.6167,0.0069,1,0,24.5,63.9,1,low
KA220275,Karnataka,22,14.94681,78.08856,886,5.9944,13.3475,7.3531,120.65,-0.14,-0.0678,0.0723,69.7,106.4,51.89,0.6748,0.9,0.04946,1,2,3.4,11.1,1,high
KA090276,Karnataka,9,13.5844,74.15667,1991,0.6107,0.6862,0.0754,10.61,0.1008,0.0981,-0.0027,74.5,72.5,-2.58,0.5182,0.4992,-0.00381,0,0,53.7,78.7,0,low
KA050277,Karnataka,5,17.81242,77.70543,364,0.9619,1.3432,0.3813,35.91,0.0992,0.1031,0.0039,96.8,99.2,2.45,0.3047,0.2899,-0.00296,1,0,23.4,98.3,1,low
KA120278,Karnataka,12,17.18752,77.61533,273,0.5463,0.7542,0.2079,32.17,-0.2076,-0.1953,0.0123,25.7,33.6,29.87,0.5411,0.5731,0.00639,0,0,56.0,98.7,1,low
KA250279,Karnataka,25,14.40502,75.83756,1556,2.304,3.9413,1.6374,68.11,-0.2167,-0.2007,0.016,29.8,39.2,30.48,0.2946,0.3848,0.01805,0,1,27.9,40.9,0,medium
KA150280,Karnataka,15,17.38928,75.767,1632,0.5426,0.8153,0.2726,42.43,-0.1396,-0.1214,0.0182,64.0,68.7,7.3,0.5961,0.5103,-0.01716,1,0,30.3,88.3,0,low
KA120281,Karnataka,12,13.66835,77.19423,1249,2.7949,3.1063,0.3114,10.76,-0.1221,-0.0664,0.0558,106.0,128.5,20.99,0.6621,0.7106,0.0097,1,0,26.6,54.7,1,medium
KA200282,Karnataka,20,12.19559,77.95719,200,0.5387,0.7499,0.2112,33.07,0.1243,0.1398,0.0155,147.8,157.1,6.29,0.3664,0.3655,-0.00016,0,0,52.8,82.8,1,low
KA090283,Karnataka,9,14.57689,75.40347,1716,2.3008,3.8151,1.5144,63.08,-0.0537,-0.0421,0.0116,102.2,107.0,4.61,0.4377,0.4682,0.0061,1,1,19.3,63.6,0,medium
KA030284,Karnataka,3,12.42491,75.54862,662,3.2849,4.4689,1.184,34.98,-0.274,-0.2217,0.0523,56.2,74.9,32.66,0.2544,0.3502,0.01916,1,1,28.6,65.3,0,medium
KA210285,Karnataka,21,17.41216,74.44727,206,1.0973,1.5764,0.4791,40.01,-0.0383,-0.0263,0.0119,64.4,72.0,11.49,0.2787,0.2566,-0.00442,0,2,33.1,99.2,0,low
KA180286,Karnataka,18,13.36232,75.59666,1282,2.7981,4.3566,1.5585,53.78,0.1695,0.218,0.0485,196.1,221.1,12.7,0.2275,0.2812,0.01073,1,0,8.8,43.9,1,medium
KA210287,Karnataka,21,14.81352,78.30825,200,1.9548,2.1026,0.1477,7.19,-0.1074,-0.115,-0.0076,81.7,77.2,-5.48,0.6104,0.6036,-0.00136,1,1,42.9,99.5,0,low
KA020288,Karnataka,2,12.83425,75.41884,1331,1.3735,1.759,0.3856,26.17,0.1177,0.1223,0.0046,144.6,145.9,0.87,0.6952,0.7084,0.00264,1,0,45.3,88.8,0,low
KA130289,Karnataka,13,11.92219,74.76992,621,0.5053,0.7874,0.282,46.6,0.0209,0.0191,-0.0018,50.9,49.6,-2.57,0.5212,0.5125,-0.00173,1,1,55.8,55.7,0,low
KA190290,Karnataka,19,12.26426,77.81493,1115,0.9582,1.0728,0.1147,10.84,0.1748,0.1705,-0.0043,115.7,113.9,-1.54,0.2562,0.2643,0.00162,1,0,49.9,83.0,1,low
KA290291,Karnataka,29,18.06114,74.62094,277,1.0095,1.1768,0.1673,15.07,-0.0992,-0.1054,-0.0061,93.4,91.2,-2.3,0.3007,0.3265,0.00517,0,0,29.2,68.5,0,low
KA230292,Karnataka,23,16.02738,77.77253,1907,2.4012,3.6165,1.2153,48.59,0.1882,0.2203,0.032,88.7,105.0,18.23,0.6144,0.6817,0.01346,1,2,26.5,65.7,0,medium
KA220293,Karnataka,22,11.98064,74.88509,700,0.5128,0.7905,0.2777,45.31,-0.0079,0.0078,0.0157,110.9,115.9,4.54,0.207,0.2484,0.00829,1,0,19.4,83.7,0,low
KA050294,Karnataka,5,14.92729,74.63013,3007,0.5817,1.0672,0.4855,71.23,-0.1939,-0.1848,0.0092,37.6,42.0,11.29,0.5424,0.5034,-0.0078,0,1,52.7,84.9,0,low
KA120295,Karnataka,12,16.50148,75.01427,2725,0.8755,1.2505,0.375,38.45,-0.1547,-0.1629,-0.0082,78.8,72.7,-7.56,0.2301,0.1399,-0.01805,1,2,42.6,90.9,0,low
KA280296,Karnataka,28,11.81538,74.98112,352,0.872,0.9221,0.0501,5.16,-0.1134,-0.1207,-0.0073,80.5,78.2,-2.83,0.5787,0.5092,-0.01389,1,0,24.9,81.9,1,low
KA280297,Karnataka,28,16.66283,76.81877,623,1.3858,1.5187,0.1329,8.94,0.1491,0.1417,-0.0074,193.9,192.0,-0.97,0.6455,0.5603,-0.01704,0,1,46.6,74.1,1,low
KA010298,Karnataka,1,16.41636,76.60056,525,2.0051,3.2479,1.2428,59.04,-0.2771,-0.2659,0.0112,52.1,56.4,8.19,0.5054,0.6366,0.02624,1,1,19.6,47.4,1,medium
KA140299,Karnataka,14,18.04481,74.18698,678,3.2836,3.9734,0.6898,20.39,0.1001,0.1302,0.0301,48.1,68.8,42.06,0.4394,0.509,0.01392,1,1,9.1,30.3,0,medium
TA160000,Tamil Nadu,16,8.31778,77.67475,2185,0.6581,1.004,0.346,45.64,0.1053,0.1078,0.0024,95.3,96.9,1.68,0.5339,0.4537,-0.01605,0,0,29.3,81.6,0,low
TA020001,Tamil Nadu,2,10.98033,77.84409,200,0.4558,0.7711,0.3153,56.73,0.1312,0.1304,-0.0008,108.3,108.0,-0.26,0.5304,0.4544,-0.0152,0,0,15.2,64.9,0,low
TA060002,Tamil Nadu,6,11.0954,77.30496,2404,2.309,2.7963,0.4873,20.23,-0.1823,-0.1574,0.0249,84.0,101.3,20.25,0.3958,0.5385,0.02855,1,2,29.1,50.3,1,medium
TA290003,Tamil Nadu,29,13.1854,77.19753,252,0.5259,0.9152,0.3893,62.19,-0.2936,-0.2924,0.0012,39.2,40.1,2.21,0.4193,0.4385,0.00384,0,0,41.7,57.5,0,low
TA100004,Tamil Nadu,10,11.71972,77.29977,1653,2.6761,4.3931,1.7169,61.85,-0.2327,-0.1804,0.0522,67.1,84.5,25.56,0.6859,0.8182,0.02645,1,2,18.3,41.4,1,medium
TA150005,Tamil Nadu,15,12.05664,79.35541,561,6.438,17.2335,10.7955,165.12,0.1009,0.1879,0.087,111.0,163.6,46.96,0.454,0.6533,0.03985,1,2,17.7,43.5,1,high
TA100006,Tamil Nadu,10,13.11287,78.53957,808,0.7658,1.1747,0.4089,47.22,-0.2455,-0.2478,-0.0023,26.7,26.0,-2.66,0.5539,0.5567,0.00055,1,1,50.2,78.6,1,low
TA030007,Tamil Nadu,3,9.4742,77.86884,866,0.4367,0.4744,0.0377,7.03,-0.2138,-0.2127,0.001,35.2,35.5,0.9,0.5093,0.4199,-0.01788,0,1,38.9,67.3,0,low
TA160008,Tamil Nadu,16,9.63796,80.25483,1092,0.6663,0.9772,0.3109,40.57,0.1707,0.1621,-0.0086,98.3,94.1,-4.22,0.659,0.687,0.00561,0,0,29.4,59.6,0,low
TA070009,Tamil Nadu,7,12.91656,78.16412,675,9.4904,20.3711,10.8807,113.45,-0.1437,-0.0227,0.121,27.8,105.0,267.75,0.5961,0.7137,0.02353,1,2,4.1,32.4,1,high
TA150010,Tamil Nadu,15,12.96335,79.31658,200,0.6772,0.8082,0.131,16.86,-0.0721,-0.0553,0.0167,87.4,97.3,11.23,0.6467,0.6879,0.00824,0,2,51.6,99.2,1,low
TA060011,Tamil Nadu,6,12.91689,78.10997,2051,0.6312,0.6736,0.0425,5.81,0.0731,0.0908,0.0177,80.2,89.1,11.02,0.4137,0.3626,-0.01022,1,2,26.2,82.9,0,low
TA080012,Tamil Nadu,8,9.98534,78.12711,596,1.1048,1.4908,0.386,32.04,-0.0355,-0.0211,0.0144,67.3,75.4,11.85,0.6793,0.7115,0.00645,0,1,20.4,83.3,0,low
TA170013,Tamil Nadu,17,9.64123,78.22323,1872,0.4605,0.6231,0.1626,29.01,-0.078,-0.0852,-0.0072,79.8,75.2,-5.73,0.3673,0.3843,0.00341,0,1,51.8,98.5,1,low
TA280014,Tamil Nadu,28,11.24295,79.69434,557,0.9242,1.3982,0.474,46.28,-0.2027,-0.1946,0.0081,64.3,68.6,6.69,0.2224,0.1536,-0.01376,1,0,23.4,88.3,0,low
TA080015,Tamil Nadu,8,8.64153,79.44597,940,3.056,4.5602,1.5043,47.66,-0.0708,-0.0293,0.0415,59.1,73.3,23.45,0.6726,0.7419,0.01387,1,1,22.2,53.8,0,medium
TA040016,Tamil Nadu,4,12.08497,78.67241,4470,0.511,0.8287,0.3177,51.99,-0.0102,-0.0075,0.0027,100.6,101.7,1.11,0.5087,0.4787,-0.006,1,1,32.8,95.4,0,low
TA100017,Tamil Nadu,10,11.00083,78.08296,580,7.6872,11.0309,3.3437,42.94,-0.0482,0.0138,0.0619,126.5,165.7,30.67,0.352,0.6135,0.05232,1,2,15.4,15.6,1,high
TA130018,Tamil Nadu,13,9.85672,76.71444,1166,2.8953,4.1515,1.2562,41.94,-0.0802,-0.0352,0.045,45.3,74.4,62.76,0.4069,0.5051,0.01964,1,2,14.9,45.3,1,medium
TA040019,Tamil Nadu,4,11.07083,80.25036,2116,3.2725,4.1382,0.8657,25.67,-0.2699,-0.2456,0.0244,41.5,53.0,27.26,0.624,0.6301,0.00123,1,2,21.1,66.9,1,medium
TA100020,Tamil Nadu,10,8.87891,77.4345,450,0.6546,0.9363,0.2817,37.34,-0.0485,-0.0447,0.0038,92.6,94.2,1.76,0.4948,0.4728,-0.0044,0,2,22.7,94.4,0,low
TA060021,Tamil Nadu,6,9.24617,79.00186,912,4.0081,5.0848,1.0767,26.21,0.0463,0.0701,0.0238,157.2,163.5,3.98,0.5372,0.6473,0.02201,1,2,22.3,53.1,1,medium
TA010022,Tamil Nadu,1,13.07668,80.10963,1097,0.9429,1.1887,0.2458,23.56,0.0272,0.034,0.0068,70.5,75.6,7.08,0.2271,0.2182,-0.00176,1,1,17.9,64.9,0,low
TA290023,Tamil Nadu,29,11.55312,79.70907,1267,0.6749,0.7515,0.0766,9.88,-0.0006,0.0085,0.0091,99.3,103.4,4.06,0.3055,0.2982,-0.00147,0,2,35.9,97.2,0,low
TA240024,Tamil Nadu,24,10.10736,79.37626,2063,6.1688,17.9991,11.8304,188.72,-0.1351,-0.0217,0.1133,39.0,78.5,98.78,0.4503,0.5691,0.02376,1,2,2.3,30.5,1,high
TA020025,Tamil Nadu,2,13.10976,79.71284,690,1.2479,1.7448,0.4969,36.86,0.1151,0.124,0.0089,64.6,68.3,5.75,0.5132,0.4139,-0.01986,0,2,48.3,80.9,0,low
TA260026,Tamil Nadu,26,8.613,76.65956,403,0.6879,1.0151,0.3272,41.53,0.1257,0.1334,0.0077,105.1,107.8,2.55,0.6585,0.6342,-0.00487,1,1,15.2,59.1,0,low
TA290027,Tamil Nadu,29,9.88895,78.7978,209,0.634,0.8907,0.2567,34.97,-0.0954,-0.0791,0.0163,111.5,117.6,5.4,0.6311,0.6233,-0.00155,0,0,24.0,57.7,1,low
TA170028,Tamil Nadu,17,11.77015,77.3855,846,0.4726,0.5448,0.0721,12.6,0.0632,0.0688,0.0056,101.9,103.4,1.5,0.4683,0.4264,-0.00837,1,1,37.0,95.4,1,low
TA080029,Tamil Nadu,8,10.87878,78.16433,1040,0.9766,1.2789,0.3022,28.07,0.1811,0.1884,0.0073,165.0,167.3,1.43,0.3108,0.3389,0.00561,0,1,25.5,95.4,0,low
TA200030,Tamil Nadu,20,9.19697,78.1978,250,1.0707,1.3767,0.306,26.14,-0.0525,-0.0334,0.0191,65.2,74.3,13.78,0.469,0.4889,0.00399,0,2,47.7,75.8,1,low
TA190031,Tamil Nadu,19,12.84214,76.96804,1924,1.5027,1.5385,0.0359,2.24,0.1914,0.1971,0.0057,114.3,118.2,3.36,0.4218,0.4617,0.00799,1,0,46.4,87.7,0,low
TA260032,Tamil Nadu,26,12.90397,79.23594,815,2.9985,4.1065,1.1079,35.76,-0.0682,-0.0253,0.0429,99.6,128.1,28.41,0.2753,0.2838,0.0017,1,1,20.3,39.8,1,medium
TA080033,Tamil Nadu,8,13.53597,76.99449,1334,3.2029,4.3322,1.1293,34.19,-0.296,-0.2729,0.0231,23.5,30.2,27.25,0.3244,0.3863,0.01238,0,0,13.8,52.9,1,medium
TA100034,Tamil Nadu,10,12.82297,80.27336,328,1.0453,1.5389,0.4935,43.09,0.1063,0.1205,0.0143,95.3,100.5,5.43,0.3081,0.2629,-0.00904,1,1,19.4,69.9,0,low
TA280035,Tamil Nadu,28,13.23162,77.84481,3288,8.6677,12.6524,3.9847,45.45,0.0223,0.1245,0.1022,136.5,175.3,28.23,0.68,0.8603,0.03604,1,2,12.1,17.0,1,high
TA080036,Tamil Nadu,8,13.25682,79.20514,739,0.5772,1.0464,0.4692,69.28,-0.0207,-0.002,0.0187,80.9,93.6,15.56,0.5805,0.4881,-0.01846,0,0,55.7,60.0,0,low
TA170037,Tamil Nadu,17,10.92742,77.19702,454,0.8311,0.8901,0.059,6.33,0.0579,0.0558,-0.0021,58.0,57.2,-1.45,0.4707,0.4365,-0.00683,1,0,29.9,76.0,0,low
TA240038,Tamil Nadu,24,9.9899,76.50656,354,0.5257,0.5101,-0.0157,-2.5,0.1746,0.1769,0.0023,101.0,102.2,1.17,0.2847,0.2713,-0.00268,1,0,30.1,94.3,0,low
TA050039,Tamil Nadu,5,8.78585,79.69613,1382,0.567,0.9301,0.3632,54.45,0.0022,-0.0067,-0.009,43.5,38.7,-10.72,0.5377,0.4518,-0.01717,1,0,19.7,66.6,1,low
TA220040,Tamil Nadu,22,8.91742,78.23648,2004,2.0831,3.8122,1.7291,79.2,-0.0886,-0.0571,0.0315,99.7,118.7,18.88,0.423,0.5114,0.01768,0,1,27.1,45.3,1,medium
TA250041,Tamil Nadu,25,9.84954,79.51108,3383,2.1522,4.0753,1.923,85.38,-0.0062,0.0159,0.0221,71.2,82.9,16.22,0.5194,0.6634,0.02879,1,2,11.1,51.2,0,medium
TA130042,Tamil Nadu,13,11.38466,78.8126,282,0.4792,0.8712,0.392,67.67,0.1115,0.106,-0.0054,54.9,52.0,-5.04,0.6354,0.6701,0.00694,1,0,25.1,67.5,1,low
TA230043,Tamil Nadu,23,9.74003,79.67228,1011,0.769,0.9328,0.1638,18.85,0.1365,0.1343,-0.0022,152.9,151.3,-1.03,0.5456,0.4809,-0.01296,1,1,49.3,94.9,0,low
TA100044,Tamil Nadu,10,8.98775,79.90475,1599,0.4258,0.4461,0.0203,3.85,0.0275,0.0188,-0.0087,128.1,125.7,-1.84,0.2491,0.2605,0.00228,1,0,50.9,86.4,1,low
TA240045,Tamil Nadu,24,9.95677,79.73878,2210,2.1631,3.1003,0.9373,41.42,-0.1079,-0.0952,0.0127,97.9,104.7,6.83,0.3657,0.4303,0.01291,1,0,24.1,66.1,1,medium
TA260046,Tamil Nadu,26,13.12345,77.44639,1161,3.0794,3.9431,0.8637,27.17,-0.0674,-0.0425,0.0248,107.3,115.8,7.87,0.4035,0.4589,0.01109,1,1,23.8,67.5,1,medium
TA180047,Tamil Nadu,18,12.73224,80.02033,1426,0.8048,1.2395,0.4347,48.05,-0.1914,-0.1916,-0.0002,56.9,56.7,-0.26,0.4479,0.3841,-0.01277,1,1,28.7,97.2,1,low
TA200048,Tamil Nadu,20,12.2899,78.06642,1943,0.8913,0.8527,-0.0387,-3.9,-0.1118,-0.1162,-0.0044,33.3,30.0,-9.56,0.3932,0.4141,0.00418,1,0,29.9,78.9,0,low
TA190049,Tamil Nadu,19,12.6002,77.24648,788,2.4519,3.8133,1.3614,53.35,0.1927,0.2438,0.0511,60.3,92.6,52.6,0.3848,0.4497,0.01297,1,0,21.1,32.1,0,medium
TA040050,Tamil Nadu,4,10.70611,79.79117,705,0.6074,0.8329,0.2254,31.86,-0.1455,-0.1379,0.0076,29.1,33.1,13.42,0.2305,0.2577,0.00544,0,2,41.7,92.1,1,low
TA100051,Tamil Nadu,10,11.79939,76.86978,4536,4.0146,4.7427,0.7281,17.7,0.1506,0.1676,0.017,137.4,141.7,3.08,0.4183,0.4649,0.00931,1,2,10.0,58.8,1,medium
TA110052,Tamil Nadu,11,13.4125,79.03621,754,0.7511,1.1338,0.3827,44.96,-0.125,-0.1096,0.0154,102.0,110.4,8.18,0.386,0.3273,-0.01173,1,2,38.5,61.2,0,low
TA220053,Tamil Nadu,22,12.92726,78.18585,591,3.2746,3.7898,0.5152,15.27,0.0986,0.1091,0.0104,57.1,60.5,5.85,0.3234,0.3758,0.01048,1,2,19.4,41.1,0,medium
TA230054,Tamil Nadu,23,12.88841,78.42396,522,0.5582,0.7488,0.1907,28.97,-0.1098,-0.1012,0.0086,108.9,113.0,3.81,0.6361,0.6837,0.00951,0,0,49.9,90.9,0,low
TA210055,Tamil Nadu,21,12.14521,77.39768,247,0.4897,0.409,-0.0808,-13.7,-0.2713,-0.2579,0.0133,23.0,32.7,40.32,0.3863,0.2883,-0.01959,1,0,33.7,74.4,1,low
TA080056,Tamil Nadu,8,10.69544,79.23077,1780,2.2442,3.7878,1.5436,65.85,-0.2392,-0.2033,0.0359,65.3,80.2,22.57,0.5514,0.6636,0.02244,1,1,24.7,66.1,1,medium
TA220057,Tamil Nadu,22,12.18062,77.2853,400,1.0754,1.4293,0.3539,30.1,-0.0791,-0.0852,-0.0061,32.0,28.9,-9.49,0.35,0.3416,-0.00167,1,0,26.1,99.6,0,low
TA260058,Tamil Nadu,26,8.80461,78.58943,960,0.6265,0.8856,0.2591,35.67,0.1313,0.1319,0.0006,105.3,105.7,0.39,0.5449,0.5134,-0.0063,0,0,35.9,72.4,1,low
TA290059,Tamil Nadu,29,10.45247,78.23187,1219,2.9781,3.7076,0.7295,23.7,0.0705,0.1246,0.0541,105.1,121.7,15.59,0.2653,0.297,0.00635,1,1,21.5,61.5,0,medium
TA050060,Tamil Nadu,5,10.59462,76.90636,742,2.0677,3.6119,1.5442,71.23,-0.2382,-0.1792,0.059,56.2,90.7,60.18,0.6046,0.6242,0.00391,1,1,19.7,40.2,1,medium
TA290061,Tamil Nadu,29,12.04039,77.49059,836,3.0494,4.9208,1.8714,59.42,-0.0758,-0.0277,0.0481,94.0,115.2,22.33,0.2713,0.3673,0.01921,1,1,12.2,33.7,0,medium
TA290062,Tamil Nadu,29,10.10497,78.73539,1610,2.94,4.2714,1.3314,43.8,-0.0335,0.0151,0.0486,91.9,124.7,35.28,0.3216,0.4326,0.02221,1,1,29.8,52.5,1,medium
TA040063,Tamil Nadu,4,11.1362,79.12178,1469,2.8869,4.157,1.2701,42.52,0.0752,0.1015,0.0263,98.9,115.5,16.66,0.2092,0.2919,0.01654,0,2,21.1,34.7,1,medium
TA190064,Tamil Nadu,19,8.45469,77.21693,200,0.5633,0.7926,0.2293,34.58,0.1885,0.18,-0.0085,140.6,138.4,-1.56,0.3456,0.2636,-0.0164,0,0,45.5,63.5,1,low
TA290065,Tamil Nadu,29,12.79891,77.67195,320,0.6381,1.0373,0.3992,54.09,-0.163,-0.1569,0.0061,89.7,93.8,4.51,0.2105,0.1924,-0.00362,0,2,57.9,90.7,0,low
TA080066,Tamil Nadu,8,10.0745,76.80986,2160,2.8695,4.3393,1.4698,49.5,-0.0329,-0.0068,0.0261,107.6,121.3,12.67,0.3964,0.4009,0.00091,1,1,23.1,51.6,0,medium
TA200067,Tamil Nadu,20,9.37917,79.80637,1021,6.2586,16.708,10.4495,164.34,-0.2248,-0.0846,0.1403,81.4,124.1,51.88,0.5146,0.7463,0.04635,1,2,5.3,20.0,1,high
TA230068,Tamil Nadu,23,8.2588,79.57052,4765,2.9793,4.704,1.7247,56.01,-0.2836,-0.2381,0.0455,40.0,52.5,30.5,0.2833,0.3344,0.0102,1,2,22.4,63.5,0,medium
TA180069,Tamil Nadu,18,8.15656,77.66946,1460,2.1849,4.1375,1.9526,85.46,-0.2564,-0.2244,0.032,38.0,60.0,56.66,0.4286,0.5689,0.02806,1,0,14.4,67.5,1,medium
TA260070,Tamil Nadu,26,8.49668,77.40054,424,3.4147,5.0003,1.5856,45.11,0.0713,0.1273,0.056,92.0,126.9,37.48,0.4934,0.534,0.00813,1,0,22.7,49.7,1,medium
TA080071,Tamil Nadu,8,8.2416,77.47874,1290,0.6526,0.6863,0.0336,4.47,-0.2054,-0.2152,-0.0098,53.6,49.1,-8.18,0.3902,0.4347,0.0089,1,0,43.2,72.8,1,low
TA010072,Tamil Nadu,1,11.66344,76.53735,636,0.6508,1.0177,0.3668,48.86,0.1805,0.1731,-0.0074,67.0,63.1,-5.8,0.6343,0.5582,-0.01521,1,2,21.5,88.3,0,low
TA140073,Tamil Nadu,14,10.40378,79.86568,798,2.9747,4.7408,1.7661,57.44,-0.0222,0.0328,0.055,43.1,75.2,72.88,0.3064,0.4543,0.02958,1,1,12.9,55.6,1,medium
TA180074,Tamil Nadu,18,11.77665,78.16252,336,0.6727,0.6479,-0.0248,-3.21,-0.204,-0.2062,-0.0021,45.5,44.2,-2.63,0.3002,0.2321,-0.01362,0,1,29.9,75.2,0,low
TA100075,Tamil Nadu,10,8.79469,76.86295,336,2.7036,4.6314,1.9278,68.76,-0.1739,-0.1414,0.0324,92.9,109.0,17.23,0.51,0.5975,0.0175,0,0,10.0,42.5,1,medium
TA260076,Tamil Nadu,26,13.2735,79.08891,987,0.8525,1.1804,0.3279,34.42,-0.1224,-0.1312,-0.0088,64.0,58.2,-8.92,0.2516,0.3006,0.0098,0,0,44.7,93.9,0,low
TA030077,Tamil Nadu,3,9.07998,79.81457,541,3.0435,3.9176,0.8741,27.81,-0.2712,-0.2171,0.054,25.6,58.6,123.96,0.6417,0.7672,0.02509,1,1,21.8,56.2,1,medium
TA170078,Tamil Nadu,17,11.40624,77.03146,306,0.505,0.7297,0.2247,37.14,0.1695,0.1734,0.004,108.9,111.7,2.54,0.4064,0.3645,-0.00838,0,0,25.3,62.1,0,low
TA170079,Tamil Nadu,17,11.05628,76.32125,1312,6.8459,10.7034,3.8575,55.54,-0.1694,-0.0139,0.1554,29.1,131.4,339.3,0.5966,0.7134,0.02337,1,2,6.8,32.7,1,high
TA190080,Tamil Nadu,19,8.74564,77.78771,1960,8.5641,16.8167,8.2526,95.25,0.1824,0.2717,0.0893,172.1,201.3,16.89,0.3627,0.4678,0.02102,1,2,7.6,32.4,1,high
TA190081,Tamil Nadu,19,12.52463,77.31494,1307,1.1308,1.0371,-0.0936,-7.61,0.0884,0.0931,0.0047,49.4,52.9,6.75,0.4748,0.4983,0.00471,0,2,21.0,80.9,0,low
TA050082,Tamil Nadu,5,9.33843,78.94295,565,0.953,1.3743,0.4213,40.01,-0.13,-0.1222,0.0077,44.6,46.7,4.67,0.4781,0.4925,0.00288,0,2,51.4,88.9,0,low
TA130083,Tamil Nadu,13,11.85532,78.69161,2124,1.4864,1.5731,0.0867,5.47,0.0027,0.0106,0.008,59.3,61.3,3.38,0.5387,0.5446,0.00118,0,1,17.3,76.3,1,low
TA040084,Tamil Nadu,4,13.49761,79.78325,879,1.9322,2.4471,0.5149,25.34,-0.0478,-0.0268,0.021,61.4,72.5,17.8,0.634,0.7046,0.01412,1,0,9.8,48.9,1,medium
TA110085,Tamil Nadu,11,12.16683,78.95909,1227,0.8742,1.1252,0.251,25.77,-0.1749,-0.1568,0.0182,87.5,100.5,14.65,0.4266,0.4605,0.00678,1,0,41.3,57.4,0,low
TA010086,Tamil Nadu,1,13.02106,80.13341,2570,2.6156,4.4919,1.8763,69.09,0.0453,0.0945,0.0492,158.9,191.1,20.15,0.2681,0.3569,0.01776,1,2,26.1,59.5,1,medium
TA140087,Tamil Nadu,14,12.87247,77.57263,400,1.1867,1.15,-0.0367,-2.85,0.1138,0.1041,-0.0098,126.6,120.3,-4.98,0.2675,0.1847,-0.01656,0,0,16.7,59.0,1,low
TA200088,Tamil Nadu,20,8.8995,77.54042,1326,3.1993,3.8672,0.6679,20.24,0.0881,0.105,0.0169,92.6,104.8,13.01,0.3177,0.4278,0.02202,1,1,28.0,42.8,1,medium
TA240089,Tamil Nadu,24,11.32106,80.07258,272,3.5558,4.8237,1.2679,34.68,-0.0905,-0.0402,0.0503,60.5,75.3,24.05,0.6775,0.7481,0.01412,1,2,9.7,47.9,1,medium
TA270090,Tamil Nadu,27,8.1285,78.75043,1025,0.468,0.7419,0.2739,48.22,0.1135,0.12,0.0065,105.1,109.8,4.43,0.3007,0.3003,-7e-05,0,1,40.0,64.0,1,low
TA060091,Tamil Nadu,6,12.23196,77.40428,1225,0.745,1.0077,0.2626,31.08,-0.0642,-0.051,0.0132,94.7,100.1,5.65,0.4493,0.4679,0.00372,1,1,53.8,81.9,0,low
TA280092,Tamil Nadu,28,9.0311,76.34174,848,2.52,4.187,1.667,63.63,-0.1707,-0.1329,0.0378,86.8,114.4,31.45,0.2894,0.3044,0.00301,1,2,26.8,42.5,0,medium
TA010093,Tamil Nadu,1,10.05925,78.89858,1794,2.1689,2.5295,0.3606,15.89,-0.0408,-0.0154,0.0254,62.5,81.3,29.54,0.4268,0.5474,0.02413,1,1,9.8,56.2,1,medium
TA030094,Tamil Nadu,3,8.795,77.0316,1309,9.9862,14.1889,4.2027,41.67,-0.2643,-0.1617,0.1026,22.6,65.8,182.51,0.38,0.5003,0.02406,1,2,12.0,23.8,1,high
TA200095,Tamil Nadu,20,10.91067,78.9345,466,2.4826,3.1435,0.6609,25.59,-0.0387,-0.0279,0.0108,68.1,72.4,6.14,0.5493,0.6883,0.0278,1,0,11.6,40.1,1,medium
TA100096,Tamil Nadu,10,9.68819,78.06111,3780,3.3439,4.1239,0.7801,22.65,-0.0363,0.0186,0.0549,69.6,100.1,43.08,0.6342,0.697,0.01256,1,0,21.3,65.0,1,medium
TA210097,Tamil Nadu,21,11.97366,79.5073,936,0.58,0.5841,0.0042,0.61,-0.0199,-0.0074,0.0126,71.4,77.7,8.69,0.5357,0.5311,-0.00092,1,0,24.6,92.4,1,low
TA290098,Tamil Nadu,29,9.02187,80.18728,433,0.7094,1.0372,0.3278,40.5,-0.0624,-0.0507,0.0117,38.0,44.2,16.08,0.2792,0.204,-0.01505,0,0,23.6,70.5,1,low
TA070099,Tamil Nadu,7,8.47787,78.81381,442,0.6797,0.7997,0.12,15.39,-0.1831,-0.1702,0.0129,76.4,85.7,12.06,0.5212,0.5386,0.00348,0,1,58.1,83.8,1,low
TA250100,Tamil Nadu,25,12.04121,77.09804,1163,2.7902,3.1266,0.3364,11.64,-0.009,0.0228,0.0318,91.0,99.1,8.84,0.6946,0.8157,0.02422,0,2,20.7,57.0,1,medium
TA110101,Tamil Nadu,11,13.00225,76.80191,1073,9.762,16.8122,7.0502,71.49,-0.2653,-0.1698,0.0955,39.2,71.3,79.98,0.6275,0.8056,0.03562,1,2,11.4,32.2,1,high
TA080102,Tamil Nadu,8,12.05494,78.38105,2414,3.9799,4.6052,0.6253,15.33,0.0748,0.1291,0.0543,95.1,120.1,26.03,0.387,0.4968,0.02196,0,2,16.8,32.6,1,medium
TA250103,Tamil Nadu,25,9.48524,78.8145,355,0.3762,0.3908,0.0147,3.08,-0.0437,-0.0333,0.0103,80.3,85.3,6.25,0.6013,0.5188,-0.0165,1,2,33.6,68.1,1,low
TA060104,Tamil Nadu,6,8.75093,76.97082,436,0.4371,0.9195,0.4824,89.82,-0.2186,-0.2282,-0.0097,35.3,32.8,-6.91,0.6846,0.6395,-0.00902,0,0,46.7,57.8,0,low
TA040105,Tamil Nadu,4,9.21626,77.69142,1153,0.4379,0.4674,0.0295,5.49,0.0713,0.0768,0.0055,48.6,52.6,8.12,0.613,0.5532,-0.01195,1,2,57.7,98.5,0,low
TA180106,Tamil Nadu,18,10.89219,76.85821,1175,0.6001,1.092,0.4919,70.26,-0.103,-0.0865,0.0165,92.7,103.6,11.54,0.6087,0.6548,0.0092,1,0,29.4,67.5,0,low
TA240107,Tamil Nadu,24,10.78458,79.82878,200,0.9869,1.3855,0.3985,36.67,0.0918,0.0841,-0.0077,64.9,59.8,-7.72,0.5509,0.506,-0.00899,1,0,40.8,71.5,0,low
TA100108,Tamil Nadu,10,8.42675,79.82916,289,1.1989,1.2288,0.0299,2.3,-0.0698,-0.0738,-0.004,78.2,76.5,-2.18,0.3737,0.3658,-0.00158,1,0,31.3,99.1,0,low
TA280109,Tamil Nadu,28,9.07944,78.64737,200,3.2269,4.311,1.0841,32.59,-0.2676,-0.2226,0.045,62.8,88.9,41.0,0.3091,0.4333,0.02483,0,1,10.7,65.2,1,medium
TA160110,Tamil Nadu,16,8.10849,78.45518,1650,0.6619,0.9357,0.2738,35.94,-0.1379,-0.1348,0.003,74.7,76.0,1.66,0.6926,0.7388,0.00924,0,1,50.7,62.7,0,low
TA230111,Tamil Nadu,23,9.23407,79.8532,229,0.7243,0.9057,0.1814,22.01,0.0436,0.0344,-0.0092,125.8,120.7,-4.04,0.328,0.3086,-0.00387,1,1,42.2,77.4,0,low
TA290112,Tamil Nadu,29,10.98681,79.75938,3233,2.4925,3.2614,0.769,29.66,0.0704,0.092,0.0216,54.7,63.5,15.76,0.6204,0.6589,0.00772,0,1,29.2,34.0,0,medium
TA280113,Tamil Nadu,28,11.14109,78.81958,1068,0.3685,0.4204,0.0518,11.07,-0.0811,-0.0909,-0.0098,97.2,90.0,-7.29,0.4419,0.4271,-0.00296,0,0,44.3,75.4,0,low
TA290114,Tamil Nadu,29,11.19172,79.86993,516,2.5251,4.5239,1.9988,76.14,-0.2421,-0.1917,0.0504,66.3,102.3,53.48,0.5783,0.5783,0.0,1,2,20.9,44.1,1,medium
TA030115,Tamil Nadu,3,8.68092,79.26167,582,0.5253,0.6704,0.145,23.19,-0.2243,-0.2228,0.0015,54.6,55.0,0.88,0.6514,0.5757,-0.01513,0,2,19.0,61.8,1,low
TA110116,Tamil Nadu,11,11.13628,78.23014,712,1.0085,1.2563,0.2478,22.36,-0.2694,-0.271,-0.0017,38.9,38.2,-1.84,0.6757,0.6467,-0.00579,1,0,22.4,87.2,1,low
TA110117,Tamil Nadu,11,10.86702,78.44526,505,0.5129,0.9363,0.4233,69.06,-0.1913,-0.1754,0.0159,91.8,96.0,4.54,0.2158,0.1315,-0.01684,1,2,47.7,79.9,0,low
TA190118,Tamil Nadu,19,10.22181,78.65741,362,2.3242,2.3221,-0.0021,-0.09,-0.1422,-0.1309,0.0113,67.3,73.5,9.09,0.2668,0.1797,-0.01742,0,0,32.3,86.7,1,low
TA130119,Tamil Nadu,13,8.64403,78.58952,1755,2.4173,3.9857,1.5684,62.3,-0.2787,-0.2361,0.0426,57.6,81.1,40.07,0.6524,0.7972,0.02897,1,2,25.6,65.3,1,medium
TA230120,Tamil Nadu,23,9.893,77.74502,4667,2.8812,3.758,0.8768,29.41,-0.2781,-0.2396,0.0386,41.7,60.6,44.41,0.5271,0.5612,0.00681,1,2,18.9,42.6,1,medium
TA110121,Tamil Nadu,11,12.19763,78.78109,1472,2.4027,3.3254,0.9227,36.87,-0.239,-0.2126,0.0264,46.6,60.9,30.05,0.497,0.6379,0.02818,1,2,19.5,46.0,1,medium
TA040122,Tamil Nadu,4,8.62742,79.75847,4066,7.4695,17.0774,9.6079,126.93,-0.1387,0.015,0.1537,42.2,82.2,92.34,0.2292,0.3935,0.03285,1,0,11.5,17.2,1,high
TA150123,Tamil Nadu,15,8.43103,78.56923,568,0.4027,0.4304,0.0277,5.5,-0.0438,-0.0427,0.0011,105.5,106.1,0.57,0.4791,0.4438,-0.00706,1,2,32.4,73.4,0,low
TA180124,Tamil Nadu,18,10.89163,76.57098,640,0.6374,0.6382,0.0009,0.12,-0.0017,-0.0059,-0.0042,71.6,69.5,-2.93,0.6428,0.5743,-0.01369,1,2,33.0,85.7,1,low
TA150125,Tamil Nadu,15,8.27252,79.26523,1841,1.0885,1.3178,0.2293,19.3,-0.1758,-0.1805,-0.0047,89.0,85.5,-3.86,0.6269,0.5551,-0.01436,0,0,45.8,89.4,0,low
TA220126,Tamil Nadu,22,9.37095,79.64076,1270,0.7503,0.907,0.1567,18.43,-0.2365,-0.2255,0.011,77.3,85.1,10.01,0.5843,0.6171,0.00658,0,0,45.8,55.6,0,low
TA110127,Tamil Nadu,11,11.71223,77.36341,717,0.6151,1.0652,0.4501,62.95,0.1037,0.1202,0.0165,170.9,179.4,4.95,0.5816,0.629,0.00947,0,0,59.8,98.1,1,low
TA290128,Tamil Nadu,29,9.18987,76.58465,1706,0.8315,0.8623,0.0308,3.31,0.0368,0.0478,0.011,62.9,70.0,11.09,0.6172,0.5565,-0.01214,0,0,49.9,71.0,0,low
TA010129,Tamil Nadu,1,9.2392,77.39523,791,0.736,0.9314,0.1954,23.37,-0.0438,-0.0474,-0.0036,37.3,35.8,-4.11,0.48,0.4594,-0.00412,0,1,40.4,79.9,1,low
TA110130,Tamil Nadu,11,11.34452,78.44857,677,0.8714,0.7844,-0.087,-8.95,0.1901,0.1881,-0.0019,126.9,125.7,-0.95,0.5323,0.5556,0.00466,0,2,29.0,90.5,0,low
TA070131,Tamil Nadu,7,12.76036,77.76214,1283,7.5154,13.4046,5.8892,77.33,0.1565,0.2959,0.1394,154.6,236.9,52.9,0.6413,0.876,0.04694,1,1,11.8,31.3,1,high
TA150132,Tamil Nadu,15,13.58686,76.47093,1423,2.4535,3.0088,0.5552,21.74,0.1501,0.2066,0.0564,172.2,200.3,16.27,0.5951,0.6522,0.01142,1,2,29.7,68.4,1,medium
TA050133,Tamil Nadu,5,9.33662,78.01959,676,10.8201,22.2877,11.4677,105.01,-0.2397,-0.1187,0.121,29.4,112.8,274.72,0.3303,0.458,0.02554,1,2,14.5,26.3,1,high
TA200134,Tamil Nadu,20,8.5021,76.44022,1140,3.127,3.4445,0.3175,9.84,-0.0997,-0.0598,0.0398,72.5,93.6,28.59,0.4502,0.5776,0.02549,1,1,26.4,51.6,1,medium
TA100135,Tamil Nadu,10,13.56065,79.52075,2908,6.6716,8.9212,2.2496,33.22,0.0172,0.0975,0.0804,147.3,168.1,14.05,0.6892,0.8825,0.03865,1,2,7.7,35.9,1,high
TA150136,Tamil Nadu,15,11.57025,77.14741,869,0.6497,1.0672,0.4175,55.69,-0.1342,-0.1369,-0.0026,51.8,50.2,-2.98,0.6517,0.6823,0.00611,0,2,24.1,79.0,1,low
TA050137,Tamil Nadu,5,12.14542,76.77469,1109,8.6759,18.6052,9.9293,113.14,0.1077,0.1992,0.0915,95.0,131.5,38.1,0.4153,0.5664,0.03021,1,2,12.6,13.9,1,high
TA180138,Tamil Nadu,18,12.09638,76.70119,1533,3.2666,3.6102,0.3436,10.21,0.0563,0.0905,0.0341,82.0,104.4,27.07,0.4702,0.4876,0.00349,0,2,13.5,44.9,0,medium
TA140139,Tamil Nadu,14,9.17261,77.99996,4549,0.7771,0.9566,0.1795,20.47,0.1199,0.118,-0.0018,181.8,180.9,-0.47,0.3344,0.255,-0.01589,1,0,48.3,96.5,0,low
TA160140,Tamil Nadu,16,11.82753,76.49832,1116,2.295,3.973,1.678,70.06,-0.1963,-0.1411,0.0552,34.5,50.9,46.21,0.6795,0.8036,0.02482,1,1,24.0,54.6,1,medium
TA030141,Tamil Nadu,3,11.11521,78.5136,1120,0.7439,0.858,0.1141,13.53,0.0001,0.0112,0.0111,58.5,64.5,9.98,0.5714,0.5075,-0.01279,0,1,41.4,86.8,0,low
TA040142,Tamil Nadu,4,10.66942,79.78056,1720,0.8352,0.8784,0.0432,4.62,0.1711,0.1798,0.0087,114.0,117.9,3.38,0.214,0.2451,0.00622,1,1,41.2,56.5,0,low
TA240143,Tamil Nadu,24,8.8318,78.30767,1049,2.0252,2.5116,0.4864,22.89,0.0694,0.0831,0.0137,145.0,151.8,4.65,0.4826,0.5665,0.01677,1,2,24.7,37.8,0,medium
TA200144,Tamil Nadu,20,8.86895,76.55401,604,0.7788,0.7639,-0.0149,-1.69,0.1414,0.1351,-0.0063,114.6,113.0,-1.39,0.604,0.5182,-0.01716,1,2,31.8,62.1,0,low
TA020145,Tamil Nadu,2,9.71154,78.485,200,0.7929,0.7324,-0.0605,-6.77,-0.2324,-0.2349,-0.0025,53.7,52.9,-1.42,0.4195,0.3232,-0.01926,1,1,57.7,60.4,1,low
TA260146,Tamil Nadu,26,10.01301,79.49709,911,3.1137,4.1938,1.0801,33.61,0.0578,0.0826,0.0248,109.6,120.8,10.06,0.3697,0.4411,0.01429,0,1,19.8,58.3,1,medium
TA250147,Tamil Nadu,25,9.78046,79.18099,867,7.9762,17.4782,9.502,117.65,0.081,0.1955,0.1144,137.1,190.1,38.38,0.3583,0.5864,0.04561,1,2,10.6,31.1,1,high
TA130148,Tamil Nadu,13,9.27602,77.26706,200,0.6289,1.0797,0.4508,61.85,-0.1746,-0.1722,0.0024,71.1,72.4,1.81,0.2037,0.2325,0.00575,1,1,52.9,63.9,1,low
TA040149,Tamil Nadu,4,8.19013,79.1589,2049,7.9657,19.3447,11.379,141.08,0.1841,0.3461,0.1619,149.4,258.8,72.73,0.461,0.6374,0.03528,1,0,17.5,26.8,1,high
TA260150,Tamil Nadu,26,9.57097,78.56785,2129,2.4839,3.2389,0.755,29.22,-0.257,-0.2124,0.0446,67.9,81.0,18.9,0.513,0.6309,0.02357,1,2,17.7,49.1,1,medium
TA090151,Tamil Nadu,9,12.23527,78.0758,322,0.5554,0.8165,0.2611,39.84,0.051,0.0466,-0.0044,63.4,62.2,-2.0,0.5768,0.5114,-0.01308,1,1,38.3,71.5,0,low
TA030152,Tamil Nadu,3,12.98406,77.94307,1769,0.506,0.7238,0.2177,35.93,-0.2784,-0.2654,0.013,43.9,53.6,21.4,0.2909,0.3073,0.00328,0,0,31.7,87.4,1,low
TA120153,Tamil Nadu,12,9.06765,78.55101,421,2.73,3.3277,0.5978,21.12,-0.1231,-0.1108,0.0123,33.2,38.1,14.1,0.2567,0.2865,0.00595,1,2,20.8,55.7,1,medium
TA010154,Tamil Nadu,1,10.78034,78.26594,875,0.7386,1.2196,0.481,57.36,-0.262,-0.2463,0.0157,34.9,41.6,18.63,0.5255,0.44,-0.01709,0,1,51.6,86.3,0,low
TA010155,Tamil Nadu,1,13.43104,79.94252,1198,9.9067,18.9285,9.0218,90.16,-0.0643,0.0477,0.112,76.1,149.1,94.78,0.3114,0.4471,0.02714,1,2,9.5,28.3,1,high
TA020156,Tamil Nadu,2,8.28844,76.76072,1139,0.7805,0.8167,0.0362,4.12,-0.2002,-0.2075,-0.0073,55.4,50.3,-9.04,0.2865,0.3025,0.00319,0,0,34.8,62.6,1,low
TA110157,Tamil Nadu,11,9.06501,79.28317,636,0.5325,0.4513,-0.0812,-12.83,0.1449,0.1479,0.0031,112.3,113.8,1.28,0.6868,0.6607,-0.00521,1,0,54.2,78.1,0,low
TA180158,Tamil Nadu,18,10.18216,79.19258,1122,2.535,4.1658,1.6308,61.89,0.0933,0.1495,0.0562,154.1,190.5,23.44,0.529,0.6567,0.02554,1,2,24.3,66.0,1,medium
TA180159,Tamil Nadu,18,9.27655,79.27996,214,0.8597,1.2947,0.435,45.32,-0.2161,-0.2103,0.0058,77.3,79.1,2.39,0.5608,0.6083,0.0095,1,0,58.6,71.5,0,low
TA240160,Tamil Nadu,24,8.32265,78.03258,1137,7.6193,9.7765,2.1572,27.95,-0.2292,-0.0543,0.1749,53.5,172.4,218.07,0.2998,0.5898,0.05799,1,2,3.4,19.8,1,high
TA180161,Tamil Nadu,18,12.50854,78.27996,1024,0.8661,1.336,0.4699,48.64,-0.0017,0.0109,0.0127,83.4,87.5,4.84,0.3189,0.2959,-0.00459,1,0,44.6,71.5,1,low
TA100162,Tamil Nadu,10,10.82342,79.38974,200,0.4929,0.9225,0.4295,72.45,-0.2793,-0.2822,-0.0028,22.1,20.2,-8.06,0.4659,0.4034,-0.0125,0,1,33.5,67.1,1,low
TA230163,Tamil Nadu,23,8.45586,78.44507,4513,2.9661,3.4907,0.5246,17.11,-0.0827,-0.0232,0.0595,97.5,131.2,34.17,0.6396,0.6661,0.00529,0,1,10.8,37.6,1,medium
TA010164,Tamil Nadu,1,10.88029,79.73479,1852,0.3948,0.798,0.4032,81.48,-0.1235,-0.1328,-0.0093,41.0,36.2,-11.62,0.2141,0.1731,-0.0082,1,0,45.0,82.9,1,low
TA260165,Tamil Nadu,26,13.17321,76.85962,1091,2.7136,4.3536,1.64,58.29,-0.208,-0.1744,0.0336,70.3,79.0,12.25,0.4785,0.4851,0.00131,0,2,17.3,49.2,0,medium
TA030166,Tamil Nadu,3,11.54416,77.34865,1547,1.6292,2.0683,0.4391,25.39,0.0137,0.0111,-0.0026,73.1,72.0,-1.46,0.4626,0.4796,0.00339,1,2,42.6,83.3,1,low
TA150167,Tamil Nadu,15,12.99568,78.5607,4505,3.0809,4.0731,0.9923,31.19,-0.2046,-0.1605,0.0441,37.6,67.4,77.21,0.2273,0.2312,0.00079,1,2,13.0,37.6,0,medium
TA140168,Tamil Nadu,14,12.93509,79.14824,458,0.4383,0.9027,0.4644,86.27,0.1586,0.1754,0.0169,77.1,87.1,12.77,0.2318,0.2607,0.00578,0,0,55.0,68.8,0,low
TA050169,Tamil Nadu,5,9.17941,78.40859,1193,1.4282,1.8916,0.4634,30.32,0.0534,0.0455,-0.0079,44.6,42.5,-4.61,0.3192,0.3038,-0.00308,0,0,36.2,62.0,0,low
TA190170,Tamil Nadu,19,8.84866,80.0891,556,2.0443,3.3812,1.3369,62.35,-0.0162,0.0133,0.0295,115.9,124.5,7.29,0.5595,0.5931,0.00671,1,2,16.9,50.5,1,medium
TA160171,Tamil Nadu,16,9.01352,76.64469,834,1.4003,1.7447,0.3444,22.96,-0.2956,-0.2835,0.0122,29.3,32.6,11.08,0.6843,0.6583,-0.00521,1,2,33.9,99.8,1,low
TA080172,Tamil Nadu,8,11.46583,79.96916,2221,0.5636,0.54,-0.0236,-3.56,-0.135,-0.1287,0.0062,98.5,102.6,4.1,0.5461,0.4768,-0.01386,0,2,41.4,96.6,1,low
TA020173,Tamil Nadu,2,11.34077,77.92717,3338,0.4938,0.4836,-0.0102,-1.71,-0.1082,-0.0894,0.0189,83.1,88.1,5.93,0.2391,0.286,0.00939,0,1,46.3,66.7,0,low
TA270174,Tamil Nadu,27,10.75836,79.82834,420,0.3774,0.7864,0.4089,85.65,-0.026,-0.0315,-0.0054,136.5,133.6,-2.1,0.3962,0.4005,0.00087,0,0,36.6,84.3,0,low
TA190175,Tamil Nadu,19,11.05052,76.80082,3222,8.8431,17.8523,9.0093,100.74,-0.1606,-0.0583,0.1023,96.2,131.9,36.81,0.4402,0.6645,0.04485,1,2,16.3,19.1,0,high
TA130176,Tamil Nadu,13,11.38227,78.81868,1402,0.5899,0.7878,0.1979,28.68,-0.1822,-0.1639,0.0183,78.5,89.5,13.83,0.5463,0.5637,0.00348,1,0,35.7,63.1,1,low
TA280177,Tamil Nadu,28,9.49575,76.74568,851,0.6716,0.6731,0.0015,0.19,0.0418,0.0428,0.001,120.8,121.2,0.34,0.4843,0.4691,-0.00303,0,2,30.5,93.6,1,low
TA290178,Tamil Nadu,29,12.32479,78.09679,1631,8.704,11.1059,2.4018,27.28,0.0494,0.1355,0.0861,79.5,134.0,67.77,0.2557,0.3958,0.02801,1,1,15.4,17.5,1,high
TA140179,Tamil Nadu,14,11.37143,79.08917,621,0.8438,1.3423,0.4985,52.82,-0.0018,0.0081,0.0099,61.9,68.8,10.93,0.555,0.548,-0.0014,1,1,19.3,57.9,0,low
TA240180,Tamil Nadu,24,12.88388,76.88953,2488,9.0695,18.6875,9.618,104.89,-0.2723,-0.0953,0.177,37.7,103.4,170.11,0.6356,0.7889,0.03066,1,2,11.4,11.5,1,high
TA070181,Tamil Nadu,7,10.03932,79.41398,657,1.0198,1.1904,0.1705,15.23,-0.1026,-0.0899,0.0127,101.2,109.0,7.6,0.3878,0.3582,-0.00591,0,2,34.6,75.6,0,low
TA050182,Tamil Nadu,5,11.35021,78.69452,681,4.1402,5.231,1.0908,25.73,-0.0426,-0.0103,0.0323,81.0,99.8,23.01,0.6395,0.6925,0.0106,1,1,26.8,57.3,0,medium
TA080183,Tamil Nadu,8,12.78519,77.80121,599,0.5239,0.9618,0.4379,70.2,-0.1954,-0.1937,0.0018,47.4,47.9,0.93,0.2797,0.3158,0.00721,1,0,38.0,67.3,0,low
TA230184,Tamil Nadu,23,10.12661,79.87351,2358,9.5614,17.0424,7.4809,77.43,-0.0635,0.0945,0.158,39.8,146.0,260.13,0.4756,0.7352,0.05191,1,2,8.5,38.7,1,high
TA010185,Tamil Nadu,1,10.70419,79.15912,934,0.9731,1.0523,0.0792,7.38,0.1419,0.1423,0.0004,93.7,93.9,0.19,0.6998,0.6734,-0.00529,0,2,35.8,97.3,1,low
TA180186,Tamil Nadu,18,11.60185,78.85695,515,0.8125,0.7195,-0.0931,-10.2,-0.2979,-0.3066,-0.0087,24.7,19.4,-20.55,0.6416,0.5802,-0.01227,0,1,37.9,67.6,1,low
TA200187,Tamil Nadu,20,12.02369,79.4852,536,0.5976,0.8595,0.262,37.56,-0.083,-0.0896,-0.0067,72.1,69.2,-4.01,0.2708,0.2794,0.00171,1,2,40.5,91.9,1,low
TA120188,Tamil Nadu,12,13.16744,79.91099,672,0.72,0.7703,0.0503,6.14,0.0846,0.0793,-0.0053,81.6,79.5,-2.58,0.6127,0.5475,-0.01304,1,2,22.9,88.5,0,low
TA220189,Tamil Nadu,22,9.54594,76.9808,1469,0.6608,0.8295,0.1687,22.17,0.147,0.1479,0.0009,50.6,50.8,0.49,0.4787,0.4125,-0.01324,0,1,33.8,96.3,1,low
TA020190,Tamil Nadu,2,9.53197,79.26257,2070,3.7568,4.4616,0.7048,18.28,-0.079,-0.054,0.025,34.7,52.3,49.26,0.5187,0.6673,0.02971,0,2,18.3,32.0,1,medium
TA050191,Tamil Nadu,5,11.9554,77.58068,862,3.2837,4.4302,1.1465,33.88,-0.0358,-0.0021,0.0337,62.6,84.9,35.11,0.5986,0.7294,0.02618,1,0,19.2,36.6,0,medium
TA120192,Tamil Nadu,12,9.41526,77.62041,1016,2.2197,3.8218,1.6021,69.06,-0.0372,0.0002,0.0374,50.2,71.9,42.49,0.5906,0.6502,0.01191,0,0,8.0,45.2,1,medium
TA070193,Tamil Nadu,7,9.16956,78.01768,778,0.7535,0.6728,-0.0807,-9.46,-0.2339,-0.232,0.0018,55.4,56.5,1.91,0.4701,0.3755,-0.01891,1,0,39.9,76.1,0,low
TA210194,Tamil Nadu,21,11.80696,78.87429,979,1.161,1.4998,0.3388,26.87,-0.0399,-0.0404,-0.0005,114.0,113.9,-0.13,0.4249,0.3409,-0.0168,0,1,17.8,60.3,1,low
TA230195,Tamil Nadu,23,9.30344,80.26773,975,3.3793,5.0351,1.6558,47.59,0.0526,0.0962,0.0436,85.0,106.5,25.05,0.3998,0.5425,0.02853,1,0,9.4,60.3,0,medium
TA070196,Tamil Nadu,7,13.47017,77.34209,872,2.2362,3.5531,1.3168,56.37,0.1599,0.178,0.0182,115.6,124.2,7.32,0.2914,0.3286,0.00745,1,1,22.9,66.1,0,medium
TA170197,Tamil Nadu,17,13.23944,79.63409,1047,3.1927,3.564,0.3713,11.28,0.013,0.0319,0.0189,90.2,96.6,7.05,0.3827,0.4651,0.01647,1,2,11.5,69.0,1,medium
TA140198,Tamil Nadu,14,12.58683,79.85766,284,3.2231,4.2152,0.9921,29.86,0.0836,0.0965,0.0129,168.0,175.2,4.24,0.5685,0.649,0.0161,0,0,15.9,63.3,1,medium
TA030199,Tamil Nadu,3,10.78654,79.0213,536,0.6385,0.5466,-0.0919,-12.44,-0.2673,-0.2555,0.0119,38.2,44.0,14.88,0.3573,0.2991,-0.01165,0,2,52.5,62.7,1,low
TA230200,Tamil Nadu,23,9.83113,80.19053,275,0.7096,0.8395,0.1299,16.04,0.0652,0.0601,-0.005,158.7,155.1,-2.29,0.2982,0.2829,-0.00307,0,1,33.3,58.5,0,low
TA210201,Tamil Nadu,21,11.43808,79.89139,352,0.5078,0.4886,-0.0192,-3.16,0.0569,0.0728,0.0159,133.5,144.1,7.84,0.5935,0.4937,-0.01995,1,2,17.5,64.3,1,low
TA270202,Tamil Nadu,27,13.36395,76.45748,3246,3.1911,3.7626,0.5715,17.37,-0.2556,-0.2247,0.0309,67.6,82.9,22.33,0.3427,0.3681,0.00509,1,1,8.2,49.6,1,medium
TA170203,Tamil Nadu,17,11.86559,78.18912,1037,1.2872,1.6693,0.3821,27.55,0.0585,0.0625,0.004,78.2,80.5,2.91,0.4414,0.3989,-0.0085,0,1,43.6,99.3,1,low
TA200204,Tamil Nadu,20,8.20211,76.37186,1222,2.3873,3.1139,0.7266,29.21,-0.2985,-0.2464,0.0521,48.2,70.1,44.43,0.2904,0.3246,0.00683,0,2,17.2,54.1,0,medium
TA040205,Tamil Nadu,4,11.46231,79.71227,1950,0.9805,1.2081,0.2276,21.06,-0.0239,-0.0264,-0.0024,119.9,119.3,-0.52,0.4894,0.5024,0.0026,1,0,42.1,95.5,0,low
TA120206,Tamil Nadu,12,12.90832,76.33677,206,0.8645,1.2867,0.4221,43.77,0.0328,0.0465,0.0137,139.7,148.5,6.29,0.2973,0.2404,-0.01138,1,0,31.9,63.7,0,low
TA220207,Tamil Nadu,22,12.17642,77.24484,1976,0.611,1.101,0.49,68.92,0.0103,0.0017,-0.0087,131.4,127.6,-2.89,0.3868,0.3867,-3e-05,1,1,15.9,55.3,0,low
TA040208,Tamil Nadu,4,8.85223,78.33063,518,0.5985,0.5575,-0.041,-5.87,0.1375,0.1354,-0.002,82.1,80.7,-1.67,0.2956,0.2178,-0.01555,1,1,46.2,90.7,1,low
TA220209,Tamil Nadu,22,9.13308,80.00484,1152,1.4018,1.599,0.1972,13.13,0.036,0.0473,0.0113,133.4,141.3,5.86,0.2331,0.2693,0.00723,0,1,30.8,95.9,1,low
TA160210,Tamil Nadu,16,10.54181,77.04712,1238,0.5658,0.7821,0.2163,32.49,-0.1796,-0.169,0.0106,62.7,69.0,9.84,0.3724,0.2941,-0.01565,0,1,25.3,71.9,1,low
TA170211,Tamil Nadu,17,10.89424,78.52683,888,0.4555,0.419,-0.0365,-6.57,-0.2776,-0.2625,0.0151,23.3,28.9,23.31,0.5388,0.542,0.00063,1,2,41.7,66.1,0,low
TA180212,Tamil Nadu,18,12.91959,80.15372,1053,2.4252,3.8485,1.4234,56.37,0.0815,0.1077,0.0263,142.8,157.4,10.21,0.2934,0.3613,0.01358,1,2,28.9,51.5,1,medium
TA140213,Tamil Nadu,14,10.97777,76.68189,464,1.168,1.4309,0.2628,20.73,0.1316,0.1384,0.0068,141.3,146.1,3.38,0.6539,0.6716,0.00355,1,1,56.5,61.4,0,low
TA150214,Tamil Nadu,15,12.05662,78.55968,607,2.2432,2.8681,0.6248,26.67,-0.1118,-0.0764,0.0354,113.7,129.4,13.63,0.6699,0.6829,0.00259,1,2,25.6,57.2,1,medium
TA020215,Tamil Nadu,2,10.14262,78.77632,407,0.8439,1.1131,0.2693,28.53,-0.2952,-0.3005,-0.0053,49.4,47.7,-3.44,0.4899,0.4318,-0.01161,0,0,40.5,87.4,1,low
TA030216,Tamil Nadu,3,13.57142,77.39875,1776,2.9727,4.4364,1.4637,47.64,-0.1564,-0.137,0.0193,41.0,50.7,23.21,0.4204,0.5555,0.02703,1,1,10.8,32.7,1,medium
TA290217,Tamil Nadu,29,12.94896,76.54268,461,0.4344,0.8932,0.4587,85.84,0.1062,0.1122,0.0059,95.4,97.8,2.52,0.4316,0.4277,-0.00078,1,2,47.8,71.7,1,low
TA100218,Tamil Nadu,10,8.99243,80.27799,761,0.5604,0.9371,0.3767,57.05,-0.1579,-0.1618,-0.0039,98.5,96.8,-1.7,0.3847,0.3343,-0.01009,1,0,18.6,60.6,1,low
TA080219,Tamil Nadu,8,11.66833,78.78929,534,0.8174,1.1068,0.2894,31.55,-0.1472,-0.1295,0.0177,55.4,63.9,15.08,0.4839,0.4578,-0.00522,1,2,27.1,85.4,0,low
TA150220,Tamil Nadu,15,11.38923,77.00649,3169,6.4405,11.2794,4.8389,73.98,-0.2359,-0.1109,0.1249,53.3,86.9,61.74,0.5428,0.8089,0.05323,1,2,6.2,31.9,1,high
TA130221,Tamil Nadu,13,12.80569,77.24229,464,1.8591,3.3731,1.514,77.28,0.1229,0.1478,0.0249,103.5,113.2,9.27,0.5233,0.5874,0.01282,1,2,11.1,67.0,1,medium
TA140222,Tamil Nadu,14,8.4917,76.40584,1824,0.6815,1.1168,0.4353,55.7,-0.0496,-0.0559,-0.0063,76.7,73.3,-4.39,0.3786,0.355,-0.00472,1,0,47.2,82.3,1,low
TA260223,Tamil Nadu,26,9.12821,76.77141,707,3.4417,4.2473,0.8056,22.75,-0.0314,0.0048,0.0362,60.8,84.7,38.7,0.3492,0.3587,0.0019,1,2,12.3,43.3,1,medium
TA020224,Tamil Nadu,2,13.57156,78.51025,778,0.812,1.02,0.208,22.81,-0.1126,-0.1052,0.0074,100.8,104.7,3.87,0.6681,0.5936,-0.0149,0,2,50.2,89.3,1,low
TA140225,Tamil Nadu,14,11.76987,79.50294,2218,10.3482,19.0958,8.7475,83.72,0.0684,0.2344,0.166,58.1,169.4,188.15,0.3791,0.6416,0.05249,1,2,8.8,35.8,1,high
TA090226,Tamil Nadu,9,9.03781,79.10227,925,2.6116,4.2082,1.5966,58.88,-0.1922,-0.179,0.0132,49.6,57.8,16.22,0.5195,0.6285,0.0218,1,0,22.4,43.6,0,medium
TA250227,Tamil Nadu,25,9.4528,77.69871,1464,7.7581,10.5568,2.7987,35.62,0.1241,0.2822,0.1581,125.2,200.0,59.29,0.6139,0.8969,0.0566,1,2,13.0,28.7,1,high
TA190228,Tamil Nadu,19,12.33157,76.89394,1110,0.7398,1.1764,0.4366,51.98,0.1319,0.1261,-0.0058,93.5,91.0,-2.72,0.2193,0.1567,-0.01252,0,0,53.2,79.1,0,low
TA110229,Tamil Nadu,11,12.12182,77.59145,200,1.0794,1.0683,-0.0111,-0.94,-0.0726,-0.071,0.0016,46.1,46.7,1.12,0.3694,0.3969,0.0055,0,1,43.9,85.0,0,low
TA030230,Tamil Nadu,3,11.94949,80.23958,348,0.5959,0.978,0.3821,54.91,-0.2116,-0.2053,0.0063,55.4,58.3,5.01,0.6612,0.5648,-0.01928,1,0,29.1,99.8,0,low
TA240231,Tamil Nadu,24,8.41479,80.26034,1703,0.9307,0.9716,0.041,3.97,-0.2522,-0.2555,-0.0034,58.8,57.7,-1.83,0.3463,0.3489,0.00053,0,0,31.7,62.1,1,low
TA130232,Tamil Nadu,13,11.77555,77.1216,262,1.4053,1.8768,0.4715,31.32,0.1255,0.1186,-0.0069,109.3,104.8,-4.09,0.2775,0.2431,-0.00689,1,1,52.5,95.4,0,low
TA090233,Tamil Nadu,9,10.80491,77.88392,509,0.9465,1.4184,0.4719,45.09,-0.1729,-0.164,0.0089,56.6,61.5,8.5,0.3165,0.3556,0.00783,1,0,28.9,65.6,1,low
TA010234,Tamil Nadu,1,13.00929,76.75765,796,1.1137,1.5502,0.4365,35.96,-0.2711,-0.2716,-0.0005,48.9,48.6,-0.52,0.3118,0.2485,-0.01265,0,0,35.6,77.1,1,low
TA230235,Tamil Nadu,23,13.49606,79.89906,1090,2.8751,3.3737,0.4985,16.76,-0.1935,-0.1501,0.0434,28.1,53.8,88.31,0.2062,0.2753,0.01381,1,1,9.2,56.7,1,medium
TA040236,Tamil Nadu,4,9.9082,79.84462,872,2.5713,3.5829,1.0116,37.87,0.0246,0.0696,0.045,116.2,130.9,12.51,0.4733,0.619,0.02915,1,1,17.1,64.4,0,medium
TA280237,Tamil Nadu,28,8.9269,79.79348,657,0.7158,1.1337,0.4179,51.23,0.0291,0.0314,0.0023,64.0,65.4,2.0,0.5753,0.5681,-0.00144,0,2,21.4,65.3,0,low
TA110238,Tamil Nadu,11,11.44947,79.2333,1034,0.7495,1.0466,0.2971,34.98,0.1084,0.109,0.0006,146.2,146.6,0.26,0.5258,0.4879,-0.00758,0,0,50.6,88.3,0,low
TA040239,Tamil Nadu,4,13.38781,78.96396,1763,8.9296,15.407,6.4774,71.73,-0.0765,0.0319,0.1084,57.3,119.4,106.41,0.2603,0.5278,0.0535,1,2,17.2,11.4,1,high
TA060240,Tamil Nadu,6,13.25242,80.01152,1678,1.0878,1.3783,0.2904,24.45,-0.0571,-0.0556,0.0015,82.7,83.6,1.05,0.2096,0.2487,0.0078,0,0,25.5,82.5,0,low
TA040241,Tamil Nadu,4,9.03107,76.65839,690,1.1089,1.2023,0.0933,7.72,-0.1638,-0.1439,0.0199,33.4,43.9,30.41,0.2094,0.1663,-0.00861,1,1,57.2,92.8,0,low
TA070242,Tamil Nadu,7,10.24696,79.53184,2022,8.7796,19.3383,10.5587,118.91,0.1642,0.3051,0.141,57.3,104.0,80.16,0.6429,0.8613,0.04368,1,2,3.1,40.8,1,high
TA110243,Tamil Nadu,11,8.53237,78.82238,2629,2.8636,3.7505,0.8869,29.93,-0.0544,-0.0248,0.0296,98.4,111.8,13.55,0.3588,0.3861,0.00545,0,1,23.2,65.0,1,medium
TA050244,Tamil Nadu,5,10.09562,79.21309,788,0.5586,1.0212,0.4627,70.26,0.1052,0.104,-0.0012,77.5,77.1,-0.58,0.4108,0.4143,0.0007,0,0,29.2,62.8,0,low
TA030245,Tamil Nadu,3,11.72258,76.59291,849,3.5255,4.8774,1.3519,37.29,0.1403,0.152,0.0117,88.1,93.4,5.94,0.4328,0.4441,0.00226,1,1,28.0,51.9,1,medium
TA110246,Tamil Nadu,11,12.65795,77.62017,1288,2.1402,2.9186,0.7785,34.75,0.1102,0.1232,0.013,178.7,182.5,2.12,0.6618,0.6725,0.00214,0,1,10.7,69.2,1,medium
TA120247,Tamil Nadu,12,8.18153,78.40446,2393,3.4132,5.2774,1.8642,53.06,-0.0537,0.0001,0.0538,122.5,155.6,26.82,0.2483,0.3608,0.0225,0,0,23.1,63.3,0,medium
TA180248,Tamil Nadu,18,10.83281,80.09155,606,1.0951,1.2133,0.1182,9.89,-0.0183,-0.0245,-0.0062,51.7,47.5,-7.92,0.2901,0.2626,-0.0055,0,0,50.4,57.8,1,low
TA200249,Tamil Nadu,20,10.5566,79.86584,1201,1.2703,1.5255,0.2553,18.63,0.1632,0.1716,0.0084,195.2,198.0,1.43,0.3495,0.3263,-0.00464,0,0,45.8,71.8,0,low
TA020250,Tamil Nadu,2,11.17494,79.16905,1348,0.4812,0.4173,-0.0639,-10.99,-0.2237,-0.2092,0.0145,54.3,63.0,15.67,0.5033,0.4422,-0.01222,1,0,19.5,91.6,0,low
TA020251,Tamil Nadu,2,12.94201,77.73025,1814,0.7319,1.0631,0.3312,39.82,-0.211,-0.2169,-0.0059,68.7,64.8,-5.6,0.6775,0.7013,0.00476,0,0,16.5,96.1,0,low
TA290252,Tamil Nadu,29,11.60279,79.1858,601,1.0937,1.2201,0.1264,10.59,-0.1287,-0.1326,-0.0039,49.9,47.8,-4.16,0.3283,0.2761,-0.01044,1,0,59.3,82.7,0,low
TA290253,Tamil Nadu,29,8.42363,76.59957,450,0.6324,1.0182,0.3858,52.68,-0.0727,-0.0773,-0.0046,71.6,68.2,-4.7,0.5124,0.4758,-0.00731,1,1,55.6,83.6,1,low
TA210254,Tamil Nadu,21,9.23973,77.57309,584,1.3387,1.6852,0.3465,24.08,-0.2698,-0.254,0.0158,53.3,59.0,10.64,0.6629,0.595,-0.01358,1,0,31.4,58.3,0,low
TA190255,Tamil Nadu,19,8.76317,78.84999,1383,2.0842,4.0794,1.9952,91.34,0.1541,0.1787,0.0246,122.7,140.4,14.32,0.4428,0.5558,0.0226,1,2,27.7,37.4,1,medium
TA020256,Tamil Nadu,2,12.50851,77.92949,1493,2.7071,3.6979,0.9908,35.29,-0.0544,0.0033,0.0577,58.0,95.7,63.87,0.6228,0.7148,0.01839,1,0,8.7,49.0,0,medium
TA270257,Tamil Nadu,27,8.8067,76.76303,1126,0.6669,1.0676,0.4006,52.24,0.0151,0.0328,0.0177,63.9,69.5,8.68,0.5355,0.4643,-0.01424,1,2,45.8,79.9,1,low
TA220258,Tamil Nadu,22,12.71345,78.49247,1563,2.7826,4.1996,1.417,49.16,0.016,0.0612,0.0453,137.7,169.7,23.07,0.3034,0.3851,0.01634,0,1,12.2,43.5,1,medium
TA270259,Tamil Nadu,27,10.2199,78.58929,223,0.6217,0.7266,0.1049,14.54,-0.2855,-0.2748,0.0106,56.7,59.8,5.38,0.5673,0.581,0.00275,0,0,28.2,94.8,1,low
TA260260,Tamil Nadu,26,11.62304,77.65067,527,0.9521,1.164,0.2119,20.14,-0.2036,-0.2041,-0.0005,50.1,50.0,-0.31,0.4559,0.3717,-0.01682,1,0,28.0,98.9,0,low
TA280261,Tamil Nadu,28,13.05282,80.03593,200,0.7755,0.9679,0.1925,21.98,-0.2928,-0.2772,0.0156,42.5,50.8,19.03,0.6873,0.6818,-0.0011,0,1,16.8,74.2,1,low
TA250262,Tamil Nadu,25,12.38682,79.6789,981,0.5507,0.9407,0.3899,59.92,0.1278,0.1356,0.0078,84.3,88.9,5.38,0.4579,0.4707,0.00255,0,1,26.0,76.6,0,low
TA260263,Tamil Nadu,26,9.66507,77.63632,1884,9.2803,13.0305,3.7501,39.98,0.1265,0.2639,0.1374,171.9,217.4,26.27,0.248,0.4869,0.04777,1,2,17.0,36.0,1,high
TA270264,Tamil Nadu,27,11.32564,79.21664,806,0.6674,1.0761,0.4088,53.27,-0.2827,-0.2749,0.0078,42.8,45.8,6.85,0.5283,0.5044,-0.00477,0,2,54.4,73.4,1,low
TA010265,Tamil Nadu,1,10.26176,77.64057,1727,0.4645,0.7256,0.2611,46.24,-0.0658,-0.0501,0.0158,87.0,92.0,5.66,0.2303,0.1448,-0.01709,1,0,40.0,90.8,0,low
TA230266,Tamil Nadu,23,11.10498,79.63132,228,0.4955,0.468,-0.0275,-4.62,0.0119,0.0031,-0.0088,73.7,70.6,-4.18,0.5983,0.5577,-0.0081,1,2,54.9,71.7,1,low
TA180267,Tamil Nadu,18,11.02505,76.84421,2313,4.1458,5.6372,1.4914,35.13,-0.2086,-0.1536,0.055,35.6,65.2,80.81,0.3157,0.4135,0.01954,1,0,17.4,68.4,1,medium
TA070268,Tamil Nadu,7,12.5744,80.16943,420,0.7808,1.1394,0.3586,40.72,-0.0978,-0.1056,-0.0078,43.7,41.4,-5.05,0.4552,0.3653,-0.01797,1,1,38.2,57.4,0,low
TA030269,Tamil Nadu,3,13.38242,77.69371,749,0.8872,0.8326,-0.0546,-5.53,-0.0598,-0.0602,-0.0004,42.1,41.9,-0.39,0.5598,0.5468,-0.00261,0,0,50.8,65.8,0,low
TA160270,Tamil Nadu,16,8.40224,77.55291,6196,2.1394,2.798,0.6586,29.41,0.1369,0.1888,0.0519,151.0,179.6,18.84,0.431,0.552,0.0242,1,2,29.0,40.2,1,medium
TA070271,Tamil Nadu,7,9.88682,80.18178,997,1.3503,1.7429,0.3925,27.07,-0.2595,-0.2663,-0.0069,38.8,34.2,-11.58,0.573,0.5881,0.00302,1,2,28.4,77.8,0,low
TA200272,Tamil Nadu,20,13.38552,76.79357,1865,0.6541,0.6455,-0.0086,-1.14,-0.0578,-0.0562,0.0015,124.5,125.2,0.55,0.2345,0.2488,0.00284,1,0,57.7,83.0,0,low
TA090273,Tamil Nadu,9,12.26569,79.65815,534,2.3487,3.3017,0.953,38.92,-0.228,-0.1706,0.0574,22.7,44.8,93.84,0.3642,0.4943,0.02603,1,1,13.9,31.3,1,medium
TA010274,Tamil Nadu,1,9.42468,78.85843,1327,0.9345,0.8982,-0.0363,-3.51,-0.1237,-0.1174,0.0064,112.7,115.3,2.29,0.3647,0.4134,0.00974,1,0,18.9,56.6,0,low
TA150275,Tamil Nadu,15,9.44011,77.3628,558,0.7376,0.854,0.1164,13.9,0.0428,0.0424,-0.0004,83.2,82.9,-0.29,0.6228,0.5884,-0.00687,1,0,58.8,97.9,0,low
TA050276,Tamil Nadu,5,12.72234,79.58187,1113,2.4841,3.283,0.7989,30.92,0.1103,0.1357,0.0255,162.8,179.2,10.03,0.3648,0.458,0.01864,1,0,14.0,55.6,0,medium
TA120277,Tamil Nadu,12,10.05048,79.38966,1113,0.842,0.9121,0.0701,7.44,0.018,0.0225,0.0045,39.0,42.3,8.25,0.5568,0.5292,-0.00552,1,1,37.8,61.0,0,low
TA180278,Tamil Nadu,18,9.1023,78.07352,877,8.9048,16.0344,7.1295,79.17,-0.1496,-0.0811,0.0685,46.1,74.7,60.69,0.5323,0.7514,0.04383,1,2,8.6,45.0,1,high
TA110279,Tamil Nadu,11,8.137,80.21838,787,0.7108,0.6818,-0.029,-3.58,0.0262,0.044,0.0178,64.9,71.6,10.2,0.2631,0.1744,-0.01775,0,0,43.6,65.2,0,low
TA060280,Tamil Nadu,6,11.08916,76.92904,2008,0.6899,1.0168,0.3269,41.39,0.1546,0.1601,0.0055,77.9,80.0,2.66,0.4951,0.4289,-0.01325,0,0,50.9,61.8,0,low
TA020281,Tamil Nadu,2,13.32907,80.17106,200,0.4749,0.5828,0.1079,18.77,-0.1856,-0.1664,0.0192,86.1,92.6,7.43,0.2359,0.2676,0.00634,0,1,50.9,59.5,0,low
TA040282,Tamil Nadu,4,9.71139,77.9478,579,0.6631,0.9316,0.2685,35.19,0.1044,0.1065,0.0021,154.7,156.1,0.91,0.3041,0.2599,-0.00884,0,1,18.4,82.9,0,low
TA020283,Tamil Nadu,2,8.52879,79.56616,554,2.0874,3.2489,1.1615,53.1,0.0931,0.1334,0.0402,98.7,122.5,23.92,0.2779,0.3183,0.00807,0,2,23.1,36.3,0,medium
TA260284,Tamil Nadu,26,8.36614,79.0777,602,0.9611,1.2156,0.2545,23.98,0.0316,0.0494,0.0178,66.0,78.2,18.17,0.6604,0.6967,0.00728,1,0,35.3,88.8,1,low
TA030285,Tamil Nadu,3,12.86295,76.32414,469,2.5447,2.9378,0.3931,14.86,-0.2685,-0.2531,0.0154,42.7,50.1,16.87,0.2156,0.3607,0.02903,1,1,15.3,53.9,0,medium
TA140286,Tamil Nadu,14,10.87036,76.831,1330,2.0316,2.7899,0.7583,35.58,0.0353,0.0771,0.0417,104.4,128.1,22.45,0.4052,0.528,0.02456,1,2,12.7,53.1,1,medium
TA220287,Tamil Nadu,22,11.49895,79.95541,693,3.0265,4.3449,1.3184,42.17,0.0602,0.0763,0.0162,44.8,51.2,13.93,0.4056,0.5496,0.0288,0,0,12.6,40.3,1,medium
TA250288,Tamil Nadu,25,10.23601,77.43074,308,0.4372,0.4156,-0.0216,-4.02,-0.2569,-0.2578,-0.0009,18.5,18.1,-2.1,0.6285,0.5448,-0.01674,1,1,29.6,63.3,1,low
TA070289,Tamil Nadu,7,10.89562,78.4542,792,3.7906,5.6178,1.8272,46.96,-0.0582,-0.0106,0.0475,123.5,157.2,27.08,0.4634,0.5159,0.01049,0,2,22.7,60.9,0,medium
TA210290,Tamil Nadu,21,9.86715,79.47883,3388,8.0964,17.1597,9.0633,110.58,-0.1063,0.0218,0.128,70.7,114.8,61.64,0.4464,0.7079,0.0523,1,2,9.3,30.0,1,high
TA050291,Tamil Nadu,5,11.1362,79.34569,498,0.9155,1.2661,0.3506,34.52,-0.1903,-0.1716,0.0187,89.7,103.0,14.71,0.3373,0.3192,-0.00364,0,0,57.8,90.2,1,low
TA100292,Tamil Nadu,10,11.21253,77.35404,757,7.6112,19.0458,11.4346,148.29,-0.2223,-0.1322,0.0901,70.3,136.3,92.65,0.2722,0.5242,0.05041,1,2,6.8,18.0,1,high
TA020293,Tamil Nadu,2,12.15793,77.71986,1827,2.3851,3.4579,1.0728,43.17,-0.2857,-0.2516,0.0341,46.2,67.9,46.0,0.5436,0.5721,0.0057,0,0,20.8,63.2,0,medium
TA010294,Tamil Nadu,1,12.49044,79.29316,822,0.9212,0.8687,-0.0526,-5.15,0.0752,0.0704,-0.0048,100.6,98.8,-1.77,0.521,0.5101,-0.00219,1,2,21.2,61.1,0,low
TA210295,Tamil Nadu,21,10.51175,79.43884,1767,9.8137,15.1589,5.3453,53.92,-0.154,-0.0265,0.1275,59.6,135.6,125.51,0.5098,0.8029,0.05863,1,2,15.2,40.9,1,high
TA080296,Tamil Nadu,8,8.1287,77.5484,3292,0.8499,1.185,0.3351,35.28,-0.0372,-0.0284,0.0088,102.5,108.7,5.97,0.2704,0.1989,-0.0143,0,1,35.4,55.5,0,low
TA070297,Tamil Nadu,7,13.09426,78.95459,2039,1.9969,2.712,0.7151,34.1,-0.2793,-0.234,0.0453,61.1,87.9,43.22,0.5222,0.6592,0.02741,1,0,13.1,67.0,0,medium
TA170298,Tamil Nadu,17,12.64397,80.08171,438,0.6869,0.6454,-0.0415,-5.27,-0.1909,-0.1991,-0.0082,78.5,73.2,-6.61,0.2803,0.2506,-0.00593,1,0,40.6,58.4,1,low
TA160299,Tamil Nadu,16,10.65499,78.33499,412,1.2994,1.5523,0.2528,18.07,0.1968,0.1941,-0.0027,103.1,102.1,-0.95,0.6313,0.6574,0.00523,0,2,52.1,89.1,1,low
AN020000,Andhra Pradesh,2,14.00833,78.2122,716,8.899,17.3389,8.4398,93.79,-0.1184,-0.0274,0.091,51.7,118.0,125.81,0.6456,0.8302,0.03693,0,1,4.9,14.3,1,high
AN040001,Andhra Pradesh,4,17.78268,80.09948,891,2.1259,2.2131,0.0873,3.92,-0.1205,-0.1032,0.0173,60.7,68.4,12.44,0.3223,0.3104,-0.00237,1,0,48.4,89.5,0,low
AN290002,Andhra Pradesh,29,17.9227,84.08064,621,0.4669,0.9155,0.4486,79.14,-0.0795,-0.0618,0.0177,108.1,113.1,4.56,0.5728,0.487,-0.01718,0,0,15.9,78.8,1,low
AN070003,Andhra Pradesh,7,12.67461,79.57085,200,1.0227,1.0795,0.0568,5.06,0.1137,0.1224,0.0087,97.9,103.1,5.28,0.4722,0.4548,-0.00348,1,1,58.3,97.5,1,low
AN260004,Andhra Pradesh,26,12.7269,80.3625,505,2.9378,4.0247,1.0869,35.78,-0.2736,-0.2595,0.0141,54.6,63.0,15.19,0.2767,0.2803,0.00071,1,1,27.4,32.9,1,medium
AN230005,Andhra Pradesh,23,17.47247,77.29477,915,6.8368,15.5406,8.7038,125.47,0.0361,0.1852,0.1491,150.4,211.0,40.02,0.6114,0.7379,0.02531,1,2,10.6,31.1,1,high
AN030006,Andhra Pradesh,3,13.79432,78.09415,1557,2.2524,3.7237,1.4713,62.54,-0.1921,-0.138,0.054,65.6,103.9,57.53,0.3905,0.3924,0.00038,1,2,16.1,45.4,1,medium
AN280007,Andhra Pradesh,28,17.79921,78.82196,200,0.7965,0.9383,0.1417,15.81,-0.1956,-0.2055,-0.0099,50.2,45.8,-8.6,0.6874,0.6168,-0.01412,1,1,50.9,72.4,0,low
AN130008,Andhra Pradesh,13,17.49408,84.65302,566,2.9276,4.2354,1.3077,43.19,-0.0183,0.025,0.0433,66.1,88.8,33.81,0.5884,0.7256,0.02743,1,1,30.0,65.7,1,medium
AN050009,Andhra Pradesh,5,17.86439,79.44875,758,0.5754,0.491,-0.0844,-12.5,0.1235,0.1276,0.0041,144.8,146.4,1.08,0.3113,0.275,-0.00726,1,0,25.0,55.8,0,low
AN010010,Andhra Pradesh,1,14.26646,78.65255,727,0.9299,0.8828,-0.0471,-4.57,0.0644,0.077,0.0126,57.2,65.6,14.45,0.5834,0.5394,-0.0088,1,0,17.0,94.8,0,low
AN070011,Andhra Pradesh,7,14.82844,84.44241,806,2.2608,3.0365,0.7757,32.86,-0.265,-0.2285,0.0365,21.0,36.0,67.8,0.2976,0.4025,0.02099,1,1,20.3,64.0,1,medium
AN020012,Andhra Pradesh,2,18.41928,78.51018,2542,0.5341,0.9377,0.4036,63.66,-0.0238,-0.0225,0.0013,125.7,126.1,0.31,0.6826,0.612,-0.01412,0,1,55.1,80.9,1,low
AN190013,Andhra Pradesh,19,18.97301,78.29047,5759,9.6892,20.1116,10.4224,106.47,-0.2387,-0.103,0.1357,39.7,117.7,191.93,0.6507,0.7743,0.02472,1,2,8.1,18.2,1,high
AN080014,Andhra Pradesh,8,12.60938,82.49058,1351,3.1803,4.5212,1.3409,40.88,-0.0614,-0.0153,0.0461,54.0,67.0,23.54,0.5621,0.6048,0.00854,1,2,12.3,50.9,1,medium
AN190015,Andhra Pradesh,19,14.12515,82.86641,200,0.4107,0.7236,0.3129,61.27,0.0373,0.056,0.0187,55.9,60.8,8.53,0.2763,0.28,0.00075,0,2,47.6,60.1,1,low
AN290016,Andhra Pradesh,29,14.00008,81.8107,608,0.4388,0.8589,0.4201,77.97,-0.1408,-0.1291,0.0117,70.4,73.3,4.14,0.2689,0.2864,0.0035,1,1,30.1,62.4,0,low
AN160017,Andhra Pradesh,16,18.10543,82.26898,200,0.7206,0.7711,0.0504,6.15,0.0374,0.0403,0.0029,94.6,96.3,1.75,0.6153,0.6492,0.00679,0,0,54.2,60.1,1,low
AN230018,Andhra Pradesh,23,12.65068,77.54301,379,0.9477,1.0663,0.1187,11.33,0.1531,0.1694,0.0163,64.5,68.8,6.56,0.6551,0.6375,-0.00352,0,0,50.6,84.4,0,low
AN170019,Andhra Pradesh,17,18.95185,79.31532,381,2.255,3.1179,0.8629,36.64,0.0025,0.0201,0.0176,126.5,139.3,10.09,0.511,0.6264,0.02308,1,2,27.0,49.4,1,medium
AN170020,Andhra Pradesh,17,19.63779,82.59701,1703,2.2438,3.4136,1.1698,49.91,-0.0543,-0.0187,0.0356,82.7,93.4,12.72,0.5883,0.5909,0.00051,0,1,10.1,60.0,0,medium
AN230021,Andhra Pradesh,23,14.68643,82.21871,546,0.6607,1.1212,0.4605,60.53,0.0865,0.1045,0.0179,46.7,54.2,15.85,0.6418,0.6684,0.00531,1,0,58.6,82.0,0,low
AN080022,Andhra Pradesh,8,12.61419,80.58008,1234,6.8814,17.0805,10.1992,146.09,-0.2788,-0.2224,0.0564,36.2,53.0,45.24,0.3203,0.5088,0.03772,1,1,4.4,17.5,1,high
AN140023,Andhra Pradesh,14,19.58588,84.26873,2136,0.4444,0.6106,0.1662,30.52,0.108,0.102,-0.006,113.9,112.3,-1.42,0.623,0.5649,-0.01162,0,0,38.5,94.0,0,low
AN270024,Andhra Pradesh,27,15.69812,78.6663,1135,1.9661,2.6327,0.6666,32.27,-0.2622,-0.2426,0.0195,32.2,43.4,33.93,0.567,0.5852,0.00364,1,1,11.4,42.0,1,medium
AN280025,Andhra Pradesh,28,15.1486,77.28658,1147,2.5694,3.0804,0.511,19.14,-0.2249,-0.1855,0.0394,79.0,90.6,14.41,0.5364,0.6361,0.01994,1,2,16.0,51.1,0,medium
AN120026,Andhra Pradesh,12,12.82659,79.68765,200,3.2664,4.5953,1.3289,39.48,-0.1697,-0.1303,0.0394,54.9,81.7,47.83,0.6557,0.7082,0.01052,0,2,27.6,41.9,1,medium
AN020027,Andhra Pradesh,2,18.48769,84.2764,460,0.6428,0.5553,-0.0875,-11.78,-0.2567,-0.2395,0.0172,49.2,62.1,25.71,0.6127,0.5474,-0.01306,1,0,30.7,95.7,1,low
AN250028,Andhra Pradesh,25,18.056,80.76956,200,1.0968,1.0861,-0.0107,-0.89,-0.0248,-0.0109,0.0139,116.6,122.9,5.4,0.5323,0.4617,-0.01413,1,0,20.5,85.8,0,low
AN090029,Andhra Pradesh,9,19.89943,82.35898,1556,2.0077,3.5293,1.5216,72.19,-0.2165,-0.1712,0.0452,64.9,95.5,46.53,0.5961,0.7303,0.02683,1,0,11.7,50.0,1,medium
AN270030,Andhra Pradesh,27,15.7334,84.09557,3060,6.5722,12.9423,6.3701,95.47,-0.0476,0.1059,0.1536,51.9,114.4,118.05,0.2568,0.5157,0.05178,1,2,5.8,27.2,1,high
AN120031,Andhra Pradesh,12,17.14422,77.09794,382,9.8559,20.2975,10.4416,104.88,-0.0608,0.0046,0.0654,112.7,134.5,19.15,0.3846,0.6773,0.05853,1,2,3.4,23.7,1,high
AN090032,Andhra Pradesh,9,14.36016,77.94767,583,2.0978,3.188,1.0902,49.6,-0.0122,0.0001,0.0123,103.7,112.5,8.48,0.5261,0.5276,0.00029,0,2,23.6,31.5,1,medium
AN170033,Andhra Pradesh,17,18.03658,78.46137,484,0.6941,1.0608,0.3667,46.18,-0.1843,-0.1785,0.0057,33.5,37.5,11.36,0.2602,0.2626,0.00048,0,0,30.3,85.1,0,low
AN130034,Andhra Pradesh,13,12.85533,79.9017,662,2.0261,2.5462,0.5201,24.46,0.0447,0.0671,0.0224,74.9,82.2,9.61,0.2482,0.3893,0.02822,1,1,21.2,33.8,0,medium
AN130035,Andhra Pradesh,13,17.17283,78.02035,2087,3.1337,4.5912,1.4575,45.07,-0.1924,-0.1785,0.014,26.7,32.1,19.26,0.6265,0.7489,0.02448,1,1,24.2,30.8,1,medium
AN130036,Andhra Pradesh,13,13.36596,84.66537,638,10.309,20.9692,10.6602,102.41,0.1006,0.1787,0.0781,89.5,113.1,26.18,0.6129,0.8904,0.05551,1,2,10.7,20.3,1,high
AN100037,Andhra Pradesh,10,15.5021,81.28683,320,0.9464,0.8944,-0.052,-4.97,-0.172,-0.1636,0.0085,50.8,54.4,7.03,0.528,0.5166,-0.00227,1,1,34.8,71.4,0,low
AN280038,Andhra Pradesh,28,12.65996,79.56712,1321,1.1936,1.6659,0.4723,36.51,0.0769,0.0871,0.0102,67.5,74.1,9.66,0.5199,0.4999,-0.004,1,2,33.3,78.9,0,low
AN110039,Andhra Pradesh,11,15.34061,77.41949,1835,8.3916,14.0342,5.6425,66.45,-0.1341,0.0269,0.161,99.0,152.2,53.27,0.6003,0.8013,0.0402,1,2,5.7,14.7,1,high
AN030040,Andhra Pradesh,3,19.10406,82.35347,893,3.4341,3.7658,0.3317,9.39,-0.1775,-0.1487,0.0288,34.4,53.0,52.54,0.5607,0.6353,0.01492,1,2,14.1,34.1,0,medium
AN290041,Andhra Pradesh,29,15.56798,80.17198,4282,0.707,0.7647,0.0577,7.15,-0.145,-0.135,0.0099,50.9,57.1,11.94,0.6913,0.6856,-0.00115,0,0,30.2,96.0,0,low
AN200042,Andhra Pradesh,20,18.42476,76.86206,761,10.3993,15.3484,4.949,47.14,0.123,0.2192,0.0962,48.5,115.2,134.76,0.5983,0.8768,0.0557,1,2,6.3,41.3,1,high
AN150043,Andhra Pradesh,15,13.63368,84.11765,3352,0.7631,1.2489,0.4858,56.28,-0.0377,-0.0426,-0.0049,97.6,95.5,-2.12,0.6235,0.6508,0.00546,0,0,26.6,97.6,1,low
AN050044,Andhra Pradesh,5,14.24036,82.84305,781,2.2203,3.291,1.0708,46.15,-0.2617,-0.2132,0.0486,55.5,68.3,22.54,0.3909,0.5109,0.024,1,2,29.0,65.0,0,medium
AN270045,Andhra Pradesh,27,17.45828,82.00144,939,1.1204,1.4361,0.3157,25.87,-0.2869,-0.2843,0.0026,20.0,21.2,5.88,0.5024,0.4379,-0.01289,0,0,15.6,72.8,1,low
AN110046,Andhra Pradesh,11,14.5752,79.11842,271,0.5902,0.8162,0.226,32.75,-0.1081,-0.1107,-0.0026,112.9,111.4,-1.35,0.6958,0.6868,-0.0018,0,0,51.5,61.8,0,low
AN270047,Andhra Pradesh,27,12.80271,77.35573,1194,3.0952,3.4312,0.336,10.51,0.0533,0.0668,0.0135,114.4,118.3,3.4,0.2231,0.373,0.02997,0,2,12.7,45.3,1,medium
AN120048,Andhra Pradesh,12,17.08777,81.94846,458,0.611,0.5954,-0.0156,-2.2,-0.04,-0.0265,0.0135,69.1,74.8,8.24,0.4964,0.5044,0.00161,0,1,22.0,71.9,1,low
AN170049,Andhra Pradesh,17,14.89111,77.12357,849,1.2539,1.5912,0.3373,24.92,-0.2365,-0.2405,-0.004,54.7,52.4,-4.05,0.3087,0.3226,0.00278,1,2,29.9,78.1,0,low
AN100050,Andhra Pradesh,10,14.37811,77.56644,827,0.9156,1.3668,0.4513,44.43,-0.0743,-0.0717,0.0026,74.8,76.8,2.55,0.5402,0.531,-0.00183,1,0,53.0,72.7,1,low
AN080051,Andhra Pradesh,8,17.68446,83.14864,709,0.6622,0.9836,0.3214,42.17,0.0703,0.0659,-0.0044,155.5,153.2,-1.45,0.4253,0.3482,-0.01542,0,0,44.2,62.3,1,low
AN010052,Andhra Pradesh,1,17.7806,81.34406,989,0.677,0.6205,-0.0566,-7.28,0.0533,0.0475,-0.0058,97.4,95.7,-1.75,0.5701,0.5663,-0.00077,0,0,20.7,99.8,0,low
AN290053,Andhra Pradesh,29,13.84465,80.72374,3222,8.7488,18.1469,9.3981,106.21,0.081,0.139,0.058,44.7,76.1,68.76,0.3806,0.6672,0.05731,0,2,17.3,36.0,1,high
AN200054,Andhra Pradesh,20,14.58948,78.36206,4297,6.3372,16.8549,10.5177,163.39,0.0272,0.2045,0.1774,152.8,247.7,61.7,0.5638,0.7298,0.0332,1,2,3.5,17.8,1,high
AN250055,Andhra Pradesh,25,16.07347,82.3085,989,0.7101,0.6399,-0.0702,-8.66,0.0015,-0.0005,-0.002,146.4,145.3,-0.79,0.5575,0.5093,-0.00963,0,1,36.6,99.7,1,low
AN020056,Andhra Pradesh,2,14.39961,77.96936,895,2.1182,3.8483,1.7301,77.99,-0.0474,-0.0239,0.0235,77.6,86.8,11.76,0.5813,0.6936,0.02247,1,2,18.0,51.6,1,medium
AN030057,Andhra Pradesh,3,15.88456,78.95566,757,2.5585,3.7199,1.1614,43.69,0.0008,0.0363,0.0355,65.4,88.3,34.55,0.4537,0.5186,0.01298,1,1,15.8,65.5,0,medium
AN140058,Andhra Pradesh,14,16.53673,82.99742,488,0.4128,0.7048,0.292,56.95,0.0044,0.0123,0.0078,99.0,102.3,3.28,0.2791,0.2435,-0.00711,0,0,32.8,94.9,0,low
AN220059,Andhra Pradesh,22,17.91992,80.74328,975,0.8215,1.001,0.1794,19.47,-0.2297,-0.2184,0.0113,53.5,61.9,15.41,0.5222,0.4805,-0.00835,0,0,55.2,63.4,1,low
AN140060,Andhra Pradesh,14,17.44987,84.45092,956,0.5517,0.9628,0.4111,63.09,-0.2155,-0.208,0.0075,23.8,27.0,12.85,0.643,0.6367,-0.00126,1,0,41.3,92.7,0,low
AN250061,Andhra Pradesh,25,19.41053,77.88147,1223,2.7989,4.3267,1.5278,52.7,-0.0916,-0.0661,0.0255,91.1,99.6,9.2,0.3233,0.4587,0.02708,1,1,28.9,44.0,0,medium
AN090062,Andhra Pradesh,9,13.79308,79.8924,291,0.738,0.933,0.195,23.27,-0.1716,-0.1671,0.0046,45.5,48.0,5.41,0.6507,0.5887,-0.0124,0,1,28.7,58.6,0,low
AN250063,Andhra Pradesh,25,13.30485,83.36831,1302,0.627,0.7125,0.0854,11.75,-0.0004,0.0067,0.0072,96.6,98.5,1.93,0.2606,0.2898,0.00582,0,0,43.1,64.1,0,low
AN120064,Andhra Pradesh,12,13.40727,80.08674,978,0.5101,0.6921,0.182,29.82,-0.1286,-0.134,-0.0054,45.2,43.5,-3.69,0.5087,0.4228,-0.01717,0,1,36.4,63.0,0,low
AN280065,Andhra Pradesh,28,13.0817,79.81247,420,0.7842,0.8555,0.0714,8.07,-0.2961,-0.287,0.0091,47.9,52.3,8.91,0.4074,0.3735,-0.00679,0,0,44.6,86.0,0,low
AN020066,Andhra Pradesh,2,16.45375,81.71842,238,0.6237,0.6199,-0.0038,-0.52,0.1669,0.1587,-0.0082,132.8,130.6,-1.61,0.4195,0.4326,0.00261,0,1,25.3,85.2,0,low
AN150067,Andhra Pradesh,15,18.43868,82.9749,2102,2.6633,3.1408,0.4776,17.28,0.1882,0.2296,0.0414,116.2,127.8,9.9,0.3858,0.4887,0.02059,1,2,27.5,50.8,1,medium
AN210068,Andhra Pradesh,21,15.42025,79.60866,3091,1.0693,1.2066,0.1373,11.74,-0.2195,-0.2081,0.0114,56.8,62.6,10.04,0.4651,0.4253,-0.00795,0,1,29.6,72.6,0,low
AN160069,Andhra Pradesh,16,19.6774,79.78496,1857,2.9629,3.2917,0.3288,10.73,0.059,0.0787,0.0197,46.8,53.7,14.5,0.6637,0.7513,0.01752,1,0,17.3,35.2,1,medium
AN210070,Andhra Pradesh,21,14.21882,79.24155,1307,8.9026,11.0054,2.1029,23.36,0.1921,0.356,0.1639,69.1,147.4,111.71,0.3823,0.5361,0.03075,1,2,15.9,40.4,1,high
AN140071,Andhra Pradesh,14,16.5312,78.93692,925,0.7771,0.8697,0.0926,10.55,-0.2414,-0.2217,0.0196,42.2,49.1,15.96,0.2841,0.3031,0.00379,1,2,44.4,73.6,0,low
AN130072,Andhra Pradesh,13,18.99787,84.35235,663,3.0602,4.8927,1.8325,57.99,0.1013,0.1266,0.0253,90.2,98.8,9.43,0.4338,0.481,0.00944,1,1,20.1,56.9,0,medium
AN260073,Andhra Pradesh,26,18.40898,77.9672,200,0.979,1.2237,0.2447,22.68,-0.1208,-0.1125,0.0083,87.3,91.7,4.95,0.3954,0.2959,-0.01991,1,0,26.3,87.8,0,low
AN110074,Andhra Pradesh,11,18.01007,82.17001,1180,0.9763,0.9059,-0.0704,-6.55,0.1429,0.1601,0.0172,81.7,91.9,12.35,0.5277,0.4722,-0.01111,1,0,34.8,71.3,1,low
AN070075,Andhra Pradesh,7,16.33615,78.91014,5182,2.9296,4.8607,1.9311,63.74,-0.2203,-0.1696,0.0507,69.5,96.9,38.91,0.4688,0.5714,0.02051,0,2,23.8,51.5,0,medium
AN290076,Andhra Pradesh,29,14.41663,83.84063,503,3.1658,4.4398,1.274,39.01,-0.2973,-0.2465,0.0508,26.0,47.2,78.49,0.4136,0.5048,0.01824,1,2,17.6,52.9,0,medium
AN080077,Andhra Pradesh,8,16.40025,81.37041,698,3.2445,4.5149,1.2705,37.99,-0.1909,-0.1704,0.0205,67.8,83.1,22.28,0.5474,0.5541,0.00135,1,2,20.6,47.6,1,medium
AN140078,Andhra Pradesh,14,16.91682,80.20185,688,0.4575,0.719,0.2615,46.91,0.0164,0.0103,-0.0061,145.6,144.0,-1.08,0.5214,0.5271,0.00114,1,1,32.7,99.5,0,low
AN260079,Andhra Pradesh,26,14.54165,83.62341,764,0.9204,1.0765,0.1561,15.3,-0.1847,-0.1818,0.0029,29.1,30.0,2.86,0.374,0.4129,0.00779,0,0,25.8,99.1,1,low
AN180080,Andhra Pradesh,18,13.96153,78.1071,1410,0.6824,1.0244,0.3419,43.7,-0.2817,-0.2797,0.002,40.1,41.3,2.93,0.2135,0.1574,-0.01122,1,0,26.8,94.3,1,low
AN080081,Andhra Pradesh,8,13.2244,80.9483,681,0.5591,0.4761,-0.083,-12.6,-0.1603,-0.1478,0.0125,29.4,37.3,25.78,0.404,0.3312,-0.01458,0,2,18.7,75.5,0,low
AN290082,Andhra Pradesh,29,15.78445,79.11188,776,0.8836,0.8213,-0.0623,-6.33,-0.2936,-0.2751,0.0185,28.4,42.1,46.48,0.5066,0.469,-0.00751,1,1,33.1,98.7,0,low
AN240083,Andhra Pradesh,24,15.52946,80.46728,1876,7.1707,17.3011,10.1304,139.33,-0.1477,0.0038,0.1516,101.1,157.1,54.81,0.4603,0.6149,0.03091,1,2,11.0,17.8,1,high
AN180084,Andhra Pradesh,18,13.50555,80.6582,3037,8.5319,12.467,3.9351,45.59,-0.1242,0.0531,0.1773,86.5,142.7,64.22,0.5987,0.7132,0.0229,1,2,14.6,29.8,0,high
AN080085,Andhra Pradesh,8,18.19382,78.90343,890,0.3594,0.7199,0.3605,78.48,-0.2747,-0.2841,-0.0094,65.4,62.9,-3.83,0.4092,0.3902,-0.0038,1,1,48.7,77.9,0,low
AN130086,Andhra Pradesh,13,19.38061,79.24222,997,0.5645,0.6841,0.1195,17.99,0.0562,0.0731,0.0168,42.8,50.8,18.41,0.2619,0.2732,0.00226,1,2,25.5,62.9,1,low
AN210087,Andhra Pradesh,21,15.18013,80.89072,200,0.4753,0.827,0.3517,61.13,-0.1412,-0.1455,-0.0043,40.2,37.1,-7.43,0.656,0.589,-0.01341,1,2,32.1,84.3,1,low
AN100088,Andhra Pradesh,10,13.94083,81.68187,371,0.6803,0.7872,0.1069,13.7,-0.1828,-0.1763,0.0065,37.0,39.8,7.6,0.5954,0.5418,-0.01073,0,2,37.1,87.1,1,low
AN050089,Andhra Pradesh,5,19.16652,78.34951,1169,0.6683,0.8764,0.2081,27.09,0.1608,0.1744,0.0136,86.0,93.3,8.48,0.3598,0.3323,-0.0055,0,2,52.2,91.8,1,low
AN230090,Andhra Pradesh,23,12.89356,79.28527,1154,9.1732,18.4392,9.2661,99.92,-0.215,-0.0763,0.1387,83.6,130.4,55.34,0.2683,0.4569,0.03771,1,2,2.2,17.5,1,high
AN160091,Andhra Pradesh,16,18.93786,77.356,1001,3.7058,4.8204,1.1146,29.29,-0.2847,-0.2291,0.0556,64.5,96.5,48.81,0.2803,0.365,0.01693,0,1,30.0,66.2,0,medium
AN030092,Andhra Pradesh,3,17.1602,77.93121,662,0.3702,0.8317,0.4615,98.14,-0.245,-0.2329,0.0122,57.4,64.7,12.46,0.3431,0.3925,0.0099,0,2,20.0,97.4,0,low
AN050093,Andhra Pradesh,5,13.19775,79.0879,1570,7.2542,18.9335,11.6793,158.81,-0.0223,0.042,0.0643,85.0,115.9,35.95,0.5641,0.7914,0.04546,1,2,3.5,28.3,1,high
AN270094,Andhra Pradesh,27,15.17673,82.21349,1352,1.2336,1.2021,-0.0315,-2.36,0.1853,0.1862,0.0009,99.9,100.3,0.39,0.4692,0.4543,-0.00297,0,0,44.1,72.1,0,low
AN120095,Andhra Pradesh,12,17.73997,83.74584,743,0.6506,0.6472,-0.0034,-0.46,0.048,0.0514,0.0035,113.1,115.4,2.04,0.498,0.4558,-0.00845,1,0,38.3,55.8,1,low
AN100096,Andhra Pradesh,10,16.29627,79.2824,791,9.4403,17.681,8.2406,86.38,-0.1181,-0.0039,0.1142,34.4,81.5,132.74,0.2638,0.435,0.03424,1,2,12.0,40.2,1,high
AN170097,Andhra Pradesh,17,16.74845,80.29939,1363,0.4283,0.7243,0.296,56.02,0.1819,0.172,-0.0099,126.2,122.3,-3.06,0.3244,0.354,0.00592,0,0,42.0,79.7,0,low
AN110098,Andhra Pradesh,11,18.92379,79.76579,1040,0.5294,0.5484,0.019,3.02,-0.1014,-0.1014,-0.0,34.2,34.2,-0.0,0.6001,0.5104,-0.01794,0,1,58.4,94.6,0,low
AN130099,Andhra Pradesh,13,17.97301,78.46233,746,1.0198,1.1674,0.1476,13.18,-0.0807,-0.0631,0.0176,84.9,96.3,13.21,0.6077,0.5146,-0.01861,0,0,23.1,87.1,0,low
AN210100,Andhra Pradesh,21,13.09212,82.60907,291,0.6921,0.821,0.1289,16.28,-0.1225,-0.1147,0.0078,60.9,66.1,8.41,0.269,0.2443,-0.00496,0,0,49.2,71.0,0,low
AN100101,Andhra Pradesh,10,16.90869,84.24109,1026,0.8708,1.1462,0.2754,28.37,-0.2848,-0.2696,0.0152,20.2,25.2,23.52,0.3882,0.4197,0.0063,1,0,41.7,63.9,0,low
AN130102,Andhra Pradesh,13,15.79809,84.29436,798,0.8544,1.2197,0.3653,38.28,-0.1946,-0.1784,0.0161,48.1,52.4,8.85,0.6924,0.7159,0.0047,0,0,19.6,80.1,0,low
AN030103,Andhra Pradesh,3,13.69861,78.73818,541,3.2175,5.1072,1.8896,56.96,-0.2434,-0.1968,0.0465,66.5,95.8,43.32,0.6715,0.7258,0.01085,1,2,24.7,60.4,0,medium
AN230104,Andhra Pradesh,23,15.06388,83.11212,518,0.4984,0.5504,0.052,8.7,0.005,0.022,0.0169,143.1,152.9,6.76,0.4505,0.3837,-0.01335,0,0,52.3,80.0,1,low
AN090105,Andhra Pradesh,9,19.02611,78.15388,1022,4.2292,4.8967,0.6675,15.42,-0.2199,-0.1803,0.0396,45.9,73.0,57.64,0.2795,0.3334,0.01076,1,0,11.9,49.8,1,medium
AN240106,Andhra Pradesh,24,16.25674,83.93683,1163,1.0205,1.4668,0.4463,39.83,0.1464,0.1589,0.0125,96.3,100.2,4.05,0.5511,0.5911,0.00801,1,1,37.5,91.3,0,low
AN270107,Andhra Pradesh,27,17.31857,80.9941,1141,2.8666,4.2136,1.347,45.41,-0.167,-0.1476,0.0195,79.5,86.6,8.77,0.5035,0.5861,0.01652,0,1,11.9,40.9,1,medium
AN020108,Andhra Pradesh,2,15.12104,82.71689,1074,10.3801,19.073,8.6929,82.95,0.1509,0.2501,0.0993,102.0,136.1,33.1,0.2772,0.5233,0.04923,1,2,16.6,28.9,1,high
AN090109,Andhra Pradesh,9,17.10881,81.67874,338,0.5645,0.906,0.3416,51.41,0.1285,0.1334,0.0049,81.0,84.3,4.03,0.3046,0.272,-0.00652,1,0,34.5,75.0,0,low
AN010110,Andhra Pradesh,1,14.90652,79.67593,1559,0.4148,0.4534,0.0386,7.5,-0.2078,-0.2102,-0.0023,49.1,47.5,-3.03,0.3977,0.4156,0.00357,1,1,24.1,69.8,1,low
AN270111,Andhra Pradesh,27,16.08089,83.89058,1629,3.3449,3.9725,0.6276,18.22,0.1166,0.1761,0.0595,76.0,108.8,42.57,0.3813,0.4864,0.02101,0,2,10.0,66.6,1,medium
AN050112,Andhra Pradesh,5,12.71964,81.61717,788,1.1098,1.2459,0.1361,11.25,0.1465,0.1583,0.0118,71.2,78.1,9.61,0.2822,0.2966,0.00288,0,0,53.6,70.6,0,low
AN120113,Andhra Pradesh,12,14.52106,81.41185,1133,0.4432,0.5397,0.0966,17.78,-0.2435,-0.2272,0.0163,50.0,60.1,19.76,0.4508,0.4295,-0.00426,0,0,37.4,68.3,0,low
AN170114,Andhra Pradesh,17,17.19724,84.05995,6800,11.0117,17.2017,6.1899,55.71,-0.1541,0.0168,0.1708,99.7,145.8,45.86,0.468,0.5803,0.02245,1,2,9.1,39.0,0,high
AN050115,Andhra Pradesh,5,14.59078,80.50909,401,3.5316,4.0353,0.5037,13.87,-0.1299,-0.103,0.027,44.2,54.8,23.36,0.363,0.4804,0.02347,1,1,27.3,53.4,1,medium
AN060116,Andhra Pradesh,6,13.65577,78.5456,2024,9.4982,14.4386,4.9404,51.47,-0.1243,-0.0025,0.1218,62.6,140.7,122.86,0.5984,0.7722,0.03475,1,2,10.3,33.3,1,high
AN150117,Andhra Pradesh,15,17.99444,79.41675,961,6.4359,15.956,9.5201,145.66,-0.19,-0.0251,0.1649,43.6,137.4,210.54,0.3195,0.5076,0.03763,1,2,8.3,31.5,1,high
AN280118,Andhra Pradesh,28,17.59173,79.32501,448,0.8945,0.8113,-0.0832,-8.37,-0.2101,-0.2083,0.0017,53.5,54.7,2.22,0.4412,0.3879,-0.01065,0,0,35.7,98.5,0,low
AN060119,Andhra Pradesh,6,14.28837,79.65176,523,2.7221,3.4694,0.7473,26.48,-0.2843,-0.2575,0.0268,18.5,36.6,92.99,0.3384,0.4686,0.02604,1,2,21.6,42.1,1,medium
AN230120,Andhra Pradesh,23,13.30178,79.81926,816,0.6116,0.8015,0.1899,26.69,-0.1121,-0.1153,-0.0032,78.7,76.7,-2.43,0.5585,0.5922,0.00675,1,2,37.7,81.0,1,low
AN040121,Andhra Pradesh,4,13.14077,79.45419,627,2.3426,3.3428,1.0002,40.95,0.0228,0.0498,0.027,91.7,104.3,13.68,0.3374,0.4512,0.02275,1,2,21.9,56.6,0,medium
AN190122,Andhra Pradesh,19,18.4908,79.69624,2689,2.9179,3.7653,0.8475,28.08,-0.0156,0.0305,0.0461,76.8,100.6,30.63,0.3481,0.3574,0.00187,1,1,19.9,33.5,1,medium
AN010123,Andhra Pradesh,1,19.39732,84.2704,1661,7.2645,10.5026,3.2381,43.97,-0.041,0.0485,0.0895,55.5,95.7,71.1,0.5389,0.7515,0.04253,1,2,2.7,43.8,0,high
AN130124,Andhra Pradesh,13,14.03549,83.65329,1844,6.7408,8.8824,2.1416,31.31,0.173,0.2682,0.0952,159.1,213.5,33.93,0.3222,0.4611,0.02778,1,2,11.5,25.3,0,high
AN200125,Andhra Pradesh,20,18.16358,82.46385,756,2.9039,3.8329,0.929,30.93,-0.21,-0.1821,0.0278,30.4,37.5,22.57,0.5031,0.6003,0.01944,1,0,12.1,40.2,0,medium
AN190126,Andhra Pradesh,19,15.58066,78.11613,1394,2.2567,2.8151,0.5584,23.69,-0.2885,-0.2728,0.0158,62.6,69.5,10.78,0.3746,0.4574,0.01657,1,1,19.3,32.9,1,medium
AN270127,Andhra Pradesh,27,13.0415,78.59215,1250,2.4868,3.7341,1.2473,48.22,-0.2465,-0.2204,0.0261,44.3,52.5,18.12,0.2782,0.3399,0.01235,1,1,14.7,61.0,1,medium
AN210128,Andhra Pradesh,21,13.46949,80.04931,2237,1.8009,3.3858,1.5848,83.37,0.1514,0.2025,0.0511,59.4,95.7,60.09,0.4713,0.5593,0.0176,1,0,10.4,63.9,1,medium
AN150129,Andhra Pradesh,15,17.82909,79.33244,507,0.6306,0.8114,0.1808,24.75,-0.178,-0.1585,0.0196,73.9,86.0,16.26,0.5189,0.4948,-0.00482,1,1,22.1,67.6,0,low
AN050130,Andhra Pradesh,5,19.38741,82.14632,420,1.9153,1.9573,0.042,2.09,0.0215,0.0415,0.02,68.3,78.9,15.34,0.4333,0.3895,-0.00878,1,1,34.0,90.0,0,low
AN020131,Andhra Pradesh,2,12.96606,82.49836,223,3.8991,5.8007,1.9016,47.55,-0.1251,-0.1132,0.0119,102.3,109.2,6.69,0.609,0.7279,0.02378,1,0,25.6,57.1,1,medium
AN240132,Andhra Pradesh,24,14.0876,77.18008,1539,3.065,3.4839,0.4188,13.23,0.1507,0.1627,0.012,139.0,143.6,3.33,0.2939,0.385,0.01823,1,0,18.7,39.5,1,medium
AN240133,Andhra Pradesh,24,15.4034,79.51954,1483,2.9177,4.8545,1.9368,64.18,0.1533,0.1854,0.0321,194.6,214.8,10.33,0.3618,0.4061,0.00887,1,2,11.2,32.3,1,medium
AN070134,Andhra Pradesh,7,13.46338,81.61567,200,0.7681,0.8408,0.0727,8.38,-0.0557,-0.0593,-0.0036,53.1,51.9,-2.14,0.6982,0.6349,-0.01266,1,0,20.6,92.5,0,low
AN280135,Andhra Pradesh,28,18.63794,77.14911,454,8.4501,19.5753,11.1252,130.12,0.0963,0.1991,0.1029,151.6,193.9,27.65,0.621,0.867,0.04921,1,2,11.8,44.7,1,high
AN250136,Andhra Pradesh,25,16.63667,83.22296,435,3.061,3.3775,0.3165,10.01,0.0222,0.0605,0.0383,102.2,119.9,17.05,0.5783,0.6174,0.00781,1,0,8.4,58.6,1,medium
AN260137,Andhra Pradesh,26,13.47312,80.26465,1272,0.6868,0.8413,0.1545,19.64,-0.2459,-0.2472,-0.0013,55.0,54.6,-0.64,0.2227,0.2083,-0.00287,0,1,17.8,81.7,1,low
AN190138,Andhra Pradesh,19,19.04079,76.83761,200,0.4596,0.4441,-0.0155,-2.77,-0.2659,-0.2581,0.0078,52.2,57.2,9.44,0.5547,0.5038,-0.01018,1,0,25.6,84.1,0,low
AN040139,Andhra Pradesh,4,14.42628,82.30599,204,1.276,1.4466,0.1706,12.4,-0.1455,-0.1414,0.0041,97.1,98.5,1.42,0.671,0.6548,-0.00324,0,1,27.3,66.3,0,low
AN110140,Andhra Pradesh,11,15.6175,78.34854,1788,2.9844,4.2944,1.31,42.47,0.1865,0.2114,0.0249,131.8,149.0,13.0,0.2073,0.2106,0.00067,1,2,27.5,39.3,1,medium
AN040141,Andhra Pradesh,4,14.13182,80.75352,694,0.5783,0.6796,0.1014,14.94,0.1213,0.1365,0.0152,127.6,135.9,6.46,0.6282,0.6539,0.00514,0,1,18.2,73.1,1,low
AN220142,Andhra Pradesh,22,16.61165,83.46297,579,1.2189,1.4189,0.2,15.16,-0.2703,-0.2545,0.0159,39.3,47.2,19.51,0.2428,0.2868,0.0088,0,2,38.8,56.6,1,low
AN220143,Andhra Pradesh,22,14.15263,80.41177,771,0.5664,0.9875,0.4211,63.19,0.1276,0.1442,0.0165,101.8,108.5,6.49,0.4494,0.4088,-0.00811,0,1,57.6,85.0,1,low
AN210144,Andhra Pradesh,21,18.68309,83.03798,1349,0.5475,0.9201,0.3727,57.56,-0.2313,-0.2282,0.0031,30.8,32.2,4.25,0.2897,0.2377,-0.01039,1,2,58.4,73.3,0,low
AN130145,Andhra Pradesh,13,14.87046,83.82986,2222,2.8915,4.1315,1.24,41.45,-0.0436,-0.0324,0.0112,113.8,117.7,3.39,0.3641,0.3809,0.00336,1,2,8.6,30.9,1,medium
AN050146,Andhra Pradesh,5,13.73242,76.89133,2194,0.5901,0.5405,-0.0496,-7.19,-0.2851,-0.2871,-0.0021,16.8,15.8,-5.94,0.3741,0.4219,0.00954,0,1,31.5,68.1,0,low
AN270147,Andhra Pradesh,27,17.81136,84.39758,1356,9.0835,13.9811,4.8976,53.33,0.1873,0.31,0.1227,68.6,141.6,104.81,0.5015,0.6049,0.02069,1,2,17.8,37.0,0,high
AN150148,Andhra Pradesh,15,17.30703,79.73374,1369,6.6003,9.6271,3.0268,45.18,-0.0586,0.0433,0.1019,79.7,130.3,62.69,0.4007,0.6282,0.0455,1,2,11.1,26.6,1,high
AN230149,Andhra Pradesh,23,16.29328,84.53234,2111,3.408,3.7227,0.3147,8.97,0.011,0.0377,0.0267,38.9,50.0,27.89,0.6492,0.6725,0.00468,0,0,19.2,57.7,1,medium
AN060150,Andhra Pradesh,6,17.94539,79.52378,200,0.4821,0.5466,0.0645,11.08,0.156,0.1628,0.0067,155.6,160.2,2.92,0.3773,0.3217,-0.01111,1,2,54.5,93.2,1,low
AN070151,Andhra Pradesh,7,13.66962,80.87132,410,1.071,1.297,0.226,19.3,0.1343,0.1362,0.0018,64.9,65.6,1.09,0.2146,0.1592,-0.01108,0,1,23.2,82.5,0,low
AN060152,Andhra Pradesh,6,14.17046,77.49844,710,3.5948,4.0008,0.406,10.99,-0.0022,0.023,0.0252,65.4,82.0,24.94,0.5999,0.7268,0.02539,1,2,11.1,41.8,1,medium
AN210153,Andhra Pradesh,21,17.51878,83.87045,690,0.5955,0.8389,0.2434,34.99,-0.0993,-0.0902,0.0091,33.8,40.4,18.97,0.5588,0.5697,0.00218,1,0,48.6,92.8,1,low
AN220154,Andhra Pradesh,22,13.19,83.78122,882,2.6348,3.5664,0.9316,34.06,0.0493,0.0879,0.0387,42.7,64.1,48.91,0.4816,0.6212,0.02792,0,1,20.0,42.9,1,medium
AN140155,Andhra Pradesh,14,12.8794,80.70315,858,0.5993,1.071,0.4717,67.45,0.1762,0.1953,0.0191,159.8,168.1,5.18,0.6612,0.6937,0.0065,0,0,15.7,60.8,0,low
AN260156,Andhra Pradesh,26,16.45098,77.08432,1212,0.6923,0.6133,-0.0791,-9.98,-0.2309,-0.2302,0.0008,29.2,29.8,1.81,0.3901,0.3451,-0.009,1,1,32.0,64.0,0,low
AN060157,Andhra Pradesh,6,16.32051,83.23954,939,0.6921,1.0093,0.3172,40.04,0.1252,0.1201,-0.0051,97.5,94.5,-3.08,0.4783,0.4296,-0.00973,1,1,21.0,78.0,0,low
AN120158,Andhra Pradesh,12,12.62038,80.76766,1506,8.9755,15.1526,6.1771,68.06,-0.1482,-0.088,0.0602,60.8,80.2,31.39,0.2138,0.4763,0.0525,1,2,5.6,17.4,0,high
AN230159,Andhra Pradesh,23,18.31564,82.86475,529,2.7565,3.426,0.6695,23.44,-0.0357,-0.0126,0.0231,78.7,93.7,18.85,0.231,0.3784,0.02947,1,1,9.8,30.7,0,medium
AN100160,Andhra Pradesh,10,18.92983,82.23763,516,1.4205,1.5113,0.0908,5.97,0.1435,0.1424,-0.0011,70.2,69.5,-0.96,0.617,0.5443,-0.01454,1,0,19.4,84.3,1,low
AN130161,Andhra Pradesh,13,14.53627,80.96296,210,0.5785,1.0349,0.4564,67.27,-0.1708,-0.1589,0.0119,62.2,69.2,11.17,0.2374,0.1741,-0.01266,1,1,38.0,64.9,0,low
AN170162,Andhra Pradesh,17,15.54644,83.42406,874,3.4059,3.8984,0.4924,14.05,-0.194,-0.1357,0.0583,29.4,50.2,68.63,0.2357,0.3241,0.01767,0,1,9.6,54.7,1,medium
AN010163,Andhra Pradesh,1,13.71467,79.81209,200,3.492,4.6474,1.1554,32.17,-0.1913,-0.1707,0.0206,65.9,75.3,14.19,0.5139,0.5207,0.00136,1,0,20.4,57.4,1,medium
AN040164,Andhra Pradesh,4,17.09964,77.44073,1117,0.6025,0.8049,0.2024,28.82,-0.2111,-0.2092,0.0019,44.3,45.2,1.98,0.2334,0.2598,0.00529,0,2,50.9,92.6,1,low
AN230165,Andhra Pradesh,23,14.02508,77.38001,615,0.7151,0.8002,0.085,10.43,-0.2211,-0.2031,0.018,64.5,75.7,17.12,0.4568,0.3941,-0.01254,1,0,42.5,66.3,1,low
AN170166,Andhra Pradesh,17,15.60304,78.10062,465,0.6322,0.546,-0.0862,-11.78,-0.0159,0.0027,0.0186,49.4,57.4,16.01,0.3768,0.3695,-0.00145,1,1,29.2,58.9,0,low
AN020167,Andhra Pradesh,2,13.71089,82.50467,666,2.3319,2.9034,0.5715,23.5,-0.1528,-0.1411,0.0117,90.0,95.3,5.79,0.3888,0.4858,0.01939,0,1,8.6,44.8,0,medium
AN130168,Andhra Pradesh,13,15.66255,79.09576,1495,2.3767,4.3713,1.9946,80.53,-0.2455,-0.1932,0.0523,41.1,56.3,36.09,0.4841,0.5941,0.022,1,0,24.0,42.3,1,medium
AN130169,Andhra Pradesh,13,19.13138,78.06401,975,0.6776,0.9865,0.3089,39.72,0.1168,0.1107,-0.0061,157.5,155.7,-1.11,0.5527,0.5695,0.00336,1,0,15.1,83.3,0,low
AN240170,Andhra Pradesh,24,18.32749,82.1884,1503,9.7583,13.3451,3.5868,36.38,-0.189,-0.043,0.146,40.6,113.7,175.79,0.22,0.4797,0.05194,1,2,14.7,30.8,1,high
AN260171,Andhra Pradesh,26,16.48753,77.62255,1302,6.1003,13.2798,7.1795,115.79,0.1456,0.2696,0.124,75.5,158.5,108.56,0.39,0.575,0.037,1,2,9.0,18.9,1,high
AN080172,Andhra Pradesh,8,19.64437,80.56184,2142,2.3479,4.2707,1.9229,78.55,-0.2694,-0.2506,0.0188,63.3,69.7,9.95,0.2142,0.2563,0.00841,1,2,10.0,39.1,0,medium
AN080173,Andhra Pradesh,8,19.23387,77.52965,272,1.1622,1.1231,-0.0391,-3.1,-0.1202,-0.129,-0.0088,75.5,70.7,-6.25,0.3543,0.2911,-0.01263,0,0,17.9,75.9,0,low
AN050174,Andhra Pradesh,5,18.97664,82.00941,2035,3.33,4.9506,1.6207,47.25,-0.2762,-0.2636,0.0126,33.7,37.4,10.58,0.2425,0.3917,0.02984,1,2,16.6,34.5,1,medium
AN110175,Andhra Pradesh,11,14.84286,78.63745,506,0.489,0.6846,0.1956,33.21,0.0655,0.0717,0.0061,141.6,145.1,2.47,0.6404,0.5854,-0.011,1,1,36.9,58.5,0,low
AN080176,Andhra Pradesh,8,13.99944,80.76002,275,0.5493,0.9379,0.3886,59.85,-0.0033,-0.0127,-0.0094,91.7,87.4,-4.58,0.6822,0.6897,0.00149,1,1,21.0,79.2,0,low
AN190177,Andhra Pradesh,19,13.30022,77.94044,2517,2.2228,3.5022,1.2795,55.08,0.0369,0.0884,0.0515,78.9,103.7,30.93,0.44,0.5828,0.02857,1,1,20.8,38.5,0,medium
AN280178,Andhra Pradesh,28,13.89605,78.31148,1224,0.5988,0.6192,0.0204,2.92,-0.2764,-0.2637,0.0127,19.8,26.5,31.85,0.2948,0.2588,-0.0072,1,0,38.7,63.3,0,low
AN010179,Andhra Pradesh,1,16.06778,82.24131,343,0.3896,0.7335,0.3439,70.25,-0.1181,-0.1226,-0.0045,60.5,58.3,-3.53,0.6182,0.6146,-0.00072,0,0,32.1,92.3,1,low
AN210180,Andhra Pradesh,21,16.96976,79.37048,763,0.6526,0.6372,-0.0154,-2.04,-0.0065,-0.0142,-0.0077,125.2,120.5,-3.74,0.2104,0.235,0.00492,0,1,55.5,87.5,0,low
AN250181,Andhra Pradesh,25,19.54254,84.18804,497,0.5815,0.5964,0.0149,2.18,-0.1157,-0.1102,0.0055,48.2,50.8,5.3,0.3747,0.3593,-0.00307,0,0,43.5,59.8,1,low
AN150182,Andhra Pradesh,15,12.80143,81.04568,200,1.2278,1.2651,0.0374,2.81,-0.0018,0.0093,0.0111,83.1,88.7,6.62,0.693,0.724,0.0062,1,1,23.9,92.7,0,low
AN230183,Andhra Pradesh,23,19.16182,79.19741,1046,0.5972,0.5533,-0.044,-6.31,-0.2884,-0.2882,0.0002,62.1,62.3,0.21,0.5688,0.6009,0.0064,1,1,53.8,98.6,1,low
AN160184,Andhra Pradesh,16,19.81841,78.95452,1181,0.4474,0.6088,0.1615,29.5,-0.103,-0.0922,0.0108,36.3,41.3,13.25,0.6535,0.5788,-0.01494,1,1,31.5,61.5,1,low
AN220185,Andhra Pradesh,22,15.34595,84.00229,728,0.7658,0.8371,0.0714,8.24,-0.0561,-0.0603,-0.0043,38.6,37.3,-3.43,0.256,0.2884,0.00648,0,0,58.3,86.3,1,low
AN270186,Andhra Pradesh,27,15.61132,78.97181,3891,3.1144,4.1443,1.0299,32.04,0.0679,0.1134,0.0455,67.4,91.2,34.77,0.6473,0.6827,0.00709,1,2,28.1,63.6,0,medium
AN170187,Andhra Pradesh,17,13.87084,76.89398,526,1.9992,2.0426,0.0433,2.06,-0.0951,-0.0806,0.0145,51.0,59.5,16.36,0.5924,0.6151,0.00455,1,0,56.5,72.5,0,low
AN230188,Andhra Pradesh,23,17.5175,82.18407,578,1.0906,1.037,-0.0537,-4.51,-0.2693,-0.2514,0.018,52.4,63.3,20.4,0.5181,0.5271,0.0018,0,1,33.4,76.2,0,low
AN220189,Andhra Pradesh,22,18.09967,83.2849,1046,0.9176,1.1018,0.1842,18.1,0.072,0.0719,-0.0001,91.2,91.1,-0.09,0.3307,0.3032,-0.0055,0,0,31.0,74.4,1,low
AN120190,Andhra Pradesh,12,16.06175,82.41533,626,0.5491,1.0224,0.4733,72.91,-0.2572,-0.2648,-0.0076,63.3,57.9,-8.33,0.3999,0.4264,0.0053,1,2,37.2,90.7,1,low
AN050191,Andhra Pradesh,5,14.26351,79.17882,2373,2.5597,3.3769,0.8171,30.72,-0.2261,-0.2081,0.018,46.6,57.6,22.97,0.4944,0.6348,0.02809,1,2,18.8,68.5,1,medium
AN050192,Andhra Pradesh,5,13.51217,83.60522,2138,2.227,3.2741,1.0472,45.0,-0.1554,-0.1115,0.0439,62.0,84.3,35.4,0.6744,0.6791,0.00093,1,0,15.3,42.4,1,medium
AN240193,Andhra Pradesh,24,19.89303,80.37188,648,0.8162,1.295,0.4788,52.26,-0.1704,-0.1623,0.0081,50.2,55.6,10.4,0.6982,0.7183,0.00402,0,1,57.1,71.8,0,low
AN120194,Andhra Pradesh,12,13.74763,76.98027,3155,2.3379,3.3168,0.9789,40.16,-0.0557,-0.0405,0.0152,42.1,52.4,23.92,0.4044,0.461,0.01132,1,2,18.0,59.8,0,medium
AN070195,Andhra Pradesh,7,17.02337,80.72054,563,0.6276,0.6417,0.0142,1.95,-0.0969,-0.0997,-0.0028,53.5,52.7,-1.41,0.4109,0.3629,-0.0096,1,1,25.9,83.8,1,low
AN170196,Andhra Pradesh,17,17.10008,83.19152,4698,0.8976,0.9065,0.0088,0.89,0.1829,0.1797,-0.0032,117.2,115.5,-1.46,0.4837,0.4733,-0.00209,1,0,17.7,62.7,1,low
AN080197,Andhra Pradesh,8,17.69067,78.01395,900,2.6557,3.5896,0.9339,33.89,-0.2473,-0.2126,0.0347,44.2,64.8,45.66,0.6138,0.6728,0.01181,1,1,8.0,36.4,1,medium
AN010198,Andhra Pradesh,1,12.74169,83.69409,2879,10.5678,19.584,9.0162,84.52,-0.1722,-0.0048,0.1674,51.9,147.5,180.88,0.575,0.7759,0.04018,1,2,17.0,35.6,1,high
AN050199,Andhra Pradesh,5,19.79486,79.82964,264,3.0524,3.7867,0.7343,23.29,-0.2952,-0.2831,0.0121,43.7,47.6,8.83,0.4514,0.5508,0.01989,1,2,17.3,54.5,1,medium
AN190200,Andhra Pradesh,19,17.68847,80.49785,937,0.7184,0.6523,-0.0662,-8.09,0.1498,0.1593,0.0095,94.6,98.6,4.22,0.5701,0.5014,-0.01374,1,1,53.4,84.3,0,low
AN210201,Andhra Pradesh,21,15.15625,79.64378,315,0.7121,1.1651,0.453,55.78,0.117,0.13,0.013,52.1,58.3,11.58,0.2966,0.2856,-0.0022,1,0,26.2,98.4,0,low
AN010202,Andhra Pradesh,1,16.95564,83.65534,787,0.8069,1.2094,0.4025,44.38,0.1486,0.1595,0.011,50.7,54.9,7.97,0.2447,0.1545,-0.01803,0,0,17.4,83.1,1,low
AN100203,Andhra Pradesh,10,18.60958,81.54569,511,0.6879,0.5997,-0.0882,-11.2,-0.2076,-0.1996,0.008,57.6,60.7,5.33,0.2146,0.2151,0.00011,1,2,57.6,94.9,1,low
AN040204,Andhra Pradesh,4,19.74322,81.04506,540,0.5713,0.6313,0.06,8.94,-0.1485,-0.1474,0.0011,72.9,73.7,1.12,0.3731,0.4111,0.00761,0,0,58.0,68.9,1,low
AN030205,Andhra Pradesh,3,18.89803,77.48711,2278,0.6301,0.8353,0.2052,28.1,0.0531,0.0728,0.0197,56.5,65.8,16.1,0.4409,0.3803,-0.01212,0,0,24.9,96.5,1,low
AN280206,Andhra Pradesh,28,13.83251,77.20801,844,0.4488,0.4016,-0.0472,-8.6,-0.1706,-0.156,0.0145,31.1,36.7,17.43,0.2602,0.1951,-0.01302,0,0,58.8,81.8,0,low
AN120207,Andhra Pradesh,12,17.77997,79.34292,373,0.5906,0.8096,0.219,31.71,-0.0018,0.0035,0.0053,62.9,66.0,4.73,0.6538,0.6512,-0.0005,0,1,46.7,68.9,0,low
AN210208,Andhra Pradesh,21,13.40765,79.86926,3930,1.3543,1.4716,0.1173,8.07,-0.1143,-0.108,0.0063,74.4,77.8,4.42,0.3698,0.2871,-0.01655,0,0,56.1,99.5,0,low
AN270209,Andhra Pradesh,27,13.99449,80.59061,987,0.5159,0.9534,0.4374,71.02,-0.2907,-0.2822,0.0086,37.6,41.5,9.94,0.3236,0.306,-0.00352,0,1,48.1,97.9,0,low
AN090210,Andhra Pradesh,9,16.55121,79.58869,1841,0.4713,0.9294,0.4582,80.2,0.074,0.0741,0.0001,170.4,170.5,0.05,0.3469,0.2575,-0.01789,0,1,50.3,93.6,1,low
AN270211,Andhra Pradesh,27,18.31489,78.44596,1691,7.593,15.6786,8.0857,105.1,0.0082,0.1179,0.1097,68.0,128.4,87.64,0.5089,0.6763,0.03348,1,2,3.1,30.6,1,high
AN170212,Andhra Pradesh,17,14.53114,83.60127,1217,0.6044,1.0916,0.4872,69.18,0.1754,0.1895,0.0141,191.6,195.4,1.99,0.3642,0.33,-0.00683,1,0,22.8,88.1,0,low
AN210213,Andhra Pradesh,21,17.23447,79.94719,1098,2.8978,4.7799,1.8821,62.78,-0.0267,0.0073,0.034,57.1,73.9,28.94,0.3025,0.3685,0.01321,1,2,8.5,39.0,1,medium
AN220214,Andhra Pradesh,22,13.16952,77.78759,6089,2.8392,3.2802,0.441,15.0,-0.2383,-0.211,0.0273,27.0,42.6,55.66,0.6377,0.6941,0.01128,1,2,23.9,43.6,1,medium
AN030215,Andhra Pradesh,3,18.21455,80.28742,1499,0.4337,0.6532,0.2195,41.12,-0.0193,-0.0225,-0.0032,74.9,73.1,-2.39,0.2945,0.206,-0.0177,0,1,24.5,93.2,1,low
AN100216,Andhra Pradesh,10,13.48128,81.41382,2750,0.8397,0.8919,0.0522,5.56,0.1445,0.1427,-0.0018,98.0,96.8,-1.22,0.6328,0.6678,0.007,1,1,48.9,82.5,0,low
AN120217,Andhra Pradesh,12,19.74548,79.35967,568,3.1226,4.7629,1.6404,50.9,-0.2819,-0.2415,0.0404,48.1,68.6,41.66,0.4393,0.5819,0.02852,1,2,29.2,54.3,0,medium
AN060218,Andhra Pradesh,6,19.87802,83.98279,587,0.608,1.083,0.475,67.1,0.1575,0.1595,0.002,99.1,100.0,0.89,0.2688,0.2918,0.0046,0,1,58.0,83.7,0,low
AN110219,Andhra Pradesh,11,15.04666,82.91,200,0.9467,0.8914,-0.0552,-5.28,0.0301,0.0497,0.0196,95.1,105.5,10.73,0.4628,0.4486,-0.00283,0,1,30.3,83.7,0,low
AN220220,Andhra Pradesh,22,16.75587,78.0643,609,2.6724,3.0564,0.384,13.85,0.1146,0.1365,0.0218,65.7,79.3,20.45,0.2163,0.338,0.02434,1,1,26.1,52.4,1,medium
AN090221,Andhra Pradesh,9,16.38729,80.60864,1220,3.7572,5.2601,1.5029,38.96,-0.2164,-0.1997,0.0167,36.6,45.3,23.18,0.6337,0.6858,0.01041,1,1,18.8,51.6,1,medium
AN210222,Andhra Pradesh,21,13.01528,77.04851,481,0.4507,0.9449,0.4942,89.75,-0.1137,-0.1051,0.0086,107.8,113.8,5.52,0.349,0.269,-0.016,1,1,33.7,96.0,1,low
AN170223,Andhra Pradesh,17,13.23854,82.34421,495,0.7946,0.7967,0.0022,0.24,-0.2655,-0.2455,0.02,33.7,43.7,29.03,0.5958,0.6296,0.00676,0,2,56.2,72.2,0,low
AN020224,Andhra Pradesh,2,13.73079,79.79755,759,0.7138,0.7119,-0.0019,-0.23,0.0434,0.0512,0.0078,43.1,47.8,10.55,0.3161,0.3411,0.00498,0,1,59.6,91.1,1,low
AN250225,Andhra Pradesh,25,12.67182,80.27107,809,2.6273,4.3202,1.693,62.08,-0.2341,-0.1948,0.0393,59.8,79.7,32.77,0.4522,0.508,0.01115,0,2,12.8,51.8,0,medium
AN110226,Andhra Pradesh,11,12.72574,82.53906,2333,6.878,10.4969,3.6189,51.86,-0.0212,0.0556,0.0768,125.0,166.2,32.75,0.2775,0.4266,0.02982,1,2,15.5,28.8,0,high
AN080227,Andhra Pradesh,8,19.63818,79.09524,488,0.8018,1.2409,0.4391,48.69,-0.0607,-0.0533,0.0074,99.0,102.5,3.58,0.6731,0.6013,-0.01437,0,2,54.6,64.4,0,low
AN130228,Andhra Pradesh,13,14.24826,78.23373,2175,3.5409,4.8406,1.2997,35.7,-0.2536,-0.2259,0.0277,39.4,53.6,35.31,0.529,0.5894,0.01207,1,2,23.9,68.6,1,medium
AN080229,Andhra Pradesh,8,12.70085,81.11425,1178,8.3311,16.5782,8.2471,97.82,-0.2738,-0.14,0.1338,37.6,112.1,192.64,0.4218,0.5308,0.0218,1,2,15.1,17.6,0,high
AN060230,Andhra Pradesh,6,14.04519,77.92158,1235,0.5167,0.6455,0.1288,20.89,0.085,0.097,0.0121,104.4,111.9,7.18,0.4432,0.3909,-0.01047,0,0,30.3,79.9,0,low
AN020231,Andhra Pradesh,2,13.13691,80.6659,819,0.5958,0.7506,0.1548,22.24,0.1525,0.1613,0.0088,142.3,148.5,4.31,0.3238,0.364,0.00803,0,0,21.5,55.7,1,low
AN250232,Andhra Pradesh,25,14.98935,80.06476,253,1.2102,1.6846,0.4743,36.2,-0.0174,-0.0144,0.003,107.0,108.5,1.34,0.3128,0.2267,-0.01724,0,1,44.9,95.9,1,low
AN110233,Andhra Pradesh,11,19.1619,81.45802,1636,1.7255,1.8794,0.154,8.43,-0.0614,-0.0469,0.0145,70.0,77.9,11.13,0.2247,0.2259,0.00025,0,2,56.7,66.7,1,low
AN160234,Andhra Pradesh,16,17.2385,79.21481,810,2.1307,3.8431,1.7124,76.77,-0.2544,-0.2165,0.0379,28.1,49.6,73.66,0.4497,0.5128,0.01263,0,2,28.8,30.1,1,medium
AN060235,Andhra Pradesh,6,13.7277,84.25911,617,1.0625,1.0546,-0.0079,-0.68,0.013,0.0152,0.0022,86.3,86.9,0.65,0.5775,0.504,-0.0147,1,0,55.6,72.6,0,low
AN170236,Andhra Pradesh,17,12.66657,77.98188,200,0.6385,0.8357,0.1972,26.7,-0.1249,-0.1095,0.0154,44.5,53.7,20.3,0.6967,0.6986,0.00038,1,1,26.9,58.1,0,low
AN040237,Andhra Pradesh,4,13.84773,80.69867,200,1.4099,1.7474,0.3376,22.36,0.0225,0.0413,0.0188,101.6,110.9,9.02,0.6245,0.655,0.0061,0,1,22.2,61.4,0,low
AN260238,Andhra Pradesh,26,16.90693,82.19785,2668,7.8007,15.6263,7.8256,99.05,-0.231,-0.116,0.1151,50.7,88.3,72.8,0.2149,0.4047,0.03795,1,2,4.0,21.8,1,high
AN040239,Andhra Pradesh,4,13.96142,76.82833,472,1.3834,1.3978,0.0144,0.97,0.0933,0.1033,0.01,175.5,179.3,2.15,0.4716,0.4568,-0.00296,1,0,20.6,89.4,1,low
AN200240,Andhra Pradesh,20,19.79739,83.77577,628,0.5476,0.9155,0.3679,56.81,-0.0483,-0.0521,-0.0038,43.7,41.8,-4.27,0.3977,0.3865,-0.00222,1,0,57.5,61.2,0,low
AN280241,Andhra Pradesh,28,14.94736,77.32382,416,2.3378,3.6911,1.3532,55.51,-0.0746,-0.0476,0.027,35.3,46.4,30.33,0.3582,0.4538,0.01912,1,1,21.4,32.7,1,medium
AN170242,Andhra Pradesh,17,15.44504,82.91889,1670,7.7431,16.2799,8.5368,108.84,-0.2265,-0.0788,0.1477,50.6,115.5,126.0,0.3186,0.5137,0.03902,1,2,7.8,40.8,1,high
AN030243,Andhra Pradesh,3,14.94122,83.77203,1978,2.6532,3.5693,0.9161,33.27,-0.0754,-0.0445,0.0309,84.7,101.7,19.79,0.5192,0.6103,0.01821,1,2,28.8,54.4,0,medium
AN020244,Andhra Pradesh,2,12.84648,81.84389,530,3.3034,3.632,0.3286,9.65,-0.2233,-0.2103,0.013,68.1,72.7,6.7,0.3517,0.3908,0.00782,1,0,8.5,62.1,1,medium
AN180245,Andhra Pradesh,18,15.87305,82.19875,795,0.5501,0.6534,0.1033,15.88,-0.2977,-0.2918,0.0059,51.9,55.5,6.73,0.5239,0.5692,0.00907,0,1,45.0,93.8,1,low
AN280246,Andhra Pradesh,28,18.78931,80.09733,1607,2.4895,4.4159,1.9264,74.39,0.1786,0.214,0.0354,177.9,187.3,5.26,0.4843,0.5217,0.00749,1,1,12.5,35.2,0,medium
AN020247,Andhra Pradesh,2,17.04275,78.45946,589,3.2763,4.4442,1.1679,34.59,0.1029,0.1565,0.0536,116.1,141.9,22.1,0.5945,0.7063,0.02238,1,2,13.8,39.3,1,medium
AN060248,Andhra Pradesh,6,14.594,79.84951,704,0.5464,0.6479,0.1015,15.71,-0.1438,-0.1514,-0.0076,99.1,94.4,-4.64,0.4,0.4368,0.00737,1,0,51.8,74.4,1,low
AN130249,Andhra Pradesh,13,17.44995,83.02111,200,3.939,5.0904,1.1514,28.51,-0.2474,-0.1924,0.055,58.3,79.2,35.22,0.2688,0.2969,0.00562,1,0,20.2,37.0,1,medium
WE050000,West Bengal,5,23.56262,88.69885,200,0.6264,0.7342,0.1078,14.85,-0.0442,-0.035,0.0092,83.3,88.8,6.49,0.4698,0.4815,0.00234,1,0,17.4,58.2,1,low
WE240001,West Bengal,24,22.18459,87.84507,1411,0.697,0.7809,0.0839,10.53,0.1954,0.2006,0.0052,52.2,54.6,4.55,0.6449,0.6488,0.00078,1,1,50.3,66.0,0,low
WE080002,West Bengal,8,23.94458,86.10473,368,0.4512,0.8682,0.4169,75.63,0.0144,0.014,-0.0005,49.8,49.6,-0.45,0.682,0.6634,-0.00372,1,2,46.2,62.7,0,low
WE080003,West Bengal,8,23.06856,89.80332,1784,3.6705,4.8587,1.1882,31.51,0.1644,0.1763,0.0119,193.4,197.9,2.33,0.5719,0.5775,0.00113,0,1,28.9,46.5,0,medium
WE140004,West Bengal,14,23.73385,87.42164,539,0.5245,0.8562,0.3317,53.12,0.1148,0.106,-0.0088,184.4,179.5,-2.65,0.4486,0.4174,-0.00625,0,0,57.5,63.6,0,low
WE100005,West Bengal,10,25.99487,88.03286,525,0.8047,1.1618,0.3572,39.48,-0.1683,-0.1746,-0.0063,69.0,65.9,-4.35,0.411,0.4066,-0.00087,1,0,24.8,73.2,1,low
WE240006,West Bengal,24,22.31066,88.10818,215,0.6499,0.6844,0.0345,4.61,-0.2644,-0.2617,0.0026,57.2,59.1,3.28,0.4927,0.4972,0.0009,0,0,42.6,61.8,1,low
WE120007,West Bengal,12,26.21954,86.09364,803,0.5948,0.9839,0.3891,56.0,-0.0153,0.0019,0.0172,123.6,128.3,3.77,0.4876,0.4048,-0.01655,1,2,20.1,61.9,1,low
WE140008,West Bengal,14,23.07639,88.59817,323,0.3604,0.6583,0.2978,64.68,-0.1196,-0.1181,0.0014,59.4,59.9,0.85,0.6412,0.6548,0.00273,0,2,42.3,59.8,1,low
WE100009,West Bengal,10,21.72427,87.75508,1236,0.8551,1.3419,0.4868,50.96,-0.2647,-0.2597,0.005,30.9,34.0,9.8,0.2199,0.1704,-0.0099,1,2,46.0,80.5,0,low
WE100010,West Bengal,10,22.42345,85.94117,552,1.0519,1.338,0.2861,24.84,0.1001,0.1041,0.004,153.7,156.0,1.48,0.6146,0.6121,-0.00048,0,1,22.4,81.3,0,low
WE030011,West Bengal,3,22.8466,87.35587,1776,0.9972,1.0721,0.0748,6.82,-0.0947,-0.0859,0.0089,52.2,58.5,11.83,0.5473,0.4677,-0.01591,1,0,26.2,56.6,0,low
WE240012,West Bengal,24,24.92645,88.65131,1597,2.4314,4.249,1.8176,71.8,0.1074,0.1215,0.0141,151.4,159.3,5.2,0.4395,0.5798,0.02805,1,1,28.9,34.5,0,medium
WE170013,West Bengal,17,24.41492,85.80295,372,0.7709,0.9287,0.1578,18.12,0.1038,0.1168,0.0129,176.7,185.4,4.94,0.2588,0.1651,-0.01873,1,0,55.4,67.5,1,low
WE270014,West Bengal,27,23.33318,86.16834,928,2.3233,3.2876,0.9644,39.8,0.1742,0.2283,0.0541,199.5,228.9,14.65,0.2415,0.2976,0.01121,1,0,12.2,44.5,1,medium
WE270015,West Bengal,27,24.41729,88.92912,6429,8.5011,15.1144,6.6133,76.89,-0.1489,0.0156,0.1645,97.6,209.5,113.62,0.3461,0.6177,0.05432,1,2,12.4,43.5,1,high
WE050016,West Bengal,5,21.96631,87.42936,1128,0.7032,0.6155,-0.0877,-10.92,-0.0628,-0.0453,0.0175,34.1,39.1,14.23,0.2821,0.2505,-0.00631,0,2,41.5,78.5,0,low
WE250017,West Bengal,25,25.61549,85.8981,694,0.5731,0.7472,0.1741,25.87,-0.2617,-0.2688,-0.0071,56.0,52.2,-6.66,0.6487,0.6612,0.0025,0,2,46.0,83.9,0,low
WE180018,West Bengal,18,23.58312,88.93934,588,0.9804,1.3394,0.359,33.23,-0.1752,-0.1727,0.0025,29.9,31.0,3.46,0.5153,0.5178,0.0005,1,0,55.4,64.8,0,low
WE170019,West Bengal,17,24.45688,87.53428,1965,1.9947,3.1239,1.1292,53.91,0.128,0.1424,0.0144,121.2,124.8,2.98,0.5988,0.6695,0.01412,1,1,11.2,66.7,0,medium
WE230020,West Bengal,23,25.44891,88.6916,200,0.5618,0.6859,0.1241,18.75,0.0066,0.0144,0.0078,66.6,71.1,6.68,0.3273,0.2592,-0.01361,0,2,44.5,82.7,0,low
WE040021,West Bengal,4,26.60119,88.91749,1220,9.6566,21.1041,11.4475,117.33,-0.1303,0.0271,0.1574,88.9,166.4,86.22,0.3195,0.5432,0.04474,1,1,6.7,10.3,1,high
WE170022,West Bengal,17,22.63531,88.86101,876,4.8892,5.3109,0.4217,8.45,-0.2823,-0.225,0.0572,18.6,33.5,76.32,0.4096,0.4652,0.0111,1,2,18.8,50.0,0,medium
WE280023,West Bengal,28,24.04325,86.52603,756,0.5464,0.4814,-0.0651,-10.06,0.0785,0.0962,0.0177,48.6,54.9,12.61,0.4263,0.4457,0.00387,1,1,49.5,79.5,0,low
WE170024,West Bengal,17,22.53603,86.24836,233,0.5352,0.773,0.2378,37.43,0.0908,0.0857,-0.0051,54.6,53.1,-2.63,0.5088,0.5136,0.00096,1,2,38.6,85.6,1,low
WE290025,West Bengal,29,25.87226,87.72366,1170,1.8703,3.0941,1.2238,62.11,0.1275,0.1798,0.0523,123.6,152.7,23.4,0.4371,0.4928,0.01114,0,1,14.6,56.0,1,medium
WE240026,West Bengal,24,26.68624,87.45433,736,1.5145,1.9397,0.4252,26.33,0.1134,0.1054,-0.008,155.2,153.2,-1.29,0.3919,0.3714,-0.00411,1,2,44.1,82.5,1,low
WE100027,West Bengal,10,25.30124,88.67043,429,0.3656,0.5631,0.1975,42.41,0.0866,0.0987,0.0121,97.3,103.3,6.14,0.242,0.1781,-0.01277,1,1,58.7,72.1,1,low
WE080028,West Bengal,8,24.70152,89.22325,644,3.2925,4.6128,1.3203,38.92,0.0622,0.0841,0.0219,138.5,151.3,9.15,0.5073,0.5969,0.01793,1,2,9.9,60.5,1,medium
WE290029,West Bengal,29,24.22637,88.76184,961,0.6623,0.9256,0.2633,34.54,-0.2986,-0.3014,-0.0028,40.3,38.5,-4.21,0.2763,0.2346,-0.00834,1,1,48.2,73.0,0,low
WE030030,West Bengal,3,21.69602,88.35529,2507,2.2005,3.7895,1.589,69.07,-0.0826,-0.032,0.0506,62.3,81.8,30.85,0.6145,0.6527,0.00763,1,2,27.1,41.9,0,medium
WE190031,West Bengal,19,22.81986,87.89582,2030,0.7296,1.1952,0.4655,56.11,0.0054,0.0112,0.0058,85.9,90.1,4.92,0.4446,0.3999,-0.00895,1,1,57.6,81.4,0,low
WE070032,West Bengal,7,26.4808,86.5139,1224,0.567,0.4975,-0.0695,-10.42,0.1905,0.194,0.0035,139.7,141.2,1.08,0.4793,0.5036,0.00486,0,0,51.2,90.3,0,low
WE110033,West Bengal,11,22.34023,89.7063,316,0.5164,0.585,0.0687,11.14,-0.0772,-0.0682,0.009,63.5,65.8,3.56,0.2085,0.1678,-0.00814,0,0,58.1,70.0,1,low
WE140034,West Bengal,14,23.0872,86.79978,414,0.6617,0.5736,-0.0882,-11.57,-0.0482,-0.0508,-0.0026,133.9,133.1,-0.59,0.5027,0.4805,-0.00442,0,0,46.2,55.7,0,low
WE270035,West Bengal,27,25.93976,87.30619,500,0.8913,1.2576,0.3663,36.95,-0.0031,0.0088,0.0119,50.9,58.9,15.54,0.3916,0.3328,-0.01176,1,0,26.3,81.3,0,low
WE150036,West Bengal,15,23.69211,87.65331,1680,7.2777,9.685,2.4073,32.63,0.0109,0.1839,0.1729,48.0,167.0,242.91,0.2502,0.5493,0.05983,1,2,12.2,35.3,1,high
WE240037,West Bengal,24,24.68233,89.09783,1247,2.058,3.847,1.789,82.9,0.0923,0.1493,0.0571,143.1,181.8,26.86,0.4814,0.5155,0.00682,0,1,16.3,57.3,1,medium
WE020038,West Bengal,2,25.44184,86.43214,322,0.3752,0.478,0.1029,21.65,0.1897,0.1921,0.0024,116.5,117.8,1.12,0.3842,0.4327,0.00971,0,0,18.8,99.4,0,low
WE030039,West Bengal,3,24.72202,88.50988,1265,9.2164,16.9165,7.7001,82.65,-0.1886,-0.1277,0.0609,71.9,114.6,58.58,0.6342,0.9,0.0592,1,2,12.7,14.3,1,high
WE260040,West Bengal,26,22.1612,86.75924,2707,1.7451,1.9665,0.2214,12.0,-0.1512,-0.1398,0.0115,56.7,61.9,8.97,0.5775,0.5194,-0.01163,1,2,16.4,82.6,1,low
WE030041,West Bengal,3,23.58704,86.98425,843,3.3962,5.1008,1.7046,48.76,0.1445,0.1569,0.0124,107.3,113.6,5.78,0.5129,0.5446,0.00633,1,1,21.7,44.7,0,medium
WE190042,West Bengal,19,23.05429,87.48221,992,0.6132,1.0304,0.4173,58.51,-0.0506,-0.0402,0.0104,64.4,69.7,8.2,0.4196,0.4308,0.00224,1,1,37.6,60.1,1,low
WE180043,West Bengal,18,22.76924,86.02837,580,0.8335,0.7368,-0.0968,-10.36,0.1126,0.1072,-0.0054,86.2,83.1,-3.61,0.3823,0.3021,-0.01604,1,0,21.4,97.0,1,low
WE280044,West Bengal,28,22.87748,87.07477,987,0.6997,0.9485,0.2487,31.1,0.1573,0.1647,0.0074,163.2,166.7,2.08,0.324,0.3241,4e-05,0,0,28.5,70.1,0,low
WE140045,West Bengal,14,25.33579,89.22406,761,0.486,0.7585,0.2724,46.48,-0.2109,-0.1913,0.0196,71.8,85.1,18.18,0.4463,0.4074,-0.00779,0,1,46.8,71.1,0,low
WE170046,West Bengal,17,23.46582,88.50227,300,0.4479,0.8811,0.4332,79.06,-0.1449,-0.1374,0.0076,29.0,34.4,17.93,0.6343,0.6104,-0.00479,1,1,38.8,55.2,1,low
WE040047,West Bengal,4,22.14113,87.08316,1098,2.0872,4.0575,1.9703,90.08,0.13,0.1558,0.0258,55.3,65.1,17.41,0.4607,0.5814,0.02414,1,2,23.7,63.0,1,medium
WE090048,West Bengal,9,23.87947,88.77254,272,0.4678,0.4708,0.003,0.52,-0.1976,-0.2062,-0.0086,29.3,25.6,-12.33,0.6304,0.6611,0.00614,0,1,50.8,65.5,1,low
WE190049,West Bengal,19,26.35746,85.90091,1128,0.5491,0.6308,0.0818,12.6,0.0741,0.0839,0.0098,141.2,146.6,3.82,0.6824,0.707,0.00493,1,2,44.2,69.4,0,low
WE080050,West Bengal,8,22.11568,88.32955,949,0.5492,0.6763,0.1271,19.58,0.0077,0.0037,-0.0041,72.6,71.3,-1.73,0.2389,0.1705,-0.01368,0,1,17.2,85.8,1,low
WE100051,West Bengal,10,22.06809,86.43406,224,0.6383,0.8728,0.2345,31.77,0.1979,0.2151,0.0172,166.0,172.9,4.09,0.4494,0.401,-0.00968,1,1,36.6,89.4,1,low
WE020052,West Bengal,2,23.96706,88.82574,777,3.257,4.6596,1.4026,41.78,-0.1429,-0.1197,0.0232,78.7,93.8,18.83,0.6359,0.7744,0.0277,1,2,15.8,60.2,0,medium
WE110053,West Bengal,11,23.44008,89.80035,1555,1.1505,1.1794,0.0289,2.31,-0.1783,-0.1622,0.0161,94.8,106.4,12.04,0.3527,0.2861,-0.01333,1,0,58.9,97.3,1,low
WE040054,West Bengal,4,26.34992,88.69923,1367,0.6785,0.8243,0.1458,18.73,-0.0808,-0.0786,0.0022,85.0,86.4,1.67,0.3442,0.3509,0.00135,0,2,57.7,74.8,0,low
WE160055,West Bengal,16,23.01339,86.38689,723,3.2376,4.6647,1.4271,42.76,0.0375,0.0777,0.0402,95.4,125.2,30.95,0.2494,0.3837,0.02688,1,0,20.6,55.2,1,medium
WE230056,West Bengal,23,24.57073,86.93931,1037,1.2545,1.3235,0.069,5.09,0.0853,0.087,0.0016,91.1,92.0,0.88,0.5485,0.5723,0.00476,0,2,16.3,58.1,1,low
WE240057,West Bengal,24,22.06793,86.28179,919,0.6208,0.592,-0.0288,-4.0,-0.0455,-0.0263,0.0193,134.9,144.4,7.03,0.6352,0.6065,-0.00573,1,2,59.6,85.9,0,low
WE210058,West Bengal,21,25.79488,89.74348,2221,6.9199,18.4201,11.5002,163.82,0.1085,0.1998,0.0913,47.6,80.2,66.97,0.3635,0.5095,0.02921,1,2,10.0,16.1,1,high
WE040059,West Bengal,4,22.87359,89.20398,1011,9.0174,16.3111,7.2937,80.0,-0.142,-0.0859,0.0561,33.2,56.5,68.03,0.5256,0.8042,0.05571,1,2,17.0,24.1,1,high
WE100060,West Bengal,10,22.00865,86.78693,2504,0.6283,0.7057,0.0773,10.62,0.0978,0.1089,0.0111,176.7,181.2,2.57,0.3034,0.2617,-0.00833,1,0,26.3,87.0,1,low
WE100061,West Bengal,10,24.70376,87.80824,1214,1.2988,1.3047,0.006,0.43,0.1721,0.1703,-0.0017,170.1,169.4,-0.4,0.6646,0.5754,-0.01784,0,0,28.9,64.8,0,low
WE190062,West Bengal,19,22.96099,87.36548,1317,0.5045,0.4221,-0.0825,-13.64,0.1871,0.186,-0.0011,199.9,199.4,-0.27,0.2633,0.287,0.00475,1,0,57.2,59.3,1,low
WE230063,West Bengal,23,23.28661,86.24589,1742,3.0635,3.6285,0.565,17.86,-0.2666,-0.2148,0.0518,29.9,47.1,55.91,0.256,0.2877,0.00633,1,2,21.7,38.1,1,medium
WE180064,West Bengal,18,27.01973,88.94142,483,0.9909,1.0213,0.0304,2.79,0.0396,0.0402,0.0006,105.5,105.8,0.25,0.692,0.6482,-0.00877,0,0,48.0,80.1,0,low
WE110065,West Bengal,11,23.27207,88.52682,842,8.9764,11.8244,2.848,31.38,-0.1834,-0.0062,0.1772,72.1,133.2,83.61,0.6541,0.8818,0.04555,1,0,4.9,25.4,1,high
WE290066,West Bengal,29,25.97964,86.01042,1041,0.7093,1.1751,0.4658,57.56,-0.0923,-0.085,0.0073,63.3,66.7,5.22,0.2297,0.1526,-0.01541,0,0,50.5,83.4,0,low
WE260067,West Bengal,26,26.28726,88.18413,200,1.042,1.2644,0.2224,19.48,0.1869,0.1929,0.006,120.5,124.7,3.45,0.5602,0.531,-0.00584,1,1,17.3,55.7,1,low
WE280068,West Bengal,28,25.10069,87.02954,1281,9.2323,14.0286,4.7963,51.39,0.1892,0.3501,0.1608,126.7,218.4,71.82,0.2285,0.4508,0.04444,1,2,5.2,32.2,1,high
WE030069,West Bengal,3,22.05395,89.02914,1103,1.1455,1.0504,-0.0951,-7.64,-0.1592,-0.153,0.0062,40.8,43.9,7.56,0.5658,0.6085,0.00855,0,0,48.5,57.2,1,low
WE100070,West Bengal,10,21.91797,88.39408,809,2.4078,2.879,0.4712,18.79,-0.0191,0.01,0.0291,53.6,69.9,29.74,0.4131,0.5358,0.02454,1,1,28.3,66.8,0,medium
WE230071,West Bengal,23,26.14284,89.34628,392,0.8596,0.8963,0.0367,3.83,-0.1687,-0.1581,0.0106,43.2,51.1,17.69,0.3005,0.3429,0.00847,0,1,16.6,94.1,1,low
WE120072,West Bengal,12,23.86134,87.65536,299,0.7361,1.1714,0.4352,52.05,0.0853,0.0831,-0.0022,83.3,82.5,-0.86,0.3087,0.2909,-0.00358,0,1,51.7,95.9,0,low
WE030073,West Bengal,3,25.49382,86.54833,484,2.948,3.7437,0.7956,26.1,-0.1537,-0.1288,0.0249,101.7,109.3,7.46,0.6005,0.6818,0.01626,1,1,16.4,39.2,1,medium
WE120074,West Bengal,12,23.59132,87.85132,1165,1.2058,1.3279,0.1221,9.35,0.0618,0.0625,0.0007,131.7,132.1,0.32,0.5355,0.5176,-0.00358,1,0,41.6,58.1,0,low
WE090075,West Bengal,9,27.07248,88.32897,484,0.3994,0.4342,0.0348,6.97,-0.263,-0.2438,0.0192,18.0,25.3,37.96,0.6664,0.6315,-0.00698,1,1,28.6,56.8,0,low
WE110076,West Bengal,11,24.52428,87.75562,3057,3.3958,4.7131,1.3173,37.68,-0.0041,0.0373,0.0415,134.0,155.2,15.7,0.3356,0.4113,0.01515,1,1,19.5,64.3,0,medium
WE220077,West Bengal,22,24.61985,88.76616,2490,3.1956,4.683,1.4874,45.13,-0.2164,-0.1986,0.0178,77.7,88.8,14.02,0.6455,0.7843,0.02777,0,0,26.6,51.1,1,medium
WE270078,West Bengal,27,25.64062,86.41216,743,2.8296,3.6759,0.8463,28.89,-0.1595,-0.1085,0.051,57.0,73.1,27.61,0.526,0.5886,0.01252,0,2,18.2,36.9,1,medium
WE200079,West Bengal,20,24.50394,87.19734,453,0.8552,0.8864,0.0312,3.26,0.1397,0.1571,0.0174,127.5,137.4,7.68,0.2273,0.1374,-0.01797,1,0,20.7,67.3,1,low
WE260080,West Bengal,26,23.43491,89.38387,287,0.5783,0.6423,0.0641,9.45,-0.0608,-0.064,-0.0032,82.1,81.1,-1.23,0.4337,0.4559,0.00443,1,1,52.7,75.0,1,low
WE140081,West Bengal,14,24.29146,87.08398,272,0.5343,0.511,-0.0233,-3.68,-0.1225,-0.1306,-0.0082,104.3,98.6,-5.4,0.3564,0.3627,0.00126,1,2,45.4,57.6,0,low
WE110082,West Bengal,11,25.93744,88.47357,1276,0.4697,0.5962,0.1265,22.2,0.1157,0.134,0.0183,52.1,58.1,11.24,0.4237,0.4513,0.00553,0,1,24.8,91.5,0,low
WE190083,West Bengal,19,21.50046,87.25675,6897,2.3206,3.7227,1.4021,57.92,-0.1588,-0.1377,0.0211,74.4,81.9,9.94,0.4234,0.504,0.01612,0,0,16.3,69.9,0,medium
WE240084,West Bengal,24,24.25418,87.37635,665,2.1455,3.7926,1.6471,73.35,0.0683,0.1084,0.04,67.4,84.9,25.65,0.5939,0.642,0.00961,0,1,9.6,36.3,0,medium
WE130085,West Bengal,13,24.83888,85.98523,253,0.6045,0.642,0.0376,5.33,-0.2271,-0.2225,0.0046,76.2,78.6,3.09,0.4597,0.4813,0.00432,0,0,53.0,77.3,1,low
WE070086,West Bengal,7,26.3674,87.59359,3599,7.9922,19.6295,11.6372,143.81,0.1536,0.206,0.0524,141.1,158.8,12.42,0.2376,0.5283,0.05812,1,2,6.2,23.6,1,high
WE060087,West Bengal,6,24.70169,85.86604,890,0.8745,0.9765,0.102,10.47,0.0094,0.0204,0.011,134.8,140.0,3.82,0.4342,0.4218,-0.00247,1,1,22.7,63.8,0,low
WE220088,West Bengal,22,26.78271,86.71134,200,0.688,0.9431,0.2551,32.37,-0.1993,-0.1801,0.0192,87.7,96.8,10.32,0.2195,0.1633,-0.01125,0,1,40.9,57.3,0,low
WE050089,West Bengal,5,22.67801,87.35034,837,0.6535,1.0817,0.4282,56.83,0.1255,0.1356,0.0101,156.6,163.6,4.45,0.3814,0.3495,-0.00639,0,1,45.2,69.7,0,low
WE150090,West Bengal,15,25.11198,86.21907,647,0.733,0.9593,0.2263,27.17,-0.2596,-0.2464,0.0133,49.9,54.2,8.38,0.5607,0.5419,-0.00377,1,0,58.0,59.9,1,low
WE040091,West Bengal,4,25.85419,89.16227,6928,6.7495,14.8498,8.1002,118.26,-0.2949,-0.1981,0.0968,41.6,68.5,63.06,0.4743,0.6722,0.03957,1,2,2.9,30.0,1,high
WE240092,West Bengal,24,25.02977,85.83801,387,1.3858,1.5313,0.1455,9.79,-0.0516,-0.0441,0.0075,80.1,84.7,5.68,0.2207,0.2685,0.00956,1,2,54.7,81.2,0,low
WE160093,West Bengal,16,24.66959,87.2979,1010,1.6194,1.9967,0.3773,21.95,0.1899,0.2027,0.0128,104.3,110.1,5.54,0.5359,0.5743,0.00767,1,0,17.5,63.2,1,low
WE190094,West Bengal,19,25.73318,88.40142,219,0.7259,1.1086,0.3827,46.34,-0.0547,-0.042,0.0128,123.8,131.9,6.47,0.2565,0.2928,0.00725,1,1,54.6,98.0,0,low
WE270095,West Bengal,27,25.27663,89.60411,245,0.567,0.8071,0.2401,35.99,-0.1656,-0.1548,0.0109,44.8,52.9,17.63,0.6629,0.6391,-0.00477,1,0,36.1,79.5,0,low
WE010096,West Bengal,1,25.47997,89.84681,873,8.99,15.9697,6.9797,76.78,0.1973,0.3326,0.1353,109.5,180.5,64.34,0.6334,0.9,0.05476,1,2,7.5,37.3,1,high
WE010097,West Bengal,1,22.24966,85.89544,691,0.6134,0.8709,0.2575,36.1,-0.2501,-0.2408,0.0093,55.2,58.0,5.07,0.5151,0.4581,-0.0114,1,0,29.6,99.1,0,low
WE040098,West Bengal,4,25.41514,87.82522,328,0.6111,0.78,0.1689,23.75,-0.0608,-0.055,0.0058,57.4,60.7,5.67,0.2036,0.1769,-0.00533,0,0,44.8,64.3,0,low
WE050099,West Bengal,5,23.4548,89.44948,2646,2.645,4.2483,1.6034,58.41,-0.1217,-0.0838,0.0379,76.1,94.9,24.52,0.2151,0.3057,0.01811,1,1,22.1,36.6,0,medium
WE210100,West Bengal,21,23.01796,86.59598,729,0.4938,0.6587,0.165,27.78,0.1886,0.1889,0.0003,109.8,109.9,0.09,0.6097,0.5649,-0.00896,0,0,42.4,67.4,1,low
WE280101,West Bengal,28,24.49466,86.1596,200,0.7253,0.8265,0.1012,12.26,-0.2646,-0.2744,-0.0098,29.3,24.5,-15.89,0.4661,0.4388,-0.00546,0,0,47.6,66.2,1,low
WE220102,West Bengal,22,24.45082,88.22934,313,1.4103,1.3701,-0.0402,-2.66,-0.0766,-0.0735,0.0031,43.2,45.1,4.43,0.3326,0.3303,-0.00046,1,1,56.3,59.9,0,low
WE140103,West Bengal,14,22.25411,86.51424,902,0.4308,0.4049,-0.0259,-4.88,-0.277,-0.2796,-0.0026,57.0,56.3,-1.24,0.3173,0.3484,0.00623,1,0,45.5,93.9,1,low
WE090104,West Bengal,9,25.59258,87.51883,301,1.96,2.2009,0.2409,11.69,-0.1506,-0.156,-0.0053,59.1,55.8,-5.58,0.6122,0.5515,-0.01213,1,2,60.0,92.5,0,low
WE260105,West Bengal,26,23.66493,86.67848,555,2.6374,3.9249,1.2875,47.03,-0.076,-0.0478,0.0282,122.1,133.5,9.32,0.5393,0.5628,0.0047,1,0,21.7,42.4,1,medium
WE280106,West Bengal,28,22.54707,87.40894,524,0.9122,0.8778,-0.0344,-3.4,0.0994,0.0983,-0.0011,157.9,157.5,-0.23,0.6391,0.6057,-0.00668,1,0,16.2,70.0,0,low
WE100107,West Bengal,10,22.47458,89.16275,896,0.5336,0.9513,0.4177,65.91,-0.2851,-0.2798,0.0053,56.9,60.2,5.74,0.2793,0.2689,-0.00208,0,0,27.0,64.5,1,low
WE200108,West Bengal,20,21.81391,86.19521,1419,2.8381,4.7661,1.928,65.62,-0.0978,-0.0866,0.0112,111.8,115.8,3.5,0.376,0.4201,0.00883,1,0,13.6,42.5,1,medium
WE010109,West Bengal,1,21.64052,86.40815,2036,8.2331,15.3628,7.1297,85.56,0.1228,0.3006,0.1778,107.9,219.4,102.33,0.5602,0.7845,0.04486,0,2,7.6,12.6,1,high
WE220110,West Bengal,22,26.69356,86.91521,2034,7.323,17.1046,9.7817,131.78,0.1549,0.2871,0.1322,56.5,129.6,127.25,0.4355,0.5606,0.02501,1,2,12.0,22.2,1,high
WE070111,West Bengal,7,26.5714,87.09131,303,3.2734,4.2472,0.9738,28.87,-0.1785,-0.1677,0.0107,75.3,82.9,10.01,0.5111,0.6408,0.02594,1,1,20.5,60.4,1,medium
WE100112,West Bengal,10,21.76941,86.78068,899,6.1795,13.5333,7.3538,117.11,0.0111,0.1115,0.1004,105.0,174.6,65.59,0.4364,0.576,0.02793,1,2,6.4,16.8,0,high
WE120113,West Bengal,12,23.34101,87.42473,1929,6.7345,8.8907,2.1562,31.55,-0.0239,0.1328,0.1567,82.6,126.6,52.65,0.4511,0.7055,0.05087,0,2,12.2,13.6,1,high
WE160114,West Bengal,16,24.91677,86.8934,2272,1.0942,1.5631,0.4689,39.26,-0.0383,-0.0306,0.0076,66.4,71.1,7.07,0.2398,0.1812,-0.01172,0,2,44.7,68.7,1,low
WE250115,West Bengal,25,23.2143,87.53586,916,2.8565,4.3973,1.5408,52.11,-0.1007,-0.0824,0.0183,80.2,86.7,8.01,0.5305,0.5969,0.01327,1,1,28.4,34.9,0,medium
WE030116,West Bengal,3,24.81168,88.22714,1113,2.1322,3.7937,1.6615,74.44,-0.2279,-0.1888,0.0391,33.0,45.7,37.11,0.3129,0.4337,0.02417,1,1,28.2,41.7,1,medium
WE140117,West Bengal,14,22.65117,86.62222,498,1.9888,3.0265,1.0377,49.68,0.077,0.1151,0.0381,85.8,100.8,17.32,0.2521,0.3341,0.01641,1,0,23.7,62.2,1,medium
WE010118,West Bengal,1,23.63659,88.36408,905,8.9845,17.7286,8.744,96.25,-0.2509,-0.0973,0.1536,63.5,154.2,140.73,0.3899,0.5105,0.0241,1,2,17.5,17.6,1,high
WE210119,West Bengal,21,23.21957,88.61816,1991,0.8491,1.1487,0.2996,31.57,-0.1655,-0.1562,0.0093,51.5,54.3,5.47,0.2666,0.1843,-0.01647,1,1,23.2,60.7,1,low
WE230120,West Bengal,23,23.6743,89.82047,964,0.549,0.8626,0.3136,48.33,0.1102,0.1032,-0.0069,81.5,79.8,-2.13,0.5463,0.5949,0.00971,1,1,31.3,79.7,0,low
WE210121,West Bengal,21,22.76499,86.74227,200,0.4833,0.8339,0.3506,60.11,0.1174,0.1091,-0.0083,143.7,138.7,-3.42,0.682,0.6506,-0.00629,1,0,35.1,63.4,1,low
WE100122,West Bengal,10,24.77287,89.89961,468,0.6971,0.722,0.0249,3.12,0.1409,0.1538,0.0129,82.1,86.7,5.49,0.2779,0.238,-0.00798,1,1,40.9,73.9,1,low
WE160123,West Bengal,16,24.90294,89.65991,238,0.9835,0.9228,-0.0606,-5.6,-0.0467,-0.0327,0.014,101.8,107.1,5.12,0.6552,0.7007,0.00909,1,1,24.0,72.7,1,low
WE260124,West Bengal,26,25.7348,87.02248,1317,0.5498,0.9872,0.4374,67.32,-0.1617,-0.1643,-0.0026,49.3,47.7,-3.21,0.3988,0.4264,0.00551,0,0,22.9,73.4,0,low
WE060125,West Bengal,6,26.17426,89.22937,5789,3.5191,4.7132,1.1941,33.0,0.0463,0.1027,0.0564,149.7,183.7,22.55,0.5366,0.6205,0.01678,1,1,12.6,41.2,1,medium
WE260126,West Bengal,26,23.92782,88.86123,1660,2.8973,3.5052,0.6079,20.28,0.1849,0.2311,0.0462,136.1,165.7,21.57,0.6288,0.7408,0.0224,1,0,28.3,50.5,1,medium
WE030127,West Bengal,3,24.08289,86.80572,396,0.6998,0.7795,0.0797,9.96,-0.2025,-0.1918,0.0107,36.2,41.1,13.06,0.3368,0.252,-0.01696,1,2,18.4,65.2,0,low
WE170128,West Bengal,17,25.53397,87.39657,650,2.9617,3.799,0.8374,27.35,0.0278,0.0465,0.0188,48.3,59.4,22.49,0.2474,0.33,0.01652,1,0,20.7,65.1,1,medium
WE060129,West Bengal,6,22.16656,87.3781,2358,1.4555,1.366,-0.0894,-5.75,0.1682,0.1733,0.0051,75.8,78.6,3.67,0.3857,0.367,-0.00375,0,1,42.5,57.6,0,low
WE100130,West Bengal,10,22.16891,89.1667,888,1.1091,1.4859,0.3768,31.17,0.1148,0.1063,-0.0085,117.9,114.9,-2.56,0.643,0.6795,0.00731,1,2,47.3,77.0,0,low
WE230131,West Bengal,23,25.94854,88.4298,200,0.5518,0.4958,-0.056,-8.59,0.0426,0.0359,-0.0066,149.5,146.9,-1.77,0.6557,0.6288,-0.00538,1,1,25.0,75.7,1,low
WE190132,West Bengal,19,22.51267,88.99297,403,2.5366,4.2605,1.7239,65.38,-0.234,-0.1847,0.0493,40.8,59.9,45.63,0.445,0.4568,0.00237,1,0,18.4,51.5,1,medium
WE270133,West Bengal,27,25.51847,86.0271,657,3.8055,5.1094,1.3038,33.38,0.0869,0.1092,0.0222,157.5,166.5,5.69,0.2726,0.3885,0.02318,1,1,29.8,59.8,1,medium
WE180134,West Bengal,18,25.78936,86.48291,3421,3.1686,4.0631,0.8945,27.37,-0.2325,-0.1958,0.0367,21.6,40.0,81.76,0.5463,0.5638,0.00351,1,1,18.0,37.9,1,medium
WE130135,West Bengal,13,24.07165,87.53793,1443,7.0745,18.6609,11.5864,161.49,-0.2634,-0.1105,0.153,22.0,74.9,230.48,0.2831,0.4284,0.02904,1,2,15.7,27.7,1,high
WE280136,West Bengal,28,24.40605,89.6591,1155,0.3975,0.3963,-0.0012,-0.23,-0.2034,-0.195,0.0084,37.6,41.7,10.68,0.2546,0.2426,-0.00238,0,0,21.4,94.8,0,low
WE020137,West Bengal,2,25.27181,89.73097,2556,7.2313,16.1986,8.9673,122.31,-0.2742,-0.1715,0.1027,28.9,105.1,254.29,0.3419,0.6078,0.05317,1,2,5.8,31.2,1,high
WE120138,West Bengal,12,26.98514,89.35837,1715,3.3021,4.6261,1.324,38.92,-0.0356,-0.0167,0.0189,53.1,63.0,18.21,0.5361,0.6176,0.0163,1,0,29.3,67.6,1,medium
WE160139,West Bengal,16,23.78736,87.76313,2176,10.3167,19.6858,9.3691,89.94,0.0587,0.1409,0.0822,158.3,203.5,28.36,0.5616,0.702,0.02809,1,1,9.6,38.5,0,high
WE010140,West Bengal,1,21.54221,86.71604,200,0.519,0.677,0.158,25.52,-0.1027,-0.0963,0.0064,103.4,105.2,1.75,0.2931,0.3319,0.00776,0,1,33.1,69.6,0,low
WE010141,West Bengal,1,24.35068,87.87476,1740,0.7706,1.0123,0.2418,27.77,-0.2167,-0.2115,0.0052,72.0,74.9,3.95,0.39,0.3103,-0.01595,0,0,34.4,82.5,0,low
WE140142,West Bengal,14,26.7889,89.19696,737,8.9718,14.5442,5.5725,61.43,-0.1414,-0.0285,0.1129,102.7,163.4,58.48,0.6342,0.9,0.05803,1,2,16.5,11.5,1,high
WE240143,West Bengal,24,25.41774,86.34408,612,1.6162,1.7397,0.1235,7.2,-0.2231,-0.2075,0.0156,81.4,85.7,5.18,0.3889,0.3808,-0.00163,1,2,45.9,79.2,1,low
WE280144,West Bengal,28,26.86253,89.57381,218,1.1424,1.4006,0.2582,20.78,-0.0434,-0.0456,-0.0022,113.8,112.7,-0.9,0.5894,0.534,-0.01106,0,1,36.7,77.5,1,low
WE180145,West Bengal,18,24.86706,86.26315,2428,3.2201,5.1328,1.9127,57.61,-0.2942,-0.2635,0.0307,23.7,43.2,78.71,0.3314,0.3487,0.00346,0,1,14.2,33.0,1,medium
WE140146,West Bengal,14,22.929,89.14246,3303,0.4249,0.5042,0.0793,15.11,-0.2533,-0.2557,-0.0025,56.5,55.0,-2.6,0.5949,0.5026,-0.01846,1,0,20.1,96.5,0,low
WE260147,West Bengal,26,25.54481,89.33572,851,2.278,3.639,1.361,57.23,-0.1314,-0.0931,0.0383,41.3,64.5,54.96,0.4778,0.5674,0.0179,0,2,16.2,45.2,1,medium
WE280148,West Bengal,28,24.01446,89.77438,257,0.8368,1.2512,0.4145,44.24,0.0672,0.0703,0.0032,159.0,160.8,1.14,0.4053,0.4333,0.00561,1,0,36.6,80.1,1,low
WE220149,West Bengal,22,25.06729,87.05274,533,2.2591,3.5743,1.3153,55.75,-0.1617,-0.1322,0.0295,46.9,65.2,38.23,0.4658,0.6126,0.02935,1,2,16.9,36.9,1,medium
WE280150,West Bengal,28,25.35157,87.49977,1617,2.5956,3.9629,1.3672,50.72,-0.1042,-0.091,0.0132,39.2,44.0,11.99,0.289,0.329,0.008,1,2,19.8,34.3,1,medium
WE080151,West Bengal,8,26.45982,87.92452,751,0.4468,0.3619,-0.0849,-15.53,0.0392,0.0588,0.0196,123.5,130.0,5.19,0.5984,0.615,0.00332,0,0,57.4,69.5,1,low
WE180152,West Bengal,18,23.44697,85.99263,914,3.4448,4.4836,1.0389,29.31,0.1474,0.1864,0.039,136.3,150.2,10.15,0.6913,0.7313,0.008,1,1,21.7,37.2,1,medium
WE150153,West Bengal,15,25.90301,88.50971,258,1.6221,1.5794,-0.0427,-2.48,-0.071,-0.0721,-0.0011,34.7,34.2,-1.49,0.4016,0.3346,-0.01341,1,2,26.2,89.8,1,low
WE250154,West Bengal,25,23.47759,85.81122,1350,0.4852,0.884,0.3988,68.15,-0.0083,0.0054,0.0137,130.3,138.1,5.95,0.4253,0.3803,-0.009,1,0,48.3,97.9,1,low
WE150155,West Bengal,15,22.80398,88.48953,912,2.7341,3.2603,0.5262,18.57,-0.2095,-0.1696,0.0398,62.1,84.9,36.08,0.6476,0.7544,0.02135,1,2,30.0,68.6,1,medium
WE200156,West Bengal,20,22.83869,87.6108,1293,8.971,19.6709,10.6999,117.96,-0.283,-0.1327,0.1503,40.1,104.8,157.42,0.3424,0.553,0.04212,1,2,11.2,14.8,0,high
WE130157,West Bengal,13,22.3174,89.0219,615,0.7886,0.7843,-0.0043,-0.48,0.0006,0.0002,-0.0004,66.0,65.8,-0.39,0.5668,0.533,-0.00676,0,2,28.9,57.3,0,low
WE070158,West Bengal,7,22.61332,86.44541,1434,0.6588,0.5792,-0.0796,-10.49,0.0625,0.0761,0.0136,148.5,155.4,4.56,0.4966,0.523,0.00528,1,0,36.5,82.9,0,low
WE060159,West Bengal,6,26.5421,86.05378,235,2.8552,4.0194,1.1641,39.39,-0.0261,-0.0056,0.0204,118.3,124.5,5.15,0.5696,0.6318,0.01243,1,2,15.4,69.5,1,medium
WE130160,West Bengal,13,22.33343,87.06819,425,0.9799,1.4535,0.4736,43.86,-0.1458,-0.1516,-0.0058,44.4,40.9,-7.52,0.4963,0.4175,-0.01576,1,0,31.1,96.7,1,low
WE020161,West Bengal,2,22.77653,87.35206,1712,8.5101,16.8067,8.2966,96.36,-0.1388,0.0011,0.1398,98.3,191.5,93.77,0.6761,0.7901,0.02279,1,2,12.2,16.7,0,high
WE270162,West Bengal,27,24.32717,87.63594,1216,0.7025,0.8133,0.1108,13.81,-0.1035,-0.1087,-0.0052,107.1,104.1,-2.76,0.6814,0.6182,-0.01263,1,2,52.6,75.9,1,low
WE250163,West Bengal,25,26.50806,88.74254,1323,2.8216,3.5529,0.7313,25.03,-0.2575,-0.218,0.0395,69.1,85.3,23.15,0.3663,0.4067,0.00808,1,1,13.6,36.3,1,medium
WE180164,West Bengal,18,25.1206,89.65295,447,0.4924,0.7259,0.2336,39.43,0.147,0.1398,-0.0072,68.3,64.5,-5.51,0.5399,0.4818,-0.01162,0,0,36.3,66.1,1,low
WE010165,West Bengal,1,25.01746,88.82322,1503,8.9639,13.8385,4.8747,53.78,-0.2971,-0.1885,0.1086,40.9,72.5,75.27,0.4136,0.5976,0.03681,1,2,10.1,12.0,0,high
WE200166,West Bengal,20,23.33821,89.49272,1960,2.2619,3.2669,1.0051,42.55,0.0793,0.0979,0.0186,53.8,58.6,8.76,0.2373,0.3533,0.0232,0,0,21.5,32.6,1,medium
WE210167,West Bengal,21,26.58595,88.70962,1068,0.7445,0.9904,0.2459,29.12,-0.1909,-0.1911,-0.0003,69.5,69.4,-0.14,0.4444,0.48,0.00712,0,1,24.6,91.5,1,low
WE250168,West Bengal,25,24.26032,89.28133,736,0.6331,1.0405,0.4074,55.57,-0.1884,-0.1818,0.0065,68.1,73.0,7.01,0.2593,0.2619,0.00051,1,0,38.5,73.8,0,low
WE100169,West Bengal,10,26.41871,87.93749,4373,2.4623,4.3941,1.9318,75.39,-0.1018,-0.0447,0.0571,76.0,111.0,45.39,0.4206,0.56,0.02788,1,2,13.4,66.8,1,medium
WE260170,West Bengal,26,23.77896,88.57525,434,0.9836,1.1202,0.1366,12.61,0.0786,0.0985,0.0199,164.5,175.2,6.5,0.633,0.5963,-0.00734,1,0,30.7,73.9,1,low
WE100171,West Bengal,10,21.52018,87.22725,271,2.9416,4.2946,1.353,44.48,-0.2892,-0.2681,0.0211,29.0,35.5,21.61,0.3043,0.3839,0.01591,1,2,12.6,60.1,1,medium
WE050172,West Bengal,5,25.58681,88.9954,1411,2.1668,4.0666,1.8998,83.81,0.109,0.1238,0.0148,134.5,139.7,3.83,0.4012,0.5263,0.02503,1,2,19.1,45.1,1,medium
WE030173,West Bengal,3,26.74719,88.71919,1636,3.5385,3.8822,0.3436,9.44,0.0549,0.0817,0.0268,109.3,122.9,12.35,0.5167,0.5675,0.01017,0,1,27.7,69.7,0,medium
WE140174,West Bengal,14,27.02192,87.40903,1014,0.553,0.8927,0.3397,52.02,-0.238,-0.2311,0.0069,66.6,70.0,4.97,0.624,0.5848,-0.00783,0,2,25.4,55.3,0,low
WE190175,West Bengal,19,24.31143,86.19284,599,0.8954,1.0784,0.1831,18.39,-0.2219,-0.225,-0.003,31.8,29.7,-6.67,0.5987,0.6216,0.00459,0,0,16.2,97.0,1,low
WE220176,West Bengal,22,26.77914,89.22125,211,0.651,0.6344,-0.0166,-2.21,0.0278,0.0403,0.0124,102.6,105.7,3.08,0.2323,0.1432,-0.01782,0,2,28.5,82.9,1,low
WE060177,West Bengal,6,22.32556,88.41242,3514,2.8502,3.7695,0.9192,31.16,-0.1304,-0.1143,0.0161,60.0,71.8,19.46,0.6348,0.6355,0.00013,1,2,14.2,66.9,1,medium
WE170178,West Bengal,17,24.22516,88.97462,392,1.2476,1.561,0.3133,23.25,-0.1791,-0.1797,-0.0006,84.2,83.8,-0.49,0.4251,0.4123,-0.00256,1,1,17.4,91.0,1,low
WE180179,West Bengal,18,24.60618,87.31807,3307,3.5599,5.0959,1.536,41.97,-0.063,-0.0088,0.0542,88.8,108.0,21.49,0.4777,0.4952,0.00351,1,0,27.3,57.2,1,medium
WE020180,West Bengal,2,22.64199,88.35067,1016,0.6705,1.1406,0.4701,61.01,0.1055,0.1233,0.0177,50.2,55.2,9.68,0.4073,0.4114,0.00081,1,2,25.8,57.7,0,low
WE010181,West Bengal,1,26.9922,88.27457,1786,6.7754,18.4386,11.6632,169.64,-0.0153,0.0908,0.1061,126.8,165.0,29.94,0.6422,0.8468,0.04092,1,2,3.8,32.4,1,high
WE060182,West Bengal,6,25.70109,87.52746,1885,0.641,1.0058,0.3648,49.24,-0.0255,-0.025,0.0005,39.3,39.5,0.63,0.5087,0.4606,-0.00963,1,2,27.7,86.3,0,low
WE140183,West Bengal,14,22.79721,89.4344,345,0.8511,1.1556,0.3046,32.02,0.187,0.1794,-0.0076,116.8,113.8,-2.49,0.6073,0.5786,-0.00574,0,1,28.6,91.9,0,low
WE160184,West Bengal,16,26.1807,88.16808,1542,0.4886,0.9381,0.4495,76.37,-0.0785,-0.067,0.0115,44.2,52.8,18.97,0.4654,0.3669,-0.0197,0,0,20.1,98.2,0,low
WE050185,West Bengal,5,25.29883,87.62445,1816,0.6817,1.0376,0.3559,45.53,0.1624,0.1709,0.0085,76.3,81.2,6.43,0.4695,0.4936,0.00482,0,2,49.6,55.4,0,low
WE060186,West Bengal,6,27.03485,86.19656,1002,1.6459,1.8608,0.2149,12.31,-0.0596,-0.0457,0.014,112.7,117.0,3.83,0.6395,0.5429,-0.01932,0,0,39.0,96.3,0,low
WE070187,West Bengal,7,26.74405,87.6977,2681,2.8955,3.7797,0.8842,29.52,0.1855,0.2096,0.0242,64.0,73.5,14.64,0.6583,0.7973,0.02778,0,2,13.6,60.4,1,medium
WE180188,West Bengal,18,22.28518,87.94296,2242,0.9178,0.8638,-0.054,-5.31,0.1115,0.1217,0.0103,77.0,80.2,4.06,0.4429,0.4073,-0.00712,0,1,42.5,77.9,1,low
WE240189,West Bengal,24,21.97511,87.3237,4325,8.1675,19.9812,11.8137,142.89,-0.2343,-0.1671,0.0672,25.1,58.9,129.82,0.3019,0.4491,0.02944,1,2,12.1,38.5,1,high
WE150190,West Bengal,15,24.96037,88.60927,223,0.916,1.1471,0.2311,22.74,0.063,0.0787,0.0157,107.4,117.2,9.06,0.6458,0.6353,-0.00212,0,2,58.5,62.1,1,low
WE230191,West Bengal,23,26.12353,89.83742,414,3.4152,5.305,1.8898,53.76,0.0585,0.1096,0.051,139.5,163.4,17.01,0.6573,0.6849,0.00551,1,0,16.7,63.9,0,medium
WE100192,West Bengal,10,26.27637,88.83254,200,1.1489,1.5928,0.4439,35.54,-0.2597,-0.261,-0.0014,39.5,38.8,-1.74,0.634,0.56,-0.0148,0,0,24.9,69.4,1,low
WE240193,West Bengal,24,24.86174,87.93356,3259,0.8577,1.1191,0.2614,27.3,-0.2958,-0.3047,-0.0089,22.0,16.3,-24.88,0.2559,0.1626,-0.01866,1,1,34.6,84.6,0,low
WE190194,West Bengal,19,22.53859,86.20643,360,2.9666,4.6776,1.711,55.79,-0.1713,-0.1267,0.0445,41.9,63.8,51.06,0.3706,0.3754,0.00098,1,2,15.3,34.4,1,medium
WE170195,West Bengal,17,23.77136,89.73961,1487,1.0948,1.4589,0.3641,30.47,-0.1233,-0.1092,0.0141,111.9,119.1,6.42,0.4546,0.4351,-0.0039,1,0,58.8,68.6,1,low
WE190196,West Bengal,19,23.46069,87.0341,200,1.0434,1.3973,0.3539,30.95,-0.1862,-0.1926,-0.0064,36.5,33.3,-8.54,0.2224,0.2543,0.0064,0,1,50.7,60.0,0,low
WE180197,West Bengal,18,26.35782,87.20137,200,1.3189,1.7258,0.4069,28.67,-0.2891,-0.2844,0.0047,61.7,64.1,3.93,0.2759,0.3025,0.00532,0,2,51.4,62.1,0,low
WE010198,West Bengal,1,26.85317,87.03172,576,3.0582,4.8379,1.7797,56.35,-0.0405,-0.0166,0.0239,58.9,65.1,10.43,0.6956,0.7529,0.01146,0,2,28.4,51.0,1,medium
WE030199,West Bengal,3,24.51967,89.46344,200,0.7134,0.7333,0.0199,2.45,0.1557,0.1735,0.0178,179.4,186.6,4.04,0.3326,0.3669,0.00686,1,2,44.1,82.3,1,low
WE290200,West Bengal,29,26.43041,86.85959,766,2.833,4.8162,1.9832,67.62,0.0292,0.047,0.0177,85.1,90.6,6.41,0.2191,0.2454,0.00527,1,1,28.4,38.0,0,medium
WE040201,West Bengal,4,22.29747,87.67105,3932,2.1526,3.6063,1.4537,64.54,0.0835,0.1072,0.0237,131.4,139.4,6.05,0.3057,0.448,0.02845,0,2,27.3,43.1,1,medium
WE120202,West Bengal,12,23.68306,88.33595,1072,0.7662,0.9141,0.1479,17.07,-0.1594,-0.149,0.0104,47.6,53.9,12.86,0.4536,0.3628,-0.01817,1,0,22.7,83.6,0,low
WE160203,West Bengal,16,21.50072,89.59853,1182,0.5197,0.5107,-0.009,-1.46,-0.0019,0.0033,0.0052,148.4,150.7,1.55,0.2068,0.2434,0.0073,1,0,52.9,85.1,1,low
WE270204,West Bengal,27,21.79384,87.46877,283,0.4527,0.8973,0.4446,80.43,-0.2702,-0.2574,0.0127,46.6,51.8,10.93,0.284,0.2171,-0.01337,1,0,51.9,59.5,0,low
WE210205,West Bengal,21,22.29889,87.77188,686,0.7259,1.1147,0.3888,47.08,-0.0499,-0.0307,0.0192,85.8,97.4,13.37,0.6004,0.5744,-0.00518,0,0,39.1,81.1,0,low
WE070206,West Bengal,7,25.61734,89.74781,322,1.2332,1.1776,-0.0556,-4.17,0.0342,0.0443,0.0101,67.5,73.2,8.42,0.3121,0.2975,-0.00291,0,2,26.3,88.2,0,low
WE220207,West Bengal,22,25.09163,86.21505,200,1.1324,1.077,-0.0554,-4.5,0.009,0.0086,-0.0004,107.4,107.1,-0.29,0.2502,0.289,0.00775,1,0,34.2,79.9,0,low
WE180208,West Bengal,18,21.72093,88.02477,224,0.6716,0.9038,0.2322,30.1,0.1426,0.1422,-0.0003,66.3,66.0,-0.33,0.3809,0.2912,-0.01794,1,1,53.3,79.8,0,low
WE070209,West Bengal,7,22.58796,87.45514,1950,0.5719,0.5991,0.0272,4.05,-0.169,-0.1589,0.0101,62.8,68.0,8.22,0.2803,0.2604,-0.00399,1,1,46.5,80.4,0,low
WE060210,West Bengal,6,23.65762,86.42215,650,1.3466,1.6067,0.2601,17.98,0.1957,0.1877,-0.0079,198.4,194.6,-1.89,0.2038,0.1875,-0.00326,0,2,30.2,87.0,1,low
WE270211,West Bengal,27,22.6115,87.15589,1035,2.6812,4.47,1.7888,64.32,0.065,0.077,0.012,91.9,99.3,7.96,0.4505,0.5258,0.01507,1,1,13.9,65.5,1,medium
WE190212,West Bengal,19,21.83576,86.23591,426,0.372,0.8146,0.4426,93.76,-0.0677,-0.0661,0.0016,111.0,111.6,0.55,0.237,0.1814,-0.01113,1,0,45.8,94.1,1,low
WE080213,West Bengal,8,26.43263,87.72014,1719,2.6433,4.6333,1.99,72.54,-0.0905,-0.0743,0.0162,89.7,98.1,9.22,0.693,0.7168,0.00477,1,1,24.9,33.8,1,medium
WE090214,West Bengal,9,22.95487,88.55439,3236,0.8075,1.1726,0.3652,40.24,-0.299,-0.2881,0.0109,52.9,57.4,8.41,0.2672,0.209,-0.01165,1,1,43.2,58.9,0,low
WE160215,West Bengal,16,22.27867,88.32864,1388,3.6305,4.7121,1.0816,28.99,-0.0876,-0.0388,0.0488,80.0,102.1,27.31,0.4271,0.5117,0.01693,0,0,24.3,44.3,0,medium
WE070216,West Bengal,7,25.04941,86.40596,458,0.5433,0.9788,0.4355,67.7,-0.1631,-0.1628,0.0003,51.3,51.4,0.19,0.4433,0.4892,0.00918,1,0,44.4,62.8,0,low
WE120217,West Bengal,12,25.96508,87.37884,712,0.5103,0.9039,0.3936,64.5,-0.2388,-0.2249,0.0139,75.6,80.5,6.47,0.4845,0.5202,0.00715,0,1,51.5,96.1,0,low
WE170218,West Bengal,17,24.92205,86.26633,562,0.5846,1.0261,0.4415,64.48,0.1636,0.1575,-0.0061,110.8,108.8,-1.77,0.6485,0.6645,0.0032,1,0,26.1,70.1,0,low
WE050219,West Bengal,5,25.69897,89.47999,819,0.6826,0.9511,0.2685,34.31,0.1276,0.1265,-0.0011,118.5,117.9,-0.52,0.5885,0.5444,-0.00882,0,0,21.7,90.7,0,low
WE250220,West Bengal,25,21.56423,88.09392,1932,0.542,0.5306,-0.0114,-1.77,0.1244,0.135,0.0106,142.2,146.1,2.75,0.5649,0.5529,-0.0024,0,0,50.5,75.2,0,low
WE140221,West Bengal,14,22.53242,88.55584,346,0.7808,0.7068,-0.074,-8.4,-0.0893,-0.0799,0.0094,60.5,64.1,5.96,0.4244,0.3892,-0.00703,0,1,23.8,93.7,1,low
WE290222,West Bengal,29,25.88838,88.38948,255,3.0664,4.92,1.8535,58.54,-0.033,-0.0002,0.0329,104.4,120.3,15.09,0.577,0.6697,0.01853,0,1,15.1,46.0,1,medium
WE260223,West Bengal,26,24.33067,89.79426,412,3.2433,4.7362,1.4929,44.65,0.0249,0.0617,0.0368,134.8,161.2,19.43,0.3374,0.3643,0.00537,1,0,16.1,69.2,1,medium
WE170224,West Bengal,17,26.23615,88.14925,907,1.0627,1.2003,0.1375,11.83,-0.0313,-0.0375,-0.0061,87.1,85.2,-2.1,0.4961,0.4962,3e-05,0,1,47.2,83.1,0,low
WE290225,West Bengal,29,26.91755,86.1367,534,3.495,4.7279,1.2329,34.29,0.0441,0.0926,0.0485,134.9,153.2,13.45,0.4581,0.5222,0.01283,1,2,25.1,49.8,0,medium
WE060226,West Bengal,6,22.05598,87.07066,574,1.1921,1.4391,0.2471,19.12,-0.2667,-0.255,0.0117,46.3,54.0,16.47,0.5657,0.6003,0.00692,0,1,39.6,75.6,1,low
WE280227,West Bengal,28,24.33429,87.09302,843,2.9287,3.7605,0.8318,27.46,0.1829,0.2157,0.0328,76.1,89.2,16.97,0.2088,0.2356,0.00537,1,1,17.9,34.0,0,medium
WE010228,West Bengal,1,21.98962,87.16638,348,3.062,4.2556,1.1936,37.75,0.0644,0.1185,0.0541,49.5,72.6,45.72,0.6531,0.7548,0.02033,1,1,15.5,35.6,1,medium
WE100229,West Bengal,10,22.33299,88.45391,3082,0.8499,0.7958,-0.0541,-5.69,0.1661,0.1753,0.0093,76.4,82.0,7.17,0.6383,0.6813,0.00861,1,0,24.4,75.0,0,low
WE100230,West Bengal,10,23.80312,88.03671,246,1.0746,1.3814,0.3068,26.12,0.0351,0.0448,0.0098,97.8,101.1,3.36,0.3294,0.2677,-0.01234,0,1,17.1,56.0,0,low
WE090231,West Bengal,9,25.28012,88.06982,1901,1.0342,1.0561,0.022,1.94,-0.0148,0.002,0.0168,98.8,103.9,5.08,0.4863,0.4602,-0.00521,0,1,17.8,92.6,1,low
WE260232,West Bengal,26,25.33002,86.98333,743,2.7228,3.8362,1.1134,39.44,-0.2327,-0.1727,0.0599,50.0,87.8,73.99,0.5114,0.6467,0.02707,1,2,8.5,43.6,0,medium
WE260233,West Bengal,26,21.9726,85.96125,521,0.6355,0.5952,-0.0403,-5.48,-0.2191,-0.214,0.0051,37.8,40.5,6.95,0.5094,0.4717,-0.00752,1,1,51.5,72.8,0,low
WE140234,West Bengal,14,24.62849,86.30716,1714,10.3105,18.0871,7.7765,74.7,-0.0173,0.1203,0.1376,56.7,139.5,143.36,0.4715,0.7243,0.05056,1,2,9.6,33.7,0,high
WE010235,West Bengal,1,27.04997,88.74876,236,0.7887,0.7822,-0.0065,-0.74,-0.1116,-0.1095,0.002,106.6,107.2,0.56,0.6063,0.5602,-0.00923,1,0,58.7,97.2,0,low
WE240236,West Bengal,24,23.67381,87.23534,326,1.1767,1.2625,0.0858,6.72,0.1451,0.155,0.0099,99.3,103.8,4.49,0.3661,0.3041,-0.01239,0,2,41.3,76.5,0,low
WE110237,West Bengal,11,23.45917,89.16668,675,0.5011,0.5382,0.0371,6.17,0.1038,0.1196,0.0157,158.0,164.2,3.85,0.3452,0.3378,-0.00148,0,0,30.3,95.8,0,low
WE050238,West Bengal,5,22.14851,89.76185,386,0.6646,1.0675,0.4029,52.7,0.0388,0.0382,-0.0005,120.0,119.6,-0.28,0.4803,0.5001,0.00395,0,1,26.3,89.8,0,low
WE030239,West Bengal,3,27.05732,86.12354,1426,2.7962,3.9583,1.1621,40.13,0.0104,0.0441,0.0338,71.7,84.6,17.64,0.386,0.4133,0.00545,0,2,27.6,40.9,0,medium
WE020240,West Bengal,2,26.14136,89.33961,2577,0.8082,0.7915,-0.0167,-1.84,-0.195,-0.202,-0.007,56.1,51.7,-7.7,0.4435,0.4744,0.00617,0,1,18.5,74.5,0,low
WE080241,West Bengal,8,22.30723,86.06056,291,0.6375,0.9395,0.302,40.94,-0.1571,-0.1421,0.0149,28.8,37.4,28.95,0.6436,0.6201,-0.00472,0,2,58.9,82.1,1,low
WE290242,West Bengal,29,22.11652,87.79582,1469,0.6909,0.7967,0.1058,13.38,-0.2881,-0.2956,-0.0075,37.2,34.5,-7.05,0.5771,0.4994,-0.01553,0,0,27.7,82.8,1,low
WE220243,West Bengal,22,26.22408,86.45608,400,0.4979,0.4017,-0.0962,-16.09,-0.291,-0.3005,-0.0095,52.5,48.8,-6.84,0.2514,0.166,-0.01708,0,0,56.7,95.6,1,low
WE100244,West Bengal,10,25.90286,86.28933,1155,0.7583,1.15,0.3917,45.63,0.1623,0.1685,0.0062,68.8,72.5,5.4,0.2799,0.324,0.00883,1,0,47.8,87.7,1,low
WE050245,West Bengal,5,22.81081,89.0579,700,1.7843,2.1569,0.3726,19.78,0.1322,0.1801,0.0479,137.2,157.9,15.0,0.6911,0.7237,0.00652,1,1,21.7,30.8,1,medium
WE240246,West Bengal,24,26.70662,87.34645,1856,3.3028,4.9374,1.6346,48.04,-0.2409,-0.1895,0.0514,33.7,60.4,76.99,0.6102,0.6422,0.0064,1,1,18.5,37.7,1,medium
WE070247,West Bengal,7,26.70212,86.0604,1360,2.6351,3.7633,1.1282,41.25,0.0997,0.1245,0.0248,108.5,124.6,14.76,0.5978,0.7449,0.02942,0,2,14.8,59.7,1,medium
WE080248,West Bengal,8,21.93038,86.92992,1354,0.6202,0.6225,0.0023,0.32,-0.0003,0.009,0.0093,113.7,116.8,2.71,0.258,0.2835,0.0051,0,0,47.8,57.0,0,low
WE010249,West Bengal,1,26.90499,89.56873,744,0.8227,1.0873,0.2646,28.67,0.1065,0.1044,-0.0021,111.5,110.1,-1.19,0.4098,0.425,0.00305,0,0,24.0,70.3,0,low
OD270000,Odisha,27,21.60846,81.96086,499,3.1347,3.5892,0.4545,14.05,-0.2087,-0.1594,0.0494,39.5,60.0,50.69,0.3266,0.3858,0.01184,0,2,19.4,32.2,1,medium
OD250001,Odisha,25,19.85948,83.25364,428,0.7648,1.0931,0.3283,37.96,-0.0048,0.0064,0.0112,147.2,153.3,4.11,0.6934,0.6206,-0.01457,1,0,37.3,64.5,0,low
OD160002,Odisha,16,21.66911,83.8231,745,0.7407,1.1902,0.4495,53.47,0.0381,0.0334,-0.0048,67.1,65.1,-2.97,0.2742,0.22,-0.01084,0,1,18.5,71.4,1,low
OD190003,Odisha,19,20.20284,87.30277,424,0.6847,0.7232,0.0385,4.91,-0.1215,-0.1052,0.0162,77.3,86.8,12.19,0.4147,0.4498,0.00702,1,2,58.0,91.6,0,low
OD290004,Odisha,29,19.23394,85.13761,850,3.0455,3.9523,0.9068,28.83,-0.2685,-0.2205,0.048,24.5,38.0,52.97,0.4587,0.5723,0.02273,1,1,23.2,54.0,1,medium
OD280005,Odisha,28,21.1889,82.24404,1447,2.3002,4.0694,1.7691,73.71,0.0808,0.1195,0.0387,130.7,151.9,16.06,0.4779,0.6224,0.02891,0,0,11.9,46.1,1,medium
OD190006,Odisha,19,21.48085,84.89329,6160,3.2115,4.1466,0.9351,28.24,-0.2481,-0.2148,0.0333,26.9,42.3,55.18,0.6999,0.7329,0.0066,1,0,11.6,52.0,1,medium
OD050007,Odisha,5,20.09693,86.76007,2778,0.8828,0.8534,-0.0295,-3.0,-0.1501,-0.1567,-0.0066,93.5,90.5,-3.25,0.3959,0.3648,-0.00622,1,1,41.4,91.1,1,low
OD020008,Odisha,2,20.11602,83.12291,314,0.5783,0.5135,-0.0648,-9.56,0.1607,0.1741,0.0134,54.6,64.2,17.42,0.3553,0.2607,-0.01893,1,1,31.3,76.0,1,low
OD030009,Odisha,3,18.29738,84.76172,1879,2.6702,4.1691,1.4989,54.11,0.0716,0.09,0.0185,141.7,149.6,5.51,0.4038,0.4366,0.00656,0,2,29.5,44.4,1,medium
OD010010,Odisha,1,20.05266,86.10702,812,10.6532,15.7648,5.1116,47.54,-0.1718,-0.0875,0.0843,54.8,104.0,88.06,0.6247,0.9,0.05769,1,2,3.3,16.2,1,high
OD190011,Odisha,19,21.59403,83.10565,2321,0.9175,1.1397,0.2222,21.83,0.0745,0.094,0.0195,170.1,180.6,6.11,0.6024,0.5911,-0.00227,1,2,26.8,69.0,0,low
OD180012,Odisha,18,20.58672,84.05516,1165,9.724,16.47,6.746,68.67,0.1717,0.3335,0.1618,142.6,250.6,75.2,0.3056,0.5887,0.05663,0,2,12.8,37.9,1,high
OD210013,Odisha,21,20.20905,83.68814,398,0.6439,0.8162,0.1723,23.16,-0.2083,-0.2117,-0.0033,24.8,22.6,-8.72,0.3068,0.2905,-0.00326,1,2,22.3,94.5,0,low
OD020014,Odisha,2,19.3743,85.63299,765,2.9067,4.6145,1.7078,56.8,0.0052,0.0402,0.0349,53.6,79.4,47.21,0.6787,0.8011,0.02448,1,2,8.3,48.9,1,medium
OD270015,Odisha,27,22.16378,85.45728,672,0.4981,0.886,0.3879,64.85,0.1056,0.1187,0.013,52.4,61.8,17.66,0.4667,0.4818,0.00302,1,0,58.1,74.1,0,low
OD100016,Odisha,10,19.44223,84.28467,244,0.5229,0.7395,0.2166,34.77,0.1678,0.1736,0.0058,153.8,157.7,2.47,0.6665,0.6178,-0.00974,0,2,49.7,60.9,0,low
OD170017,Odisha,17,22.34889,86.39713,1548,7.1433,13.4229,6.2796,86.69,-0.1373,-0.0084,0.1289,46.3,78.8,68.81,0.6465,0.8047,0.03165,1,2,6.7,15.4,1,high
OD150018,Odisha,15,20.22692,83.85123,716,1.3423,1.8238,0.4815,33.38,-0.088,-0.0916,-0.0036,62.9,61.0,-2.97,0.3736,0.3382,-0.00709,0,0,34.1,64.2,0,low
OD010019,Odisha,1,21.42665,83.99229,2457,2.4723,3.8724,1.4001,54.43,0.0035,0.0393,0.0357,120.6,131.1,8.61,0.2514,0.2672,0.00315,1,0,29.9,33.8,1,medium
OD080020,Odisha,8,18.54688,86.51607,307,1.5534,1.8478,0.2944,17.81,0.1814,0.1956,0.0143,88.6,93.3,5.22,0.3766,0.3775,0.00019,1,1,23.3,58.0,1,low
OD130021,Odisha,13,20.8694,83.89068,625,2.9758,4.1422,1.1664,37.92,0.0377,0.0505,0.0128,45.0,54.3,20.11,0.5708,0.6016,0.00616,1,2,12.2,46.4,1,medium
OD080022,Odisha,8,20.79412,87.16781,200,0.7552,0.8251,0.0699,8.18,-0.041,-0.0457,-0.0047,74.3,72.5,-2.27,0.3102,0.2472,-0.01259,0,0,31.2,93.8,1,low
OD170023,Odisha,17,19.94568,85.90738,1040,0.5821,1.0238,0.4417,64.76,-0.2882,-0.2725,0.0157,55.3,66.8,20.26,0.429,0.4536,0.00492,0,0,50.3,93.0,0,low
OD150024,Odisha,15,22.49784,85.51695,219,0.5777,0.7054,0.1277,18.85,0.0609,0.0736,0.0126,45.7,52.7,14.83,0.3654,0.3068,-0.01172,1,0,35.1,74.8,0,low
OD200025,Odisha,20,20.68328,85.7627,647,3.4278,4.5731,1.1453,32.46,0.0539,0.0879,0.034,85.2,103.8,21.54,0.4289,0.4327,0.00076,1,0,10.0,50.4,1,medium
OD140026,Odisha,14,21.08061,83.05353,345,3.0291,4.7913,1.7622,56.32,-0.1604,-0.1188,0.0416,86.2,115.0,33.0,0.6554,0.7961,0.02815,1,1,27.2,38.2,1,medium
OD080027,Odisha,8,20.7469,84.55968,838,1.0243,1.4728,0.4485,39.9,-0.0314,-0.018,0.0134,71.8,80.9,12.54,0.4487,0.4279,-0.00418,0,1,47.6,80.1,0,low
OD040028,Odisha,4,19.15237,82.57953,1640,1.1207,1.1315,0.0108,0.88,0.1066,0.0987,-0.0079,157.9,153.6,-2.71,0.5189,0.5418,0.00458,0,0,25.5,84.7,1,low
OD290029,Odisha,29,18.56015,84.00292,2414,6.5761,15.2541,8.678,129.99,0.1286,0.2639,0.1354,101.7,147.3,44.36,0.5778,0.7636,0.03716,1,2,2.5,10.1,1,high
OD290030,Odisha,29,19.37466,81.43711,1078,0.6524,0.8539,0.2015,26.78,-0.1448,-0.1475,-0.0027,70.6,69.3,-1.75,0.6559,0.563,-0.01858,0,0,22.5,70.4,0,low
OD130031,Odisha,13,22.22567,82.17906,218,0.9832,1.294,0.3108,28.69,0.0297,0.0212,-0.0085,56.4,51.2,-9.17,0.6575,0.6521,-0.00107,1,0,44.2,89.4,1,low
OD250032,Odisha,25,18.6528,83.77536,2951,9.779,14.6718,4.8928,49.53,-0.2416,-0.1493,0.0923,41.7,72.0,70.79,0.2428,0.3562,0.02268,1,2,15.1,25.2,1,high
OD130033,Odisha,13,20.2152,82.55573,868,2.3525,4.111,1.7585,71.7,0.0388,0.071,0.0322,103.6,113.1,9.04,0.3379,0.3912,0.01066,1,1,10.1,39.4,0,medium
OD180034,Odisha,18,22.31687,85.46169,782,1.1567,1.3725,0.2158,17.17,-0.2837,-0.293,-0.0093,51.1,44.2,-13.25,0.2527,0.153,-0.01994,1,0,45.8,84.2,0,low
OD030035,Odisha,3,17.81483,87.40475,928,0.6322,0.7491,0.1169,15.96,-0.2349,-0.2278,0.007,28.2,32.3,14.03,0.5592,0.5819,0.00452,0,1,40.9,84.8,0,low
OD120036,Odisha,12,18.08737,86.12382,1159,8.1446,10.3823,2.2377,27.14,0.1237,0.2575,0.1338,139.6,212.2,51.68,0.6866,0.864,0.03547,1,2,8.5,35.6,1,high
OD160037,Odisha,16,19.70465,82.43019,204,0.8205,1.1131,0.2926,31.79,0.1629,0.1785,0.0156,137.0,147.1,7.25,0.3796,0.3719,-0.00155,1,1,25.6,91.2,1,low
OD280038,Odisha,28,21.40232,85.31825,1924,3.149,4.1412,0.9922,30.54,-0.0737,-0.017,0.0566,109.8,143.5,30.41,0.318,0.4316,0.02273,1,1,25.0,60.2,1,medium
OD260039,Odisha,26,18.73473,81.81563,488,0.6865,1.0865,0.4,50.86,-0.225,-0.2117,0.0133,25.5,32.1,24.89,0.3494,0.3511,0.00034,1,1,48.4,97.4,1,low
OD070040,Odisha,7,21.38339,85.08249,1455,3.5364,4.5927,1.0563,29.05,-0.1088,-0.0967,0.0121,54.9,63.6,15.47,0.4641,0.5036,0.0079,0,1,15.1,45.6,1,medium
OD210041,Odisha,21,21.56255,82.10088,695,0.7458,1.0477,0.3019,35.69,0.039,0.0503,0.0113,91.8,96.9,5.52,0.4697,0.3764,-0.01865,1,2,42.2,72.2,0,low
OD040042,Odisha,4,18.8433,81.5879,620,0.6228,0.7009,0.0781,10.81,-0.1864,-0.1904,-0.004,23.8,20.9,-11.62,0.3624,0.2923,-0.01401,1,1,38.3,94.8,0,low
OD290043,Odisha,29,21.55716,86.32565,200,0.7633,1.0367,0.2734,31.67,0.1141,0.1325,0.0184,148.1,157.4,6.22,0.6128,0.5155,-0.01946,0,0,30.4,69.3,1,low
OD010044,Odisha,1,21.84771,86.40458,869,0.76,0.8685,0.1085,12.61,-0.077,-0.0832,-0.0062,66.7,64.7,-2.93,0.6864,0.719,0.00653,1,0,21.0,90.9,0,low
OD200045,Odisha,20,18.08683,84.88593,1406,0.4522,0.4266,-0.0256,-4.64,-0.2152,-0.2049,0.0103,52.2,55.7,6.63,0.2639,0.1727,-0.01823,1,1,22.5,83.3,0,low
OD090046,Odisha,9,18.68391,82.29609,1322,3.1396,4.9278,1.7881,55.2,0.1658,0.1985,0.0326,167.4,191.2,14.12,0.3044,0.4426,0.02763,0,1,15.7,58.2,1,medium
OD060047,Odisha,6,21.39988,83.4275,421,4.545,5.9511,1.4061,30.27,-0.0221,0.0275,0.0496,42.9,78.6,81.52,0.2827,0.3834,0.02014,1,1,16.9,62.2,0,medium
OD060048,Odisha,6,19.33281,83.9246,487,3.3979,3.8411,0.4431,12.67,-0.0377,0.0067,0.0444,106.5,120.0,12.6,0.229,0.2576,0.00573,1,2,29.7,50.0,0,medium
OD060049,Odisha,6,20.30849,87.17285,414,2.55,3.774,1.2239,46.18,0.0165,0.0462,0.0297,106.3,114.5,7.7,0.4017,0.4332,0.0063,1,2,28.0,39.7,1,medium
OD160050,Odisha,16,19.82497,86.22854,441,1.1064,1.3947,0.2883,23.9,0.0558,0.0614,0.0056,89.1,90.9,1.98,0.569,0.6005,0.0063,0,1,41.4,68.1,0,low
OD090051,Odisha,9,18.23268,84.02384,1570,2.5697,4.1522,1.5825,59.28,0.0872,0.1345,0.0473,66.8,81.6,21.96,0.3109,0.385,0.01482,0,2,18.9,69.3,0,medium
OD110052,Odisha,11,20.54257,84.61202,2604,1.7769,2.1696,0.3927,20.92,-0.0428,-0.0263,0.0165,114.1,124.3,8.88,0.2704,0.1951,-0.01508,0,0,54.0,96.7,0,low
OD010053,Odisha,1,18.5558,83.25292,1820,2.5871,3.7322,1.1451,42.61,0.131,0.15,0.019,186.5,199.0,6.67,0.4734,0.4815,0.00161,0,2,10.5,41.5,1,medium
OD250054,Odisha,25,22.12997,84.83582,475,3.0063,3.6508,0.6445,20.75,0.0583,0.0844,0.0261,94.1,100.7,6.86,0.3511,0.492,0.02819,0,2,17.7,64.9,1,medium
OD210055,Odisha,21,20.59398,85.35311,412,0.7614,0.7549,-0.0066,-0.76,0.0636,0.0564,-0.0071,150.6,146.1,-2.98,0.6326,0.6817,0.00981,1,1,42.1,85.7,0,low
OD290056,Odisha,29,19.09172,82.02211,1318,0.5174,0.5525,0.0351,5.69,0.1897,0.1843,-0.0054,148.2,145.4,-1.86,0.2248,0.2411,0.00326,1,0,46.3,76.7,1,low
OD250057,Odisha,25,21.91957,81.68012,446,1.4956,1.6898,0.1942,12.17,-0.1447,-0.1541,-0.0093,28.5,24.3,-14.25,0.441,0.4001,-0.00817,1,0,47.8,88.6,1,low
OD180058,Odisha,18,20.58106,83.2329,680,0.635,1.0428,0.4077,55.47,0.1492,0.1488,-0.0004,185.3,185.1,-0.09,0.5517,0.5477,-0.0008,1,0,35.1,80.3,1,low
OD120059,Odisha,12,20.69891,81.45294,310,0.6382,1.0086,0.3704,50.17,-0.2844,-0.2936,-0.0091,46.1,41.0,-10.95,0.2137,0.2107,-0.0006,1,0,47.2,91.3,1,low
OD170060,Odisha,17,21.44822,83.94086,521,0.6457,0.8795,0.2338,31.35,0.1953,0.2105,0.0152,168.7,173.3,2.69,0.5163,0.5369,0.00412,0,1,18.2,75.7,0,low
OD280061,Odisha,28,19.8085,82.65753,272,1.2014,1.5897,0.3882,29.83,-0.0426,-0.0236,0.019,45.9,53.6,16.6,0.5996,0.6223,0.00454,1,1,18.0,57.7,0,low
OD190062,Odisha,19,21.49468,86.08261,1636,3.2163,4.3415,1.1251,33.93,0.1332,0.1658,0.0326,72.6,92.5,27.1,0.4057,0.4942,0.01771,1,0,21.7,66.6,1,medium
OD170063,Odisha,17,20.85741,83.65253,889,0.398,0.6281,0.2302,46.22,-0.1106,-0.098,0.0126,38.3,45.5,18.26,0.3731,0.2769,-0.01925,1,0,54.1,60.7,0,low
OD270064,Odisha,27,20.66209,84.42474,317,1.1713,1.5921,0.4208,33.1,-0.2569,-0.2591,-0.0022,57.1,56.5,-1.15,0.6717,0.6225,-0.00983,1,1,46.3,66.8,0,low
OD240065,Odisha,24,18.97264,82.11956,724,0.7611,0.7422,-0.0189,-2.2,0.1143,0.1245,0.0102,108.9,116.5,6.92,0.2103,0.1273,-0.0166,0,1,25.9,75.5,0,low
OD030066,Odisha,3,21.39809,85.95993,1329,2.0894,3.8657,1.7763,81.13,-0.1349,-0.0935,0.0414,34.6,54.7,56.62,0.4734,0.4972,0.00476,0,2,18.8,53.3,1,medium
OD290067,Odisha,29,22.46565,85.88852,1967,8.1622,19.368,11.2059,135.63,-0.1997,-0.0833,0.1164,72.7,131.4,79.81,0.5839,0.7669,0.0366,1,2,17.7,36.3,1,high
OD210068,Odisha,21,22.15354,86.49705,1060,2.9814,3.4334,0.452,14.67,-0.1902,-0.1707,0.0194,78.0,90.1,15.22,0.3637,0.3751,0.00228,0,1,26.1,33.2,1,medium
OD120069,Odisha,12,22.53697,82.32604,420,1.0862,1.5196,0.4335,36.54,-0.009,0.0068,0.0159,58.8,68.4,16.13,0.2724,0.2368,-0.00713,1,0,35.1,90.8,0,low
OD160070,Odisha,16,22.07888,84.11108,881,1.4343,1.5507,0.1165,7.59,0.0416,0.0513,0.0097,53.5,57.4,7.01,0.4873,0.4527,-0.00692,1,1,17.4,56.1,0,low
OD020071,Odisha,2,20.88426,86.5661,582,2.5791,2.9368,0.3577,13.35,0.0986,0.1507,0.0521,171.4,198.9,15.94,0.2957,0.3126,0.00339,0,0,10.9,38.8,0,medium
OD050072,Odisha,5,21.016,85.1449,477,1.9543,3.112,1.1577,56.35,-0.1176,-0.0715,0.0461,50.5,64.5,27.19,0.6311,0.7777,0.02932,1,1,29.2,43.7,0,medium
OD210073,Odisha,21,19.56691,84.61063,638,0.9785,1.0677,0.0892,8.27,-0.2985,-0.2789,0.0196,58.7,71.2,20.99,0.4619,0.3738,-0.01761,1,0,41.1,64.4,1,low
OD220074,Odisha,22,20.42951,84.91301,306,0.9727,1.0319,0.0592,5.52,0.0428,0.061,0.0183,126.6,133.1,5.08,0.6543,0.6204,-0.00679,1,2,31.3,57.0,0,low
OD110075,Odisha,11,18.37448,84.05436,762,0.5622,0.5734,0.0112,1.69,-0.0953,-0.0811,0.0142,101.1,106.4,5.23,0.3269,0.2856,-0.00826,0,0,27.7,55.8,0,low
OD080076,Odisha,8,20.35356,84.81794,681,2.9917,4.838,1.8463,59.72,-0.2943,-0.2355,0.0587,23.7,42.1,74.3,0.4122,0.4934,0.01623,1,2,14.5,54.4,1,medium
OD290077,Odisha,29,22.04434,82.69555,252,0.6925,0.8683,0.1759,22.19,-0.1862,-0.1765,0.0098,47.0,51.2,8.7,0.5719,0.5309,-0.00819,1,1,35.7,70.2,0,low
OD270078,Odisha,27,17.97516,84.62402,630,2.7278,4.4332,1.7055,60.31,0.1404,0.1518,0.0114,177.2,181.5,2.42,0.3599,0.4876,0.02553,0,1,8.6,33.5,1,medium
OD230079,Odisha,23,21.44049,83.3498,1520,3.6791,5.4523,1.7732,46.92,-0.1292,-0.1133,0.016,103.6,109.3,5.4,0.6266,0.6857,0.01182,0,1,26.4,38.7,0,medium
OD060080,Odisha,6,20.31867,87.41102,1131,3.352,4.0365,0.6845,19.83,-0.0324,0.0126,0.045,66.3,97.9,46.99,0.5707,0.6789,0.02163,0,2,14.5,34.8,1,medium
OD050081,Odisha,5,19.28944,87.19964,516,1.05,1.044,-0.006,-0.52,-0.2102,-0.2091,0.0012,41.7,42.5,1.84,0.3654,0.2737,-0.01834,1,2,34.4,82.6,1,low
OD050082,Odisha,5,22.52158,83.79727,354,0.5164,0.7921,0.2756,44.72,0.0586,0.0713,0.0127,114.5,118.1,3.09,0.291,0.3011,0.00201,1,1,53.4,87.5,0,low
OD010083,Odisha,1,18.66461,86.49168,293,0.7172,0.9625,0.2453,30.02,-0.0367,-0.0317,0.005,137.5,140.9,2.52,0.2973,0.2949,-0.00048,0,0,29.6,95.9,0,low
OD170084,Odisha,17,19.27306,85.16891,313,0.4756,0.632,0.1564,27.17,-0.0728,-0.0652,0.0076,59.8,62.1,3.83,0.675,0.7105,0.00709,0,1,55.1,82.8,1,low
OD010085,Odisha,1,21.68738,84.26202,816,2.3948,3.4499,1.0552,42.3,-0.2165,-0.2018,0.0147,68.8,75.6,9.69,0.3779,0.5054,0.02551,1,1,24.6,57.9,1,medium
OD190086,Odisha,19,22.2195,81.54299,555,1.3377,1.2747,-0.063,-4.38,-0.2656,-0.2646,0.001,67.5,67.9,0.58,0.312,0.2357,-0.01525,1,0,37.2,61.9,0,low
OD170087,Odisha,17,20.67448,83.89954,905,0.7017,0.6662,-0.0355,-4.43,0.1841,0.1841,-0.0,123.2,123.2,-0.01,0.5179,0.5019,-0.00321,1,1,25.0,80.1,0,low
OD120088,Odisha,12,20.38808,84.59446,345,1.5989,1.9343,0.3355,19.75,-0.2257,-0.2347,-0.009,27.0,23.6,-12.27,0.6908,0.6172,-0.01472,1,0,47.2,90.7,1,low
OD010089,Odisha,1,19.98039,82.47899,2181,10.3057,20.6062,10.3005,98.99,-0.0664,-0.0118,0.0546,43.0,81.2,87.01,0.4867,0.7695,0.05655,0,2,17.2,33.2,0,high
OD110090,Odisha,11,18.28428,84.7474,200,0.8813,0.7983,-0.083,-8.46,0.1669,0.1811,0.0142,103.8,113.8,9.55,0.4543,0.4642,0.00199,0,1,35.7,58.3,1,low
OD290091,Odisha,29,21.25055,82.68997,1900,3.1685,4.84,1.6715,51.14,-0.1448,-0.1173,0.0275,69.1,78.1,12.77,0.5304,0.6544,0.02481,0,1,14.2,52.0,1,medium
OD050092,Odisha,5,20.4626,82.05535,336,4.5254,5.6846,1.1592,25.06,-0.135,-0.0971,0.0379,106.3,122.3,14.88,0.6496,0.6704,0.00416,0,2,27.3,33.3,0,medium
OD130093,Odisha,13,22.41908,86.94627,319,0.6411,0.9813,0.3401,45.9,0.1609,0.1555,-0.0055,193.0,191.3,-0.83,0.4451,0.492,0.00938,1,1,19.4,87.9,1,low
OD150094,Odisha,15,18.5737,86.20647,1090,0.7724,0.7244,-0.048,-5.51,-0.0864,-0.0723,0.014,47.4,56.4,18.6,0.4801,0.447,-0.00662,0,2,47.8,90.9,0,low
OD240095,Odisha,24,19.92213,82.33738,398,0.9373,1.3046,0.3672,35.4,-0.1551,-0.1447,0.0104,64.2,68.8,7.06,0.6835,0.6444,-0.00782,0,0,25.0,64.3,1,low
OD280096,Odisha,28,19.06855,87.06885,786,1.3832,1.8322,0.449,30.27,-0.234,-0.2282,0.0058,42.0,44.8,6.5,0.6399,0.6227,-0.00343,0,1,56.9,60.5,1,low
OD230097,Odisha,23,18.39279,83.81334,1125,10.504,20.0732,9.5692,90.24,-0.1408,-0.0868,0.054,30.7,67.0,114.25,0.629,0.8249,0.03918,1,2,14.4,16.9,0,high
OD140098,Odisha,14,18.38721,85.88713,540,0.5414,0.898,0.3566,55.61,0.0849,0.097,0.0121,48.7,52.6,7.74,0.4118,0.4201,0.00167,1,0,37.6,95.1,1,low
OD150099,Odisha,15,19.29819,87.32632,1776,9.848,18.4493,8.6013,86.46,-0.0291,0.0549,0.084,135.8,165.6,21.81,0.6209,0.8375,0.04332,1,2,5.1,42.6,1,high
OD290100,Odisha,29,21.248,82.61035,253,0.5833,0.9477,0.3644,53.34,-0.0378,-0.0387,-0.0009,35.3,35.1,-0.69,0.4592,0.4946,0.00708,1,0,52.5,69.5,0,low
OD270101,Odisha,27,19.16373,82.58252,301,0.7445,0.8363,0.0918,10.87,-0.2515,-0.234,0.0175,54.1,63.4,16.79,0.555,0.5039,-0.01023,1,0,29.8,75.0,1,low
OD080102,Odisha,8,21.18107,85.64836,607,2.2417,2.6815,0.4398,18.78,0.1348,0.1541,0.0193,171.8,184.8,7.52,0.4316,0.4341,0.00049,0,0,28.0,45.3,1,medium
OD250103,Odisha,25,20.7844,87.43051,655,2.7132,4.0329,1.3197,46.91,-0.0779,-0.0562,0.0217,52.3,67.0,27.41,0.2894,0.3608,0.01428,1,1,17.6,43.9,1,medium
OD160104,Odisha,16,19.16286,83.71174,1644,1.1006,1.426,0.3254,27.11,-0.2905,-0.2727,0.0178,28.0,34.3,21.48,0.3196,0.2476,-0.01441,0,1,50.9,86.9,0,low
OD060105,Odisha,6,21.98468,83.37651,688,0.8838,0.98,0.0962,9.78,-0.0369,-0.0175,0.0194,36.8,42.1,13.95,0.4921,0.4973,0.00104,1,1,40.7,90.7,0,low
OD110106,Odisha,11,22.54768,83.1764,3775,1.5552,1.922,0.3668,22.16,-0.1937,-0.1951,-0.0014,89.5,88.6,-1.01,0.5021,0.4657,-0.00729,0,0,17.1,93.3,0,low
OD160107,Odisha,16,22.3433,84.37219,361,0.6652,0.8514,0.1862,24.34,0.011,0.026,0.0151,59.6,68.7,15.11,0.3812,0.4011,0.00399,1,0,54.4,64.4,1,low
OD070108,Odisha,7,20.80482,84.29417,383,0.6275,0.9073,0.2798,38.46,-0.0468,-0.0401,0.0067,84.4,88.5,4.79,0.4609,0.4417,-0.00383,1,1,30.8,97.8,0,low
OD070109,Odisha,7,18.97751,84.94532,265,0.8612,1.36,0.4988,51.9,-0.1389,-0.143,-0.0042,98.5,96.0,-2.55,0.6237,0.6497,0.00521,1,0,22.2,89.9,1,low
OD140110,Odisha,14,21.7442,85.59363,553,1.1213,1.1939,0.0727,5.95,-0.1151,-0.1026,0.0125,49.1,55.0,11.83,0.217,0.1624,-0.01093,0,0,21.3,90.5,0,low
OD040111,Odisha,4,19.55718,83.78528,275,0.9875,1.2643,0.2768,25.45,-0.0569,-0.054,0.0029,89.1,91.0,2.13,0.6929,0.688,-0.00099,1,0,30.1,78.4,1,low
OD140112,Odisha,14,18.71176,85.36968,451,0.871,0.8574,-0.0136,-1.4,0.1261,0.1374,0.0112,53.9,61.8,14.38,0.2913,0.2417,-0.00991,1,1,21.6,76.4,1,low
OD090113,Odisha,9,18.24263,84.03955,2283,1.5094,1.9662,0.4568,28.38,-0.017,0.0001,0.0171,86.8,99.1,14.05,0.328,0.2679,-0.01201,0,0,42.0,88.3,0,low
OD130114,Odisha,13,21.59558,87.14836,1189,0.4327,0.3949,-0.0378,-7.09,-0.1339,-0.1389,-0.005,108.4,105.8,-2.36,0.2077,0.222,0.00286,0,1,46.2,79.8,1,low
OD020115,Odisha,2,18.33891,86.94131,952,0.731,1.2042,0.4732,56.94,-0.1059,-0.0901,0.0159,102.9,111.0,7.84,0.6169,0.6169,0.0,1,1,35.3,68.6,0,low
OD110116,Odisha,11,21.91956,82.28199,2565,2.9678,3.4001,0.4323,14.09,0.0669,0.0992,0.0323,149.4,161.7,8.17,0.5133,0.5989,0.01713,1,0,21.5,66.0,1,medium
OD010117,Odisha,1,21.80689,87.00782,979,2.894,3.3108,0.4168,13.92,-0.1221,-0.0655,0.0566,40.2,57.3,41.33,0.2903,0.3858,0.01909,1,2,21.4,44.2,0,medium
OD020118,Odisha,2,21.66008,81.74154,372,1.0596,1.3056,0.246,21.21,-0.2485,-0.2518,-0.0033,33.6,32.3,-3.66,0.3716,0.275,-0.01932,0,0,34.9,65.5,1,low
OD150119,Odisha,15,19.47547,83.14658,391,0.5678,0.8358,0.268,40.14,-0.0146,0.0031,0.0177,128.5,141.3,9.89,0.5348,0.5542,0.00389,0,1,34.4,90.5,0,low
OD090120,Odisha,9,21.97139,85.38043,1132,2.2651,3.8902,1.625,68.71,-0.0589,-0.0065,0.0524,71.0,92.7,30.06,0.2355,0.3203,0.01694,1,2,26.6,50.6,1,medium
OD290121,Odisha,29,20.44606,84.65408,1807,2.1404,3.9269,1.7865,79.74,-0.1414,-0.0922,0.0492,61.4,77.4,25.68,0.6815,0.6855,0.0008,1,1,20.7,37.2,1,medium
OD280122,Odisha,28,21.16188,84.10727,464,0.72,0.6713,-0.0487,-5.94,-0.0442,-0.0531,-0.009,54.4,51.5,-5.34,0.2141,0.2284,0.00287,0,0,26.9,83.6,1,low
OD150123,Odisha,15,18.39193,85.9542,533,0.6246,1.0755,0.4509,62.23,-0.0804,-0.0733,0.0071,40.2,44.6,10.68,0.2728,0.2505,-0.00445,0,2,47.5,84.0,1,low
OD200124,Odisha,20,20.85397,86.37785,1126,0.5989,0.5937,-0.0052,-0.74,-0.0116,-0.0177,-0.0061,81.1,78.8,-2.75,0.4443,0.4738,0.0059,1,2,49.8,60.1,0,low
OD130125,Odisha,13,22.18559,82.12331,576,0.6611,0.7259,0.0648,8.52,-0.1921,-0.1816,0.0106,80.7,83.8,3.69,0.2273,0.135,-0.01846,1,0,19.7,82.1,1,low
OD140126,Odisha,14,18.78415,86.95454,449,0.8923,0.8764,-0.0158,-1.6,-0.0935,-0.0767,0.0168,32.6,40.6,23.59,0.5385,0.4386,-0.01999,1,1,43.2,88.0,0,low
OD040127,Odisha,4,21.96406,83.75787,1053,8.7641,11.1179,2.3538,26.55,-0.2509,-0.104,0.1469,24.7,116.1,355.68,0.3634,0.5262,0.03256,1,2,2.3,36.1,0,high
OD010128,Odisha,1,21.44692,85.01245,316,0.6357,0.7603,0.1246,16.93,-0.2058,-0.1911,0.0147,35.0,41.1,17.2,0.5211,0.471,-0.01002,1,0,38.0,89.1,1,low
OD030129,Odisha,3,19.75467,81.8075,341,1.2967,1.4007,0.104,7.45,0.0932,0.1017,0.0085,89.8,94.5,5.16,0.5563,0.5608,0.0009,0,2,32.2,82.9,1,low
OD050130,Odisha,5,20.65567,82.42305,240,0.8608,0.8185,-0.0422,-4.4,0.1687,0.1615,-0.0071,116.1,111.2,-4.2,0.3615,0.3278,-0.00673,0,2,49.1,58.6,1,low
OD040131,Odisha,4,19.376,87.02718,445,0.8974,0.9838,0.0864,8.66,0.0465,0.0578,0.0113,69.4,76.6,10.18,0.3541,0.2682,-0.01719,0,0,18.7,64.6,1,low
OD200132,Odisha,20,19.30195,87.4285,200,0.8147,0.7634,-0.0513,-5.6,-0.2999,-0.2981,0.0017,51.4,52.3,1.7,0.5284,0.4465,-0.01639,1,2,23.6,82.0,1,low
OD100133,Odisha,10,18.61818,85.235,1636,2.6589,4.3877,1.7288,62.66,-0.1962,-0.1751,0.0211,66.3,76.2,14.7,0.269,0.2821,0.00263,1,2,9.6,58.6,1,medium
OD090134,Odisha,9,18.482,81.40915,1841,2.2415,4.1381,1.8965,80.99,-0.0608,-0.0067,0.0541,74.3,111.8,49.82,0.3791,0.4817,0.02053,1,1,19.4,54.2,1,medium
OD250135,Odisha,25,22.11472,83.5087,4422,0.6359,0.7486,0.1127,15.32,0.1249,0.1385,0.0136,74.1,83.3,12.33,0.6657,0.6345,-0.00624,1,0,20.0,56.1,0,low
OD050136,Odisha,5,20.36325,83.6503,408,0.7573,1.2181,0.4607,53.74,-0.072,-0.0552,0.0168,69.6,79.8,14.45,0.3165,0.3187,0.00043,1,1,25.5,67.5,1,low
OD210137,Odisha,21,21.22811,84.48528,1283,0.6466,0.6441,-0.0025,-0.34,0.1941,0.194,-0.0001,66.7,66.7,-0.05,0.6189,0.6504,0.0063,1,0,50.5,97.2,0,low
OD180138,Odisha,18,21.66645,86.38695,1765,0.5773,0.6467,0.0694,10.24,0.1722,0.1888,0.0165,150.0,162.0,7.94,0.6649,0.579,-0.01717,1,1,44.1,69.6,1,low
OD170139,Odisha,17,19.31566,84.56182,1264,1.6671,1.894,0.2269,12.84,-0.2855,-0.2898,-0.0044,55.4,53.4,-3.46,0.4326,0.4426,0.00201,0,0,31.9,92.0,1,low
OD120140,Odisha,12,21.8678,86.8616,766,0.6251,1.07,0.4449,61.35,-0.1017,-0.108,-0.0062,93.6,91.4,-2.33,0.2777,0.2558,-0.00439,1,0,22.0,56.2,1,low
OD200141,Odisha,20,19.74559,83.85636,2538,3.2963,3.7585,0.4622,13.61,0.1173,0.1555,0.0382,55.0,66.8,21.18,0.4108,0.4244,0.00272,1,1,18.3,38.9,1,medium
OD120142,Odisha,12,19.01887,84.88532,2052,0.7146,1.0516,0.337,41.37,0.1149,0.1221,0.0072,148.8,150.9,1.41,0.5411,0.5837,0.00852,1,0,22.3,62.1,0,low
OD080143,Odisha,8,18.65671,81.48191,363,2.5033,3.4652,0.9619,36.95,-0.1984,-0.1586,0.0398,41.8,66.1,56.59,0.4321,0.5134,0.01625,1,0,18.6,38.7,1,medium
OD050144,Odisha,5,22.5057,84.17811,4202,3.942,4.4617,0.5196,12.86,0.0886,0.1342,0.0456,88.5,104.5,17.89,0.6065,0.6724,0.01318,0,0,11.1,68.3,1,medium
OD260145,Odisha,26,19.28405,86.92459,1244,6.5961,12.0638,5.4677,81.66,-0.0673,0.0482,0.1156,112.7,146.8,29.98,0.25,0.3862,0.02725,1,2,17.2,31.9,1,high
OD160146,Odisha,16,21.05588,87.21421,721,0.5097,0.6824,0.1727,28.32,0.1713,0.1754,0.0041,63.7,66.5,4.35,0.6484,0.6934,0.009,1,0,27.4,72.5,0,low
OD280147,Odisha,28,18.2711,81.53097,360,0.5701,0.883,0.3129,46.7,-0.2536,-0.2616,-0.008,63.3,59.1,-6.59,0.5038,0.4866,-0.00343,1,1,29.7,98.6,1,low
OD050148,Odisha,5,19.83163,83.73024,363,0.9628,1.0667,0.1039,9.77,0.0513,0.0615,0.0101,76.1,78.7,3.33,0.5034,0.5412,0.00756,1,0,57.5,70.8,1,low
OD280149,Odisha,28,18.33086,83.73167,998,0.5543,0.6327,0.0783,11.97,0.1425,0.1356,-0.0069,73.5,69.1,-5.92,0.6368,0.5778,-0.01178,0,0,42.7,58.5,1,low
OD210150,Odisha,21,20.87921,87.00008,1420,0.5785,0.6861,0.1076,15.85,0.0566,0.0518,-0.0048,92.8,90.9,-2.04,0.3636,0.3853,0.00434,0,0,41.5,99.1,1,low
OD070151,Odisha,7,20.65352,83.40366,847,7.4483,18.6513,11.203,148.42,-0.0895,0.0276,0.1172,66.9,146.5,117.33,0.5164,0.7028,0.03728,1,1,12.9,22.2,1,high
OD080152,Odisha,8,18.68272,82.47695,560,10.8128,13.1057,2.2928,21.01,0.0582,0.1526,0.0944,51.7,84.3,61.78,0.5554,0.7147,0.03185,1,2,10.2,19.7,1,high
OD090153,Odisha,9,21.47181,82.05862,417,0.5158,0.9058,0.39,63.34,0.1405,0.1552,0.0147,111.5,118.2,5.97,0.5213,0.5329,0.00231,1,0,27.2,96.7,0,low
OD170154,Odisha,17,22.08575,85.01453,806,0.9187,0.8464,-0.0723,-7.1,-0.2686,-0.2633,0.0053,65.6,68.3,4.11,0.4682,0.4915,0.00466,0,0,19.0,93.0,0,low
OD240155,Odisha,24,18.0386,84.6934,669,0.732,0.6531,-0.0789,-9.48,0.1708,0.1773,0.0065,97.6,102.2,4.68,0.4043,0.3604,-0.00878,1,0,26.8,85.7,1,low
OD050156,Odisha,5,19.25133,87.26442,3119,3.3693,5.1045,1.7352,50.02,-0.2744,-0.2416,0.0329,28.2,44.5,55.88,0.5791,0.6293,0.01005,1,1,19.2,37.1,0,medium
OD010157,Odisha,1,21.99827,86.92448,3435,0.7323,1.0846,0.3523,42.33,-0.0746,-0.0844,-0.0098,69.4,64.3,-7.33,0.6981,0.6107,-0.01749,0,1,22.9,84.7,0,low
OD030158,Odisha,3,20.88072,86.61802,736,0.6873,0.7362,0.0488,6.2,0.0905,0.1054,0.015,143.8,153.6,6.8,0.5399,0.569,0.00583,1,1,56.2,91.5,0,low
OD100159,Odisha,10,20.5497,82.81288,239,1.3344,1.8191,0.4847,33.79,0.0486,0.0645,0.0159,108.5,113.6,4.64,0.3065,0.2318,-0.01495,1,1,41.8,70.0,1,low
OD070160,Odisha,7,22.48158,86.1448,542,0.983,1.1951,0.2122,19.59,-0.2698,-0.2673,0.0025,42.1,43.5,3.34,0.4371,0.3611,-0.01519,0,1,29.8,95.7,0,low
OD100161,Odisha,10,22.36991,81.71942,1721,2.3487,3.1124,0.7637,31.19,-0.2219,-0.1929,0.029,25.4,40.7,58.1,0.599,0.6239,0.00498,1,2,17.8,30.9,0,medium
OD100162,Odisha,10,19.05696,86.14029,810,0.9055,0.8953,-0.0102,-1.01,-0.2107,-0.2014,0.0094,29.4,36.1,22.13,0.2956,0.3434,0.00955,0,0,53.1,92.0,0,low
OD130163,Odisha,13,18.27551,84.23232,602,0.4149,0.5968,0.182,35.34,-0.2836,-0.2645,0.0191,49.7,58.0,16.32,0.3952,0.4314,0.00723,0,1,33.0,75.3,1,low
OD150164,Odisha,15,20.21272,85.62328,330,1.333,1.6247,0.2918,20.36,0.0251,0.0246,-0.0005,131.0,130.7,-0.25,0.3323,0.338,0.00113,1,2,17.6,61.0,0,low
OD260165,Odisha,26,20.70525,82.2611,1298,0.6382,0.9122,0.274,37.11,-0.2312,-0.2136,0.0176,24.0,36.3,49.15,0.4697,0.4281,-0.00832,0,0,54.5,78.0,0,low
OD110166,Odisha,11,20.03784,85.84966,1144,0.6635,0.6947,0.0313,4.1,0.0321,0.0519,0.0198,80.5,88.4,9.74,0.6841,0.599,-0.01703,1,0,45.1,75.6,0,low
OD290167,Odisha,29,20.91114,81.96809,559,1.9755,3.7988,1.8233,87.85,0.1629,0.2175,0.0547,186.2,212.9,14.29,0.4147,0.5545,0.02795,0,2,9.7,49.0,0,medium
OD190168,Odisha,19,21.06578,83.31898,200,1.0043,1.0474,0.0431,3.9,-0.2107,-0.199,0.0117,39.9,45.3,13.19,0.5724,0.4915,-0.01618,0,1,48.2,92.5,0,low
OD010169,Odisha,1,18.5774,86.19051,4069,10.4223,16.0836,5.6613,53.8,-0.0082,0.1588,0.167,71.9,122.4,69.26,0.3605,0.6205,0.052,1,2,4.3,20.6,0,high
OD160170,Odisha,16,18.43922,83.83611,200,1.0922,1.1541,0.0619,5.19,0.0576,0.0712,0.0136,157.1,163.5,4.07,0.447,0.3837,-0.01266,0,0,41.7,62.7,1,low
OD170171,Odisha,17,20.07241,84.79737,772,3.3523,4.3035,0.9511,27.55,0.1334,0.1809,0.0474,131.9,149.9,13.61,0.335,0.3411,0.00122,0,2,21.6,36.1,1,medium
OD280172,Odisha,28,22.34354,82.99204,553,0.5388,0.9414,0.4026,63.02,0.0241,0.0222,-0.0019,69.1,68.5,-0.82,0.6932,0.6536,-0.00791,0,0,37.3,76.6,0,low
OD040173,Odisha,4,18.01133,86.60781,867,4.7189,6.4682,1.7494,36.3,0.1698,0.2128,0.043,78.6,101.7,29.06,0.4308,0.4895,0.01175,1,0,12.0,48.7,1,medium
OD110174,Odisha,11,17.99067,85.35841,1189,0.9859,1.3731,0.3872,35.66,0.089,0.0874,-0.0016,90.5,89.7,-0.89,0.2332,0.1768,-0.01127,1,0,59.3,82.4,0,low
OD030175,Odisha,3,19.51209,86.7603,897,2.5834,4.269,1.6855,62.81,-0.1054,-0.0954,0.01,116.4,122.1,4.88,0.2545,0.3529,0.01968,1,2,13.8,42.2,0,medium
OD260176,Odisha,26,19.36915,82.44345,3164,6.6285,14.121,7.4925,111.36,-0.0528,0.0537,0.1066,68.7,122.4,76.93,0.6656,0.7904,0.02495,1,2,10.0,11.7,1,high
OD280177,Odisha,28,20.98743,84.65212,3163,8.4314,15.1783,6.7469,79.08,-0.0063,0.0538,0.0601,80.7,124.4,53.43,0.471,0.5845,0.0227,1,1,12.2,20.0,1,high
OD180178,Odisha,18,20.0387,84.87384,904,3.4165,4.911,1.4945,42.5,-0.2885,-0.2422,0.0464,16.0,33.3,101.61,0.2417,0.2548,0.00262,1,1,14.0,57.2,0,medium
OD260179,Odisha,26,19.4084,87.45453,1388,6.4601,16.5894,10.1292,154.41,0.1707,0.2231,0.0524,165.3,194.8,17.72,0.3536,0.5046,0.03019,1,2,17.9,20.2,1,high
OD150180,Odisha,15,20.34745,82.11766,2758,2.5286,3.0126,0.484,18.41,-0.2224,-0.1982,0.0241,26.0,38.0,44.7,0.6603,0.7056,0.00905,0,2,20.6,54.4,1,medium
OD070181,Odisha,7,20.74664,84.96912,1484,3.2722,5.0843,1.8121,53.74,-0.1082,-0.0655,0.0426,86.2,113.3,30.97,0.3011,0.3762,0.01502,1,0,26.0,63.5,0,medium
OD230182,Odisha,23,18.7864,85.1232,689,0.8829,1.2461,0.3632,36.95,-0.2495,-0.2364,0.013,51.0,55.1,8.01,0.6927,0.715,0.00446,0,0,17.5,69.7,0,low
OD110183,Odisha,11,21.83374,82.63864,1502,3.4686,5.3615,1.8929,53.04,-0.2795,-0.247,0.0325,39.0,54.8,39.54,0.6962,0.8115,0.02307,1,1,16.4,51.4,0,medium
OD200184,Odisha,20,18.39858,87.33656,777,0.9578,1.2225,0.2647,25.02,-0.1696,-0.1773,-0.0077,43.6,38.8,-10.7,0.4834,0.4958,0.00248,1,0,48.9,67.9,0,low
OD210185,Odisha,21,21.23533,83.24726,1807,0.6218,0.7637,0.1419,19.66,0.1346,0.1487,0.0141,73.4,77.7,5.83,0.6885,0.671,-0.0035,1,2,44.9,99.0,0,low
OD150186,Odisha,15,20.98493,85.41403,930,1.0629,1.3232,0.2604,22.39,0.0835,0.0968,0.0133,160.4,169.1,5.4,0.2993,0.2167,-0.01652,1,2,50.2,68.1,0,low
OD170187,Odisha,17,20.33085,84.64357,208,1.0778,1.4865,0.4088,34.71,-0.2065,-0.1955,0.011,74.8,82.1,9.62,0.6971,0.6937,-0.00068,1,1,25.4,78.7,1,low
OD150188,Odisha,15,22.5203,85.95226,357,3.0703,4.0124,0.9421,29.72,0.0769,0.1211,0.0442,89.8,103.3,14.87,0.555,0.6738,0.02376,1,2,8.3,51.8,0,medium
OD180189,Odisha,18,19.15083,82.99349,291,0.5035,0.825,0.3215,53.26,-0.0464,-0.0554,-0.009,129.8,124.4,-4.09,0.4282,0.4114,-0.00337,1,0,25.0,81.9,0,low
OD140190,Odisha,14,19.14505,85.24429,1417,2.2475,2.8812,0.6337,26.99,-0.2631,-0.2326,0.0305,53.3,64.5,20.52,0.5436,0.6913,0.02954,0,2,15.7,43.5,0,medium
OD130191,Odisha,13,20.86347,86.17705,341,1.1306,1.324,0.1934,15.72,-0.2503,-0.2408,0.0095,31.2,34.8,11.4,0.3235,0.3652,0.00834,0,2,20.7,61.2,1,low
OD230192,Odisha,23,19.29646,82.9249,227,0.535,0.7126,0.1776,27.97,-0.1832,-0.1781,0.005,80.3,81.6,1.56,0.3405,0.2486,-0.01837,1,1,22.2,83.7,0,low
OD080193,Odisha,8,20.79177,85.11743,1416,0.7259,0.7034,-0.0225,-2.73,0.1707,0.1872,0.0165,71.8,78.6,9.35,0.6066,0.6152,0.00172,0,0,47.1,79.7,1,low
OD120194,Odisha,12,18.7137,85.60818,307,3.0188,3.7521,0.7333,23.51,0.1286,0.1793,0.0507,154.6,178.5,15.39,0.2158,0.2611,0.00905,0,1,10.9,51.2,1,medium
OD210195,Odisha,21,19.38825,86.07231,538,0.7952,1.2723,0.4771,53.3,-0.2542,-0.2463,0.0079,60.5,62.8,3.85,0.5085,0.5137,0.00104,0,0,35.8,81.7,0,low
OD060196,Odisha,6,18.99164,86.26142,720,2.8393,4.5853,1.7459,59.4,-0.1551,-0.1373,0.0178,45.5,53.2,16.57,0.4148,0.4564,0.00834,1,2,13.9,34.2,1,medium
OD190197,Odisha,19,22.15842,82.43426,792,3.4996,5.0542,1.5546,43.19,0.1242,0.1599,0.0358,152.6,166.5,9.02,0.4226,0.5355,0.02258,1,0,21.5,69.9,1,medium
OD120198,Odisha,12,19.61335,86.91133,1602,1.6302,1.5346,-0.0956,-5.53,-0.014,0.0041,0.0181,139.0,152.4,9.61,0.4397,0.3596,-0.01603,1,0,32.6,62.2,0,low
OD060199,Odisha,6,22.10479,86.43562,448,0.8902,0.8745,-0.0157,-1.58,-0.0429,-0.0389,0.004,47.4,48.9,3.02,0.5763,0.5069,-0.01388,1,0,30.3,60.5,1,low
TE290000,Telangana,29,17.51722,78.17725,1270,0.8654,1.1246,0.2592,26.85,-0.2339,-0.2191,0.0148,40.7,49.0,19.95,0.5614,0.5359,-0.00511,0,0,50.8,69.7,0,low
TE160001,Telangana,16,16.46441,77.9893,295,0.5562,0.869,0.3128,47.67,0.0807,0.0834,0.0028,140.9,142.1,0.82,0.2633,0.2446,-0.00373,1,1,45.3,77.6,0,low
TE180002,Telangana,18,17.54326,80.11156,1218,2.9597,4.2666,1.3069,42.71,-0.0958,-0.0804,0.0153,70.3,76.5,8.73,0.4594,0.5617,0.02047,0,2,20.2,50.6,1,medium
TE090003,Telangana,9,19.31795,78.0964,1197,2.131,3.5111,1.3801,61.86,-0.118,-0.0808,0.0373,82.5,97.4,17.89,0.2098,0.273,0.01264,1,1,26.6,56.9,1,medium
TE190004,Telangana,19,17.43616,77.80245,506,3.2747,4.0661,0.7914,23.45,0.1117,0.1531,0.0414,131.9,153.2,16.05,0.2291,0.3111,0.01639,1,1,15.1,38.4,1,medium
TE250005,Telangana,25,17.185,78.13175,225,0.5531,0.9163,0.3632,55.62,0.1011,0.0931,-0.008,66.6,62.7,-5.74,0.5749,0.6094,0.00692,0,0,15.8,79.1,1,low
TE270006,Telangana,27,17.14383,80.87468,2523,0.6963,0.6205,-0.0759,-9.53,0.0259,0.0445,0.0187,96.6,108.3,11.92,0.4512,0.4214,-0.00597,1,1,27.1,92.0,0,low
TE210007,Telangana,21,17.08329,80.21862,561,2.6464,3.9577,1.3114,47.75,0.1246,0.1769,0.0523,61.9,97.9,57.25,0.2524,0.3289,0.01531,1,1,11.7,62.7,1,medium
TE010008,Telangana,1,19.35189,79.60778,1027,0.7813,0.7234,-0.0579,-6.57,-0.1593,-0.1504,0.0088,92.2,98.7,6.9,0.4444,0.3799,-0.0129,1,0,24.4,60.4,1,low
TE250009,Telangana,25,19.21639,77.70054,1233,3.202,3.6712,0.4692,14.21,-0.0966,-0.0623,0.0344,55.6,79.3,41.92,0.4999,0.5603,0.01209,1,0,10.1,61.5,1,medium
TE010010,Telangana,1,19.30778,78.38939,521,3.0964,4.818,1.7216,53.86,-0.2826,-0.2403,0.0423,17.0,47.7,171.26,0.3702,0.4183,0.00963,1,1,13.7,51.7,1,medium
TE230011,Telangana,23,17.54737,80.5869,437,0.7566,0.8229,0.0663,7.74,-0.0302,-0.0147,0.0154,127.8,135.8,6.18,0.5366,0.5585,0.00439,1,1,18.0,95.5,0,low
TE080012,Telangana,8,15.94106,78.44647,313,3.0853,4.9731,1.8878,59.27,0.0178,0.0451,0.0273,51.9,68.7,31.73,0.6116,0.6348,0.00464,1,2,13.8,67.8,1,medium
TE220013,Telangana,22,17.39488,79.35406,881,2.7528,3.3712,0.6184,21.68,0.1329,0.1834,0.0506,83.6,111.6,33.11,0.2478,0.3605,0.02254,1,2,15.9,55.6,1,medium
TE240014,Telangana,24,17.66827,79.66448,200,0.6156,0.5742,-0.0414,-5.79,0.153,0.1624,0.0094,51.6,55.5,7.43,0.3483,0.3342,-0.00284,1,0,22.6,55.5,1,low
TE020015,Telangana,2,18.95886,79.03651,522,0.4794,0.7733,0.2939,50.72,0.1898,0.2062,0.0163,162.0,166.3,2.66,0.3851,0.311,-0.01482,1,1,41.1,61.9,1,low
TE230016,Telangana,23,19.80763,79.72486,794,0.4049,0.3863,-0.0186,-3.69,0.0398,0.059,0.0192,71.7,78.0,8.69,0.541,0.492,-0.00981,1,2,45.9,58.3,0,low
TE050017,Telangana,5,19.26398,78.38606,2371,2.3409,3.2161,0.8752,35.85,-0.1697,-0.1376,0.0321,80.7,95.1,17.63,0.355,0.4789,0.02478,1,2,13.4,65.8,1,medium
TE130018,Telangana,13,19.45129,80.69835,782,0.7667,1.0638,0.2971,34.27,0.0831,0.0815,-0.0016,54.4,53.9,-0.99,0.691,0.6667,-0.00485,0,1,35.4,69.7,0,low
TE090019,Telangana,9,19.86817,81.29383,200,0.6036,0.7711,0.1675,23.81,0.0095,0.0255,0.016,104.0,108.7,4.5,0.4334,0.4456,0.00244,0,1,28.6,72.4,1,low
TE080020,Telangana,8,17.60949,80.9917,3667,10.4892,19.3008,8.8116,83.21,-0.2902,-0.1873,0.1029,38.0,74.6,93.99,0.6685,0.8963,0.04557,1,2,11.3,15.6,0,high
TE210021,Telangana,21,18.29459,78.60676,681,0.8646,1.0299,0.1653,17.13,-0.0251,-0.035,-0.0099,100.4,97.7,-2.62,0.6647,0.6829,0.00364,0,1,32.9,62.8,0,low
TE170022,Telangana,17,16.57154,79.15469,3918,2.4635,3.0881,0.6246,24.36,0.0436,0.0956,0.052,114.1,151.4,32.47,0.65,0.6908,0.00816,1,1,17.2,49.6,0,medium
TE140023,Telangana,14,16.43413,80.3222,636,2.7883,4.5079,1.7195,59.53,-0.0497,0.0043,0.054,51.6,77.0,48.37,0.6004,0.6523,0.01039,1,2,24.9,58.0,0,medium
TE200024,Telangana,20,17.57054,80.73042,812,0.5696,0.4954,-0.0742,-11.09,-0.2746,-0.2643,0.0103,57.5,64.6,12.17,0.2686,0.2307,-0.00758,1,0,41.3,76.5,1,low
TE220025,Telangana,22,17.74243,78.07432,901,0.9632,0.9128,-0.0503,-4.73,-0.2274,-0.2241,0.0033,54.0,56.3,4.15,0.4765,0.4971,0.00412,1,0,26.8,58.7,0,low
TE220026,Telangana,22,19.12648,79.28765,648,1.5994,1.728,0.1286,7.57,-0.0456,-0.0467,-0.0011,39.7,39.3,-1.06,0.2595,0.1645,-0.019,1,0,24.6,81.1,1,low
TE030027,Telangana,3,16.29269,80.91468,1376,2.598,3.2081,0.6101,22.61,0.0502,0.094,0.0439,142.8,158.7,11.04,0.2766,0.3085,0.00639,0,0,11.3,34.2,1,medium
TE010028,Telangana,1,19.56412,78.19992,1049,1.1918,1.6586,0.4667,36.13,0.1618,0.171,0.0091,175.4,181.1,3.23,0.2409,0.2229,-0.00359,0,1,24.4,87.3,0,low
TE020029,Telangana,2,17.2048,79.7555,416,1.9101,2.8257,0.9156,45.55,-0.1321,-0.0879,0.0442,58.8,89.3,51.03,0.2097,0.2971,0.01749,1,0,14.8,32.7,1,medium
TE150030,Telangana,15,16.62906,77.30486,914,0.6812,0.9444,0.2632,33.69,0.0644,0.0716,0.0072,71.8,75.6,5.32,0.4559,0.3699,-0.01719,1,0,16.6,72.3,1,low
TE030031,Telangana,3,18.34476,80.65677,863,0.7715,1.1281,0.3567,40.93,0.0252,0.0285,0.0033,53.8,54.6,1.55,0.444,0.4878,0.00876,1,0,16.8,78.0,0,low
TE240032,Telangana,24,18.41142,77.67225,966,2.9712,3.8733,0.9021,29.37,0.1826,0.2152,0.0326,97.6,113.0,15.67,0.2963,0.3374,0.00821,1,2,24.7,61.7,0,medium
TE180033,Telangana,18,16.03038,80.05805,1962,8.1156,18.5744,10.4588,127.3,-0.1361,-0.0328,0.1033,93.7,144.2,53.42,0.4143,0.6757,0.05227,1,2,11.0,22.1,1,high
TE140034,Telangana,14,18.0863,81.12663,623,0.642,0.9204,0.2784,37.52,-0.1963,-0.2026,-0.0063,30.6,27.7,-8.97,0.2077,0.2222,0.00291,0,1,46.5,87.7,1,low
TE250035,Telangana,25,19.64369,80.07134,810,0.5479,0.5967,0.0488,7.53,0.0752,0.0753,0.0001,52.8,52.8,0.11,0.6683,0.6494,-0.00378,0,0,59.4,63.5,0,low
TE270036,Telangana,27,19.23488,81.18307,200,0.7119,0.681,-0.0309,-3.81,-0.1065,-0.0993,0.0072,84.7,88.3,4.28,0.581,0.6208,0.00795,0,1,52.8,70.9,0,low
TE240037,Telangana,24,15.88078,78.11178,465,0.6024,1.0569,0.4545,64.7,0.1924,0.2056,0.0131,120.2,129.5,7.72,0.6809,0.7141,0.00664,0,0,42.5,92.5,1,low
TE170038,Telangana,17,19.03712,80.45317,782,3.381,3.8136,0.4326,12.43,-0.0995,-0.0608,0.0387,46.1,58.6,26.65,0.3677,0.4065,0.00776,1,1,13.0,46.8,1,medium
TE170039,Telangana,17,16.45189,81.33097,1497,1.0923,1.2059,0.1136,9.53,-0.0975,-0.1039,-0.0064,54.3,52.4,-3.39,0.4698,0.4333,-0.00731,1,0,47.0,73.5,1,low
TE020040,Telangana,2,18.40859,79.16029,2298,1.2256,1.4045,0.1789,13.5,0.1501,0.1655,0.0154,133.0,141.2,6.16,0.4135,0.3365,-0.0154,1,1,34.7,71.9,0,low
TE030041,Telangana,3,19.12045,78.06861,2151,9.6146,13.4116,3.797,39.09,-0.1237,0.0482,0.172,49.1,105.0,111.41,0.6286,0.7512,0.02452,1,2,5.9,33.2,1,high
TE060042,Telangana,6,19.82713,81.30187,2328,0.6772,0.9419,0.2647,34.06,0.046,0.0611,0.0151,95.4,106.2,11.16,0.3494,0.2741,-0.01506,0,2,53.1,62.7,0,low
TE250043,Telangana,25,16.61227,80.7537,2801,1.1343,1.5795,0.4451,36.06,0.188,0.1932,0.0052,135.7,137.4,1.24,0.3924,0.3699,-0.00449,0,0,27.8,78.2,1,low
TE200044,Telangana,20,16.06529,77.86941,1368,8.7412,13.9192,5.178,58.57,-0.0574,0.1173,0.1747,131.5,219.2,66.28,0.4011,0.6482,0.04943,1,1,11.2,26.3,1,high
TE170045,Telangana,17,18.48312,80.41928,513,3.0703,5.0592,1.9889,62.73,-0.273,-0.219,0.0539,24.2,44.7,81.38,0.2911,0.3397,0.00972,1,1,20.4,40.1,1,medium
TE290046,Telangana,29,16.53674,78.78875,994,0.5119,0.6013,0.0894,14.61,0.1496,0.1568,0.0072,84.8,89.1,4.98,0.6428,0.5674,-0.01508,1,1,35.0,95.2,1,low
TE240047,Telangana,24,19.16491,78.59123,3121,0.5167,1.0,0.4833,78.37,-0.0876,-0.0805,0.0071,91.6,96.7,5.53,0.2939,0.2449,-0.00981,1,1,31.2,77.2,0,low
TE160048,Telangana,16,18.97855,80.13583,1225,0.6443,0.9128,0.2686,36.08,-0.2894,-0.291,-0.0016,22.0,21.4,-2.74,0.3172,0.2975,-0.00395,0,1,22.9,61.7,0,low
TE120049,Telangana,12,17.05729,80.49094,200,0.4518,0.4887,0.0369,6.69,-0.007,-0.0138,-0.0069,122.9,119.6,-2.6,0.6716,0.6205,-0.01022,0,0,31.8,98.6,0,low
TE220050,Telangana,22,19.14811,80.4852,708,0.6031,0.8794,0.2762,39.28,-0.0085,0.0067,0.0152,128.2,133.6,4.19,0.3275,0.2709,-0.01132,1,0,31.8,91.7,0,low
TE270051,Telangana,27,18.22712,77.69243,758,0.6602,0.8429,0.1827,24.03,-0.2922,-0.2982,-0.006,60.2,56.2,-6.53,0.3254,0.3053,-0.00401,1,0,19.7,78.1,0,low
TE160052,Telangana,16,18.83703,78.12684,405,0.7297,1.0443,0.3146,37.92,0.1334,0.1354,0.0021,175.4,176.3,0.51,0.5658,0.6016,0.00717,0,0,19.3,60.7,1,low
TE250053,Telangana,25,17.63072,78.4755,731,1.972,3.4913,1.5193,73.32,-0.1357,-0.1013,0.0344,98.7,122.1,23.41,0.2833,0.35,0.01334,1,2,23.4,62.7,1,medium
TE130054,Telangana,13,16.73943,79.89471,786,10.3871,16.6682,6.2811,59.89,0.0045,0.1165,0.1121,124.8,159.8,27.81,0.3636,0.4695,0.02119,1,2,7.6,30.7,0,high
TE250055,Telangana,25,18.46003,79.77658,355,0.4106,0.536,0.1254,24.56,0.1797,0.1962,0.0165,118.5,130.6,10.13,0.2555,0.265,0.00189,1,1,40.0,81.8,0,low
TE130056,Telangana,13,16.7216,81.28456,1922,6.6284,12.8107,6.1823,91.88,0.115,0.2102,0.0952,137.3,170.6,24.08,0.6116,0.8313,0.04394,1,2,15.2,35.6,1,high
TE190057,Telangana,19,15.84142,80.4039,665,0.8654,1.364,0.4986,51.65,0.1898,0.1849,-0.0049,126.9,125.5,-1.04,0.5146,0.5625,0.00958,1,1,23.7,59.3,0,low
TE090058,Telangana,9,16.13017,78.94626,301,1.2903,1.6627,0.3724,26.78,0.0132,0.014,0.0008,146.9,147.1,0.19,0.3617,0.3975,0.00715,0,1,22.6,98.7,0,low
TE170059,Telangana,17,19.22179,78.05058,391,0.7832,0.756,-0.0271,-3.07,-0.0583,-0.0579,0.0004,96.9,97.1,0.22,0.5932,0.5352,-0.0116,0,1,35.4,85.4,1,low
TE220060,Telangana,22,16.70622,80.21648,440,2.1819,2.913,0.731,32.04,-0.2971,-0.2536,0.0435,57.8,87.4,50.32,0.6772,0.7502,0.01461,1,2,13.7,36.7,1,medium
TE190061,Telangana,19,19.15348,80.18063,470,1.1778,1.3039,0.1261,9.87,0.0643,0.0551,-0.0091,153.1,147.5,-3.67,0.4006,0.3383,-0.01247,1,0,46.2,72.3,0,low
TE080062,Telangana,8,19.35824,80.6767,1212,0.5524,0.7264,0.174,26.67,-0.1565,-0.1371,0.0194,37.7,43.6,15.36,0.2508,0.1785,-0.01446,0,0,44.8,80.4,1,low
TE230063,Telangana,23,17.23688,78.43604,481,2.2841,4.2101,1.926,80.78,0.0737,0.0915,0.0178,102.4,111.0,8.4,0.4888,0.4948,0.00119,1,0,22.3,52.9,1,medium
TE080064,Telangana,8,19.56191,79.81503,1114,0.9228,1.3507,0.4279,41.83,-0.0306,-0.0316,-0.0009,51.4,50.9,-0.95,0.2742,0.2265,-0.00955,0,1,20.0,81.6,0,low
TE140065,Telangana,14,16.62307,78.10713,508,0.4757,0.4899,0.0142,2.46,0.0838,0.0761,-0.0077,172.4,169.4,-1.73,0.6674,0.6663,-0.00022,1,0,50.8,70.7,1,low
TE230066,Telangana,23,19.8395,79.45007,1563,7.5912,11.5863,3.9951,51.94,-0.0882,-0.0377,0.0505,55.0,86.9,56.85,0.211,0.4001,0.03782,1,2,17.1,13.2,1,high
TE080067,Telangana,8,17.50404,79.98941,498,0.6607,0.9911,0.3304,43.44,-0.201,-0.1957,0.0053,67.1,69.6,3.61,0.5369,0.4883,-0.00972,0,0,15.2,65.9,0,low
TE130068,Telangana,13,17.56183,78.3911,1443,3.1731,3.8678,0.6947,21.22,-0.1261,-0.0868,0.0393,103.6,120.4,16.05,0.5092,0.6568,0.02952,1,1,18.9,53.7,0,medium
TE180069,Telangana,18,17.02233,79.36115,1336,1.0545,1.3378,0.2833,24.53,-0.0447,-0.0517,-0.007,120.5,117.4,-2.52,0.3068,0.2868,-0.00401,0,1,51.5,95.5,0,low
TE240070,Telangana,24,19.22892,78.27186,2289,7.1659,11.0139,3.848,52.96,-0.0595,0.0685,0.128,68.3,110.9,61.6,0.5587,0.7375,0.03575,1,2,16.6,15.1,1,high
TE180071,Telangana,18,19.05468,79.43424,1861,7.9607,10.5154,2.5547,31.69,0.0306,0.1366,0.106,106.7,158.0,47.64,0.6155,0.8156,0.04004,1,2,17.1,28.3,1,high
TE230072,Telangana,23,19.61127,79.77947,2969,0.8825,1.0156,0.1332,13.55,-0.1134,-0.0982,0.0152,46.0,51.4,11.41,0.2046,0.2094,0.00095,1,1,26.8,69.7,0,low
TE280073,Telangana,28,15.93419,79.66862,575,0.9055,0.8371,-0.0684,-6.8,-0.0,-0.0055,-0.0054,95.0,92.7,-2.35,0.296,0.2876,-0.00168,0,2,36.2,74.7,0,low
TE090074,Telangana,9,18.5772,78.74181,736,0.4617,0.3893,-0.0724,-12.89,-0.2185,-0.208,0.0105,69.9,77.3,10.32,0.497,0.5342,0.00743,0,0,32.7,60.1,0,low
TE160075,Telangana,16,18.73523,81.02873,1086,2.5935,3.7562,1.1627,43.17,-0.2249,-0.2126,0.0123,68.2,73.1,7.07,0.6692,0.7267,0.01151,0,2,9.7,36.9,1,medium
TE010076,Telangana,1,16.51321,80.58108,3934,0.7396,1.0355,0.2959,35.25,0.0734,0.0771,0.0037,70.8,72.1,1.82,0.2829,0.3181,0.00704,0,1,18.6,61.0,1,low
TE210077,Telangana,21,17.90408,77.62696,1793,0.4889,0.4189,-0.07,-11.89,0.1021,0.116,0.014,48.3,56.8,17.17,0.5974,0.5551,-0.00846,1,0,16.2,59.8,1,low
TE110078,Telangana,11,19.70318,79.64367,2438,2.6725,3.5139,0.8414,30.35,-0.2971,-0.2572,0.0399,56.7,81.1,42.44,0.2178,0.2429,0.00502,1,1,26.4,41.5,1,medium
TE230079,Telangana,23,17.59211,77.29269,350,0.8006,1.2064,0.4058,45.05,0.0152,0.0105,-0.0047,103.4,100.3,-3.06,0.4954,0.4687,-0.00536,0,1,20.1,60.0,0,low
TE210080,Telangana,21,19.6988,79.72024,316,0.7822,1.1964,0.4142,46.95,0.0916,0.1076,0.016,128.9,140.4,8.81,0.53,0.4517,-0.01566,0,1,52.3,71.0,0,low
TE030081,Telangana,3,17.55663,78.60603,200,0.8145,0.8295,0.015,1.64,-0.2349,-0.2431,-0.0082,45.6,42.9,-5.9,0.3487,0.2668,-0.01639,0,0,36.0,62.3,1,low
TE060082,Telangana,6,18.66232,80.23882,1013,0.4003,0.5705,0.1702,34.01,0.098,0.116,0.018,95.2,106.6,11.78,0.2467,0.2254,-0.00426,0,1,55.8,71.3,0,low
TE170083,Telangana,17,16.57018,79.02904,983,0.4322,0.6904,0.2583,48.53,-0.1094,-0.1137,-0.0043,106.7,105.1,-1.52,0.4598,0.382,-0.01556,1,2,41.8,98.0,1,low
TE180084,Telangana,18,19.14751,80.76624,200,0.7185,0.7841,0.0656,8.02,0.1943,0.1865,-0.0078,138.6,133.0,-3.99,0.4334,0.3353,-0.01964,1,1,36.9,61.4,1,low
TE220085,Telangana,22,16.34115,79.94204,691,2.6494,3.5394,0.89,32.37,-0.0215,0.002,0.0234,54.2,71.7,31.79,0.4649,0.56,0.01902,0,2,13.6,48.8,0,medium
TE100086,Telangana,10,19.44611,80.75919,462,0.6678,1.1181,0.4503,58.64,-0.2537,-0.2543,-0.0005,48.3,48.1,-0.48,0.315,0.2438,-0.01423,1,0,18.7,63.9,1,low
TE220087,Telangana,22,18.82384,80.04846,473,0.7217,0.8563,0.1346,16.38,0.1017,0.1068,0.0051,91.8,93.8,2.15,0.3966,0.4117,0.00302,0,0,51.0,82.9,0,low
TE220088,Telangana,22,16.04976,79.99038,852,1.3903,1.5074,0.1171,7.86,-0.2844,-0.2659,0.0184,34.8,45.1,28.93,0.3668,0.3143,-0.01049,0,0,26.1,94.9,1,low
TE120089,Telangana,12,17.50623,80.1555,300,0.4679,0.9443,0.4764,83.89,-0.168,-0.1679,0.0002,26.7,26.7,0.22,0.6236,0.5439,-0.01593,0,0,35.2,64.6,0,low
TE160090,Telangana,16,17.88068,78.6078,383,8.3942,11.1156,2.7215,32.04,-0.0058,0.0815,0.0873,52.2,88.3,67.88,0.661,0.8202,0.03185,1,2,13.5,23.0,1,high
TE090091,Telangana,9,16.2017,80.11738,397,1.9274,2.8216,0.8942,44.11,-0.1975,-0.1553,0.0422,27.8,45.9,62.98,0.4322,0.5279,0.01913,1,0,23.3,59.6,1,medium
TE040092,Telangana,4,17.02187,79.04807,1427,2.0501,2.4344,0.3843,17.88,-0.2354,-0.1768,0.0586,31.5,58.0,81.59,0.2183,0.2886,0.01405,0,2,8.1,50.2,0,medium
TE170093,Telangana,17,18.48428,77.72615,1844,9.7516,14.6883,4.9367,50.11,0.01,0.1272,0.1172,107.1,167.6,55.95,0.4203,0.6621,0.04835,1,2,5.4,40.0,1,high
TE260094,Telangana,26,17.96225,78.85722,457,0.6693,0.8741,0.2049,26.63,0.049,0.0611,0.0121,45.6,49.6,8.47,0.3017,0.3466,0.00898,1,0,15.4,78.4,1,low
TE280095,Telangana,28,15.95605,80.64275,423,1.3984,1.8174,0.419,27.96,-0.0187,-0.0146,0.0041,109.2,111.8,2.36,0.2795,0.1847,-0.01896,1,0,31.0,84.6,0,low
TE050096,Telangana,5,16.84931,80.40586,932,3.2682,4.2893,1.0211,30.32,-0.003,0.013,0.016,126.7,133.3,5.21,0.3561,0.4087,0.01052,0,1,24.2,65.4,1,medium
TE210097,Telangana,21,18.83074,79.12157,439,2.7906,4.0314,1.2409,42.93,0.1265,0.1466,0.0201,140.5,152.2,8.24,0.6105,0.7363,0.02518,1,2,9.1,37.2,0,medium
TE080098,Telangana,8,17.13778,81.11688,3602,10.6967,19.5533,8.8566,82.03,-0.024,0.1111,0.1351,58.4,122.2,107.28,0.5318,0.6889,0.03142,1,2,12.8,41.0,1,high
TE050099,Telangana,5,17.05715,78.5346,504,2.8612,3.6204,0.7592,25.64,0.1933,0.2101,0.0168,154.0,164.5,6.79,0.4361,0.4915,0.01108,0,1,19.1,36.7,1,medium
TE100100,Telangana,10,19.69737,77.21368,2033,9.9205,19.0715,9.1511,91.32,0.1885,0.3683,0.1797,97.0,155.2,59.42,0.3676,0.6604,0.05857,1,0,17.9,33.4,0,high
TE220101,Telangana,22,15.87911,77.37753,944,11.0534,16.9847,5.9313,53.18,0.0874,0.1627,0.0753,152.6,202.0,32.18,0.5568,0.772,0.04305,1,2,14.7,21.2,1,high
TE030102,Telangana,3,17.92169,77.28387,397,2.754,4.194,1.44,50.46,0.145,0.1804,0.0353,147.2,164.3,11.51,0.683,0.6874,0.00089,1,2,17.7,62.1,1,medium
TE140103,Telangana,14,17.05096,78.91316,1568,3.3613,5.0877,1.7263,49.87,-0.036,0.0046,0.0406,103.9,117.7,13.14,0.547,0.6729,0.02518,1,2,27.7,43.7,0,medium
TE140104,Telangana,14,19.61151,78.70014,622,7.1369,11.533,4.3961,60.75,0.0882,0.1705,0.0822,52.4,109.5,106.97,0.5621,0.7083,0.02923,1,2,8.5,23.5,1,high
TE150105,Telangana,15,17.69351,80.0076,1444,2.5396,3.0185,0.4789,18.14,-0.1199,-0.0735,0.0464,89.9,115.5,28.22,0.5626,0.6676,0.02101,1,0,20.2,48.6,1,medium
TE260106,Telangana,26,18.36703,79.74779,1104,2.4982,3.6864,1.1882,45.73,0.0591,0.0946,0.0355,92.7,106.0,14.23,0.5565,0.6916,0.02704,1,0,12.1,54.7,1,medium
TE080107,Telangana,8,17.42553,79.66621,534,0.6499,0.8211,0.1712,22.83,-0.0288,-0.0268,0.0021,44.3,45.6,2.91,0.2407,0.1781,-0.01252,1,0,49.0,86.1,0,low
TE200108,Telangana,20,16.0711,81.0939,1315,9.8057,18.4531,8.6475,87.3,-0.2886,-0.2134,0.0752,47.1,79.3,66.85,0.3297,0.4418,0.02243,1,2,13.6,24.3,1,high
TE030109,Telangana,3,16.51936,79.19109,1233,1.203,1.3605,0.1575,12.09,0.1683,0.1773,0.009,185.9,188.9,1.6,0.2832,0.3124,0.00586,0,0,51.1,63.9,1,low
TE230110,Telangana,23,18.54609,77.94585,1439,3.1353,3.8673,0.7319,22.62,-0.177,-0.1529,0.0241,66.4,74.1,11.33,0.3873,0.521,0.02674,1,0,12.4,62.7,1,medium
TE210111,Telangana,21,19.50271,78.27941,3099,2.4316,3.7862,1.3546,53.51,0.0754,0.0872,0.0118,120.0,123.5,2.89,0.3974,0.4491,0.01035,1,2,19.3,43.8,1,medium
TE100112,Telangana,10,16.43232,80.20113,1583,3.502,4.9646,1.4627,40.61,0.1982,0.2402,0.042,169.6,185.7,9.44,0.22,0.2901,0.01403,1,0,26.4,44.7,1,medium
TE170113,Telangana,17,18.67743,77.38711,406,2.9536,4.797,1.8434,60.37,0.115,0.1541,0.0391,136.4,151.5,11.03,0.4694,0.4831,0.00275,1,1,14.4,47.5,1,medium
TE030114,Telangana,3,16.67325,80.26339,1763,7.3983,18.9962,11.5979,154.67,-0.1105,0.0492,0.1597,65.2,136.3,107.31,0.3116,0.5768,0.05305,1,2,3.8,31.0,1,high
TE200115,Telangana,20,19.24449,80.94302,377,0.6773,1.0141,0.3368,43.33,0.0289,0.0433,0.0143,75.6,82.2,8.6,0.4226,0.3399,-0.01654,0,2,22.5,57.9,0,low
TE150116,Telangana,15,16.6622,77.55924,593,0.7733,1.0022,0.2289,26.21,0.1323,0.1481,0.0158,185.9,190.5,2.46,0.6849,0.6883,0.00069,1,0,56.0,66.2,1,low
TE070117,Telangana,7,17.13169,80.21165,1237,2.5415,4.5069,1.9653,74.4,0.1055,0.1404,0.035,104.0,121.8,16.97,0.3904,0.4307,0.00806,0,2,25.0,52.0,1,medium
TE160118,Telangana,16,18.06689,79.86006,1382,0.8283,1.0181,0.1898,20.44,0.0555,0.061,0.0055,109.8,112.5,2.43,0.3652,0.3054,-0.01196,0,1,41.9,90.1,0,low
TE290119,Telangana,29,18.79432,80.26926,200,1.3673,1.7152,0.3479,23.71,-0.2325,-0.219,0.0135,40.2,48.4,19.7,0.344,0.2473,-0.01934,1,0,15.7,65.2,0,low
TE200120,Telangana,20,17.93761,79.90519,723,3.1467,4.9108,1.7641,54.34,0.0233,0.0679,0.0446,75.7,106.9,40.65,0.6974,0.7417,0.00886,1,1,21.2,35.8,1,medium
TE010121,Telangana,1,18.57961,79.0021,1361,1.4469,1.9253,0.4785,30.93,-0.0768,-0.0785,-0.0016,44.7,44.2,-0.91,0.5547,0.5318,-0.00458,0,1,23.4,62.1,1,low
TE210122,Telangana,21,16.29178,79.75833,1594,7.4273,10.4294,3.0021,39.88,0.1135,0.2473,0.1338,146.0,218.6,49.33,0.4096,0.5119,0.02045,1,2,5.8,30.2,1,high
TE240123,Telangana,24,17.08578,78.17993,600,0.6119,0.7058,0.0939,13.19,-0.0014,0.0046,0.006,132.9,134.7,1.38,0.5021,0.4764,-0.00513,0,2,30.9,97.7,1,low
TE090124,Telangana,9,17.41467,78.17517,203,0.5377,0.9858,0.4481,70.27,-0.2518,-0.2523,-0.0005,42.4,42.2,-0.31,0.5315,0.573,0.00829,1,2,57.1,59.5,1,low
TE220125,Telangana,22,19.2222,78.09418,891,0.6967,0.6825,-0.0141,-1.78,-0.2863,-0.2885,-0.0022,31.5,30.4,-3.43,0.4053,0.3836,-0.00434,0,0,52.3,84.5,0,low
TE060126,Telangana,6,15.92634,78.74268,200,0.5297,0.4995,-0.0302,-4.79,0.1054,0.1223,0.0169,151.5,156.2,3.04,0.5178,0.5568,0.00779,1,1,21.0,92.5,1,low
TE140127,Telangana,14,18.54866,77.79788,1958,0.6873,1.1792,0.4919,62.47,-0.1092,-0.1025,0.0067,50.2,53.7,6.84,0.4918,0.4183,-0.01469,0,0,20.8,86.2,0,low
TE140128,Telangana,14,19.5363,81.28033,2557,9.1504,13.6766,4.5262,48.93,0.0115,0.1508,0.1392,66.7,106.6,58.98,0.4129,0.633,0.04403,1,2,5.4,38.4,1,high
TE090129,Telangana,9,16.19107,80.19082,664,0.9736,1.2054,0.2318,21.6,0.1785,0.1761,-0.0024,189.6,188.4,-0.61,0.6983,0.6249,-0.01468,1,0,46.0,77.2,1,low
TE130130,Telangana,13,17.50325,80.91806,837,0.4049,0.3127,-0.0922,-18.25,-0.2427,-0.2486,-0.0059,32.7,30.1,-7.52,0.317,0.2903,-0.00534,1,1,30.8,98.8,0,low
TE150131,Telangana,15,17.89293,81.19837,1259,3.3624,4.1173,0.7549,21.8,-0.1587,-0.1297,0.029,94.8,108.0,13.78,0.4461,0.5731,0.02539,0,2,20.0,49.9,1,medium
TE250132,Telangana,25,17.30493,79.67658,1666,0.9281,1.1903,0.2621,25.5,-0.1945,-0.18,0.0145,41.3,49.7,20.02,0.6681,0.6122,-0.01117,1,2,41.6,84.5,1,low
TE160133,Telangana,16,17.98149,80.04236,1419,1.1499,1.2419,0.092,7.36,-0.1467,-0.13,0.0167,82.9,94.6,13.9,0.3741,0.2951,-0.01579,1,2,50.4,99.9,0,low
TE090134,Telangana,9,18.9275,78.77272,1458,9.0143,12.4,3.3857,37.15,-0.1007,0.0535,0.1541,95.0,153.3,60.69,0.3232,0.6034,0.05603,1,2,5.9,13.4,1,high
TE020135,Telangana,2,19.41511,77.98772,369,1.3105,1.5161,0.2055,14.57,-0.285,-0.2658,0.0192,62.1,71.7,15.3,0.6343,0.5838,-0.01009,1,2,25.8,80.4,0,low
TE250136,Telangana,25,18.62487,79.68317,1826,10.6376,13.2952,2.6576,24.75,0.1066,0.2464,0.1397,91.3,144.7,57.87,0.6665,0.8326,0.03321,1,2,6.9,18.9,1,high
TE290137,Telangana,29,18.23524,80.7112,505,1.2671,1.4685,0.2014,14.73,-0.0043,0.0139,0.0182,54.7,67.5,22.95,0.4796,0.4309,-0.00975,1,0,20.7,55.7,0,low
TE290138,Telangana,29,16.4105,79.55231,287,1.0378,0.9816,-0.0562,-4.94,-0.2049,-0.2093,-0.0043,23.5,21.9,-6.7,0.4284,0.404,-0.00486,1,0,51.6,84.1,1,low
TE150139,Telangana,15,17.66946,79.73075,721,0.502,0.9688,0.4669,77.56,-0.1771,-0.1644,0.0126,91.7,98.8,7.69,0.6621,0.6295,-0.00652,1,0,28.4,84.2,0,low
TE040140,Telangana,4,19.76165,78.22338,5606,2.1824,3.5844,1.402,61.43,-0.2881,-0.2406,0.0474,42.6,73.4,70.75,0.2299,0.2466,0.00335,0,1,16.6,56.8,1,medium
TE170141,Telangana,17,16.84271,79.54687,722,0.8001,1.1449,0.3448,38.31,0.0704,0.0659,-0.0045,154.6,152.9,-1.13,0.4815,0.4296,-0.01037,1,1,47.8,97.7,1,low
TE200142,Telangana,20,16.57799,81.01209,317,0.7392,0.8706,0.1314,15.66,-0.0639,-0.0501,0.0138,62.9,72.4,14.95,0.5181,0.4232,-0.01899,1,0,34.3,82.0,0,low
TE200143,Telangana,20,19.55535,80.24416,2295,9.8122,21.3182,11.506,116.08,0.0388,0.1895,0.1507,84.4,144.9,70.8,0.3242,0.4328,0.02174,1,2,16.0,35.7,1,high
TE140144,Telangana,14,18.3786,79.3526,1674,2.1173,3.5054,1.3881,62.6,0.0424,0.083,0.0406,75.1,88.6,17.66,0.5909,0.6968,0.02118,1,0,12.2,39.2,0,medium
TE220145,Telangana,22,19.15695,79.94693,925,2.2128,3.1959,0.9831,42.51,-0.0566,-0.0185,0.0381,113.9,137.9,20.89,0.3031,0.3582,0.01101,1,1,24.4,42.4,1,medium
TE040146,Telangana,4,19.60416,80.01054,2692,6.6757,17.6891,11.0134,162.54,0.1044,0.2124,0.108,177.7,229.5,28.94,0.4415,0.6995,0.05158,1,2,12.1,38.5,1,high
TE210147,Telangana,21,18.6921,77.40525,859,0.5811,0.4821,-0.099,-14.54,-0.1052,-0.0974,0.0078,54.0,56.5,4.63,0.3315,0.2555,-0.0152,0,2,32.4,68.0,0,low
TE050148,Telangana,5,16.72214,80.63255,540,0.8086,0.9981,0.1895,20.86,0.1816,0.1872,0.0057,54.3,57.8,6.27,0.4106,0.3268,-0.01676,1,0,39.8,71.6,1,low
TE040149,Telangana,4,18.22125,78.29173,489,0.5578,0.7523,0.1946,29.58,0.1678,0.1659,-0.002,105.4,104.0,-1.3,0.2439,0.2547,0.00215,1,0,55.6,75.6,0,low
TE100150,Telangana,10,16.31596,79.5043,1377,2.7331,3.1513,0.4183,14.76,-0.0608,-0.0478,0.013,119.5,124.8,4.41,0.6208,0.7677,0.02936,1,2,24.5,66.2,1,medium
TE060151,Telangana,6,16.27316,78.48899,765,0.716,0.6499,-0.0661,-8.1,-0.1994,-0.1951,0.0042,83.1,85.2,2.58,0.4247,0.3669,-0.01155,1,1,28.9,62.9,1,low
TE280152,Telangana,28,18.31628,77.8202,1367,0.558,0.5851,0.027,4.11,-0.1861,-0.1747,0.0113,86.5,93.3,7.84,0.6739,0.7114,0.0075,1,1,50.0,94.7,0,low
TE090153,Telangana,9,16.33156,80.56973,1113,3.677,5.3513,1.6743,44.33,-0.2655,-0.2326,0.0329,69.2,93.1,34.06,0.344,0.3478,0.00076,0,1,25.7,44.8,1,medium
TE280154,Telangana,28,16.99117,79.68284,864,0.4969,0.7163,0.2194,36.76,-0.0264,-0.0168,0.0096,76.0,81.8,7.56,0.2216,0.2459,0.00485,0,2,49.1,59.6,1,low
TE050155,Telangana,5,18.91246,77.6842,1742,3.4811,3.9839,0.5028,14.04,-0.0314,-0.0029,0.0286,133.6,154.6,15.62,0.4989,0.5438,0.00898,1,1,27.8,30.2,0,medium
TE100156,Telangana,10,17.15286,79.87859,200,0.8516,0.8172,-0.0344,-3.61,0.1048,0.0994,-0.0054,173.6,170.8,-1.65,0.5571,0.4645,-0.01853,1,1,16.3,71.8,0,low
TE220157,Telangana,22,18.31778,77.69608,453,2.4791,3.5132,1.0341,40.09,-0.2277,-0.1877,0.04,64.3,84.8,31.43,0.3733,0.4211,0.00956,1,1,21.2,34.8,0,medium
TE200158,Telangana,20,17.36483,79.78912,3048,8.3982,18.2107,9.8125,115.47,-0.2139,-0.0341,0.1798,56.6,147.3,157.76,0.6035,0.7985,0.039,1,2,17.1,22.5,1,high
TE140159,Telangana,14,16.81823,77.86607,885,2.913,3.5614,0.6485,21.52,0.1179,0.1512,0.0333,61.5,77.4,25.43,0.4422,0.4553,0.00262,1,2,17.3,35.1,1,medium
TE200160,Telangana,20,17.77701,78.24888,2777,0.5449,0.7371,0.1923,29.81,-0.0576,-0.0634,-0.0058,71.7,68.6,-4.25,0.5899,0.616,0.00522,1,2,33.9,92.3,0,low
TE090161,Telangana,9,19.63536,79.00111,325,2.1755,3.44,1.2645,55.57,0.0486,0.1069,0.0583,145.9,182.5,24.94,0.3836,0.4454,0.01236,1,0,26.4,59.3,1,medium
TE260162,Telangana,26,18.83571,78.76484,1919,6.3995,16.4941,10.0946,155.31,0.1008,0.2311,0.1303,64.3,112.7,74.11,0.4181,0.565,0.02937,1,1,16.7,42.1,1,high
TE030163,Telangana,3,16.33364,79.91446,725,0.5219,0.6578,0.1359,21.86,-0.1063,-0.1068,-0.0005,59.3,58.9,-0.67,0.6732,0.6065,-0.01333,1,1,23.4,66.4,0,low
TE150164,Telangana,15,18.13114,80.9175,3121,2.5996,3.1837,0.5841,21.64,0.1734,0.1992,0.0258,86.3,95.4,10.48,0.217,0.3451,0.0256,0,0,10.4,62.1,0,medium
TE250165,Telangana,25,18.01303,78.46806,727,0.7564,0.9645,0.2081,24.3,-0.0296,-0.0373,-0.0078,125.7,122.2,-2.79,0.6765,0.6452,-0.00625,1,2,47.6,80.7,1,low
TE220166,Telangana,22,17.69605,79.26823,2597,7.7367,19.029,11.2923,144.1,0.1474,0.2699,0.1225,136.3,215.2,57.44,0.306,0.5091,0.04063,1,2,5.8,24.2,1,high
TE240167,Telangana,24,15.84627,78.45225,608,2.0348,3.6492,1.6144,75.63,-0.0897,-0.0626,0.0272,52.2,64.3,22.8,0.5442,0.5726,0.00567,0,2,12.3,52.5,1,medium
TE260168,Telangana,26,16.85419,80.8069,1573,1.2032,1.4233,0.2201,16.89,-0.154,-0.1438,0.0102,70.9,75.3,6.17,0.4953,0.5082,0.00258,0,1,28.0,84.1,0,low
TE060169,Telangana,6,17.54189,78.81288,464,3.0029,4.6732,1.6703,53.83,-0.053,-0.0067,0.0463,110.3,141.8,28.38,0.4949,0.5955,0.02012,0,0,18.2,39.3,0,medium
TE280170,Telangana,28,18.19837,79.13368,200,1.3693,1.8588,0.4895,33.31,-0.1538,-0.159,-0.0052,26.1,22.9,-11.65,0.3702,0.3974,0.00543,1,0,25.7,55.5,1,low
TE160171,Telangana,16,17.27773,79.33999,1373,2.613,4.154,1.541,56.8,-0.065,-0.0534,0.0115,69.5,74.3,6.89,0.6602,0.7828,0.02451,1,2,25.6,48.9,0,medium
TE040172,Telangana,4,19.68124,81.38455,5424,6.9758,9.3137,2.3379,33.04,-0.111,-0.0026,0.1084,90.5,131.0,44.16,0.6782,0.8836,0.04107,1,2,16.6,23.7,1,high
TE080173,Telangana,8,19.43764,77.69716,343,0.7138,0.7618,0.0481,5.91,-0.0627,-0.0612,0.0015,76.7,77.3,0.73,0.3238,0.2547,-0.01383,0,2,35.3,83.1,0,low
TE240174,Telangana,24,16.73783,78.93607,687,0.6816,0.9826,0.301,38.52,0.0921,0.1041,0.0121,163.1,169.9,4.14,0.2393,0.2726,0.00667,1,1,59.3,94.1,0,low
TE050175,Telangana,5,19.82177,77.71457,532,0.787,0.9939,0.2069,23.33,0.1753,0.1891,0.0138,55.8,64.6,15.43,0.4507,0.5002,0.00991,1,2,53.3,61.1,0,low
TE100176,Telangana,10,16.39258,79.03413,797,1.5344,1.591,0.0566,3.47,0.0562,0.0495,-0.0068,92.1,88.8,-3.49,0.2428,0.2485,0.00114,0,2,53.6,88.4,0,low
TE100177,Telangana,10,18.60336,79.98279,1548,3.3464,4.5474,1.201,34.85,-0.0271,0.0055,0.0326,103.7,118.1,13.75,0.4831,0.4835,7e-05,0,2,11.3,53.9,1,medium
TE200178,Telangana,20,17.20806,80.04375,1129,2.178,3.4744,1.2964,56.91,0.086,0.13,0.044,74.4,87.7,17.55,0.6676,0.7496,0.0164,0,1,14.4,42.1,1,medium
TE040179,Telangana,4,17.8118,80.86054,314,1.0411,1.0558,0.0147,1.29,0.0618,0.0729,0.0112,54.3,58.5,7.62,0.5101,0.4918,-0.00366,1,1,15.4,95.8,1,low
TE160180,Telangana,16,18.87221,79.27339,1360,0.8528,1.1376,0.2848,29.9,-0.0433,-0.0387,0.0046,74.8,77.4,3.41,0.5969,0.5722,-0.00495,0,0,15.8,55.5,0,low
TE090181,Telangana,9,18.68713,79.17756,443,1.0114,1.1026,0.0913,8.21,-0.0757,-0.0559,0.0197,125.0,134.6,7.6,0.5185,0.4362,-0.01645,1,1,30.4,99.9,0,low
TE110182,Telangana,11,17.67733,77.96388,769,0.9288,1.2163,0.2875,27.95,0.104,0.1218,0.0178,162.5,171.7,5.58,0.2883,0.3363,0.00959,0,2,39.7,90.2,0,low
TE030183,Telangana,3,16.0242,80.21284,855,3.0554,3.6503,0.5949,18.85,-0.2907,-0.2463,0.0444,16.8,29.4,70.6,0.2781,0.3426,0.01291,1,2,29.6,59.2,0,medium
TE220184,Telangana,22,15.87716,79.3427,673,1.9893,3.7789,1.7896,85.66,-0.0136,0.0427,0.0563,89.4,106.9,19.33,0.2702,0.2868,0.00331,0,2,16.5,38.8,1,medium
TE100185,Telangana,10,16.18754,77.9076,222,1.1451,1.3231,0.1781,14.3,0.032,0.0409,0.0089,85.0,88.7,4.27,0.5893,0.5596,-0.00594,0,0,42.8,91.6,0,low
TE210186,Telangana,21,16.03535,77.61038,1173,7.1146,16.502,9.3874,130.12,-0.2884,-0.1315,0.1569,27.0,123.4,344.77,0.6432,0.8046,0.03227,1,2,14.9,14.1,1,high
TE090187,Telangana,9,16.40921,79.3846,482,0.3724,0.4917,0.1193,25.26,-0.1019,-0.1006,0.0014,119.3,119.9,0.5,0.4279,0.3398,-0.01762,1,0,44.1,90.3,1,low
TE190188,Telangana,19,17.27586,79.43705,2971,0.7253,0.9132,0.1879,22.76,-0.162,-0.1435,0.0185,30.3,42.5,38.87,0.4515,0.4308,-0.00414,1,1,24.1,66.6,1,low
TE190189,Telangana,19,16.67321,77.29064,289,0.9907,1.2997,0.3091,28.34,-0.1542,-0.1515,0.0027,61.4,63.3,2.92,0.3328,0.3816,0.00976,1,0,50.2,99.0,1,low
TE040190,Telangana,4,18.5072,79.10806,3760,2.2004,2.6575,0.457,19.87,-0.0161,-0.0054,0.0107,141.4,148.1,4.68,0.5966,0.599,0.00048,1,0,16.7,38.6,1,medium
TE110191,Telangana,11,16.61509,81.1165,408,3.7105,5.5154,1.8049,47.37,-0.1881,-0.1298,0.0583,85.1,117.6,37.76,0.6155,0.6464,0.00618,1,1,15.1,68.9,1,medium
TE290192,Telangana,29,18.98001,79.40583,2905,0.9742,1.199,0.2248,20.93,-0.038,-0.0311,0.0069,131.7,134.1,1.77,0.4666,0.4711,0.00091,1,0,48.3,67.7,1,low
TE290193,Telangana,29,19.60607,78.90509,727,0.622,1.0835,0.4615,63.92,-0.016,-0.0187,-0.0027,45.0,44.1,-2.0,0.4362,0.414,-0.00443,0,0,21.1,55.9,0,low
TE050194,Telangana,5,16.32796,77.59901,947,2.5667,4.0118,1.4451,54.19,-0.2058,-0.1505,0.0553,57.4,84.4,46.12,0.5425,0.6385,0.01919,0,1,11.7,33.7,0,medium
TE020195,Telangana,2,16.48576,78.3572,3504,7.6516,16.9165,9.2648,119.52,0.0803,0.1685,0.0882,152.9,215.2,40.52,0.6386,0.7839,0.02906,1,2,13.3,32.3,1,high
TE050196,Telangana,5,18.175,80.57734,549,0.4781,0.8851,0.407,70.4,-0.2124,-0.2145,-0.0022,59.5,58.1,-2.31,0.6531,0.65,-0.00063,1,1,44.8,85.3,0,low
TE210197,Telangana,21,18.09799,81.18524,1699,8.7931,19.334,10.5409,118.53,-0.13,-0.0777,0.0523,88.8,102.6,15.35,0.4629,0.5689,0.02121,1,0,16.6,40.1,0,high
TE240198,Telangana,24,18.41872,79.9563,1590,2.5122,4.2751,1.7629,67.49,-0.2161,-0.1834,0.0328,67.8,87.3,28.41,0.5529,0.6687,0.02315,1,2,29.9,41.2,0,medium
TE240199,Telangana,24,17.13233,78.05589,727,1.1548,1.6172,0.4623,36.84,0.1379,0.1573,0.0195,126.1,133.3,5.64,0.5565,0.5548,-0.00034,1,2,18.8,69.2,0,low
PU230000,Punjab,23,30.23707,75.327,2091,8.6804,20.252,11.5716,131.79,0.1707,0.2566,0.0859,56.7,108.4,89.75,0.5461,0.6927,0.02933,1,1,6.7,20.1,1,high
PU260001,Punjab,26,30.13674,74.99732,1079,8.009,17.9721,9.9632,122.87,-0.1901,-0.0555,0.1347,77.3,166.4,113.64,0.6622,0.9,0.0588,1,2,17.2,34.0,1,high
PU110002,Punjab,11,32.38672,74.254,530,2.5485,3.5542,1.0057,37.97,0.0093,0.0539,0.0446,65.1,79.2,21.22,0.3701,0.4384,0.01366,1,2,10.7,38.4,1,medium
PU290003,Punjab,29,30.54826,74.09331,1106,0.6347,1.1272,0.4924,67.02,-0.0971,-0.0836,0.0135,118.7,125.7,5.84,0.3861,0.3121,-0.0148,1,2,17.5,76.7,0,low
PU010004,Punjab,1,29.95818,74.39736,1931,8.702,17.6147,8.9127,101.26,0.1307,0.248,0.1173,92.4,173.8,87.07,0.5348,0.7775,0.04853,1,1,3.6,29.9,1,high
PU220005,Punjab,22,30.62164,76.70579,621,0.9599,1.3618,0.4019,37.92,0.1394,0.1369,-0.0025,186.3,185.3,-0.53,0.6119,0.5982,-0.00274,1,2,17.4,98.6,0,low
PU050006,Punjab,5,30.99967,76.62256,1532,0.6884,0.6774,-0.0109,-1.39,-0.1399,-0.1429,-0.0029,31.0,29.5,-4.56,0.5836,0.6065,0.00457,1,1,58.9,55.4,1,low
PU190007,Punjab,19,32.12634,75.76346,367,4.2199,5.2943,1.0744,24.87,-0.2215,-0.1999,0.0216,29.9,42.4,40.55,0.37,0.4376,0.01353,1,2,25.1,35.2,0,medium
PU080008,Punjab,8,29.58516,73.95996,1320,2.2636,2.6741,0.4104,17.36,-0.2081,-0.1742,0.0339,32.3,49.0,50.1,0.3546,0.48,0.02507,1,2,12.7,49.9,1,medium
PU290009,Punjab,29,30.20215,74.17798,630,0.8828,0.9817,0.099,10.07,-0.2771,-0.2756,0.0015,29.8,30.2,1.41,0.3194,0.3309,0.00231,1,2,59.3,98.9,0,low
PU170010,Punjab,17,31.87991,74.84819,1840,0.8404,1.0301,0.1897,20.18,-0.0826,-0.0768,0.0059,99.5,101.4,1.86,0.5409,0.5359,-0.001,0,2,56.3,67.5,0,low
PU220011,Punjab,22,29.92871,74.66094,2826,6.2128,15.7315,9.5187,150.79,-0.1152,0.0419,0.1571,31.0,92.6,192.46,0.3046,0.5141,0.0419,1,2,9.6,40.9,1,high
PU020012,Punjab,2,29.94819,76.32131,1487,2.4607,3.2507,0.7901,30.85,0.1615,0.1743,0.0128,121.9,131.4,7.71,0.5146,0.5324,0.00357,1,2,24.1,66.9,0,medium
PU020013,Punjab,2,30.65362,75.29872,2791,1.2112,1.2004,-0.0108,-0.82,-0.181,-0.167,0.0139,31.6,37.2,17.07,0.3688,0.3638,-0.001,0,2,47.9,91.4,0,low
PU050014,Punjab,5,31.13196,76.28876,864,0.9179,1.2088,0.2909,28.58,-0.0409,-0.0459,-0.0049,101.7,98.3,-3.31,0.6525,0.6588,0.00125,0,2,26.4,85.3,1,low
PU070015,Punjab,7,29.9135,73.97501,2935,3.2589,3.8715,0.6126,18.24,-0.1283,-0.0874,0.0409,71.3,96.4,34.78,0.5087,0.5287,0.00399,1,2,23.2,54.4,1,medium
PU160016,Punjab,16,30.37705,76.27464,1027,0.5791,0.9259,0.3468,51.06,0.1862,0.186,-0.0002,63.9,63.7,-0.2,0.2921,0.2191,-0.01462,1,0,42.3,96.6,1,low
PU280017,Punjab,28,31.6686,74.55297,258,1.2725,1.2668,-0.0056,-0.41,-0.0622,-0.0686,-0.0064,110.6,106.1,-4.08,0.3718,0.3767,0.00098,1,1,37.6,91.7,1,low
PU100018,Punjab,10,32.00238,76.82914,588,1.7599,1.8465,0.0866,4.66,-0.0753,-0.0719,0.0034,65.5,66.5,1.61,0.3169,0.2731,-0.00876,0,1,39.6,81.2,1,low
PU050019,Punjab,5,30.07205,74.12303,200,3.5393,4.2821,0.7428,20.41,-0.0699,-0.0199,0.05,127.6,156.3,22.34,0.6498,0.7686,0.02376,1,1,11.5,49.6,1,medium
PU210020,Punjab,21,30.96627,75.60665,930,3.1795,3.5865,0.407,12.41,0.1852,0.2158,0.0306,140.5,153.7,9.37,0.3055,0.3119,0.00128,1,2,28.9,53.7,1,medium
PU220021,Punjab,22,31.28202,74.19744,3192,0.3955,0.4234,0.0279,5.64,0.1162,0.1132,-0.003,167.2,165.9,-0.8,0.5346,0.4902,-0.00887,1,1,24.0,72.5,0,low
PU080022,Punjab,8,31.74309,74.86793,1000,2.4638,4.1156,1.6517,64.42,0.0483,0.0631,0.0148,76.7,81.8,6.63,0.2186,0.287,0.01368,1,2,26.9,31.9,1,medium
PU100023,Punjab,10,29.74147,74.78393,733,0.4582,0.7154,0.2572,46.07,0.1047,0.0953,-0.0094,156.9,152.6,-2.7,0.3556,0.3575,0.00037,1,1,58.7,82.0,0,low
PU180024,Punjab,18,32.48754,76.78416,347,0.968,1.4149,0.4468,41.84,-0.0372,-0.0232,0.014,92.3,96.1,4.01,0.4657,0.394,-0.01436,0,2,30.0,69.3,1,low
PU080025,Punjab,8,30.15174,75.06568,1891,0.6344,1.0991,0.4648,63.28,-0.2265,-0.2317,-0.0052,64.4,62.6,-2.73,0.6426,0.5678,-0.01497,1,0,16.6,88.1,1,low
PU170026,Punjab,17,30.30186,76.89544,2788,8.8615,13.7431,4.8816,54.47,0.132,0.2286,0.0966,169.9,224.2,31.81,0.4342,0.7265,0.05848,1,2,6.2,14.4,1,high
PU120027,Punjab,12,29.56862,74.62697,2852,0.7936,1.0338,0.2402,26.89,-0.0131,-0.0214,-0.0083,114.9,112.7,-1.87,0.2775,0.209,-0.01371,0,0,46.1,88.6,1,low
PU150028,Punjab,15,31.06492,74.18903,943,3.4757,5.2089,1.7333,48.47,-0.2317,-0.185,0.0467,23.7,57.3,135.44,0.2488,0.37,0.02424,1,1,24.9,49.4,1,medium
PU210029,Punjab,21,32.2338,75.61879,257,1.515,2.0136,0.4985,30.87,-0.1571,-0.1596,-0.0025,67.3,66.5,-1.16,0.3001,0.2052,-0.01899,1,0,35.8,57.5,1,low
PU060030,Punjab,6,32.34781,75.4879,815,2.3606,4.1043,1.7436,70.86,0.0895,0.1164,0.0269,149.9,157.9,5.31,0.547,0.5648,0.00357,1,2,27.6,47.3,0,medium
PU050031,Punjab,5,32.48063,76.71384,1143,2.2931,3.8824,1.5893,66.41,0.0854,0.1112,0.0258,66.1,73.1,10.43,0.5412,0.5989,0.01154,0,0,12.2,45.0,1,medium
PU180032,Punjab,18,32.07072,76.83405,1335,0.3824,0.8659,0.4835,100.22,0.1496,0.1524,0.0027,52.7,53.8,2.0,0.3384,0.2883,-0.01003,1,0,23.6,85.9,1,low
PU190033,Punjab,19,31.00823,74.4859,746,0.534,0.8146,0.2806,44.25,-0.2058,-0.1933,0.0125,52.1,56.1,7.45,0.3784,0.3554,-0.0046,1,1,23.0,82.7,1,low
PU230034,Punjab,23,31.70933,75.32583,528,2.4577,3.466,1.0084,39.43,-0.2301,-0.2037,0.0264,75.9,93.1,22.34,0.3897,0.41,0.00407,1,2,21.6,43.6,1,medium
PU010035,Punjab,1,29.89445,76.18128,5013,3.4162,5.2036,1.7874,50.83,0.1908,0.2387,0.0479,107.7,132.0,22.35,0.4249,0.5013,0.01527,1,2,9.5,69.7,0,medium
PU130036,Punjab,13,30.1602,76.80026,286,0.9045,1.1564,0.2519,25.08,-0.0023,-0.0036,-0.0013,69.8,69.5,-0.5,0.5428,0.5177,-0.00501,1,0,21.8,91.3,0,low
PU250037,Punjab,25,30.56537,75.8522,4119,0.6925,0.8866,0.1941,24.49,-0.2263,-0.2311,-0.0048,49.4,46.4,-5.85,0.3022,0.2051,-0.01943,0,0,47.6,72.2,1,low
PU090038,Punjab,9,31.48558,74.58152,253,1.1191,1.4545,0.3353,27.51,0.0169,0.0363,0.0194,48.0,61.9,28.39,0.6692,0.6285,-0.00814,1,0,41.4,96.6,0,low
PU290039,Punjab,29,30.59114,74.13218,2551,9.1448,17.1235,7.9787,86.31,-0.0744,-0.0238,0.0506,74.0,92.1,24.18,0.3003,0.4093,0.0218,1,2,10.8,13.5,1,high
PU190040,Punjab,19,30.16469,75.18591,435,0.5522,0.9445,0.3922,60.14,-0.0598,-0.0591,0.0007,56.4,56.9,0.82,0.6293,0.6585,0.00584,0,0,40.4,87.6,0,low
PU130041,Punjab,13,31.41618,75.649,1745,0.8758,0.8412,-0.0346,-3.55,-0.1677,-0.1527,0.0151,83.1,87.3,5.07,0.6589,0.6221,-0.00736,1,0,21.0,82.3,1,low
PU090042,Punjab,9,30.20641,74.08829,840,0.602,0.5732,-0.0287,-4.09,0.0657,0.062,-0.0037,56.0,54.7,-2.37,0.567,0.4833,-0.01674,1,1,24.0,93.1,0,low
PU200043,Punjab,20,30.28577,76.17017,309,1.126,1.2836,0.1576,12.86,-0.2475,-0.2351,0.0124,44.3,52.8,18.6,0.23,0.2499,0.00399,0,0,28.6,72.9,1,low
PU260044,Punjab,26,30.95547,74.55992,479,0.7527,0.759,0.0063,0.74,0.0548,0.0536,-0.0012,146.8,146.4,-0.31,0.4571,0.3917,-0.01308,0,2,27.7,58.6,0,low
PU010045,Punjab,1,30.72391,75.48665,778,0.7599,0.7146,-0.0453,-5.27,0.0106,0.0027,-0.0079,93.7,88.3,-5.78,0.4558,0.4097,-0.00923,1,1,16.4,63.4,0,low
PU210046,Punjab,21,30.93561,75.43032,1287,3.2637,5.1711,1.9074,56.71,-0.1278,-0.1076,0.0202,74.6,79.9,7.01,0.3518,0.3758,0.00479,1,2,9.5,56.1,0,medium
PU220047,Punjab,22,30.68135,74.25069,2523,0.4058,0.8171,0.4113,81.32,0.0562,0.0696,0.0134,76.0,80.7,6.08,0.4591,0.4236,-0.0071,1,0,58.6,66.0,0,low
PU080048,Punjab,8,30.80026,75.27471,356,0.5516,0.8084,0.2568,39.42,-0.086,-0.0801,0.0059,72.8,76.8,5.39,0.6007,0.6385,0.00756,0,2,49.7,92.5,0,low
PU200049,Punjab,20,30.39243,76.33588,1495,2.7822,4.3751,1.5928,55.26,0.0997,0.1284,0.0288,111.0,131.8,18.57,0.4449,0.4577,0.00258,1,1,15.3,69.4,1,medium
PU220050,Punjab,22,31.54107,76.85953,1939,8.935,11.3814,2.4464,27.08,-0.1455,-0.0841,0.0614,46.5,72.6,55.0,0.6058,0.8692,0.05268,1,2,2.9,23.8,1,high
PU210051,Punjab,21,30.12856,74.66077,2164,3.6641,5.0751,1.4111,37.49,-0.0701,-0.056,0.0141,120.1,124.7,3.78,0.4098,0.4731,0.01268,1,2,26.2,69.5,1,medium
PU200052,Punjab,20,32.39158,75.05694,439,1.1139,1.2975,0.1837,15.13,-0.0414,-0.0502,-0.0088,54.8,52.2,-4.63,0.3515,0.3756,0.00481,0,1,17.6,58.8,0,low
PU180053,Punjab,18,30.39535,74.01198,991,4.4769,5.1728,0.6959,15.2,0.1071,0.1343,0.0272,151.0,162.8,7.75,0.545,0.652,0.02138,1,1,13.4,34.8,1,medium
PU190054,Punjab,19,30.58495,75.42163,1494,8.0973,19.2291,11.1318,135.8,0.0846,0.1511,0.0665,131.6,156.0,18.35,0.5122,0.7869,0.05495,1,2,13.7,32.8,1,high
PU180055,Punjab,18,30.15878,76.40465,5641,3.1477,5.0844,1.9367,59.63,-0.1493,-0.1349,0.0144,79.4,83.6,5.29,0.5191,0.5473,0.00563,1,0,8.5,66.3,1,medium
PU070056,Punjab,7,31.431,74.3602,543,0.6169,1.0362,0.4193,58.49,0.1832,0.195,0.0118,92.7,99.6,7.32,0.6311,0.666,0.00699,0,1,47.4,99.7,1,low
PU220057,Punjab,22,32.02046,74.63944,1771,3.6121,4.4765,0.8644,23.29,-0.2442,-0.1963,0.0479,24.4,43.9,76.56,0.612,0.7406,0.02572,0,1,22.5,61.4,1,medium
PU230058,Punjab,23,31.53832,74.78186,2260,0.5405,0.4516,-0.0889,-13.88,0.1085,0.1024,-0.0061,126.6,122.1,-3.57,0.6047,0.5367,-0.01358,1,0,43.5,98.4,0,low
PU010059,Punjab,1,29.6539,76.02587,758,9.7531,20.4784,10.7253,108.85,-0.1491,-0.0549,0.0941,74.8,135.1,79.54,0.4055,0.624,0.0437,1,2,7.4,31.2,1,high
PU250060,Punjab,25,30.64174,76.49063,936,0.8972,1.3884,0.4911,49.25,-0.2663,-0.2597,0.0066,45.7,48.4,5.84,0.5928,0.4985,-0.01885,1,0,43.9,85.6,1,low
PU130061,Punjab,13,30.48298,76.54618,1773,0.5606,0.7497,0.1891,28.63,-0.1337,-0.1208,0.0129,53.1,56.4,6.03,0.4018,0.3508,-0.01019,0,1,39.1,62.5,0,low
PU060062,Punjab,6,30.01946,74.37801,357,0.9346,1.0392,0.1047,10.12,0.1853,0.1763,-0.009,52.4,47.7,-8.83,0.2801,0.3002,0.00403,0,1,43.9,63.0,0,low
PU180063,Punjab,18,29.95365,76.84927,544,0.719,0.8538,0.1347,16.45,-0.2949,-0.2818,0.0131,22.3,30.4,34.71,0.4458,0.4254,-0.00407,1,2,41.6,77.3,0,low
PU160064,Punjab,16,31.70234,74.85879,2559,2.4507,4.097,1.6463,64.54,-0.2531,-0.2275,0.0256,72.5,80.1,10.34,0.5279,0.5355,0.00153,1,2,28.9,35.2,1,medium
PU030065,Punjab,3,30.58994,74.00374,2960,2.4272,3.432,1.0048,39.76,-0.263,-0.2361,0.0269,48.4,65.4,34.34,0.2724,0.3802,0.02155,1,0,17.6,34.3,1,medium
PU040066,Punjab,4,30.34936,74.60783,2210,0.5974,1.0858,0.4884,70.02,0.1326,0.1298,-0.0028,71.3,69.9,-1.99,0.3749,0.3913,0.00328,1,0,50.8,92.4,0,low
PU230067,Punjab,23,30.75124,76.11901,1452,2.6957,4.5577,1.862,66.6,-0.2186,-0.1835,0.0351,40.1,53.4,32.32,0.5583,0.6414,0.01663,1,1,24.5,58.9,1,medium
PU090068,Punjab,9,29.52807,74.64175,200,0.5444,0.5654,0.021,3.26,0.1118,0.1313,0.0196,55.6,65.3,17.29,0.2548,0.193,-0.01236,0,2,55.6,89.4,1,low
PU010069,Punjab,1,30.91736,74.34166,232,0.8321,1.332,0.4999,53.63,0.1324,0.1281,-0.0044,181.9,178.8,-1.7,0.5268,0.5566,0.00595,1,0,17.4,82.4,0,low
PU080070,Punjab,8,32.12537,76.08827,292,0.7089,0.8983,0.1894,23.42,-0.1972,-0.1802,0.017,64.5,69.9,8.21,0.3048,0.2335,-0.01427,1,2,27.6,93.9,1,low
PU180071,Punjab,18,29.77073,76.23009,1185,0.6033,0.8102,0.2069,29.42,-0.2867,-0.2734,0.0132,61.0,64.4,5.43,0.5689,0.6009,0.0064,0,1,49.0,93.2,1,low
PU110072,Punjab,11,31.96077,76.58557,471,0.5686,0.6089,0.0404,6.04,0.0509,0.0471,-0.0038,155.7,153.3,-1.55,0.6301,0.6642,0.00683,1,2,31.5,70.4,1,low
PU060073,Punjab,6,32.19997,75.1404,943,2.203,3.0688,0.8658,37.59,-0.06,-0.0407,0.0194,50.6,61.3,20.74,0.6822,0.7803,0.0196,1,2,19.3,67.7,0,medium
PU150074,Punjab,15,32.35832,76.17533,1216,1.3165,1.393,0.0765,5.4,-0.0079,-0.0032,0.0047,49.1,50.9,3.6,0.6908,0.721,0.00603,1,0,54.7,65.0,1,low
PU120075,Punjab,12,30.70057,74.44772,959,3.5365,4.3456,0.809,22.25,-0.068,-0.0082,0.0598,48.8,72.1,46.94,0.2025,0.3361,0.02672,1,1,24.2,56.4,1,medium
PU050076,Punjab,5,31.56636,76.86916,840,2.1554,2.6832,0.5278,23.4,0.0709,0.0971,0.0262,77.0,91.6,18.81,0.3696,0.4032,0.00671,1,1,25.0,51.9,0,medium
PU250077,Punjab,25,29.94232,76.05114,1445,0.7693,0.9352,0.1659,19.09,-0.2391,-0.2296,0.0095,25.8,30.6,17.59,0.57,0.6044,0.00688,1,1,59.2,96.2,0,low
PU200078,Punjab,20,30.204,74.05418,3191,1.0318,0.9783,-0.0535,-4.73,-0.2261,-0.2204,0.0057,76.0,79.7,4.74,0.3328,0.2553,-0.01549,1,0,21.8,74.9,1,low
PU180079,Punjab,18,32.06825,76.11219,1003,0.6622,0.8496,0.1874,24.59,-0.1569,-0.1587,-0.0018,38.1,37.3,-1.99,0.5633,0.558,-0.00106,1,0,55.0,84.4,0,low
PU250080,Punjab,25,32.30272,76.0908,252,0.607,0.6022,-0.0048,-0.68,0.1176,0.1347,0.0171,134.8,144.8,7.36,0.2977,0.2515,-0.00923,1,2,21.8,69.2,0,low
PU050081,Punjab,5,29.86779,76.75553,1372,0.5813,0.9787,0.3974,58.34,0.1438,0.148,0.0041,176.5,179.3,1.54,0.3195,0.2935,-0.00521,1,0,27.8,95.0,0,low
PU250082,Punjab,25,29.78464,74.70553,642,0.5122,0.5866,0.0744,12.16,-0.0863,-0.086,0.0003,52.0,52.1,0.19,0.4334,0.3701,-0.01266,0,0,46.3,77.0,1,low
PU180083,Punjab,18,30.3872,75.52192,899,0.6275,0.5633,-0.0641,-8.82,-0.1884,-0.1906,-0.0022,61.2,59.8,-2.31,0.2899,0.233,-0.01137,1,1,28.4,83.4,0,low
PU080084,Punjab,8,31.73619,75.29492,359,0.7854,1.0674,0.282,31.85,-0.215,-0.2124,0.0025,69.1,70.8,2.42,0.4639,0.3904,-0.0147,1,1,20.4,66.4,0,low
PU280085,Punjab,28,31.36967,75.36611,832,2.5252,4.0779,1.5527,59.15,0.0215,0.0731,0.0517,41.6,79.1,88.01,0.3023,0.3482,0.00917,1,0,28.5,44.7,0,medium
PU170086,Punjab,17,30.41279,74.95719,1034,0.7623,0.8831,0.1208,14.02,0.0605,0.0661,0.0056,157.8,160.2,1.47,0.6233,0.6564,0.00663,1,0,26.9,76.9,0,low
PU030087,Punjab,3,30.29579,75.48213,762,2.8384,3.2485,0.4101,13.96,0.1603,0.1886,0.0283,138.8,151.4,8.98,0.3129,0.402,0.01782,1,1,16.6,57.1,1,medium
PU100088,Punjab,10,31.49696,74.52008,1569,0.6498,0.5569,-0.0929,-12.39,-0.1456,-0.128,0.0176,87.5,97.0,10.8,0.222,0.2025,-0.00391,1,0,18.1,67.8,1,low
PU230089,Punjab,23,29.51239,76.84266,595,0.9413,1.0826,0.1413,13.57,-0.2112,-0.2168,-0.0056,74.6,72.5,-2.81,0.3389,0.3035,-0.00708,1,2,56.4,93.9,0,low
PU090090,Punjab,9,30.8791,74.43053,2631,2.366,3.3882,1.0222,41.45,-0.2777,-0.2541,0.0236,40.5,46.5,14.54,0.2538,0.3979,0.0288,1,2,27.0,51.0,1,medium
PU080091,Punjab,8,31.30384,75.82498,6329,2.1209,3.4332,1.3123,59.09,-0.1249,-0.0813,0.0436,69.3,98.0,40.78,0.4433,0.5884,0.02903,1,0,14.4,30.3,1,medium
PU210092,Punjab,21,30.58358,76.56437,1172,0.628,1.1121,0.4841,66.5,-0.0394,-0.0439,-0.0045,96.5,95.0,-1.53,0.3,0.2244,-0.01512,0,0,15.7,82.9,1,low
PU260093,Punjab,26,31.09627,74.25589,779,0.6869,0.9876,0.3007,38.22,-0.1961,-0.1885,0.0077,35.6,38.3,7.58,0.4394,0.4288,-0.00213,1,0,35.7,91.2,0,low
PU080094,Punjab,8,31.25833,76.35013,409,1.0966,1.546,0.4494,37.55,-0.0407,-0.0474,-0.0066,110.0,107.6,-2.19,0.2323,0.2674,0.00701,1,1,57.7,92.6,0,low
PU260095,Punjab,26,29.86109,74.439,200,0.6685,0.596,-0.0725,-9.43,0.0584,0.062,0.0035,132.0,134.6,1.92,0.218,0.2489,0.00617,1,0,40.1,79.7,0,low
PU010096,Punjab,1,31.57985,74.1482,1383,2.4898,3.9578,1.468,56.68,0.1247,0.1447,0.02,124.6,136.5,9.49,0.2383,0.2756,0.00747,1,0,16.6,33.9,1,medium
PU110097,Punjab,11,29.70539,74.40272,2593,5.9719,10.922,4.9501,81.52,-0.2784,-0.1192,0.1592,19.5,75.7,273.72,0.6516,0.9,0.0547,1,2,16.7,41.1,0,high
PU250098,Punjab,25,30.43639,76.33098,200,0.8088,1.148,0.3392,37.32,-0.1171,-0.1204,-0.0033,43.5,42.5,-2.26,0.2731,0.2074,-0.01313,0,0,49.9,89.1,0,low
PU240099,Punjab,24,30.29287,74.86478,372,3.2004,5.1122,1.9117,57.92,-0.0799,-0.0498,0.0301,98.3,114.9,16.67,0.392,0.4352,0.00863,0,2,21.9,31.5,1,medium
PU040100,Punjab,4,32.19519,76.19679,833,1.9362,2.8265,0.8903,43.72,0.0891,0.131,0.0418,61.2,72.7,18.56,0.6872,0.7442,0.01141,1,1,14.8,65.3,1,medium
PU130101,Punjab,13,31.87824,73.95272,570,0.7555,1.1836,0.4282,50.05,-0.2678,-0.2732,-0.0054,43.5,41.6,-4.2,0.5582,0.4758,-0.01649,1,1,59.4,89.3,0,low
PU010102,Punjab,1,31.93193,75.6835,491,0.6319,0.5601,-0.0719,-9.82,0.1919,0.1864,-0.0055,200.1,197.1,-1.5,0.3207,0.2944,-0.00525,0,1,50.5,62.3,0,low
PU210103,Punjab,21,29.8204,75.45822,818,10.8559,15.6377,4.7818,43.65,-0.2582,-0.0937,0.1645,36.7,129.6,246.29,0.3073,0.5777,0.0541,1,2,7.8,22.2,1,high
PU060104,Punjab,6,31.12903,76.35839,200,1.546,1.8422,0.2962,17.99,-0.0862,-0.087,-0.0008,83.6,83.3,-0.35,0.3533,0.3497,-0.00073,1,2,50.9,68.7,1,low
PU160105,Punjab,16,31.04188,76.03425,1152,3.1439,3.7751,0.6312,19.46,-0.1306,-0.0778,0.0528,87.4,109.0,24.47,0.5901,0.7335,0.0287,1,2,28.9,47.1,1,medium
PU100106,Punjab,10,30.18371,76.57882,680,0.7429,1.0934,0.3506,41.6,0.1329,0.1347,0.0018,180.4,181.1,0.38,0.6807,0.6732,-0.00149,1,0,43.3,99.8,1,low
PU070107,Punjab,7,30.82978,75.55667,361,0.6884,1.0221,0.3337,42.32,0.1798,0.1734,-0.0064,113.7,109.5,-3.68,0.6409,0.6214,-0.0039,0,2,28.0,90.1,0,low
PU080108,Punjab,8,32.27325,74.60115,2867,10.0002,14.3524,4.3522,43.09,-0.1933,-0.043,0.1503,62.3,128.2,104.11,0.4211,0.627,0.04118,1,2,15.5,25.0,1,high
PU260109,Punjab,26,30.33463,74.78223,987,0.6711,0.8416,0.1705,22.11,0.1898,0.2049,0.0151,167.9,176.1,4.84,0.587,0.5779,-0.00181,1,1,54.8,96.1,0,low
PU250110,Punjab,25,31.61113,76.2365,704,0.6818,0.8155,0.1337,17.1,-0.1914,-0.1769,0.0146,48.1,57.2,18.63,0.2232,0.2713,0.00962,0,1,50.6,60.8,0,low
PU100111,Punjab,10,30.35494,76.08373,960,0.9814,0.983,0.0016,0.14,0.1323,0.1248,-0.0074,88.7,83.8,-5.45,0.3796,0.2837,-0.01917,0,1,15.2,65.1,1,low
PU060112,Punjab,6,31.01959,76.744,1585,0.7636,1.0386,0.275,31.84,-0.2375,-0.236,0.0015,42.0,42.9,2.15,0.4565,0.4626,0.00121,1,1,35.2,76.8,0,low
PU240113,Punjab,24,32.24755,74.33015,478,0.8813,0.8858,0.0045,0.46,0.1729,0.1634,-0.0095,98.0,94.4,-3.64,0.3049,0.2949,-0.002,0,1,46.4,94.6,1,low
PU100114,Punjab,10,31.29637,76.22184,413,0.6545,1.0117,0.3572,47.34,-0.1004,-0.0873,0.0131,32.3,40.7,24.9,0.2745,0.3043,0.00595,1,0,44.3,96.7,1,low
PU010115,Punjab,1,30.34103,76.63268,1747,3.6596,5.3657,1.7061,45.38,-0.0627,-0.0474,0.0153,79.1,90.2,13.75,0.51,0.5136,0.0007,1,2,9.8,58.7,1,medium
PU050116,Punjab,5,31.22983,75.89407,520,0.733,0.8779,0.145,17.4,0.0352,0.0269,-0.0083,107.1,101.4,-5.3,0.5942,0.594,-4e-05,1,1,23.7,69.8,0,low
PU240117,Punjab,24,32.4364,74.95459,234,1.5173,1.4677,-0.0496,-3.07,-0.224,-0.2269,-0.003,81.9,79.8,-2.51,0.6905,0.618,-0.01451,1,0,33.9,93.7,0,low
PU020118,Punjab,2,31.94876,74.41725,3110,2.4158,3.0191,0.6033,23.98,0.1846,0.2151,0.0305,201.8,210.9,4.51,0.2718,0.2931,0.00427,1,1,27.6,37.6,1,medium
PU170119,Punjab,17,32.34767,75.42954,2054,2.2655,3.753,1.4875,62.88,0.1482,0.1604,0.0122,102.6,107.0,4.24,0.5131,0.5712,0.01162,1,1,20.3,52.1,0,medium
PU280120,Punjab,28,32.39663,74.78353,773,10.0874,17.7785,7.6911,75.5,-0.1892,-0.1248,0.0644,85.0,129.1,51.33,0.2469,0.4691,0.04445,0,2,3.1,36.0,0,high
PU130121,Punjab,13,30.22888,74.4845,5212,9.8469,16.3537,6.5068,65.42,0.0825,0.1849,0.1025,51.4,95.1,83.22,0.3195,0.4854,0.03318,1,2,12.6,24.0,1,high
PU010122,Punjab,1,31.09731,76.4643,1378,8.5587,16.5986,8.0399,92.85,-0.1123,0.0052,0.1175,96.3,161.5,67.07,0.6563,0.8017,0.02909,1,1,5.3,40.1,1,high
PU180123,Punjab,18,32.35605,75.56235,2364,1.8561,2.6043,0.7483,38.25,0.1594,0.1771,0.0177,126.9,136.4,7.38,0.2912,0.2916,9e-05,1,1,16.0,41.2,0,medium
PU110124,Punjab,11,31.29526,74.40318,580,1.2106,1.6732,0.4626,35.3,0.0165,0.0281,0.0116,49.5,52.5,6.07,0.3293,0.2681,-0.01222,0,1,27.6,87.6,1,low
PU070125,Punjab,7,30.16303,74.49999,671,0.6469,1.0354,0.3885,52.02,-0.0405,-0.0441,-0.0036,56.6,55.1,-2.52,0.2555,0.2598,0.00088,1,0,25.2,95.0,1,low
PU060126,Punjab,6,30.20882,74.16038,200,1.9579,2.1147,0.1568,7.62,0.0937,0.098,0.0043,101.6,104.3,2.63,0.2943,0.1981,-0.01924,0,2,34.5,85.9,1,low
PU160127,Punjab,16,29.86377,75.59132,1462,3.0419,3.4066,0.3646,11.6,0.0643,0.0775,0.0131,159.0,166.4,4.64,0.6007,0.6775,0.01535,1,2,17.5,68.9,1,medium
PU080128,Punjab,8,30.79338,74.66944,989,0.5061,0.5319,0.0258,4.26,-0.0405,-0.0346,0.0059,69.2,72.6,4.86,0.6428,0.5658,-0.01539,0,2,53.8,62.9,1,low
PU100129,Punjab,10,31.96319,76.34694,1049,2.171,3.3721,1.2012,52.89,0.0854,0.11,0.0246,50.0,63.3,26.08,0.4851,0.6325,0.02947,1,2,28.6,30.3,1,medium
PU290130,Punjab,29,30.1631,76.32611,350,0.6503,0.7736,0.1233,16.44,-0.203,-0.1856,0.0174,67.5,77.7,14.93,0.2102,0.2403,0.00601,1,2,21.3,70.9,0,low
PU270131,Punjab,27,32.37119,74.80949,372,0.8295,0.8016,-0.0279,-3.0,0.1223,0.1177,-0.0046,112.2,108.8,-3.04,0.2559,0.1999,-0.0112,0,2,53.4,68.6,0,low
PU030132,Punjab,3,31.41492,75.51694,897,0.9254,0.9773,0.0519,5.06,-0.071,-0.0568,0.0142,119.3,127.7,7.02,0.3631,0.2849,-0.01564,0,0,36.9,59.9,1,low
PU260133,Punjab,26,32.22091,74.62773,3461,3.8162,5.6222,1.806,46.12,0.0259,0.0414,0.0155,55.2,66.5,20.13,0.4351,0.509,0.01479,1,1,12.8,61.3,0,medium
PU070134,Punjab,7,30.8744,76.69031,1156,2.8926,3.854,0.9615,32.13,0.1293,0.1541,0.0249,92.6,109.2,17.74,0.4095,0.4962,0.01734,0,1,16.5,58.4,1,medium
PU150135,Punjab,15,30.0125,75.13586,692,0.785,0.9521,0.1671,18.88,-0.1886,-0.1936,-0.005,52.2,49.5,-5.17,0.2876,0.2977,0.00202,1,1,46.7,67.8,1,low
PU230136,Punjab,23,30.72303,76.85284,946,1.1365,1.2229,0.0864,6.99,0.1497,0.1662,0.0165,148.3,152.4,2.76,0.4045,0.3493,-0.01104,0,2,22.3,91.4,0,low
PU080137,Punjab,8,31.50161,76.33215,1480,3.0459,4.6038,1.5579,49.52,-0.0759,-0.0349,0.041,94.0,117.2,24.41,0.2236,0.2971,0.01469,1,1,8.1,54.0,1,medium
PU280138,Punjab,28,32.27153,75.54461,989,3.0139,3.6767,0.6628,21.29,0.1914,0.2401,0.0487,161.9,189.2,16.81,0.2713,0.4114,0.02803,1,1,10.7,69.3,0,medium
PU290139,Punjab,29,31.01172,74.14371,1229,0.669,0.7315,0.0625,8.13,0.1378,0.1468,0.009,113.5,117.5,3.54,0.5507,0.4949,-0.01116,0,0,43.5,64.1,1,low
PU140140,Punjab,14,29.81228,75.26577,519,1.8305,2.2089,0.3784,19.6,-0.0175,-0.0257,-0.0082,114.9,110.9,-3.45,0.343,0.2873,-0.01114,1,0,16.7,67.4,0,low
PU260141,Punjab,26,29.75559,76.04991,2573,0.6649,0.9586,0.2937,38.4,0.199,0.2052,0.0062,66.6,70.2,5.41,0.315,0.3353,0.00407,1,0,55.0,93.4,0,low
PU110142,Punjab,11,31.97143,76.47224,1921,9.5905,19.4599,9.8694,101.85,-0.1091,0.0403,0.1494,52.6,105.2,98.22,0.6604,0.8047,0.02886,1,1,3.7,33.4,1,high
PU160143,Punjab,16,29.74653,74.52982,1389,2.0325,2.5172,0.4848,22.73,0.1916,0.2165,0.0248,117.2,134.1,14.3,0.6053,0.7442,0.02776,0,1,16.7,68.0,1,medium
PU140144,Punjab,14,31.39423,75.92534,2662,1.2081,1.1687,-0.0393,-3.01,-0.1457,-0.1331,0.0126,103.1,107.5,4.3,0.5763,0.504,-0.01446,1,0,47.8,73.6,1,low
PU090145,Punjab,9,29.71175,75.20972,1665,3.4378,3.7439,0.3061,8.65,-0.2053,-0.1825,0.0227,35.3,51.4,44.27,0.2165,0.2346,0.00362,1,1,25.5,38.8,1,medium
PU150146,Punjab,15,31.78635,74.24761,583,0.9751,1.2609,0.2858,26.59,0.0018,0.0199,0.018,123.0,132.8,7.88,0.6355,0.6797,0.00884,1,2,54.0,58.0,0,low
PU200147,Punjab,20,32.19131,75.76871,4111,2.9865,3.5639,0.5774,18.71,-0.0563,-0.0081,0.0482,109.1,137.2,25.47,0.5831,0.6043,0.00423,1,0,28.2,66.0,1,medium
PU270148,Punjab,27,31.33012,76.78152,2602,1.3939,1.7745,0.3806,25.47,-0.0237,-0.021,0.0026,89.8,91.5,1.84,0.3883,0.4118,0.00469,1,1,54.4,56.5,0,low
PU200149,Punjab,20,30.40716,75.44189,2184,2.9394,3.2545,0.3151,10.37,-0.0168,0.0329,0.0497,121.1,140.0,15.51,0.3165,0.4245,0.0216,1,2,12.7,48.6,0,medium
HA170000,Haryana,17,30.33208,75.7472,532,2.6151,3.3618,0.7467,27.5,-0.1517,-0.1104,0.0412,27.6,41.3,47.62,0.5048,0.5355,0.00613,1,2,28.9,54.7,0,medium
HA210001,Haryana,21,29.13035,76.03982,1360,0.8233,0.7548,-0.0684,-7.41,-0.0947,-0.0842,0.0105,87.2,94.4,8.15,0.3113,0.2663,-0.009,1,0,52.5,87.2,0,low
HA180002,Haryana,18,29.6684,76.10944,204,0.8514,1.0449,0.1935,20.33,-0.2421,-0.2441,-0.002,35.1,34.6,-1.46,0.3471,0.2485,-0.01972,0,2,24.9,81.4,1,low
HA290003,Haryana,29,29.09654,77.10319,626,1.2189,1.6457,0.4268,32.36,0.119,0.1314,0.0125,153.4,162.0,5.55,0.2334,0.2047,-0.00573,1,2,17.7,66.2,0,low
HA230004,Haryana,23,30.68009,75.94936,831,0.848,1.3311,0.4832,50.97,0.1657,0.1559,-0.0098,138.4,133.3,-3.61,0.633,0.561,-0.01441,1,0,37.8,71.5,1,low
HA280005,Haryana,28,27.99004,74.73774,818,0.744,0.9792,0.2352,27.87,-0.1052,-0.0997,0.0055,87.0,89.4,2.75,0.5256,0.4794,-0.00923,0,1,28.4,67.9,0,low
HA130006,Haryana,13,30.03416,76.4602,752,2.9883,4.1851,1.1967,38.75,-0.2971,-0.2411,0.056,16.7,31.6,84.76,0.2599,0.2828,0.00459,1,1,9.5,64.2,0,medium
HA160007,Haryana,16,29.94647,77.38206,452,0.5991,0.5782,-0.0209,-2.98,-0.2793,-0.2719,0.0075,21.8,24.0,9.54,0.5278,0.43,-0.01955,0,0,48.6,74.0,0,low
HA140008,Haryana,14,29.50903,75.04175,1259,0.4429,0.7661,0.3232,59.54,-0.0388,-0.0401,-0.0013,102.6,101.7,-0.87,0.558,0.5708,0.00256,0,0,41.7,88.1,1,low
HA060009,Haryana,6,28.77882,76.33432,615,2.8857,3.8896,1.0039,33.62,0.0521,0.0721,0.02,108.1,122.2,12.93,0.6383,0.6705,0.00645,1,2,14.8,57.2,1,medium
HA050010,Haryana,5,30.69785,76.09554,411,2.2943,3.8893,1.595,66.61,0.1489,0.1787,0.0298,172.1,187.5,8.92,0.5754,0.6188,0.00868,0,1,23.3,66.6,1,medium
HA140011,Haryana,14,30.20233,75.01192,677,0.7225,0.8829,0.1605,19.51,-0.2562,-0.2494,0.0068,57.2,61.4,7.32,0.6556,0.5821,-0.0147,0,1,56.1,93.4,1,low
HA040012,Haryana,4,28.00729,77.19905,200,1.031,1.0575,0.0265,2.34,-0.297,-0.2902,0.0068,25.1,30.1,18.97,0.2345,0.1801,-0.01088,0,2,26.3,90.9,1,low
HA240013,Haryana,24,28.4636,76.52331,1724,0.5108,0.7171,0.2063,33.78,0.1651,0.1576,-0.0075,126.5,122.4,-3.2,0.5938,0.514,-0.01597,1,0,54.0,69.4,0,low
HA220014,Haryana,22,30.77592,77.10925,1247,0.793,1.1415,0.3485,39.03,-0.0784,-0.0672,0.0111,110.4,116.7,5.61,0.5787,0.5956,0.00339,1,2,15.4,55.9,0,low
HA120015,Haryana,12,28.93511,76.12882,257,0.7561,1.147,0.3909,45.66,0.1502,0.1532,0.003,179.1,181.0,1.05,0.4308,0.3894,-0.00828,0,0,28.1,57.6,0,low
HA160016,Haryana,16,28.16334,76.23196,2913,10.0046,19.0397,9.0351,89.42,-0.1081,-0.0153,0.0928,108.7,169.1,55.01,0.6593,0.9,0.05055,1,2,5.8,39.8,1,high
HA100017,Haryana,10,29.93216,77.59014,372,1.1703,1.5258,0.3555,27.99,-0.1991,-0.1938,0.0053,72.1,74.5,3.24,0.3336,0.2818,-0.01037,0,2,23.4,72.5,0,low
HA100018,Haryana,10,28.78325,75.8174,538,0.8227,0.9545,0.1318,14.28,-0.1589,-0.144,0.0149,54.9,63.9,16.28,0.2493,0.2017,-0.00952,0,0,17.2,58.7,0,low
HA280019,Haryana,28,28.54954,75.16128,4559,3.2723,3.9307,0.6584,19.52,-0.1154,-0.0631,0.0523,74.3,95.7,28.39,0.3068,0.4324,0.02513,1,2,27.2,69.0,1,medium
HA200020,Haryana,20,30.27065,76.27662,1482,0.9659,1.3477,0.3819,35.83,0.1115,0.1049,-0.0067,90.0,88.0,-2.17,0.4754,0.44,-0.00707,0,1,48.7,82.6,1,low
HA240021,Haryana,24,29.79466,75.85423,824,0.5476,0.5759,0.0284,4.38,-0.0468,-0.0291,0.0178,121.4,131.3,8.1,0.3775,0.3177,-0.01197,0,0,36.8,85.4,1,low
HA220022,Haryana,22,28.22396,74.6319,412,0.69,1.0672,0.3772,47.75,-0.1335,-0.1325,0.001,68.8,69.3,0.71,0.5541,0.5896,0.00711,1,0,47.3,88.7,0,low
HA180023,Haryana,18,28.92737,76.73238,305,0.5638,0.8664,0.3025,45.58,-0.2265,-0.2157,0.0108,48.1,53.7,11.51,0.3173,0.3548,0.0075,1,1,38.4,94.8,0,low
HA250024,Haryana,25,27.75998,75.09909,2775,0.5405,0.9349,0.3944,61.57,0.0352,0.0456,0.0104,118.2,124.7,5.43,0.2929,0.2333,-0.01192,0,2,57.1,65.6,0,low
HA170025,Haryana,17,28.0058,76.16752,200,0.4574,0.5254,0.068,12.19,0.1255,0.1307,0.0052,186.5,188.9,1.29,0.3024,0.3454,0.00862,0,1,41.8,74.2,1,low
HA120026,Haryana,12,30.72606,77.40296,1105,1.298,1.3276,0.0297,2.12,-0.2926,-0.2915,0.0011,15.9,16.5,3.35,0.4665,0.4576,-0.00178,1,2,56.7,87.1,0,low
HA030027,Haryana,3,30.28209,76.82883,201,0.513,0.4142,-0.0988,-16.12,-0.076,-0.075,0.001,42.1,42.6,1.22,0.2153,0.1749,-0.00808,1,0,45.5,82.3,0,low
HA200028,Haryana,20,30.7208,74.5937,2590,10.1552,20.4436,10.2884,100.32,-0.127,-0.0683,0.0588,62.6,88.5,40.78,0.6532,0.8828,0.04593,1,2,16.2,38.2,1,high
HA020029,Haryana,2,29.18035,77.57464,217,0.7752,0.6976,-0.0776,-8.86,-0.0435,-0.0293,0.0142,49.0,53.5,8.94,0.4825,0.4602,-0.00447,0,0,44.9,69.7,0,low
HA250030,Haryana,25,30.07266,76.5228,1089,0.7854,1.1827,0.3973,44.88,-0.0857,-0.0897,-0.004,96.9,94.2,-2.74,0.3258,0.2975,-0.00566,0,0,36.3,88.4,0,low
HA240031,Haryana,24,29.1954,75.72454,1413,0.5917,0.9253,0.3337,48.24,0.0956,0.1052,0.0096,176.2,179.6,1.91,0.6672,0.6851,0.00358,1,0,23.6,78.3,0,low
HA180032,Haryana,18,29.57675,75.8268,560,3.4323,4.7551,1.3228,37.45,0.1408,0.1718,0.0311,51.5,68.7,32.77,0.5509,0.6579,0.02141,1,2,27.0,34.1,0,medium
HA270033,Haryana,27,28.60916,76.10243,458,1.8823,1.9858,0.1035,5.22,-0.165,-0.1639,0.0011,57.1,58.0,1.44,0.2264,0.1577,-0.01373,1,2,26.7,67.1,0,low
HA100034,Haryana,10,30.29125,75.74932,260,1.2294,1.2043,-0.0251,-1.89,-0.0964,-0.1026,-0.0063,66.5,61.9,-6.89,0.3461,0.3067,-0.00788,0,1,18.7,90.3,0,low
HA100035,Haryana,10,28.26717,74.79019,450,0.7921,1.148,0.356,39.9,-0.1093,-0.1189,-0.0096,75.3,70.3,-6.57,0.6375,0.5864,-0.01022,0,0,18.3,72.4,1,low
HA230036,Haryana,23,30.05034,77.35353,803,0.7737,0.9652,0.1916,21.92,0.1717,0.1887,0.017,125.2,130.6,4.27,0.6374,0.6041,-0.00666,1,2,24.7,58.5,0,low
HA270037,Haryana,27,27.91153,75.81611,778,0.9323,1.3628,0.4306,41.71,0.1768,0.1689,-0.008,131.5,128.5,-2.23,0.2542,0.1886,-0.01312,1,1,58.4,70.4,1,low
HA170038,Haryana,17,29.96656,75.74183,362,0.3654,0.6514,0.286,61.45,-0.0261,-0.0349,-0.0088,58.7,54.8,-6.51,0.3005,0.2459,-0.01092,1,2,58.2,56.2,0,low
HA280039,Haryana,28,30.60342,75.20875,1656,2.6471,3.1362,0.4891,17.8,-0.1035,-0.0841,0.0194,38.2,44.2,15.41,0.5182,0.5553,0.00742,1,0,29.4,68.5,1,medium
HA250040,Haryana,25,30.79742,74.89584,2600,2.7305,3.517,0.7865,27.78,-0.1152,-0.0595,0.0557,100.5,141.5,40.4,0.2937,0.3163,0.00452,0,0,16.2,58.3,0,medium
HA230041,Haryana,23,30.64918,75.40474,313,0.5175,0.5294,0.0119,1.94,-0.2907,-0.299,-0.0083,58.0,52.3,-9.6,0.5625,0.5944,0.00637,0,1,41.9,99.0,1,low
HA290042,Haryana,29,30.73202,77.51875,1532,0.9438,0.8716,-0.0722,-6.91,0.0327,0.0441,0.0114,108.7,114.0,4.85,0.6262,0.675,0.00974,1,1,21.6,61.1,0,low
HA210043,Haryana,21,28.63807,76.75609,250,0.6634,0.9942,0.3308,43.33,0.0715,0.0681,-0.0034,85.4,83.6,-2.11,0.668,0.689,0.0042,0,0,48.1,59.0,0,low
HA230044,Haryana,23,29.16865,76.70584,3379,10.9832,22.4755,11.4924,103.69,-0.2956,-0.1846,0.111,21.2,68.7,214.32,0.3924,0.6145,0.04441,1,1,2.6,16.0,1,high
HA170045,Haryana,17,28.41857,77.42152,495,3.5173,4.1805,0.6631,18.33,0.0469,0.0603,0.0134,135.5,140.8,3.89,0.3241,0.3909,0.01336,1,1,15.6,33.7,1,medium
HA260046,Haryana,26,30.05548,77.51545,961,2.7302,3.4949,0.7647,27.02,-0.2667,-0.2448,0.0219,22.4,30.5,34.25,0.656,0.6997,0.00873,1,2,13.9,51.4,1,medium
HA130047,Haryana,13,30.27089,75.46563,1229,0.6528,1.1512,0.4984,66.21,0.1793,0.1989,0.0196,185.4,198.2,6.88,0.4775,0.5086,0.00621,1,0,44.9,62.6,0,low
HA060048,Haryana,6,30.62119,75.17327,694,1.053,1.319,0.266,23.07,0.0488,0.054,0.0051,141.9,143.8,1.32,0.3255,0.3754,0.00997,1,2,49.0,97.5,0,low
HA220049,Haryana,22,30.48753,76.49866,1141,0.9278,1.378,0.4502,43.81,-0.2178,-0.2111,0.0067,81.4,84.6,3.81,0.6191,0.567,-0.01042,0,2,26.3,90.5,1,low
HA220050,Haryana,22,30.58153,74.72113,1711,0.5833,0.492,-0.0913,-13.36,0.1673,0.1684,0.0011,172.2,172.5,0.18,0.2297,0.2567,0.00541,0,1,38.7,97.0,0,low
HA080051,Haryana,8,28.7881,77.26724,1201,0.818,0.7433,-0.0747,-8.13,-0.0043,-0.0077,-0.0034,61.7,59.3,-3.93,0.2018,0.1871,-0.00293,1,0,34.7,91.4,1,low
HA050052,Haryana,5,29.7084,75.99041,2598,0.5873,0.7119,0.1246,18.13,0.0847,0.0911,0.0065,160.2,163.4,1.94,0.2861,0.2273,-0.01176,0,0,58.9,69.9,0,low
HA070053,Haryana,7,29.62732,74.92169,1424,3.4988,4.7045,1.2056,33.5,-0.2051,-0.1866,0.0185,25.8,34.6,32.64,0.3524,0.3937,0.00826,1,1,16.4,55.5,1,medium
HA050054,Haryana,5,29.40049,74.94927,1050,3.7369,5.4996,1.7627,45.94,-0.2361,-0.1818,0.0543,23.3,62.3,161.17,0.6973,0.8229,0.02511,1,1,20.5,46.6,1,medium
HA150055,Haryana,15,29.64564,75.76568,500,1.0908,1.1354,0.0446,3.74,0.0927,0.1118,0.0191,80.4,89.9,11.76,0.4632,0.3747,-0.01769,0,0,49.4,81.6,0,low
HA220056,Haryana,22,30.12572,77.07944,1051,9.2464,13.5429,4.2965,45.97,-0.1821,-0.0337,0.1484,94.6,151.1,59.12,0.4689,0.6436,0.03494,1,0,3.1,10.7,1,high
HA030057,Haryana,3,27.96088,74.78963,200,0.6775,0.6061,-0.0714,-9.18,0.0362,0.0552,0.019,159.9,167.2,4.54,0.5233,0.4718,-0.01029,1,1,59.5,96.6,0,low
HA240058,Haryana,24,29.88909,76.26155,1381,1.0207,1.2157,0.195,17.4,0.015,0.0257,0.0107,65.3,68.5,4.9,0.5538,0.5337,-0.00401,0,1,56.8,91.1,1,low
HA060059,Haryana,6,29.8362,75.96835,452,0.5182,0.4549,-0.0634,-10.25,-0.1525,-0.1511,0.0014,63.7,64.2,0.83,0.4342,0.4366,0.00047,1,0,34.4,75.5,1,low
HA150060,Haryana,15,30.14874,76.13946,615,0.7406,1.0985,0.3579,42.57,-0.1418,-0.1425,-0.0007,87.5,87.3,-0.28,0.4898,0.4265,-0.01267,1,1,37.0,65.8,0,low
HA250061,Haryana,25,28.75603,75.02828,346,0.8075,0.8574,0.0499,5.5,0.0182,0.0135,-0.0047,109.5,106.4,-2.85,0.26,0.2616,0.00031,0,2,43.7,62.7,1,low
HA290062,Haryana,29,28.41106,75.80887,682,2.653,3.5361,0.8832,32.08,-0.1439,-0.1269,0.017,69.2,77.4,11.64,0.3768,0.4549,0.01564,1,1,15.1,50.8,1,medium
HA090063,Haryana,9,28.653,76.36777,2075,2.7818,3.7098,0.928,32.2,0.0885,0.1261,0.0376,156.2,178.3,14.07,0.2642,0.3366,0.01447,1,2,15.8,41.4,1,medium
HA250064,Haryana,25,28.04819,77.4405,559,0.6249,0.6775,0.0526,7.25,-0.1386,-0.12,0.0186,73.5,79.7,8.25,0.4146,0.3655,-0.00982,1,2,37.7,69.4,1,low
HA140065,Haryana,14,29.61614,77.58017,1494,0.7279,1.022,0.2941,35.52,-0.2217,-0.2149,0.0069,32.6,36.0,10.02,0.3582,0.3661,0.00157,1,0,17.7,93.6,1,low
HA140066,Haryana,14,29.27269,77.14667,654,0.6015,0.9558,0.3543,50.51,-0.0245,-0.0188,0.0057,113.3,115.3,1.77,0.5463,0.5687,0.00449,1,1,57.6,89.9,1,low
HA020067,Haryana,2,28.97531,76.93049,280,0.636,0.6251,-0.0109,-1.48,-0.2924,-0.2928,-0.0004,34.6,34.4,-0.69,0.4205,0.4676,0.00943,0,0,26.1,61.9,0,low
HA070068,Haryana,7,28.85718,77.26009,1082,3.7378,5.5298,1.792,46.69,-0.296,-0.2523,0.0437,32.4,60.0,82.55,0.4196,0.4252,0.00111,1,2,21.7,33.9,1,medium
HA060069,Haryana,6,27.93383,76.8869,354,0.5606,0.6054,0.0448,6.79,-0.2525,-0.2387,0.0138,28.9,37.7,29.15,0.4691,0.4146,-0.0109,0,2,23.4,65.9,0,low
HA170070,Haryana,17,28.08835,75.20496,200,0.7534,0.9903,0.2368,27.75,-0.2388,-0.2439,-0.0051,55.1,52.6,-4.55,0.3979,0.3021,-0.01915,1,0,32.5,86.9,1,low
HA110071,Haryana,11,29.94841,76.09663,200,0.7536,0.6593,-0.0943,-11.05,0.036,0.0476,0.0116,149.6,157.6,5.29,0.5666,0.4973,-0.01387,0,1,25.7,59.2,0,low
HA090072,Haryana,9,28.665,74.60035,347,0.5275,0.505,-0.0224,-3.58,-0.0549,-0.0459,0.009,124.8,130.3,4.41,0.5803,0.6084,0.00561,0,0,24.6,59.7,0,low
HA120073,Haryana,12,28.75828,75.58749,733,2.0845,2.6921,0.6076,27.81,-0.2469,-0.1913,0.0557,49.3,82.5,65.92,0.3806,0.4194,0.00777,1,1,17.3,57.5,1,medium
HA240074,Haryana,24,30.1435,77.08634,5962,9.3778,20.0793,10.7015,112.91,-0.1654,-0.0466,0.1187,78.7,148.7,87.94,0.4431,0.725,0.05637,1,2,13.8,28.2,1,high
HA200075,Haryana,20,30.09224,75.91563,312,1.0047,1.2604,0.2558,23.16,-0.0267,-0.0196,0.0071,35.6,37.9,6.08,0.5138,0.4745,-0.00786,1,0,39.0,92.0,0,low
HA210076,Haryana,21,30.32581,75.50739,415,0.5344,0.8828,0.3485,54.93,0.0876,0.082,-0.0056,131.1,129.7,-1.07,0.6035,0.6158,0.00247,0,2,57.5,84.4,1,low
HA070077,Haryana,7,28.5692,75.98461,824,0.4589,0.7836,0.3247,58.09,0.1477,0.1668,0.0192,151.4,157.6,4.04,0.5643,0.5312,-0.00663,0,0,50.1,90.1,0,low
HA060078,Haryana,6,30.77173,75.08287,1166,0.7757,0.7294,-0.0463,-5.28,0.0863,0.0839,-0.0024,70.4,69.2,-1.68,0.4694,0.3933,-0.01523,0,0,18.0,70.3,0,low
HA210079,Haryana,21,29.42532,76.69379,870,0.9241,1.0465,0.1224,11.95,0.0433,0.0506,0.0074,153.8,158.3,2.92,0.5253,0.4775,-0.00957,1,1,30.0,67.3,0,low
HA280080,Haryana,28,28.77319,76.00304,690,1.2794,1.7061,0.4267,30.93,0.0035,0.0213,0.0177,43.9,49.1,11.57,0.4331,0.4806,0.00951,1,0,32.6,67.5,0,low
HA060081,Haryana,6,29.02129,77.39595,1249,6.0942,9.6538,3.5596,57.47,0.0527,0.1488,0.0961,60.8,128.6,109.82,0.6499,0.8453,0.03908,1,2,2.8,15.4,1,high
HA120082,Haryana,12,29.45355,75.67593,569,0.4188,0.8993,0.4806,92.63,-0.1541,-0.1637,-0.0096,60.5,57.1,-5.55,0.4255,0.4668,0.00826,0,1,41.4,74.0,1,low
HA080083,Haryana,8,29.27826,75.56827,1144,1.0077,1.0246,0.0169,1.52,-0.1773,-0.1753,0.0021,46.9,48.3,2.89,0.5687,0.5255,-0.00863,1,0,23.4,97.3,1,low
HA260084,Haryana,26,28.72655,76.4754,740,1.0858,1.5407,0.4549,38.36,0.0222,0.0271,0.0049,84.1,86.4,2.81,0.3512,0.368,0.00336,1,0,44.0,59.2,0,low
HA240085,Haryana,24,30.19611,76.38055,489,0.7636,1.2001,0.4365,50.55,0.1059,0.1243,0.0183,89.0,98.1,10.05,0.3607,0.3344,-0.00527,0,0,33.9,91.1,0,low
HA210086,Haryana,21,29.99803,75.15606,1443,2.6114,3.8607,1.2493,46.08,-0.0618,-0.0446,0.0171,66.8,79.2,18.17,0.5485,0.572,0.00471,1,2,24.9,45.4,1,medium
HA140087,Haryana,14,27.98115,75.64062,1139,3.545,5.4592,1.9142,52.51,-0.0997,-0.0536,0.0462,63.3,82.3,29.53,0.5153,0.6036,0.01767,1,1,24.4,44.7,1,medium
HA270088,Haryana,27,30.54359,75.83696,585,2.1718,3.1352,0.9634,42.41,-0.2702,-0.2298,0.0404,18.4,41.4,118.2,0.6347,0.7692,0.0269,1,1,9.0,60.2,1,medium
HA130089,Haryana,13,30.89509,75.40404,613,3.0382,4.8569,1.8188,57.96,-0.2755,-0.2425,0.033,31.4,49.4,55.85,0.3705,0.4247,0.01084,1,2,16.6,43.9,0,medium
HA160090,Haryana,16,29.28373,75.24885,1159,3.8563,4.9733,1.117,28.23,-0.1147,-0.0863,0.0284,49.2,58.8,19.22,0.5266,0.5281,0.0003,0,1,10.4,59.8,1,medium
HA260091,Haryana,26,28.46161,75.04604,1608,1.079,1.2927,0.2137,18.13,-0.0469,-0.0415,0.0054,36.9,40.8,10.34,0.2454,0.2419,-0.0007,1,0,27.9,73.6,1,low
HA120092,Haryana,12,27.84464,76.75153,311,2.4157,2.8157,0.3999,15.9,-0.2726,-0.2448,0.0278,32.7,51.9,57.09,0.4458,0.5448,0.01981,1,1,8.2,50.3,1,medium
HA120093,Haryana,12,28.14002,77.13139,1999,3.067,4.9604,1.8933,59.78,-0.094,-0.0454,0.0485,76.4,94.4,23.27,0.6623,0.7392,0.01538,1,2,27.6,37.2,1,medium
HA070094,Haryana,7,28.53149,77.03795,1353,2.0628,3.1522,1.0894,50.37,-0.0482,-0.028,0.0202,56.4,70.5,24.51,0.2379,0.2511,0.00264,0,2,11.7,58.4,0,medium
HA060095,Haryana,6,29.40503,74.69059,2535,0.6362,0.8473,0.2111,28.68,-0.2852,-0.2787,0.0065,48.4,53.3,9.73,0.2647,0.2201,-0.00892,0,0,34.8,56.2,1,low
HA040096,Haryana,4,28.54022,74.53893,545,0.7675,0.977,0.2095,24.15,0.1366,0.1442,0.0076,72.8,77.7,6.6,0.4584,0.4602,0.00035,1,0,25.3,71.4,0,low
HA140097,Haryana,14,30.50262,75.09073,367,3.1356,4.978,1.8424,56.94,0.1563,0.2121,0.0557,58.4,82.9,41.15,0.6765,0.8202,0.02874,0,1,24.0,36.2,1,medium
HA150098,Haryana,15,30.26879,76.10057,345,1.8715,3.2723,1.4008,71.05,0.1295,0.1695,0.04,89.4,112.3,25.32,0.6825,0.7138,0.00627,0,0,25.6,36.1,1,medium
HA280099,Haryana,28,30.78448,75.38854,1027,2.3213,3.0752,0.7539,31.13,-0.0355,0.0123,0.0478,125.7,160.7,27.65,0.3585,0.3799,0.00428,1,1,8.7,47.2,1,medium
HA230100,Haryana,23,29.12984,75.33086,1098,1.9086,2.904,0.9953,49.55,0.0518,0.0825,0.0307,86.1,99.6,15.53,0.5487,0.5959,0.00944,0,1,8.2,48.1,0,medium
HA040101,Haryana,4,30.43579,75.0669,1818,2.0517,2.9174,0.8657,40.23,0.1329,0.1752,0.0422,136.9,156.4,14.14,0.4923,0.5599,0.01353,1,2,23.3,54.6,1,medium
HA260102,Haryana,26,30.75204,77.00617,499,0.5259,0.6535,0.1277,20.4,0.1946,0.2055,0.0109,98.7,104.2,5.52,0.6106,0.6152,0.00092,1,0,16.7,66.0,1,low
HA220103,Haryana,22,29.24968,76.7869,3818,3.329,5.1609,1.8319,53.43,-0.0289,0.0248,0.0538,78.7,97.4,23.41,0.4234,0.5134,0.018,1,0,21.1,46.2,1,medium
HA240104,Haryana,24,29.40591,74.8129,562,0.8056,0.9174,0.1119,12.36,0.054,0.0559,0.0019,89.1,89.9,0.89,0.6728,0.6133,-0.0119,1,1,28.5,74.7,1,low
HA100105,Haryana,10,28.89226,76.00542,716,10.4112,15.2289,4.8178,45.83,-0.0238,0.0584,0.0823,123.0,146.1,18.65,0.3743,0.4971,0.02455,1,2,13.1,36.5,0,high
HA270106,Haryana,27,29.40192,76.10181,439,2.3653,3.9829,1.6176,65.61,0.1298,0.1507,0.0208,104.6,109.8,5.01,0.3248,0.393,0.01364,1,2,12.2,33.6,1,medium
HA250107,Haryana,25,28.52364,77.29066,903,3.599,3.9696,0.3705,10.02,-0.0622,-0.0274,0.0348,35.7,61.7,70.84,0.346,0.4295,0.01671,1,0,26.5,47.7,1,medium
HA110108,Haryana,11,28.11695,75.22826,606,0.4189,0.8841,0.4652,89.66,0.1695,0.1707,0.0012,88.0,88.5,0.48,0.32,0.2248,-0.01904,1,2,53.0,87.0,0,low
HA040109,Haryana,4,29.35021,74.96438,542,0.4817,0.5829,0.1012,17.41,0.1676,0.1625,-0.0052,104.0,102.3,-1.65,0.2122,0.2043,-0.00157,0,1,23.2,96.6,0,low
HA110110,Haryana,11,29.60123,76.68389,1232,2.2623,2.671,0.4088,17.3,-0.2689,-0.2156,0.0533,30.5,52.1,68.3,0.4759,0.6026,0.02535,1,2,25.5,61.6,1,medium
HA130111,Haryana,13,27.88965,76.5707,434,2.194,3.8943,1.7003,74.12,-0.2047,-0.1815,0.0231,22.6,36.3,58.31,0.2286,0.368,0.02788,1,2,26.2,69.5,0,medium
HA140112,Haryana,14,29.1504,75.27633,897,1.0502,1.0976,0.0474,4.12,0.0038,0.013,0.0092,143.2,145.7,1.74,0.6043,0.548,-0.01125,0,1,41.3,82.3,1,low
HA160113,Haryana,16,29.31671,75.58909,200,2.9541,3.5949,0.6408,20.98,0.1693,0.2062,0.0369,58.5,72.7,24.01,0.2025,0.3502,0.02953,1,0,20.0,38.8,1,medium
HA270114,Haryana,27,30.19046,77.59714,696,3.2392,4.0901,0.851,25.48,0.085,0.1143,0.0293,138.1,158.8,14.85,0.6184,0.6569,0.0077,1,0,26.8,36.5,1,medium
HA050115,Haryana,5,28.70551,76.03275,838,0.7438,0.8381,0.0943,11.17,-0.1849,-0.1771,0.0078,53.6,57.4,6.91,0.3187,0.2247,-0.0188,1,0,47.5,92.5,1,low
HA260116,Haryana,26,28.39658,77.25324,432,0.602,0.8685,0.2664,37.95,0.1008,0.1115,0.0107,70.3,76.9,9.24,0.2042,0.1067,-0.0195,0,0,33.7,68.9,0,low
HA290117,Haryana,29,30.04769,75.8351,3182,2.8503,3.5532,0.7029,23.82,-0.0552,-0.0432,0.012,95.0,100.0,5.2,0.6506,0.6858,0.00704,1,1,19.9,64.1,1,medium
HA040118,Haryana,4,30.69574,77.43985,200,0.4291,0.4702,0.0411,7.77,-0.2303,-0.2142,0.0161,39.6,50.5,26.94,0.6142,0.5269,-0.01747,1,2,17.4,58.2,1,low
HA010119,Haryana,1,28.83289,75.1288,369,0.9915,1.1149,0.1234,11.31,0.1512,0.1618,0.0106,142.5,145.8,2.31,0.2016,0.2319,0.00607,1,0,36.3,88.1,0,low
HA120120,Haryana,12,28.63947,75.84468,853,1.1841,1.5366,0.3525,27.45,-0.0828,-0.0659,0.0169,120.3,127.4,5.87,0.3075,0.2232,-0.01685,0,0,38.4,90.6,0,low
HA010121,Haryana,1,28.53805,76.79898,2517,0.5595,0.7218,0.1623,24.61,-0.241,-0.2349,0.0062,49.5,53.6,8.13,0.2512,0.1989,-0.01048,0,2,17.5,70.1,0,low
HA280122,Haryana,28,29.70143,75.4929,753,11.9337,21.4619,9.5283,79.18,-0.1293,0.0131,0.1424,61.1,167.8,171.86,0.3477,0.4507,0.02059,1,2,14.8,10.5,1,high
HA210123,Haryana,21,29.12594,76.01411,368,0.686,0.6086,-0.0774,-9.84,-0.0246,-0.0074,0.0172,73.8,85.5,15.54,0.5233,0.5402,0.00337,1,1,29.8,86.6,0,low
HA060124,Haryana,6,28.68562,75.44136,1375,2.9249,4.0111,1.0862,35.91,0.0331,0.0675,0.0344,107.7,122.4,13.47,0.5972,0.6847,0.01751,1,1,10.4,44.9,1,medium
HA010125,Haryana,1,30.13876,76.60799,2134,9.9835,21.0269,11.0434,109.52,-0.2247,-0.0624,0.1623,35.4,115.5,220.08,0.343,0.5771,0.04683,1,2,13.4,36.2,1,high
HA190126,Haryana,19,29.21127,75.36362,342,0.6227,1.12,0.4973,68.8,-0.0655,-0.054,0.0114,106.8,109.9,2.88,0.4958,0.5227,0.00538,1,1,46.8,69.4,0,low
HA050127,Haryana,5,30.74257,74.99364,789,0.9627,0.9247,-0.038,-3.58,0.0343,0.0253,-0.0089,135.0,129.4,-4.08,0.2839,0.3018,0.00358,0,2,18.1,78.6,0,low
HA080128,Haryana,8,27.93245,75.04967,575,0.4929,0.4664,-0.0265,-4.48,0.045,0.0473,0.0023,141.4,142.3,0.63,0.6009,0.5192,-0.01634,0,0,29.8,94.4,1,low
HA200129,Haryana,20,29.89673,76.58023,628,0.5696,0.7149,0.1452,21.69,-0.0535,-0.0505,0.003,118.5,119.5,0.85,0.3137,0.2567,-0.0114,1,0,22.9,85.9,0,low
HA280130,Haryana,28,29.45049,74.98558,688,0.6792,0.7686,0.0894,11.47,0.0221,0.0167,-0.0054,121.3,117.4,-3.22,0.3816,0.3094,-0.01444,0,0,27.6,63.7,1,low
HA280131,Haryana,28,30.54361,77.49811,584,2.3617,4.2322,1.8705,75.99,0.1301,0.1802,0.0501,68.9,100.1,44.68,0.4575,0.6009,0.02868,1,2,8.5,39.4,1,medium
HA130132,Haryana,13,29.77447,76.79446,890,1.1316,1.5234,0.3917,31.81,-0.0895,-0.0921,-0.0027,42.1,40.9,-2.68,0.6569,0.689,0.00641,0,0,39.4,93.4,1,low
HA040133,Haryana,4,30.58628,77.42845,751,2.6676,4.2814,1.6138,58.31,0.0821,0.1384,0.0564,61.2,75.7,23.46,0.4454,0.5333,0.01758,1,2,19.0,57.9,1,medium
HA270134,Haryana,27,27.86497,77.5581,1076,0.8626,0.8704,0.0078,0.81,-0.277,-0.2808,-0.0038,44.6,43.4,-2.66,0.2555,0.2954,0.00798,1,1,21.0,96.1,0,low
HA170135,Haryana,17,28.69803,74.86013,607,0.5088,0.5741,0.0653,10.73,0.0934,0.0867,-0.0068,72.5,70.3,-2.88,0.4329,0.4809,0.0096,1,1,28.3,81.8,0,low
HA020136,Haryana,2,29.76527,75.82203,961,0.831,1.1216,0.2907,31.22,-0.1079,-0.1078,0.0001,75.2,75.2,0.1,0.4895,0.5015,0.0024,0,2,23.4,82.0,0,low
HA210137,Haryana,21,28.42059,76.81379,911,0.753,0.8337,0.0807,9.46,0.0377,0.0568,0.0191,60.8,72.1,18.27,0.3036,0.2768,-0.00535,1,1,18.4,89.1,0,low
HA010138,Haryana,1,30.36562,75.6937,544,0.7085,1.0714,0.3628,44.87,-0.2821,-0.2655,0.0166,32.2,43.6,34.36,0.4792,0.4992,0.004,1,1,49.7,79.3,1,low
HA150139,Haryana,15,30.67331,74.71634,295,0.5698,0.9523,0.3825,57.11,-0.1499,-0.1378,0.0121,70.4,76.3,8.38,0.3197,0.2353,-0.01688,0,2,18.1,96.4,0,low
HA190140,Haryana,19,30.89333,77.23134,1819,10.3791,20.395,10.0159,95.58,0.0555,0.1347,0.0792,113.2,135.8,19.77,0.6975,0.8859,0.03767,1,2,14.5,14.5,1,high
HA170141,Haryana,17,29.67807,75.9927,220,1.1499,1.2187,0.0688,5.5,-0.2657,-0.2528,0.0129,54.8,62.6,13.98,0.2907,0.3344,0.00875,0,1,22.9,77.5,0,low
HA250142,Haryana,25,30.76911,77.5385,3358,2.3237,2.8282,0.5045,20.82,-0.0016,0.0335,0.0351,50.8,70.2,37.44,0.2214,0.2943,0.01458,1,2,20.2,50.8,1,medium
HA080143,Haryana,8,30.19657,77.35823,299,0.8261,0.7982,-0.0279,-3.02,0.0975,0.088,-0.0094,49.2,46.3,-5.89,0.5868,0.5743,-0.00249,1,0,30.8,99.1,0,low
HA060144,Haryana,6,28.88883,74.78489,815,3.7188,5.5707,1.8518,48.49,-0.2542,-0.2358,0.0184,24.4,37.1,49.97,0.5575,0.6487,0.01823,1,2,17.8,42.8,1,medium
HA100145,Haryana,10,28.02174,76.86145,806,2.6361,4.0806,1.4445,52.79,0.0741,0.1134,0.0393,68.8,93.4,35.36,0.327,0.4671,0.02802,0,1,22.6,42.3,1,medium
HA150146,Haryana,15,28.94917,76.6238,234,0.7528,1.1775,0.4247,49.8,0.031,0.0464,0.0153,134.4,141.4,5.17,0.3475,0.2522,-0.01907,1,1,31.3,66.1,1,low
HA020147,Haryana,2,30.12089,77.30653,445,2.8405,4.0086,1.1681,39.72,0.1468,0.1856,0.0388,129.0,148.8,15.24,0.4316,0.4977,0.01323,1,1,9.7,58.3,1,medium
HA190148,Haryana,19,30.59983,75.37963,1158,0.7007,0.8997,0.199,24.85,-0.0695,-0.0651,0.0045,72.0,75.3,4.48,0.241,0.1424,-0.01973,1,1,44.1,77.0,1,low
HA080149,Haryana,8,30.28697,76.20793,654,0.8471,1.3332,0.486,51.32,-0.2269,-0.2307,-0.0038,50.9,48.8,-4.2,0.4883,0.4268,-0.0123,0,0,50.4,59.1,0,low
JH100000,Jharkhand,10,24.72223,86.31439,416,0.6822,1.0418,0.3597,45.98,-0.1852,-0.1832,0.0021,39.0,40.2,3.03,0.4166,0.3882,-0.00567,0,1,45.8,72.7,0,low
JH020001,Jharkhand,2,22.1057,85.77204,1031,2.821,3.607,0.786,26.91,-0.2868,-0.2359,0.0509,36.2,60.6,65.55,0.6851,0.7627,0.01552,1,2,15.4,32.5,0,medium
JH280002,Jharkhand,28,24.44316,85.66825,523,1.0715,1.0591,-0.0123,-1.05,0.1885,0.1978,0.0094,164.9,171.4,3.94,0.6414,0.6006,-0.00816,1,0,28.6,68.0,0,low
JH050003,Jharkhand,5,24.09447,84.49005,483,0.4386,0.72,0.2814,52.24,-0.1994,-0.195,0.0044,55.7,58.4,4.7,0.4564,0.4913,0.00697,0,0,44.5,87.3,0,low
JH080004,Jharkhand,8,22.00592,84.41455,200,0.7885,1.1156,0.3271,36.81,-0.0345,-0.0283,0.0062,37.8,40.5,6.94,0.3516,0.2967,-0.01099,0,0,42.6,67.5,0,low
JH240005,Jharkhand,24,23.21289,85.23538,1148,8.3832,14.9624,6.5792,77.56,-0.1272,-0.0279,0.0993,87.5,127.1,44.66,0.2287,0.3361,0.02148,1,2,6.5,25.8,1,high
JH040006,Jharkhand,4,24.4409,84.14263,1442,3.081,3.6252,0.5442,17.11,-0.2317,-0.1826,0.0491,64.5,77.4,19.65,0.3049,0.3222,0.00345,1,2,12.3,42.7,1,medium
JH210007,Jharkhand,21,23.01368,85.67212,831,0.6655,1.011,0.3455,45.13,-0.2528,-0.236,0.0168,71.2,75.6,6.02,0.5056,0.5186,0.0026,1,0,42.3,78.6,0,low
JH050008,Jharkhand,5,23.14562,86.60962,3073,8.9308,11.8332,2.9024,32.14,0.0637,0.1892,0.1255,124.5,206.8,65.55,0.4152,0.6704,0.05103,1,2,7.7,28.5,1,high
JH200009,Jharkhand,20,24.35176,86.74552,1233,2.6445,3.8156,1.1711,42.67,-0.0202,0.0021,0.0223,74.2,88.9,19.56,0.3625,0.4154,0.01057,1,2,12.3,61.7,1,medium
JH270010,Jharkhand,27,22.71395,87.2152,200,0.6447,0.5482,-0.0965,-12.96,0.1368,0.1313,-0.0055,170.3,166.5,-2.21,0.6765,0.6484,-0.00562,0,1,56.2,96.3,1,low
JH180011,Jharkhand,18,23.474,85.95211,209,0.6387,0.8869,0.2483,33.61,-0.089,-0.0902,-0.0012,60.7,60.1,-0.86,0.4331,0.4145,-0.00373,0,0,36.5,58.0,0,low
JH020012,Jharkhand,2,24.25758,84.28034,358,0.6608,0.8556,0.1948,25.6,-0.1393,-0.128,0.0113,30.9,34.4,10.74,0.4047,0.4428,0.00761,1,2,23.3,58.4,0,low
JH200013,Jharkhand,20,22.19848,86.14416,3389,0.6108,0.6288,0.0181,2.54,-0.2411,-0.2501,-0.009,21.5,18.1,-15.34,0.5604,0.5571,-0.00067,1,0,43.5,86.6,1,low
JH040014,Jharkhand,4,24.28,87.13666,1999,2.8465,3.2871,0.4406,14.95,-0.1444,-0.1255,0.0188,75.3,80.4,6.73,0.3553,0.4196,0.01285,1,2,19.8,51.3,0,medium
JH070015,Jharkhand,7,25.15351,87.35116,213,1.0866,1.2894,0.2028,17.09,-0.0201,-0.0289,-0.0088,48.2,44.2,-8.06,0.2633,0.2291,-0.00683,1,2,56.9,81.6,1,low
JH210016,Jharkhand,21,25.16759,84.48198,595,0.9343,1.2043,0.27,26.1,0.1722,0.1795,0.0073,106.8,111.8,4.66,0.476,0.4815,0.0011,0,1,24.9,93.4,1,low
JH270017,Jharkhand,27,24.12569,86.99893,1195,2.8914,3.3902,0.4988,16.68,0.1713,0.1948,0.0235,141.4,153.2,8.26,0.3581,0.4304,0.01447,1,0,26.7,45.6,1,medium
JH150018,Jharkhand,15,22.53966,86.48928,2103,3.0293,4.5179,1.4887,47.57,0.0281,0.0587,0.0306,151.8,170.7,12.41,0.307,0.4043,0.01947,1,0,12.2,55.3,1,medium
JH230019,Jharkhand,23,23.11229,84.46844,200,0.5897,0.805,0.2153,31.22,0.1673,0.1649,-0.0024,72.3,70.9,-1.81,0.2306,0.139,-0.01831,0,2,33.3,65.8,1,low
JH250020,Jharkhand,25,22.36022,87.43005,1484,2.9308,4.1855,1.2547,41.4,-0.2766,-0.2657,0.0109,59.8,66.7,11.21,0.5376,0.5521,0.00289,1,1,23.6,59.7,0,medium
JH270021,Jharkhand,27,22.35293,85.02338,3070,3.4376,4.0534,0.6158,17.41,-0.0829,-0.0311,0.0519,81.1,96.3,18.61,0.2675,0.4085,0.02819,1,1,19.7,54.2,1,medium
JH290022,Jharkhand,29,24.51285,84.97306,638,1.5673,1.8562,0.2889,17.33,0.1683,0.1603,-0.008,171.1,167.9,-1.83,0.6807,0.6192,-0.0123,0,0,40.4,92.7,1,low
JH100023,Jharkhand,10,23.49189,83.73129,200,0.7177,0.6669,-0.0508,-6.21,0.0368,0.0448,0.008,158.3,162.7,2.74,0.6405,0.5813,-0.01182,0,0,27.2,60.8,1,low
JH130024,Jharkhand,13,23.94602,85.51524,2307,2.813,3.2621,0.4491,15.42,0.1275,0.1866,0.0591,171.8,200.9,16.79,0.5036,0.5124,0.00175,1,1,14.4,66.8,0,medium
JH070025,Jharkhand,7,24.22066,85.24675,369,0.6591,0.798,0.1389,18.3,-0.052,-0.0522,-0.0001,78.9,78.8,-0.12,0.4044,0.3508,-0.01071,1,1,27.6,96.9,0,low
JH270026,Jharkhand,27,24.88854,83.43488,3417,0.6591,0.8492,0.1901,25.04,-0.0723,-0.082,-0.0097,104.2,100.0,-3.99,0.5384,0.5658,0.00549,1,2,25.0,75.1,0,low
JH200027,Jharkhand,20,23.38073,87.02072,531,2.0905,3.0927,1.0021,45.75,0.0844,0.1183,0.0339,120.4,141.7,17.54,0.6404,0.7699,0.0259,1,1,19.3,32.1,1,medium
JH170028,Jharkhand,17,22.75195,85.7529,1442,7.4152,18.2342,10.819,143.96,-0.0009,0.1242,0.1251,72.1,130.6,79.89,0.4037,0.6101,0.04128,0,2,12.8,12.8,1,high
JH280029,Jharkhand,28,23.9377,85.15188,834,2.0972,3.4016,1.3044,59.37,-0.1062,-0.0714,0.0348,39.3,49.0,24.06,0.5924,0.7366,0.02883,1,1,16.2,67.4,1,medium
JH220030,Jharkhand,22,23.60253,86.62706,683,0.8118,1.1346,0.3228,35.4,-0.205,-0.2054,-0.0003,52.2,52.0,-0.32,0.6214,0.5313,-0.018,0,1,46.7,82.8,0,low
JH130031,Jharkhand,13,23.55458,86.21112,639,0.5808,0.8075,0.2267,33.31,0.1726,0.1794,0.0068,98.5,103.0,4.42,0.296,0.2201,-0.01518,1,0,52.3,79.3,1,low
JH070032,Jharkhand,7,23.3723,85.71078,1868,2.1535,3.7428,1.5892,70.52,-0.0225,-0.0019,0.0206,126.2,133.3,5.59,0.5769,0.6409,0.01279,1,2,17.2,33.1,0,medium
JH210033,Jharkhand,21,23.41519,87.14879,514,0.5542,0.7238,0.1695,25.91,0.0431,0.0344,-0.0088,147.0,144.6,-1.58,0.5611,0.5373,-0.00476,1,0,50.2,84.9,0,low
JH170034,Jharkhand,17,24.67842,85.53405,200,0.8685,1.1921,0.3236,33.41,-0.0807,-0.0832,-0.0025,102.7,101.3,-1.39,0.3955,0.3886,-0.00139,0,0,21.4,62.8,0,low
JH190035,Jharkhand,19,24.80996,85.87242,283,0.5107,0.5938,0.083,13.59,0.0545,0.0526,-0.0018,124.9,123.9,-0.83,0.6131,0.6181,0.001,0,0,39.8,95.3,1,low
JH260036,Jharkhand,26,22.15416,84.76842,1438,2.1529,3.4519,1.299,57.66,-0.1066,-0.0862,0.0204,94.7,100.9,6.45,0.5553,0.5629,0.00152,1,2,25.9,60.0,1,medium
JH090037,Jharkhand,9,22.94174,85.41273,857,0.5184,0.6011,0.0827,13.37,-0.2343,-0.2367,-0.0024,74.4,73.1,-1.7,0.4978,0.5408,0.0086,1,1,18.8,87.0,1,low
JH190038,Jharkhand,19,23.96574,85.63453,1074,0.7011,1.1666,0.4655,58.11,-0.0228,-0.0324,-0.0095,113.0,106.8,-5.38,0.639,0.6752,0.00723,0,1,53.1,62.3,0,low
JH290039,Jharkhand,29,22.53926,83.47415,326,1.0901,1.0824,-0.0077,-0.65,-0.0074,-0.0068,0.0006,89.1,89.5,0.41,0.6294,0.605,-0.00488,0,0,21.5,58.9,1,low
JH210040,Jharkhand,21,21.94159,84.69167,851,0.5594,0.87,0.3106,47.09,-0.1034,-0.1058,-0.0024,95.8,94.5,-1.31,0.6876,0.6805,-0.00141,1,1,30.3,71.8,0,low
JH270041,Jharkhand,27,22.36626,85.19856,1130,0.5075,0.8598,0.3522,57.98,-0.2306,-0.2247,0.0059,21.1,25.0,17.95,0.4697,0.5032,0.00669,0,0,57.6,88.7,0,low
JH220042,Jharkhand,22,24.20285,83.40782,506,7.2254,11.2003,3.9749,54.26,0.14,0.2889,0.1489,144.4,216.7,49.72,0.6987,0.8657,0.0334,0,2,10.5,34.1,1,high
JH140043,Jharkhand,14,24.01697,85.92863,645,0.7237,0.8525,0.1288,15.64,-0.1853,-0.1686,0.0167,91.6,99.0,8.0,0.635,0.6611,0.00521,1,0,20.9,75.9,1,low
JH210044,Jharkhand,21,23.13501,86.10969,859,0.5337,0.5262,-0.0075,-1.18,0.0179,0.0258,0.0079,126.5,130.9,3.42,0.3876,0.3204,-0.01343,0,1,55.2,57.5,0,low
JH140045,Jharkhand,14,23.16908,86.27745,1519,3.6619,3.9912,0.3293,8.75,0.1067,0.1326,0.0259,104.7,121.3,15.73,0.687,0.7951,0.02162,1,1,10.4,40.9,1,medium
JH150046,Jharkhand,15,24.81953,87.06684,2158,1.2178,1.3362,0.1184,8.98,-0.0737,-0.0715,0.0022,66.2,67.4,1.7,0.3047,0.3287,0.0048,0,2,27.5,68.5,0,low
JH250047,Jharkhand,25,24.68331,87.24975,1587,2.3086,3.6087,1.3,53.97,-0.1377,-0.0847,0.053,106.2,142.0,33.3,0.4302,0.5307,0.02011,1,2,9.4,58.9,0,medium
JH140048,Jharkhand,14,23.25571,86.34896,363,0.4823,0.44,-0.0423,-7.26,-0.1689,-0.1715,-0.0026,40.9,40.1,-2.09,0.5358,0.5166,-0.00384,1,0,56.5,95.1,0,low
JH180049,Jharkhand,18,23.79739,87.22859,1381,0.5922,0.9795,0.3873,55.96,0.1802,0.1935,0.0133,202.5,208.2,2.78,0.2733,0.2781,0.00095,1,2,25.7,91.3,0,low
JH260050,Jharkhand,26,24.95814,85.54531,906,0.5716,0.7967,0.225,33.51,0.0265,0.0312,0.0047,55.2,57.0,3.25,0.4271,0.4109,-0.00324,1,0,45.5,80.7,1,low
JH210051,Jharkhand,21,22.60581,85.03614,4833,2.5199,3.1099,0.59,22.52,-0.278,-0.257,0.021,57.8,73.0,25.87,0.2151,0.2563,0.00824,1,1,24.6,56.5,1,medium
JH060052,Jharkhand,6,24.7891,85.1063,660,1.2023,1.2175,0.0152,1.17,-0.052,-0.0532,-0.0013,33.7,32.9,-2.35,0.6138,0.5898,-0.0048,1,0,28.2,74.4,1,low
JH230053,Jharkhand,23,22.03716,87.59766,813,3.8299,5.2738,1.4439,36.74,-0.0661,-0.0395,0.0266,46.6,60.8,29.78,0.3002,0.4344,0.02685,0,2,26.5,37.8,1,medium
JH250054,Jharkhand,25,23.3307,83.81506,374,1.4311,1.5632,0.1321,8.63,-0.033,-0.0254,0.0076,95.9,99.3,3.51,0.3511,0.3537,0.0005,0,2,31.9,90.8,0,low
JH230055,Jharkhand,23,22.34133,87.54819,850,2.7789,3.3787,0.5998,20.83,-0.1981,-0.1513,0.0469,38.4,66.0,69.92,0.2289,0.2946,0.01315,0,2,14.9,66.4,1,medium
JH030056,Jharkhand,3,22.37395,84.63098,1147,9.1607,12.4372,3.2764,35.38,-0.0908,0.0715,0.1623,62.9,166.6,162.11,0.5699,0.81,0.04802,1,2,4.0,11.1,1,high
JH140057,Jharkhand,14,24.54067,87.27119,1453,1.8816,1.9896,0.1079,5.45,-0.0739,-0.0678,0.006,88.1,90.9,3.14,0.2008,0.1444,-0.01127,0,0,21.7,77.7,0,low
JH140058,Jharkhand,14,22.28022,83.68265,903,9.8025,20.4818,10.6794,107.85,0.1646,0.2508,0.0862,175.1,197.9,12.98,0.633,0.8306,0.03954,1,1,15.4,35.3,1,high
JH200059,Jharkhand,20,23.27639,85.79376,1553,2.2795,3.8904,1.6109,67.7,-0.0599,-0.0192,0.0407,78.9,104.4,31.91,0.2326,0.3701,0.02749,0,1,17.5,48.5,1,medium
JH240060,Jharkhand,24,25.07038,83.80786,654,0.3828,0.3989,0.0161,3.34,-0.2348,-0.2171,0.0177,54.3,66.4,21.93,0.2189,0.2653,0.00928,0,0,27.6,75.2,1,low
JH210061,Jharkhand,21,24.16089,87.87191,2167,2.6939,3.2536,0.5596,20.03,-0.217,-0.1687,0.0483,44.0,79.5,79.01,0.329,0.3497,0.00414,1,0,26.9,65.9,0,medium
JH260062,Jharkhand,26,22.22749,84.6097,440,2.5521,3.6161,1.0639,40.12,-0.0382,0.0042,0.0424,136.2,167.6,22.92,0.5476,0.6671,0.02388,0,1,22.5,61.9,1,medium
JH040063,Jharkhand,4,25.0561,87.01644,1147,0.6853,0.6825,-0.0028,-0.36,-0.1084,-0.108,0.0004,78.2,78.5,0.35,0.4458,0.4694,0.00473,0,1,48.8,56.2,0,low
JH190064,Jharkhand,19,24.98444,84.10331,200,0.4358,0.7093,0.2735,51.05,-0.0497,-0.0481,0.0016,36.5,37.5,2.71,0.4855,0.3996,-0.01717,1,1,16.5,93.6,0,low
JH190065,Jharkhand,19,23.98196,86.24188,1498,2.805,4.0216,1.2166,41.88,-0.0807,-0.0697,0.011,76.1,83.5,9.67,0.4772,0.6044,0.02545,0,2,20.0,48.7,1,medium
JH010066,Jharkhand,1,24.0629,84.59422,1846,0.4739,0.6798,0.2059,35.88,0.0075,0.0096,0.0021,118.3,119.5,1.01,0.2005,0.1609,-0.00793,1,1,26.0,89.7,1,low
JH090067,Jharkhand,9,24.2062,85.83434,903,3.6803,4.3389,0.6586,17.42,0.1785,0.2344,0.0559,127.4,163.0,27.66,0.2846,0.3994,0.02296,1,0,28.0,58.1,1,medium
JH050068,Jharkhand,5,23.18232,86.8252,200,0.5316,0.7215,0.1898,30.05,0.1584,0.1741,0.0157,106.8,111.0,3.83,0.2035,0.2048,0.00027,1,2,24.6,96.3,0,low
JH170069,Jharkhand,17,22.69898,87.00156,842,0.6904,1.0996,0.4091,51.76,-0.0269,-0.0315,-0.0046,74.8,72.4,-3.22,0.493,0.5298,0.00737,1,0,20.2,75.7,0,low
JH210070,Jharkhand,21,22.6443,83.75064,650,3.2775,5.0356,1.7581,52.05,0.1455,0.2009,0.0554,166.0,185.8,11.83,0.4086,0.457,0.00968,1,2,9.7,58.3,1,medium
JH240071,Jharkhand,24,25.17836,87.22249,852,0.6238,0.7484,0.1246,17.21,-0.2141,-0.2195,-0.0053,61.7,60.4,-2.19,0.3098,0.3302,0.00407,0,0,16.1,94.4,0,low
JH010072,Jharkhand,1,25.12788,85.06136,1759,0.7079,0.6835,-0.0243,-3.01,0.0525,0.0527,0.0003,105.5,105.7,0.11,0.2476,0.2655,0.00359,0,1,41.7,93.3,1,low
JH250073,Jharkhand,25,22.89916,85.04331,4186,7.6447,18.8745,11.2299,145.0,-0.2075,-0.1011,0.1064,72.1,142.4,96.27,0.3308,0.4959,0.03302,1,2,4.7,44.9,1,high
JH220074,Jharkhand,22,24.03542,84.52808,393,0.7292,1.2112,0.4819,58.12,0.034,0.0328,-0.0012,89.3,88.6,-0.73,0.499,0.4422,-0.01137,1,0,53.2,81.7,0,low
JH010075,Jharkhand,1,23.38258,87.63926,645,0.5514,0.4646,-0.0868,-13.32,-0.143,-0.1348,0.0082,50.3,55.6,10.3,0.3981,0.4242,0.00521,1,1,57.5,98.6,0,low
JH040076,Jharkhand,4,21.99751,87.26215,2983,6.5057,15.8815,9.3758,141.93,-0.2548,-0.1819,0.0729,70.4,119.0,68.22,0.4217,0.6297,0.0416,1,2,11.7,13.8,1,high
JH070077,Jharkhand,7,24.65441,85.5346,797,7.1216,16.7109,9.5892,132.78,0.19,0.3672,0.1772,180.7,252.4,39.44,0.5263,0.7585,0.04645,1,2,8.4,32.1,1,high
JH260078,Jharkhand,26,25.08692,85.61415,400,3.3162,4.9835,1.6673,48.81,-0.2054,-0.1704,0.035,82.3,102.9,24.83,0.6936,0.7337,0.00802,1,2,23.6,55.7,0,medium
JH260079,Jharkhand,26,24.42147,83.55045,203,0.9028,1.3804,0.4776,47.63,0.0802,0.0864,0.0063,89.1,92.2,3.41,0.3414,0.3436,0.00044,1,0,29.1,61.9,1,low
JH190080,Jharkhand,19,23.78357,86.15018,1130,2.6306,3.4807,0.8501,31.13,0.0267,0.0597,0.0329,121.9,139.9,14.62,0.6716,0.6973,0.00513,1,1,8.9,65.2,1,medium
JH030081,Jharkhand,3,23.3978,83.94507,10766,0.7152,0.9404,0.2252,27.63,0.1845,0.1868,0.0023,135.4,136.1,0.49,0.6143,0.5413,-0.0146,0,1,27.1,90.0,0,low
JH080082,Jharkhand,8,25.03817,83.58805,1286,0.6898,0.7397,0.0499,6.32,-0.2731,-0.261,0.0121,29.8,35.4,18.46,0.3189,0.3232,0.00085,0,2,45.2,90.7,0,low
JH040083,Jharkhand,4,21.9423,87.63152,641,0.4752,0.944,0.4688,81.51,0.1522,0.1452,-0.007,81.4,76.5,-5.98,0.6871,0.7264,0.00787,1,1,26.1,71.4,0,low
JH270084,Jharkhand,27,22.89876,85.0102,783,1.8934,2.7322,0.8387,42.08,0.1024,0.1338,0.0314,127.5,144.3,13.08,0.6329,0.7705,0.02752,1,2,16.6,59.0,1,medium
JH090085,Jharkhand,9,23.29689,86.21536,473,0.8641,1.1792,0.3152,32.69,0.0022,-0.0026,-0.0048,107.1,103.5,-3.31,0.3216,0.3216,1e-05,0,1,35.9,69.2,0,low
JH110086,Jharkhand,11,23.86786,84.13542,794,3.2942,4.0044,0.7102,20.92,0.135,0.1651,0.0301,167.9,180.0,7.15,0.6164,0.6768,0.01207,1,2,16.8,62.4,1,medium
JH200087,Jharkhand,20,23.78779,85.72452,2041,8.5271,11.3742,2.8471,33.0,0.0555,0.1502,0.0947,136.1,171.6,25.9,0.6598,0.7979,0.02763,1,2,2.1,36.7,0,high
JH010088,Jharkhand,1,24.74747,85.19662,442,0.5991,0.8382,0.2392,34.21,0.1852,0.1857,0.0006,126.5,126.9,0.28,0.2227,0.222,-0.00013,1,2,37.6,89.1,0,low
JH160089,Jharkhand,16,23.85652,84.97375,1079,1.0641,1.4717,0.4076,35.02,-0.2449,-0.2303,0.0145,49.5,54.5,10.01,0.2908,0.2032,-0.01753,0,2,27.6,89.4,1,low
JH260090,Jharkhand,26,23.49826,83.45458,1037,0.6484,0.7711,0.1227,16.39,-0.0269,-0.0122,0.0147,100.1,107.5,7.3,0.5827,0.5089,-0.01476,0,1,19.8,58.0,0,low
JH150091,Jharkhand,15,24.09788,84.82374,466,0.5227,1.0055,0.4828,77.53,0.1434,0.1543,0.0108,134.1,137.4,2.47,0.4695,0.4772,0.00154,0,1,41.0,85.1,1,low
JH060092,Jharkhand,6,25.12907,86.16036,517,2.3062,3.8235,1.5174,63.06,-0.1816,-0.1671,0.0145,29.5,38.5,29.78,0.5601,0.6616,0.0203,1,2,15.0,50.4,1,medium
JH080093,Jharkhand,8,24.88776,84.06406,2669,0.6939,0.8346,0.1407,17.72,0.0093,0.0105,0.0012,41.6,42.2,1.44,0.2013,0.2473,0.00921,0,0,57.7,84.1,0,low
JH210094,Jharkhand,21,24.31261,84.48021,398,0.8149,1.2489,0.4341,47.44,-0.0929,-0.1003,-0.0073,111.6,106.8,-4.27,0.474,0.4995,0.00509,1,1,19.6,63.3,0,low
JH160095,Jharkhand,16,22.16657,84.27649,639,0.6526,0.7031,0.0504,6.7,-0.2355,-0.223,0.0125,48.5,51.6,6.37,0.5785,0.5561,-0.00449,0,1,50.2,65.2,1,low
JH130096,Jharkhand,13,22.01451,87.39166,210,0.4894,0.7076,0.2182,37.03,0.1418,0.1587,0.0169,62.1,70.1,12.7,0.2213,0.2354,0.00281,1,2,55.7,79.6,0,low
JH210097,Jharkhand,21,23.97928,86.32381,1672,2.3333,4.0264,1.6931,69.58,-0.0619,-0.0234,0.0385,119.5,142.3,18.91,0.5357,0.5915,0.01117,0,2,29.7,65.6,1,medium
JH200098,Jharkhand,20,24.79102,86.53337,729,0.6077,0.6779,0.0702,9.91,0.0048,0.0128,0.008,59.9,64.9,8.17,0.6485,0.6715,0.00459,1,0,34.8,64.0,0,low
JH060099,Jharkhand,6,24.70314,83.71314,515,2.747,4.3799,1.6329,57.36,-0.064,-0.0116,0.0524,69.3,83.4,20.2,0.2082,0.343,0.02696,1,0,19.9,39.5,1,medium
JH260100,Jharkhand,26,22.73981,84.73615,2620,8.3142,12.0251,3.7109,44.1,-0.1507,-0.086,0.0648,60.8,89.8,46.88,0.2756,0.4071,0.0263,1,0,2.9,21.3,1,high
JH260101,Jharkhand,26,25.1603,87.41304,552,2.7062,4.4904,1.7842,63.58,0.0173,0.0662,0.049,71.4,89.2,24.56,0.5956,0.6212,0.00511,1,2,11.2,41.4,0,medium
JH270102,Jharkhand,27,24.96848,83.84378,682,2.471,3.8997,1.4287,55.57,-0.0745,-0.019,0.0556,126.6,141.4,11.57,0.2875,0.3864,0.01979,1,1,11.3,65.8,1,medium
JH080103,Jharkhand,8,24.38229,86.40964,390,0.7529,0.7439,-0.009,-1.06,-0.2441,-0.2269,0.0172,66.0,75.8,14.56,0.6081,0.6391,0.00618,0,2,47.2,84.3,1,low
JH080104,Jharkhand,8,24.80632,84.47782,1449,10.3021,17.7622,7.4601,71.72,0.1919,0.3074,0.1155,153.8,221.7,43.89,0.494,0.6773,0.03666,1,1,8.3,11.9,1,high
JH140105,Jharkhand,14,21.97184,86.36191,321,0.4477,0.9166,0.4689,85.61,-0.2905,-0.2708,0.0197,28.5,41.6,44.4,0.5248,0.4397,-0.01701,0,0,43.3,62.6,1,low
JH070106,Jharkhand,7,23.02524,86.77226,2153,0.8255,0.9798,0.1543,16.67,0.131,0.1299,-0.0012,147.8,147.3,-0.35,0.2896,0.3075,0.00359,0,0,31.8,82.9,1,low
JH280107,Jharkhand,28,24.79311,86.54854,248,0.4686,0.9073,0.4388,77.16,-0.2818,-0.2826,-0.0008,63.1,62.9,-0.35,0.4915,0.4995,0.0016,1,0,47.6,61.4,0,low
JH120108,Jharkhand,12,21.97661,84.58378,1799,1.2971,1.3207,0.0236,1.69,-0.2839,-0.2913,-0.0074,64.4,59.1,-8.11,0.2095,0.2316,0.00441,0,0,46.3,62.8,0,low
JH040109,Jharkhand,4,25.17623,87.66195,1225,0.5708,1.0671,0.4963,73.98,-0.1894,-0.1777,0.0117,44.0,47.1,6.8,0.2785,0.1858,-0.01854,0,2,54.4,70.8,0,low
JH100110,Jharkhand,10,22.00077,85.42323,409,2.8908,3.9739,1.0831,36.21,-0.1689,-0.1105,0.0584,51.6,76.9,48.2,0.2783,0.3172,0.00778,0,0,26.3,69.0,1,medium
JH210111,Jharkhand,21,23.78516,86.31993,1277,3.775,4.6137,0.8386,21.64,0.0004,0.0305,0.0301,120.4,131.5,9.14,0.5611,0.6484,0.01746,0,1,17.0,43.6,1,medium
JH290112,Jharkhand,29,24.0244,85.74616,223,0.4478,0.5293,0.0815,14.88,0.0283,0.0233,-0.005,86.8,84.3,-2.81,0.5728,0.5954,0.00451,1,0,40.2,95.8,1,low
JH140113,Jharkhand,14,23.92844,83.90248,1623,6.8227,17.4003,10.5776,152.8,-0.2464,-0.0821,0.1643,59.7,131.4,118.17,0.6724,0.8399,0.03349,1,2,17.9,39.1,1,high
JH010114,Jharkhand,1,24.24488,85.23939,1406,9.8558,16.1191,6.2633,62.91,0.1882,0.3635,0.1753,77.9,151.2,92.79,0.6217,0.7882,0.0333,1,2,12.5,41.0,1,high
JH070115,Jharkhand,7,22.11363,85.91511,333,0.7047,0.8744,0.1697,21.09,-0.1161,-0.121,-0.0049,67.9,65.6,-3.36,0.3615,0.2694,-0.01842,1,0,23.2,92.9,0,low
JH190116,Jharkhand,19,21.90167,83.76989,200,1.0718,1.5517,0.4799,40.96,-0.2165,-0.2211,-0.0045,50.8,47.6,-6.3,0.6811,0.6575,-0.00473,0,2,31.6,87.7,0,low
JH280117,Jharkhand,28,22.26887,86.39309,1108,2.4353,3.071,0.6357,25.07,-0.009,0.0141,0.0231,102.6,112.5,9.64,0.6787,0.7292,0.0101,0,1,13.5,45.6,0,medium
JH210118,Jharkhand,21,22.1556,86.47614,574,0.4218,0.7765,0.3547,67.99,0.1896,0.191,0.0014,177.3,178.4,0.59,0.4056,0.451,0.00908,1,0,35.1,76.2,1,low
JH260119,Jharkhand,26,23.64232,84.27732,342,0.5945,0.9999,0.4054,58.38,0.0729,0.0818,0.0089,106.0,111.6,5.26,0.3031,0.3285,0.00507,1,1,36.8,97.4,0,low
JH250120,Jharkhand,25,25.15467,86.53712,1639,0.4922,0.8446,0.3525,59.53,-0.1936,-0.1783,0.0154,88.9,100.2,12.49,0.3897,0.2966,-0.01861,0,1,47.2,71.8,0,low
JH180121,Jharkhand,18,24.12824,87.68576,288,3.0172,3.7967,0.7795,25.01,-0.0133,0.0123,0.0256,109.3,125.4,14.64,0.6809,0.7914,0.02211,1,1,18.4,31.8,1,medium
JH290122,Jharkhand,29,22.55077,85.88525,649,0.6083,0.946,0.3377,47.67,-0.1979,-0.1989,-0.001,71.1,70.6,-0.76,0.5131,0.5228,0.00193,0,1,34.4,69.8,0,low
JH220123,Jharkhand,22,22.64329,84.52241,1679,1.8819,3.6233,1.7414,87.86,-0.0197,0.0096,0.0292,119.1,139.2,16.7,0.2841,0.3874,0.02068,1,2,29.9,68.5,1,medium
JH270124,Jharkhand,27,23.63169,85.78748,4857,8.8338,13.6021,4.7683,53.37,0.0605,0.2069,0.1465,93.5,192.8,105.06,0.4877,0.7309,0.04864,1,2,16.1,27.9,1,high
JH160125,Jharkhand,16,24.15604,83.78861,967,5.8193,15.1321,9.3129,157.33,-0.1007,-0.0167,0.084,106.5,161.3,51.02,0.4046,0.5871,0.0365,1,2,11.6,11.8,1,high
JH120126,Jharkhand,12,23.97555,85.04365,1807,0.6443,1.0579,0.4137,55.58,0.1854,0.1781,-0.0072,204.9,202.0,-1.4,0.3231,0.29,-0.00661,0,0,33.1,75.9,1,low
JH100127,Jharkhand,10,25.24424,83.7811,1111,3.1562,5.101,1.9448,59.73,0.1825,0.2039,0.0214,100.7,114.6,13.65,0.3501,0.4958,0.02914,0,2,14.3,45.8,0,medium
JH030128,Jharkhand,3,24.61559,86.6543,259,0.9655,1.2739,0.3084,28.94,-0.2146,-0.205,0.0096,67.5,72.1,6.6,0.5525,0.5357,-0.00336,0,2,29.3,59.9,0,low
JH170129,Jharkhand,17,23.0159,84.96266,2003,0.4901,0.8847,0.3946,66.87,-0.0107,-0.0105,0.0003,84.6,84.7,0.17,0.4228,0.4264,0.00071,0,2,26.6,93.1,1,low
JH250130,Jharkhand,25,22.4159,86.21516,3249,2.6161,3.6019,0.9858,36.29,-0.1291,-0.0831,0.046,45.6,73.0,58.95,0.2643,0.3477,0.01669,1,1,15.3,52.7,1,medium
JH230131,Jharkhand,23,23.82886,86.57309,408,2.3548,4.046,1.6912,68.89,-0.2966,-0.2843,0.0123,56.2,59.9,6.49,0.246,0.2864,0.00808,1,2,17.4,35.2,0,medium
JH280132,Jharkhand,28,22.85019,85.67245,205,1.709,1.6206,-0.0884,-4.89,0.0109,0.0176,0.0067,145.5,149.4,2.68,0.3314,0.3165,-0.00298,0,2,20.4,92.7,0,low
JH020133,Jharkhand,2,24.37365,86.00477,602,1.3495,1.7861,0.4367,30.13,0.0074,0.0251,0.0177,62.6,70.6,12.61,0.3309,0.3602,0.00584,1,0,20.2,88.8,1,low
JH190134,Jharkhand,19,22.06505,87.78395,9878,3.262,3.9549,0.6929,20.61,-0.0222,0.013,0.0351,36.6,50.5,36.8,0.5885,0.612,0.0047,0,1,28.5,51.4,0,medium
JH280135,Jharkhand,28,24.81101,84.77118,1028,2.6419,3.9478,1.3059,47.63,0.121,0.1529,0.0319,49.6,70.1,40.47,0.2543,0.398,0.02874,1,2,24.2,31.7,1,medium
JH070136,Jharkhand,7,22.02467,87.8468,200,0.4615,0.6077,0.1462,26.04,-0.0732,-0.0713,0.0019,81.7,83.0,1.58,0.2473,0.1647,-0.01651,1,2,32.1,60.2,0,low
JH220137,Jharkhand,22,24.63324,84.55215,200,0.8249,0.9921,0.1672,18.08,0.1072,0.126,0.0188,155.4,168.5,8.39,0.3751,0.2856,-0.0179,0,0,43.5,89.1,1,low
JH170138,Jharkhand,17,24.34809,86.11498,1308,0.7955,0.8662,0.0707,7.89,0.1968,0.2145,0.0176,154.3,162.4,5.25,0.5119,0.4186,-0.01866,1,0,30.9,94.6,0,low
JH180139,Jharkhand,18,23.41166,84.89727,1025,1.8199,2.2312,0.4113,21.42,0.0563,0.0916,0.0353,131.6,150.8,14.5,0.6585,0.752,0.01871,1,2,27.6,32.8,1,medium
JH120140,Jharkhand,12,23.7884,85.59255,995,0.975,1.2791,0.3042,28.29,0.1126,0.1104,-0.0022,161.5,160.0,-0.93,0.2921,0.2217,-0.01409,0,0,30.1,69.6,1,low
JH290141,Jharkhand,29,24.00279,85.04563,200,0.7579,1.0479,0.29,33.81,-0.2562,-0.2385,0.0177,63.0,69.7,10.41,0.223,0.1713,-0.01034,1,2,34.0,70.8,0,low
JH020142,Jharkhand,2,23.81172,84.832,2088,7.8611,11.3096,3.4484,43.32,0.1689,0.319,0.1501,89.1,192.9,115.1,0.3528,0.6367,0.05678,1,1,9.8,29.9,1,high
JH080143,Jharkhand,8,22.5294,84.10931,292,2.4497,2.8482,0.3985,15.63,-0.0297,-0.0263,0.0034,72.9,74.9,2.73,0.3973,0.2974,-0.01999,0,0,40.7,72.8,0,low
JH070144,Jharkhand,7,22.11432,86.58545,692,2.455,2.4345,-0.0205,-0.8,-0.1346,-0.1167,0.0179,88.0,93.3,6.03,0.6105,0.5325,-0.01561,1,1,44.0,96.5,1,low
JH030145,Jharkhand,3,22.9999,87.14655,254,0.58,0.9079,0.3279,48.21,-0.0136,0.0061,0.0198,72.5,82.3,13.36,0.6315,0.6113,-0.00404,1,1,20.8,61.1,0,low
JH130146,Jharkhand,13,22.25977,84.13904,200,1.4752,1.893,0.4178,26.53,0.0929,0.0946,0.0018,151.1,152.4,0.86,0.6657,0.6031,-0.01252,1,1,15.6,96.9,1,low
JH110147,Jharkhand,11,23.45251,86.28062,1171,0.7404,0.7328,-0.0076,-0.91,-0.0531,-0.0418,0.0113,59.9,63.1,5.15,0.2906,0.249,-0.00832,0,2,20.0,75.3,0,low
JH150148,Jharkhand,15,23.84945,87.7213,687,0.5994,0.9686,0.3692,52.79,0.0793,0.0927,0.0134,47.3,53.3,12.57,0.37,0.3661,-0.00077,1,0,46.7,73.3,0,low
JH080149,Jharkhand,8,22.88567,85.03428,222,1.0366,0.9881,-0.0485,-4.27,-0.006,-0.0001,0.0059,89.3,91.9,2.92,0.5185,0.4922,-0.00526,1,0,18.6,81.8,1,low
HI120000,Himachal Pradesh,12,31.954,78.32791,3027,9.9854,17.2346,7.2492,71.88,-0.1135,-0.0217,0.0918,100.2,164.5,63.51,0.6448,0.808,0.03264,1,2,17.3,39.2,0,high
HI050001,Himachal Pradesh,5,30.50867,76.03792,1259,0.5407,0.7975,0.2568,40.08,-0.215,-0.2058,0.0092,25.2,31.2,22.63,0.5319,0.5135,-0.00368,1,0,44.6,84.2,1,low
HI280002,Himachal Pradesh,28,33.08316,76.59184,1741,0.6789,0.7815,0.1026,13.18,-0.2211,-0.225,-0.0039,51.8,49.5,-4.38,0.6673,0.5803,-0.0174,1,0,40.0,63.3,0,low
HI010003,Himachal Pradesh,1,32.98365,76.197,1009,0.8992,0.8576,-0.0417,-4.17,0.1734,0.1729,-0.0005,109.6,109.3,-0.27,0.2453,0.2833,0.00761,1,0,52.6,70.1,0,low
HI130004,Himachal Pradesh,13,30.98372,78.14538,687,1.1153,1.5746,0.4593,37.79,-0.1866,-0.1775,0.0091,67.0,72.1,7.59,0.2355,0.282,0.0093,0,0,39.1,89.3,0,low
HI010005,Himachal Pradesh,1,31.95486,78.56668,551,0.6545,0.6009,-0.0536,-7.1,0.0287,0.0462,0.0175,125.4,132.5,5.63,0.5841,0.5635,-0.00413,0,0,53.7,60.6,1,low
HI250006,Himachal Pradesh,25,31.40227,76.09459,1547,2.0871,2.543,0.4559,20.84,0.0966,0.1066,0.01,73.8,80.4,8.86,0.5822,0.5158,-0.01328,0,0,23.1,91.1,0,low
HI030007,Himachal Pradesh,3,31.99753,78.23573,470,0.7662,1.0431,0.2769,31.97,-0.0375,-0.0425,-0.0049,132.1,128.9,-2.43,0.5613,0.5077,-0.01072,0,0,21.5,63.2,0,low
HI060008,Himachal Pradesh,6,32.46219,78.55487,1441,3.2705,5.2324,1.962,58.21,0.0439,0.0844,0.0405,68.0,80.8,18.56,0.5557,0.6021,0.00928,1,1,28.8,38.0,0,medium
HI220009,Himachal Pradesh,22,30.98717,78.3747,656,0.4802,0.7392,0.259,44.63,-0.0013,0.0173,0.0186,47.4,58.7,23.49,0.6407,0.6384,-0.00045,0,1,26.5,72.2,1,low
HI140010,Himachal Pradesh,14,32.35996,76.00329,1641,8.3335,13.9497,5.6163,66.6,0.0782,0.2136,0.1354,105.3,199.3,88.43,0.662,0.8635,0.04031,1,2,17.1,10.3,1,high
HI080011,Himachal Pradesh,8,32.26408,75.77384,484,0.994,1.0449,0.051,4.66,0.1503,0.1581,0.0078,68.8,71.7,4.11,0.2018,0.1628,-0.00781,0,1,36.2,88.1,1,low
HI060012,Himachal Pradesh,6,33.02802,78.87057,254,0.9533,1.2104,0.2571,24.41,-0.0683,-0.0741,-0.0058,44.7,41.3,-7.38,0.223,0.1331,-0.01797,0,1,25.7,69.8,0,low
HI060013,Himachal Pradesh,6,30.78335,78.6203,773,3.192,4.0813,0.8893,27.01,-0.1536,-0.1219,0.0318,74.4,93.1,24.84,0.5756,0.6071,0.00629,1,2,17.1,69.0,0,medium
HI160014,Himachal Pradesh,16,31.25887,77.52832,3379,7.4817,16.4052,8.9236,117.7,-0.1432,-0.0156,0.1276,45.3,135.3,194.02,0.3296,0.5871,0.05151,0,2,9.7,18.4,1,high
HI280015,Himachal Pradesh,28,32.66995,78.05851,2221,6.9927,10.6991,3.7064,52.26,0.1414,0.2981,0.1566,127.4,204.2,59.77,0.3375,0.5365,0.03982,1,2,4.7,15.1,1,high
HI220016,Himachal Pradesh,22,32.24057,77.90189,734,0.7069,0.8441,0.1372,17.0,-0.2952,-0.287,0.0082,29.0,32.6,11.92,0.2374,0.2831,0.00915,0,1,26.0,78.5,1,low
HI040017,Himachal Pradesh,4,31.72159,78.98351,536,0.4918,0.7985,0.3067,51.83,-0.082,-0.0778,0.0043,99.0,102.0,2.95,0.382,0.3116,-0.01407,1,1,54.6,89.8,1,low
HI040018,Himachal Pradesh,4,32.65642,78.90464,638,0.9886,1.2682,0.2795,25.68,0.1788,0.1944,0.0156,177.5,181.8,2.44,0.3822,0.3031,-0.01582,0,0,27.6,62.8,0,low
HI150019,Himachal Pradesh,15,30.99381,77.99234,426,1.0379,1.3482,0.3104,27.28,-0.0868,-0.0763,0.0105,83.8,90.5,7.93,0.315,0.3637,0.00974,0,2,24.9,82.1,0,low
HI030020,Himachal Pradesh,3,31.03543,78.08931,514,0.9275,0.9583,0.0308,3.0,0.1341,0.1432,0.0091,75.5,79.3,4.91,0.4592,0.4606,0.00028,0,0,37.8,83.8,0,low
HI050021,Himachal Pradesh,5,32.34845,78.58136,376,0.8828,1.0998,0.217,22.08,0.0938,0.0845,-0.0094,83.9,78.3,-6.63,0.3355,0.2357,-0.01994,1,0,36.0,56.9,1,low
HI250022,Himachal Pradesh,25,32.20833,76.43514,2003,5.9363,16.5916,10.6553,176.52,0.1021,0.1936,0.0915,125.4,167.9,33.59,0.5084,0.7102,0.04036,1,2,13.5,30.4,1,high
HI230023,Himachal Pradesh,23,31.21532,76.69345,596,0.8885,1.1737,0.2852,28.85,0.1868,0.1954,0.0086,170.6,173.7,1.8,0.5479,0.5366,-0.00224,1,1,41.9,72.8,1,low
HI110024,Himachal Pradesh,11,32.85266,75.85558,2300,1.0763,1.3591,0.2828,24.05,0.1403,0.1418,0.0015,158.3,158.7,0.24,0.5813,0.52,-0.01227,1,0,31.0,59.4,0,low
HI050025,Himachal Pradesh,5,30.46161,78.04563,645,0.5209,0.4295,-0.0914,-14.72,-0.2968,-0.3042,-0.0074,41.5,36.2,-12.51,0.2953,0.2034,-0.01838,1,1,17.5,67.9,1,low
HI210026,Himachal Pradesh,21,32.68887,76.81158,617,0.9388,1.2205,0.2817,27.11,-0.1119,-0.1001,0.0118,73.8,81.2,9.93,0.5759,0.6006,0.00493,1,0,42.1,85.9,0,low
HI040027,Himachal Pradesh,4,32.03653,76.71775,1615,2.6603,4.3233,1.6631,60.25,-0.1573,-0.099,0.0583,88.5,117.8,32.8,0.4778,0.5118,0.00679,1,1,24.3,68.8,0,medium
HI200028,Himachal Pradesh,20,32.07278,78.42539,482,0.8087,1.0153,0.2066,22.73,-0.0215,-0.0277,-0.0062,44.2,41.3,-6.27,0.4486,0.4919,0.00866,1,0,16.4,84.7,0,low
HI190029,Himachal Pradesh,19,30.56201,78.15255,1478,0.6034,0.5908,-0.0126,-1.79,-0.1162,-0.1086,0.0076,113.2,118.7,4.81,0.5823,0.6063,0.0048,1,0,25.7,72.5,0,low
HI290030,Himachal Pradesh,29,30.7173,77.85436,781,0.7711,0.9316,0.1605,18.43,-0.2841,-0.2663,0.0179,19.4,27.3,38.6,0.5526,0.4878,-0.01296,0,0,59.9,58.7,0,low
HI160031,Himachal Pradesh,16,32.83478,75.81722,1493,1.0703,1.4242,0.3539,30.24,-0.2355,-0.2371,-0.0015,45.4,44.8,-1.39,0.22,0.2178,-0.00044,1,0,43.3,82.7,0,low
HI290032,Himachal Pradesh,29,31.08991,76.14015,1433,0.6685,0.6101,-0.0584,-7.6,-0.2068,-0.1888,0.0181,70.7,82.2,16.09,0.5112,0.5195,0.00165,1,1,19.3,70.8,0,low
HI010033,Himachal Pradesh,1,32.15015,77.41659,652,1.3329,1.6237,0.2907,20.29,-0.2119,-0.2114,0.0005,51.3,51.6,0.48,0.4652,0.4117,-0.01069,1,1,21.1,90.4,0,low
HI260034,Himachal Pradesh,26,31.58367,78.79292,1451,10.3803,18.9652,8.585,81.92,-0.1144,0.0292,0.1436,54.9,98.6,78.14,0.5127,0.7024,0.03794,0,2,8.4,32.1,1,high
HI140035,Himachal Pradesh,14,30.69146,75.63183,952,0.9431,1.0071,0.064,6.13,0.0588,0.0671,0.0083,126.5,131.2,3.65,0.4127,0.4187,0.00119,0,2,15.3,97.0,0,low
HI150036,Himachal Pradesh,15,30.63688,75.9141,3781,0.8391,1.1102,0.2711,28.86,-0.089,-0.0897,-0.0007,64.7,64.3,-0.49,0.5025,0.5183,0.00315,1,1,51.9,58.3,1,low
HI190037,Himachal Pradesh,19,31.69658,75.84202,226,1.3656,1.6675,0.3019,20.6,-0.0228,-0.027,-0.0043,40.0,38.3,-4.19,0.6114,0.6278,0.00327,1,1,56.2,72.8,0,low
HI220038,Himachal Pradesh,22,31.26819,76.30155,854,3.2679,4.739,1.4711,43.68,0.0924,0.1189,0.0265,120.2,127.2,5.74,0.2851,0.414,0.02578,1,2,17.9,59.4,1,medium
HI130039,Himachal Pradesh,13,32.29947,78.25485,754,2.6798,4.4387,1.7588,63.27,0.1282,0.1423,0.014,171.6,177.4,3.36,0.4888,0.6023,0.0227,0,2,13.6,54.6,1,medium
HI110040,Himachal Pradesh,11,32.01578,77.17631,449,0.822,1.302,0.48,52.06,-0.1866,-0.1667,0.0199,42.1,48.3,14.41,0.5147,0.4763,-0.00768,1,0,47.8,95.7,0,low
HI190041,Himachal Pradesh,19,33.08676,78.26452,531,0.7995,0.9051,0.1056,11.74,-0.2814,-0.2737,0.0077,65.5,67.6,3.04,0.5473,0.5886,0.00824,0,0,41.1,96.6,0,low
HI160042,Himachal Pradesh,16,32.37191,76.39607,1028,0.585,0.9928,0.4079,59.55,-0.0393,-0.0386,0.0006,128.3,128.5,0.17,0.2377,0.2853,0.00953,0,2,51.0,92.6,1,low
HI220043,Himachal Pradesh,22,32.82564,78.03481,2057,3.4102,5.3251,1.9149,54.55,-0.2952,-0.25,0.0452,52.3,70.6,34.36,0.6654,0.7958,0.02609,1,2,10.5,68.8,0,medium
HI080044,Himachal Pradesh,8,31.38329,76.93565,2000,0.8609,0.7726,-0.0883,-9.19,-0.2817,-0.2836,-0.0019,62.3,61.1,-1.88,0.6416,0.6167,-0.00497,0,0,53.7,73.6,0,low
HI280045,Himachal Pradesh,28,32.00615,76.27147,3178,2.2672,3.6597,1.3925,58.82,-0.2781,-0.2658,0.0123,35.9,40.9,13.64,0.668,0.8005,0.02651,1,0,19.3,58.5,1,medium
HI190046,Himachal Pradesh,19,31.78168,77.82736,1591,2.5372,3.7801,1.2428,47.13,0.0353,0.0558,0.0205,48.8,55.2,12.9,0.3471,0.388,0.00817,1,0,10.5,30.3,1,medium
HI080047,Himachal Pradesh,8,31.09031,76.29214,756,2.8851,4.4373,1.5522,52.0,-0.2147,-0.1793,0.0354,63.8,85.2,32.91,0.4359,0.553,0.02342,1,2,16.7,49.0,1,medium
HI180048,Himachal Pradesh,18,31.51807,76.80717,1499,2.4753,4.2096,1.7343,67.35,0.0676,0.0933,0.0257,146.2,162.0,10.76,0.34,0.3873,0.00945,0,1,10.6,57.6,1,medium
HI150049,Himachal Pradesh,15,32.50215,76.17361,1572,1.8637,1.8229,-0.0409,-2.08,0.1876,0.1959,0.0083,102.2,106.9,4.53,0.3499,0.3143,-0.00712,1,0,17.7,78.1,0,low
HI070050,Himachal Pradesh,7,32.9899,75.81199,200,0.6457,0.9977,0.352,47.21,-0.0415,-0.0283,0.0131,84.3,92.7,9.83,0.6988,0.6778,-0.00421,1,0,41.5,95.0,0,low
HI170051,Himachal Pradesh,17,31.36083,76.66308,828,0.7063,0.8566,0.1503,18.64,-0.2949,-0.2837,0.0112,38.9,43.4,11.31,0.5902,0.5303,-0.01199,0,0,15.3,75.0,0,low
HI030052,Himachal Pradesh,3,33.01505,78.60342,484,0.8438,0.979,0.1352,14.33,0.0693,0.0624,-0.0069,72.2,68.8,-4.67,0.6026,0.6031,0.0001,0,2,19.2,59.1,1,low
HI140053,Himachal Pradesh,14,30.78736,78.77045,1101,0.6685,0.7989,0.1305,16.98,-0.1842,-0.1864,-0.0022,92.4,91.3,-1.24,0.2035,0.1809,-0.00451,1,1,39.7,96.3,0,low
HI100054,Himachal Pradesh,10,32.00742,77.30691,448,0.6098,0.9086,0.2988,42.09,-0.2338,-0.2241,0.0097,54.5,58.5,7.08,0.5351,0.5106,-0.00491,0,1,31.2,59.0,1,low
HI190055,Himachal Pradesh,19,31.9978,78.59143,6207,3.184,3.7909,0.607,18.48,0.0936,0.137,0.0435,68.3,79.7,16.31,0.2825,0.3709,0.01767,1,2,9.9,44.3,0,medium
HI250056,Himachal Pradesh,25,31.84747,78.24999,456,1.8008,3.5337,1.7329,91.17,-0.1541,-0.1293,0.0247,35.5,44.9,25.79,0.4262,0.5559,0.02594,1,1,27.3,33.0,1,medium
HI150057,Himachal Pradesh,15,30.77725,78.05127,720,2.7316,4.1825,1.4509,51.24,-0.0197,-0.006,0.0137,109.8,114.7,4.37,0.291,0.2961,0.00103,1,0,25.0,67.7,1,medium
HI200058,Himachal Pradesh,20,31.96307,75.8098,200,0.8423,0.8046,-0.0377,-4.0,0.1868,0.1957,0.0089,88.0,93.8,6.49,0.3698,0.3947,0.00499,1,1,56.2,66.3,0,low
HI080059,Himachal Pradesh,8,31.36182,77.56836,200,0.7393,0.8356,0.0963,11.47,0.0289,0.0462,0.0174,51.7,59.9,15.47,0.5815,0.4945,-0.01739,0,1,25.0,79.7,0,low
HI100060,Himachal Pradesh,10,31.79689,77.88915,200,1.3626,1.6889,0.3262,22.31,0.184,0.1913,0.0073,97.0,100.2,3.23,0.3805,0.3381,-0.00847,0,0,18.3,59.0,1,low
HI020061,Himachal Pradesh,2,31.38136,77.81496,626,3.409,4.9639,1.5549,44.31,0.1664,0.206,0.0396,53.1,67.7,27.0,0.4899,0.4917,0.00036,1,0,16.2,64.0,1,medium
HI050062,Himachal Pradesh,5,30.43123,77.50567,434,0.3828,0.3688,-0.014,-2.9,0.0108,0.0089,-0.0019,40.1,39.3,-1.91,0.3088,0.3487,0.00798,0,2,59.0,76.7,1,low
HI010063,Himachal Pradesh,1,30.78595,76.77895,1691,3.9003,5.8063,1.9061,47.65,0.0947,0.108,0.0133,84.1,88.6,5.22,0.6357,0.6859,0.01006,1,0,15.0,31.6,0,medium
HI230064,Himachal Pradesh,23,31.24597,75.75137,467,3.2696,5.1316,1.862,55.26,-0.1047,-0.0936,0.0111,108.9,113.0,3.75,0.6944,0.7376,0.00865,1,2,14.8,47.1,1,medium
HI250065,Himachal Pradesh,25,32.80837,76.29592,200,0.5806,0.5914,0.0108,1.58,0.0517,0.0644,0.0127,155.7,164.7,5.76,0.6953,0.7297,0.00689,0,1,24.4,72.0,1,low
HI050066,Himachal Pradesh,5,32.57331,76.73314,359,0.9077,1.0344,0.1267,12.57,-0.2338,-0.2211,0.0127,25.6,34.6,33.78,0.501,0.5145,0.00269,1,1,15.6,56.9,0,low
HI150067,Himachal Pradesh,15,33.06474,78.33859,343,0.9549,1.1489,0.194,18.4,-0.1837,-0.1679,0.0158,91.4,96.4,5.42,0.4131,0.4577,0.00892,1,2,25.5,74.4,0,low
HI250068,Himachal Pradesh,25,30.6839,78.31739,1852,0.5775,0.6609,0.0833,12.3,0.1006,0.1163,0.0157,81.3,86.5,6.38,0.5817,0.6236,0.00838,0,0,38.6,66.3,0,low
HI290069,Himachal Pradesh,29,32.08353,77.92013,1948,9.6558,20.8123,11.1566,114.36,-0.1542,0.0021,0.1563,74.7,137.5,83.0,0.5796,0.7221,0.02851,1,0,3.7,20.8,1,high
HI160070,Himachal Pradesh,16,30.91969,78.31511,876,2.8923,4.4331,1.5408,51.49,-0.0109,0.0174,0.0283,54.9,73.4,32.99,0.4797,0.6149,0.02705,1,2,18.1,64.2,1,medium
HI200071,Himachal Pradesh,20,32.69513,78.77248,1285,3.2765,5.1969,1.9204,56.88,0.0486,0.0779,0.0293,71.2,89.4,25.07,0.3725,0.5139,0.02828,0,2,21.5,42.7,1,medium
HI130072,Himachal Pradesh,13,32.71677,78.12985,1193,0.7171,0.6514,-0.0657,-8.04,-0.2851,-0.2868,-0.0017,35.9,35.4,-1.36,0.6305,0.6242,-0.00127,1,1,50.7,84.1,0,low
HI160073,Himachal Pradesh,16,31.69541,76.31606,611,0.6516,0.6471,-0.0045,-0.6,0.0449,0.0498,0.0048,130.6,133.4,2.15,0.2487,0.1545,-0.01883,1,0,45.9,74.7,0,low
HI070074,Himachal Pradesh,7,32.17643,75.88499,2347,9.244,20.042,10.798,115.56,0.0112,0.1455,0.1343,115.9,206.2,77.17,0.3153,0.5362,0.04419,1,1,6.2,37.9,1,high
HI140075,Himachal Pradesh,14,31.9657,76.40115,1416,3.7438,4.563,0.8192,21.31,-0.2094,-0.1802,0.0291,83.1,98.6,18.46,0.6618,0.7783,0.0233,1,1,15.1,56.5,0,medium
HI280076,Himachal Pradesh,28,31.15312,76.04204,872,0.8955,0.8099,-0.0856,-8.59,-0.0302,-0.024,0.0062,103.0,104.7,1.67,0.5168,0.4508,-0.0132,0,2,29.9,56.0,1,low
HI110077,Himachal Pradesh,11,32.6616,75.71373,249,0.4918,0.5052,0.0134,2.27,-0.0969,-0.0799,0.017,107.8,119.4,10.63,0.4623,0.3906,-0.01433,0,0,38.9,56.1,0,low
HI170078,Himachal Pradesh,17,30.97232,76.70594,1322,2.6536,3.0811,0.4275,15.53,-0.2198,-0.1957,0.0241,26.8,38.5,42.12,0.4362,0.5158,0.01592,1,2,18.6,69.0,1,medium
HI010079,Himachal Pradesh,1,31.33463,77.10127,931,0.7298,1.083,0.3532,42.57,-0.2638,-0.2618,0.002,20.4,21.8,6.15,0.2616,0.1619,-0.01995,1,2,36.7,94.5,1,low
HI130080,Himachal Pradesh,13,30.50195,78.57673,646,0.4366,0.6973,0.2607,48.58,0.0174,0.0215,0.004,103.5,104.8,1.2,0.6893,0.6434,-0.00918,1,1,24.8,80.2,0,low
HI030081,Himachal Pradesh,3,31.5836,78.71065,3125,9.103,15.4628,6.3598,69.11,-0.2343,-0.0833,0.151,47.0,155.0,225.15,0.4612,0.6498,0.03772,1,2,10.9,23.9,1,high
HI010082,Himachal Pradesh,1,32.85,77.65914,311,0.6692,0.7332,0.064,8.33,-0.0006,0.0091,0.0097,78.5,81.3,3.49,0.6283,0.5366,-0.01834,0,0,52.1,91.8,0,low
HI260083,Himachal Pradesh,26,32.96081,76.09266,1264,0.7098,0.6598,-0.05,-6.18,0.1969,0.191,-0.006,112.3,109.0,-2.92,0.4461,0.4118,-0.00687,0,0,43.8,73.8,1,low
HI080084,Himachal Pradesh,8,30.72842,77.60564,614,2.6677,3.6279,0.9601,34.69,0.0045,0.016,0.0115,114.6,122.6,6.9,0.2054,0.2869,0.0163,1,2,10.5,68.5,1,medium
HI140085,Himachal Pradesh,14,33.08355,76.47559,695,0.9514,0.9894,0.0381,3.62,0.0643,0.0577,-0.0066,124.0,120.1,-3.12,0.4572,0.4621,0.00098,1,1,49.5,94.3,0,low
HI130086,Himachal Pradesh,13,30.81998,76.91492,1084,9.4373,21.0279,11.5906,121.53,0.0484,0.178,0.1296,136.5,181.9,33.09,0.6112,0.7725,0.03225,1,0,14.9,36.6,1,high
HI120087,Himachal Pradesh,12,32.68148,77.30575,1321,0.6496,1.104,0.4544,60.62,0.044,0.0625,0.0185,147.1,158.2,7.5,0.2285,0.1402,-0.01766,1,0,38.6,93.5,0,low
HI190088,Himachal Pradesh,19,30.98984,76.45125,432,0.7449,0.9044,0.1594,18.87,0.1045,0.1208,0.0163,121.2,128.7,6.16,0.6054,0.5878,-0.00352,0,1,18.1,97.5,0,low
HI180089,Himachal Pradesh,18,31.39498,77.57931,1948,7.1785,15.3611,8.1827,112.42,-0.1232,0.0501,0.1733,42.0,130.6,205.96,0.4963,0.631,0.02693,1,0,5.9,20.4,1,high
HI290090,Himachal Pradesh,29,31.04159,75.74116,474,0.9245,1.2364,0.312,30.45,0.0091,0.0075,-0.0016,66.2,65.6,-0.87,0.3639,0.3943,0.00608,0,2,55.5,89.3,1,low
HI260091,Himachal Pradesh,26,31.34344,78.84522,2105,0.5699,0.7789,0.209,31.2,-0.1395,-0.1467,-0.0073,100.9,98.5,-2.31,0.3786,0.4186,0.00799,0,2,21.3,96.2,0,low
HI010092,Himachal Pradesh,1,30.49205,77.09135,473,0.8931,1.3764,0.4833,48.66,-0.2127,-0.2158,-0.0031,33.2,32.1,-3.17,0.243,0.2539,0.00216,1,0,38.1,80.0,1,low
HI100093,Himachal Pradesh,10,30.49117,78.02421,422,1.0133,1.496,0.4827,43.36,0.049,0.0686,0.0196,57.7,70.6,22.0,0.3608,0.3726,0.00235,0,2,42.6,98.9,1,low
HI090094,Himachal Pradesh,9,32.50703,76.24991,2257,2.6436,3.9077,1.2641,46.08,0.1994,0.2134,0.014,131.6,135.2,2.75,0.4168,0.5653,0.02971,1,2,15.0,34.5,1,medium
HI020095,Himachal Pradesh,2,32.54743,76.17879,952,1.0421,1.0452,0.0031,0.27,-0.1886,-0.1946,-0.006,53.2,51.3,-3.44,0.586,0.6205,0.00689,1,0,20.9,66.9,0,low
HI210096,Himachal Pradesh,21,31.04194,76.62221,2994,0.6452,0.8644,0.2193,29.42,-0.2588,-0.2458,0.013,32.1,40.8,26.15,0.3176,0.3479,0.00606,1,0,44.1,59.1,0,low
HI040097,Himachal Pradesh,4,31.59588,78.33152,3954,3.2019,5.0787,1.8768,56.84,0.0644,0.0859,0.0214,72.0,79.9,10.9,0.4384,0.4778,0.00788,1,1,29.3,58.7,0,medium
HI060098,Himachal Pradesh,6,30.68102,77.19463,973,0.8771,1.1002,0.2231,22.83,0.0748,0.0703,-0.0045,84.2,81.3,-3.47,0.363,0.3139,-0.00983,0,1,26.4,71.4,1,low
HI010099,Himachal Pradesh,1,31.83105,77.37728,1843,0.5524,0.5109,-0.0415,-6.36,0.0779,0.0797,0.0018,144.1,145.4,0.83,0.6586,0.6928,0.00684,1,1,58.9,88.2,0,low
UT260000,Uttarakhand,26,29.71936,79.65064,837,2.7889,3.4625,0.6736,23.32,0.1496,0.203,0.0534,182.5,201.9,10.56,0.4488,0.4838,0.007,1,2,15.0,42.7,1,medium
UT170001,Uttarakhand,17,30.03497,77.71681,1306,7.4375,16.5365,9.099,120.72,-0.0905,0.031,0.1214,96.1,173.3,79.46,0.3259,0.5667,0.04816,1,2,6.4,20.5,1,high
UT120002,Uttarakhand,12,30.00019,79.85614,556,2.5189,3.5231,1.0042,38.34,-0.1916,-0.1436,0.0479,80.8,109.2,34.67,0.2088,0.2375,0.00574,1,2,16.1,57.1,1,medium
UT230003,Uttarakhand,23,30.48619,79.3962,613,2.7639,3.2642,0.5003,17.47,-0.2995,-0.2433,0.0562,22.0,58.8,160.39,0.5587,0.5653,0.00131,1,0,15.0,45.2,1,medium
UT130004,Uttarakhand,13,29.55483,78.69929,782,10.5198,16.8921,6.3723,60.0,0.0157,0.1782,0.1625,125.8,209.0,65.59,0.2636,0.4954,0.04636,1,2,8.1,36.3,1,high
UT280005,Uttarakhand,28,29.07528,77.78223,222,0.6157,0.802,0.1863,26.03,0.118,0.1198,0.0017,61.2,61.8,1.05,0.4329,0.4794,0.0093,1,0,42.6,59.8,1,low
UT230006,Uttarakhand,23,31.44691,79.69602,991,3.6149,4.9257,1.3108,35.28,-0.1471,-0.1267,0.0204,86.3,95.4,10.43,0.2388,0.3523,0.0227,1,2,19.9,34.2,1,medium
UT200007,Uttarakhand,20,30.77649,79.08949,3375,2.1417,3.7046,1.5629,69.72,-0.288,-0.2282,0.0598,27.0,59.0,114.12,0.4864,0.5369,0.0101,1,1,9.3,47.9,0,medium
UT120008,Uttarakhand,12,30.0902,79.67852,653,0.4655,0.8712,0.4057,71.75,0.176,0.1883,0.0123,201.2,205.4,2.09,0.533,0.551,0.0036,1,0,51.7,73.6,0,low
UT030009,Uttarakhand,3,28.97419,78.41173,871,2.5915,2.9542,0.3627,13.47,-0.1162,-0.0977,0.0185,99.5,105.6,6.0,0.4479,0.4625,0.00292,1,1,29.4,31.1,0,medium
UT280010,Uttarakhand,28,29.67394,78.94618,3608,0.6192,0.7108,0.0916,12.74,-0.1727,-0.1802,-0.0075,54.0,48.5,-10.07,0.2879,0.333,0.00901,0,2,15.6,77.4,0,low
UT120011,Uttarakhand,12,29.26169,77.70404,439,2.8849,3.5525,0.6676,22.37,-0.1161,-0.1015,0.0146,93.0,99.9,7.4,0.4179,0.5392,0.02425,1,1,24.3,69.4,0,medium
UT160012,Uttarakhand,16,29.89574,78.19735,703,0.8003,0.8,-0.0003,-0.03,0.0941,0.1101,0.016,121.7,133.1,9.3,0.3204,0.3117,-0.00174,1,2,58.1,56.0,0,low
UT050013,Uttarakhand,5,30.96233,78.93588,467,0.715,1.0137,0.2987,36.64,-0.1125,-0.1115,0.001,33.8,34.2,1.34,0.2185,0.259,0.00809,0,2,56.3,66.8,0,low
UT120014,Uttarakhand,12,29.38436,80.74493,666,1.2925,1.7193,0.4268,30.65,-0.032,-0.0314,0.0006,114.2,114.5,0.21,0.4444,0.4804,0.00721,0,1,24.5,96.7,1,low
UT040015,Uttarakhand,4,31.13822,79.98554,419,4.3523,4.8421,0.4898,11.0,0.1424,0.1718,0.0294,125.4,147.4,17.37,0.3165,0.3395,0.0046,0,0,10.1,68.7,1,medium
UT250016,Uttarakhand,25,29.99838,78.93393,3778,7.9625,19.5905,11.6279,144.22,0.07,0.1739,0.1039,53.1,117.1,118.38,0.2165,0.3541,0.02752,1,2,13.9,41.0,1,high
UT110017,Uttarakhand,11,29.5702,79.70136,702,1.6064,1.6605,0.0541,3.17,-0.0333,-0.0203,0.013,77.0,82.9,7.55,0.3632,0.2993,-0.01279,1,1,26.1,82.9,0,low
UT190018,Uttarakhand,19,29.40462,79.10474,1112,6.4158,9.3465,2.9307,44.98,0.0542,0.1098,0.0556,94.0,111.9,18.77,0.4005,0.6194,0.04378,1,2,6.8,22.8,1,high
UT140019,Uttarakhand,14,29.67496,80.33397,3304,3.032,4.1608,1.1288,36.04,0.1567,0.2028,0.0461,93.4,121.9,30.19,0.4775,0.4914,0.00277,1,2,18.3,38.5,0,medium
UT280020,Uttarakhand,28,30.03462,80.35989,1048,6.09,8.5422,2.4522,39.62,-0.1534,-0.1002,0.0532,33.6,49.9,47.25,0.5871,0.8779,0.05817,1,1,2.9,10.0,1,high
UT020021,Uttarakhand,2,28.78079,80.7485,1661,0.6729,1.1471,0.4742,61.36,-0.0219,-0.0258,-0.0039,62.2,60.1,-3.38,0.3349,0.3713,0.00727,1,2,48.8,93.0,0,low
UT080022,Uttarakhand,8,30.55495,78.76443,2858,0.7256,0.9646,0.239,28.95,0.199,0.2102,0.0113,208.8,214.6,2.76,0.5264,0.5384,0.00241,1,0,33.3,69.4,1,low
UT250023,Uttarakhand,25,30.10194,77.73198,2972,1.1086,1.3088,0.2003,16.57,0.1481,0.1488,0.0007,129.6,129.9,0.19,0.5107,0.4399,-0.01417,1,1,25.4,78.1,0,low
UT260024,Uttarakhand,26,29.86606,79.5506,1580,3.1174,3.8188,0.7013,21.8,-0.2579,-0.246,0.0119,58.3,65.3,11.81,0.435,0.5067,0.01434,1,2,14.0,67.9,1,medium
UT140025,Uttarakhand,14,30.75531,78.53025,268,1.0083,1.4298,0.4215,38.03,-0.0051,0.0028,0.0078,85.3,89.7,5.07,0.3578,0.365,0.00144,1,2,37.6,69.3,0,low
UT050026,Uttarakhand,5,30.74198,77.63084,1482,2.9006,4.3164,1.4158,47.18,-0.2024,-0.163,0.0395,53.4,69.9,30.35,0.2385,0.3092,0.01414,1,2,13.0,54.8,1,medium
UT080027,Uttarakhand,8,29.87082,79.97889,1704,9.4044,16.4842,7.0797,74.49,0.1347,0.2975,0.1628,64.1,128.0,98.09,0.5737,0.7061,0.02647,1,2,6.2,33.2,1,high
UT210028,Uttarakhand,21,29.24724,78.38597,672,0.9503,1.1185,0.1682,16.01,0.1822,0.1778,-0.0044,62.0,60.8,-1.97,0.5504,0.5996,0.00985,0,0,44.8,82.6,1,low
UT060029,Uttarakhand,6,29.86242,80.64314,434,0.5577,0.5107,-0.047,-7.15,-0.1587,-0.1398,0.0189,102.3,112.5,9.88,0.4395,0.477,0.00749,1,0,16.3,91.1,0,low
UT030030,Uttarakhand,3,30.43047,78.65887,1759,3.2284,5.0388,1.8104,54.39,0.0638,0.1037,0.0399,48.9,74.9,52.26,0.5013,0.5195,0.00364,1,2,9.4,63.9,1,medium
UT030031,Uttarakhand,3,29.77711,80.20725,2150,3.1666,4.6176,1.451,44.42,0.0211,0.0438,0.0227,147.4,154.3,4.64,0.2016,0.2362,0.00694,0,1,8.4,60.1,1,medium
UT200032,Uttarakhand,20,30.56002,78.79032,431,2.7749,3.4986,0.7238,25.18,0.0532,0.0827,0.0294,61.8,80.3,29.44,0.5304,0.6335,0.02062,0,0,24.6,68.9,1,medium
UT130033,Uttarakhand,13,30.7021,79.53098,1060,2.4404,3.3247,0.8843,34.81,0.1888,0.2032,0.0144,138.7,146.6,5.66,0.4543,0.5146,0.01206,1,0,8.6,30.3,1,medium
UT250034,Uttarakhand,25,29.25623,80.07803,720,2.5975,3.6986,1.1011,40.82,-0.021,-0.0105,0.0105,131.7,135.4,2.79,0.3189,0.4264,0.02151,1,1,12.1,65.4,1,medium
UT030035,Uttarakhand,3,29.57439,79.09698,2418,8.934,18.4224,9.4884,105.03,0.1364,0.261,0.1246,112.8,194.7,71.88,0.2546,0.3924,0.02757,1,2,9.8,43.7,1,high
UT070036,Uttarakhand,7,28.87176,77.86531,704,0.4617,0.8304,0.3686,65.63,-0.0996,-0.1028,-0.0032,70.8,69.7,-1.59,0.2747,0.2279,-0.00934,0,0,37.6,88.5,0,low
UT200037,Uttarakhand,20,30.86568,80.62776,437,0.472,0.431,-0.041,-7.17,0.1227,0.1388,0.0161,134.3,145.1,7.92,0.2466,0.2536,0.00139,1,2,40.2,66.6,1,low
UT080038,Uttarakhand,8,29.36247,79.54853,639,3.0111,4.7488,1.7377,55.85,-0.2411,-0.2042,0.0369,37.2,64.6,71.58,0.3431,0.4563,0.02264,1,2,12.8,48.9,1,medium
UT050039,Uttarakhand,5,31.0113,78.64238,277,5.7287,17.6344,11.9057,204.26,0.085,0.1934,0.1084,72.0,113.1,56.27,0.5166,0.6362,0.02392,1,2,17.2,37.8,1,high
UT090040,Uttarakhand,9,31.0394,78.00479,933,8.8101,14.5127,5.7026,64.0,-0.208,-0.0925,0.1156,43.4,80.4,83.29,0.2438,0.471,0.04544,1,2,8.9,25.9,1,high
UT030041,Uttarakhand,3,28.86124,79.5836,1872,3.0404,3.6568,0.6164,19.63,-0.0673,-0.0081,0.0593,41.4,66.5,59.05,0.3557,0.3972,0.0083,1,2,23.6,59.6,1,medium
UT180042,Uttarakhand,18,29.82025,79.87112,1352,3.0288,3.9442,0.9154,29.26,-0.0916,-0.058,0.0336,119.6,134.1,11.97,0.4051,0.5279,0.02455,0,1,23.5,50.6,0,medium
UT110043,Uttarakhand,11,31.12148,80.20075,331,0.685,0.7416,0.0566,7.21,-0.0223,-0.0116,0.0107,39.0,45.8,17.15,0.6831,0.6852,0.00042,1,2,20.3,97.1,0,low
UT090044,Uttarakhand,9,29.89658,79.78208,719,0.5743,0.5753,0.0009,0.14,-0.1774,-0.177,0.0003,44.7,44.8,0.28,0.5532,0.5379,-0.00306,1,1,44.5,57.2,0,low
UT270045,Uttarakhand,27,30.12443,78.052,1036,0.9741,1.0045,0.0304,2.83,0.0206,0.0314,0.0108,53.6,58.1,8.14,0.2875,0.2861,-0.00027,1,1,52.8,86.2,0,low
UT010046,Uttarakhand,1,29.35309,77.6274,1300,0.55,1.0341,0.4841,74.48,-0.2039,-0.1961,0.0079,82.2,85.7,4.15,0.3395,0.3824,0.00858,0,2,54.4,61.0,1,low
UT290047,Uttarakhand,29,29.95281,78.01432,582,1.0018,1.1752,0.1734,15.73,0.1686,0.1834,0.0148,150.3,157.3,4.62,0.5105,0.5039,-0.00132,1,0,43.7,86.1,0,low
UT100048,Uttarakhand,10,30.23062,80.26667,1429,0.6916,0.985,0.2934,37.07,-0.207,-0.2086,-0.0016,65.4,64.6,-1.16,0.5185,0.5056,-0.00258,0,1,27.9,85.0,0,low
UT290049,Uttarakhand,29,30.63712,79.76196,500,0.8251,0.8005,-0.0245,-2.65,0.05,0.046,-0.004,52.4,50.9,-2.87,0.3082,0.2195,-0.01775,1,2,56.0,89.3,0,low
UT100050,Uttarakhand,10,30.35271,78.08842,1427,0.6429,0.9235,0.2806,37.77,0.0501,0.0576,0.0075,162.7,166.9,2.55,0.5533,0.5692,0.00317,1,0,24.6,67.2,0,low
UT090051,Uttarakhand,9,28.96797,78.9197,1806,10.976,20.0091,9.0331,81.56,0.1895,0.2867,0.0972,204.7,244.3,19.24,0.539,0.6662,0.02544,1,2,5.3,19.6,1,high
UT020052,Uttarakhand,2,30.31825,78.64602,2169,2.025,2.6465,0.6216,29.25,0.1803,0.1958,0.0156,78.9,88.5,12.02,0.3846,0.4059,0.00426,1,1,28.4,37.4,1,medium
UT040053,Uttarakhand,4,31.11672,80.12202,200,0.6791,0.6106,-0.0685,-8.8,0.1766,0.1774,0.0008,184.6,185.2,0.32,0.4888,0.5218,0.00659,1,2,24.3,65.7,0,low
UT070054,Uttarakhand,7,28.81866,78.9504,4213,3.8933,4.8969,1.0036,25.13,0.0696,0.1063,0.0367,56.2,76.8,36.08,0.648,0.7804,0.02648,1,1,18.8,51.3,1,medium
UT200055,Uttarakhand,20,31.21912,79.92931,308,0.7146,0.7537,0.0391,4.8,-0.2375,-0.2433,-0.0058,60.3,56.3,-6.54,0.3857,0.3796,-0.00122,0,0,16.5,87.6,1,low
UT170056,Uttarakhand,17,29.13025,78.54176,685,2.4812,4.1484,1.6673,64.59,0.0766,0.1312,0.0546,114.2,133.7,16.96,0.5327,0.6201,0.01748,1,0,12.1,61.5,0,medium
UT080057,Uttarakhand,8,30.92899,78.53828,678,0.8449,0.7521,-0.0928,-9.82,-0.2441,-0.2401,0.0041,64.2,65.7,2.21,0.4659,0.4779,0.0024,1,0,29.9,71.0,0,low
UT030058,Uttarakhand,3,29.08675,78.1211,2679,1.2176,1.2045,-0.0132,-1.0,0.1223,0.1417,0.0194,173.9,186.1,6.97,0.208,0.2386,0.00612,1,1,31.2,84.0,1,low
UT160059,Uttarakhand,16,31.2634,79.8801,283,0.4688,0.7721,0.3033,53.32,0.0366,0.0559,0.0193,88.0,94.7,7.54,0.3034,0.312,0.00173,1,2,43.1,65.5,0,low
UT230060,Uttarakhand,23,31.1803,80.64816,686,0.8882,1.0201,0.1319,13.35,-0.0992,-0.1,-0.0009,103.6,103.3,-0.29,0.6187,0.6119,-0.00136,1,0,57.7,73.7,0,low
UT170061,Uttarakhand,17,29.79884,78.15891,200,0.914,1.0778,0.1639,16.16,0.0288,0.0428,0.014,86.6,95.6,10.29,0.3129,0.262,-0.01019,1,1,56.2,75.6,1,low
UT210062,Uttarakhand,21,30.74442,78.67177,1188,3.232,4.2312,0.9993,29.99,-0.1851,-0.1289,0.0563,75.6,113.1,48.85,0.3812,0.496,0.02296,1,2,13.8,35.2,0,medium
UT060063,Uttarakhand,6,31.20785,77.6808,844,0.7949,1.2311,0.4362,48.75,-0.2831,-0.2849,-0.0018,35.8,34.9,-2.33,0.2441,0.1556,-0.0177,0,0,55.8,62.4,0,low
UT060064,Uttarakhand,6,29.6447,79.00914,1819,6.9404,16.7191,9.7788,138.9,0.1135,0.2817,0.1681,75.4,148.2,95.27,0.4826,0.6755,0.03859,1,2,5.7,41.3,1,high
UT100065,Uttarakhand,10,30.8408,79.11215,442,2.9529,3.7206,0.7677,25.15,-0.0923,-0.0355,0.0568,116.5,153.8,31.78,0.2949,0.33,0.00702,1,1,11.8,46.6,1,medium
UT180066,Uttarakhand,18,30.61811,78.62682,516,3.5375,4.9825,1.445,39.73,0.1657,0.2003,0.0346,99.1,110.5,11.45,0.6929,0.7004,0.00149,0,0,22.2,62.4,1,medium
UT190067,Uttarakhand,19,29.83726,79.32625,3165,7.4604,10.3961,2.9357,38.83,-0.2441,-0.1688,0.0753,32.1,67.9,108.47,0.3269,0.4563,0.02587,1,1,15.9,40.5,1,high
UT100068,Uttarakhand,10,30.29493,77.70736,386,1.8498,2.432,0.5823,29.86,-0.1059,-0.0777,0.0282,43.6,59.7,36.27,0.5666,0.6285,0.01239,1,2,13.4,39.9,1,medium
UT270069,Uttarakhand,27,31.09286,79.60928,1301,1.3022,1.6736,0.3715,26.49,-0.0746,-0.07,0.0047,85.0,88.4,3.96,0.6778,0.6446,-0.00665,1,0,26.2,96.1,0,low
UT020070,Uttarakhand,2,29.48351,77.89415,931,1.1055,1.4418,0.3363,27.89,-0.0581,-0.0465,0.0116,57.1,60.0,5.03,0.4245,0.4088,-0.00315,1,0,28.3,95.4,1,low
UT100071,Uttarakhand,10,30.92583,77.70276,1431,0.5525,0.5962,0.0437,6.7,-0.1984,-0.2034,-0.005,78.6,75.6,-3.74,0.4434,0.3892,-0.01083,0,1,58.1,56.6,1,low
UT220072,Uttarakhand,22,29.19213,77.96962,1803,0.601,0.694,0.0931,13.28,0.1812,0.1839,0.0027,201.9,203.2,0.68,0.5472,0.4527,-0.01891,1,1,19.6,66.0,1,low
UT010073,Uttarakhand,1,30.02844,79.80182,2385,7.1314,14.3044,7.173,99.19,-0.0465,0.0543,0.1008,70.3,105.3,49.02,0.3199,0.4974,0.0355,1,0,11.8,13.5,1,high
UT220074,Uttarakhand,22,29.13037,78.86676,4856,6.9983,17.742,10.7437,151.36,-0.0943,0.0495,0.1438,84.6,151.3,77.87,0.4037,0.6892,0.05711,1,2,8.4,21.1,1,high
UT180075,Uttarakhand,18,31.3675,77.76018,739,1.9713,3.8178,1.8465,89.15,0.1835,0.2191,0.0356,180.7,201.1,11.26,0.6149,0.6202,0.00106,1,2,13.2,55.8,1,medium
UT240076,Uttarakhand,24,30.43056,78.7676,1287,2.3728,3.7481,1.3752,55.61,-0.2822,-0.2464,0.0359,41.3,64.2,54.15,0.5833,0.7242,0.02819,1,2,16.0,40.5,1,medium
UT270077,Uttarakhand,27,29.56652,79.35471,202,0.6966,0.7214,0.0248,3.11,0.1936,0.2011,0.0075,176.9,180.7,2.14,0.4017,0.4412,0.0079,1,1,19.1,59.3,1,low
UT130078,Uttarakhand,13,30.52887,79.9572,719,1.1604,1.3756,0.2152,17.07,-0.1329,-0.139,-0.0062,54.3,52.0,-4.13,0.4523,0.4292,-0.00463,0,0,21.4,66.8,0,low
UT170079,Uttarakhand,17,28.71609,78.40263,1872,2.5502,3.3055,0.7552,28.5,0.0324,0.069,0.0366,81.9,100.4,22.35,0.6695,0.7192,0.00994,1,1,29.9,49.6,1,medium
UT060080,Uttarakhand,6,30.35382,78.67109,621,0.7281,0.8679,0.1398,16.88,-0.1583,-0.1507,0.0076,53.9,56.5,4.8,0.3997,0.3674,-0.00646,0,0,58.9,84.0,1,low
UT080081,Uttarakhand,8,31.34066,80.21968,200,0.6761,0.8795,0.2034,26.2,-0.0741,-0.0661,0.008,37.6,43.2,14.39,0.6169,0.5229,-0.01881,0,0,34.4,79.2,0,low
UT280082,Uttarakhand,28,28.93748,78.7649,889,1.9804,2.6631,0.6827,32.82,-0.0255,0.0092,0.0347,40.9,59.7,44.83,0.2733,0.3665,0.01864,1,1,13.4,53.1,1,medium
UT260083,Uttarakhand,26,29.87054,79.77577,1095,0.7747,1.209,0.4343,49.64,-0.0003,-0.0088,-0.0085,75.0,68.8,-8.09,0.3511,0.3859,0.00695,0,0,55.6,62.2,1,low
UT180084,Uttarakhand,18,30.58748,80.38045,263,0.9825,1.2595,0.277,25.58,0.1281,0.1394,0.0113,146.5,149.4,2.02,0.2541,0.2009,-0.01062,0,0,17.8,70.7,0,low
UT080085,Uttarakhand,8,30.26205,78.69301,792,2.3075,3.7398,1.4323,59.49,-0.105,-0.0762,0.0288,79.2,96.3,21.26,0.5465,0.5485,0.00038,1,2,8.6,38.8,1,medium
UT150086,Uttarakhand,15,31.224,77.85789,248,0.5401,0.5658,0.0257,4.02,0.1612,0.1636,0.0024,141.0,141.8,0.57,0.6638,0.6698,0.0012,0,0,17.4,91.6,0,low
UT210087,Uttarakhand,21,31.04546,78.95051,707,0.6191,0.9851,0.366,50.9,-0.2779,-0.2862,-0.0084,40.7,37.7,-7.28,0.5698,0.5952,0.00509,0,0,31.7,71.0,0,low
UT250088,Uttarakhand,25,30.66679,78.0275,468,1.962,3.1578,1.1959,58.0,0.0102,0.0562,0.046,135.0,153.8,13.81,0.3252,0.3577,0.00648,1,2,28.9,37.3,1,medium
UT180089,Uttarakhand,18,29.12568,78.04673,378,1.465,1.7362,0.2712,17.33,-0.1298,-0.113,0.0168,81.0,87.5,7.96,0.6459,0.6643,0.00369,1,0,42.5,71.4,1,low
UT130090,Uttarakhand,13,31.40084,80.26412,698,3.5069,5.2738,1.7668,48.98,0.1491,0.1954,0.0463,136.5,151.4,10.82,0.3281,0.3629,0.00696,1,2,17.5,39.2,0,medium
UT270091,Uttarakhand,27,29.17846,79.79905,4441,5.8989,17.4466,11.5478,192.5,-0.2595,-0.1494,0.1101,36.5,70.4,90.19,0.3784,0.6445,0.05321,1,2,14.9,21.7,1,high
UT080092,Uttarakhand,8,31.24903,79.09033,3053,0.5624,0.993,0.4306,65.01,-0.2698,-0.2677,0.0022,62.5,63.4,1.42,0.6765,0.6049,-0.01432,1,0,47.2,84.6,1,low
UT040093,Uttarakhand,4,30.88955,80.92082,2143,2.7891,4.2583,1.4692,50.85,0.0387,0.0958,0.0571,79.0,99.9,26.07,0.2655,0.3436,0.01562,1,2,21.9,61.9,1,medium
UT050094,Uttarakhand,5,29.38063,79.10168,312,0.6336,0.9962,0.3626,49.42,-0.0806,-0.0745,0.0061,113.5,117.2,3.2,0.541,0.4978,-0.00865,0,0,20.8,70.3,0,low
UT140095,Uttarakhand,14,30.31,80.24996,348,5.8453,10.2896,4.4443,74.75,-0.0999,0.0484,0.1483,110.7,196.2,76.58,0.2914,0.4083,0.02338,1,2,2.3,44.7,1,high
UT240096,Uttarakhand,24,31.29056,80.42116,1078,0.8488,0.842,-0.0067,-0.71,0.1307,0.1399,0.0092,170.6,177.2,3.83,0.3696,0.276,-0.01872,1,0,42.8,58.3,0,low
UT050097,Uttarakhand,5,30.80114,78.50722,607,0.4087,0.8989,0.4902,96.36,-0.1844,-0.1868,-0.0023,58.3,57.3,-1.8,0.2404,0.1885,-0.01038,0,1,48.6,94.5,0,low
UT100098,Uttarakhand,10,31.41045,78.1114,444,0.5322,0.9913,0.4591,72.61,-0.1087,-0.1025,0.0061,63.0,65.6,3.98,0.618,0.6057,-0.00246,0,2,53.0,64.7,0,low
UT110099,Uttarakhand,11,31.31101,78.61915,677,0.5913,0.7039,0.1126,16.28,-0.1512,-0.1399,0.0113,94.3,100.0,5.98,0.3138,0.3551,0.00825,0,2,34.2,63.0,1,low
CH160000,Chhattisgarh,16,22.60936,84.00499,3810,0.4705,0.4665,-0.004,-0.7,-0.0937,-0.1009,-0.0071,44.7,40.2,-9.9,0.6127,0.5559,-0.01136,1,1,17.6,79.9,0,low
CH010001,Chhattisgarh,1,21.1362,82.66028,938,0.838,1.0963,0.2583,27.53,0.0231,0.0336,0.0105,143.2,148.6,3.77,0.4417,0.4856,0.00878,0,0,56.6,72.0,1,low
CH110002,Chhattisgarh,11,18.10465,83.52018,1499,0.4528,0.796,0.3431,62.07,0.0744,0.0725,-0.0019,111.9,111.4,-0.45,0.6447,0.6877,0.0086,1,0,43.8,97.3,0,low
CH140003,Chhattisgarh,14,22.03389,80.45707,529,2.4537,4.1012,1.6476,64.52,-0.0861,-0.0288,0.0573,121.3,144.9,19.33,0.5067,0.6526,0.02918,1,0,17.1,35.1,1,medium
CH140004,Chhattisgarh,14,20.45362,80.80843,1192,0.5604,0.7553,0.1949,29.52,0.0139,0.009,-0.0049,58.8,56.2,-4.24,0.5286,0.5353,0.00133,1,0,37.8,62.4,1,low
CH140005,Chhattisgarh,14,20.57605,81.42073,577,0.8076,1.015,0.2074,22.85,0.1716,0.1781,0.0065,95.4,99.7,4.38,0.4905,0.4185,-0.0144,1,0,25.9,91.0,0,low
CH160006,Chhattisgarh,16,21.39548,82.33587,2555,7.8248,13.904,6.0793,76.71,0.0719,0.2264,0.1545,153.5,264.4,71.84,0.4833,0.7054,0.04443,1,2,8.9,15.8,1,high
CH200007,Chhattisgarh,20,18.14891,82.18951,767,0.708,0.7205,0.0124,1.54,-0.0806,-0.0624,0.0181,96.2,103.9,7.99,0.4368,0.3677,-0.01383,1,0,52.1,65.2,0,low
CH150008,Chhattisgarh,15,20.1714,81.88466,371,0.8771,0.8883,0.0112,1.15,0.0077,0.0245,0.0168,73.7,85.9,16.37,0.5281,0.4964,-0.00634,1,0,38.1,61.7,1,low
CH010009,Chhattisgarh,1,19.54977,82.44637,1703,3.3532,3.7951,0.4419,12.8,-0.0724,-0.0422,0.0302,98.0,119.9,22.19,0.5411,0.6641,0.0246,1,0,16.7,35.5,1,medium
CH230010,Chhattisgarh,23,20.70782,82.29102,1253,0.7628,1.0245,0.2617,30.33,-0.0832,-0.0745,0.0087,40.7,44.9,9.95,0.6572,0.6311,-0.00522,1,1,41.4,75.7,1,low
CH140011,Chhattisgarh,14,21.01279,81.57376,1945,0.6939,1.0671,0.3731,47.0,0.0572,0.0494,-0.0078,135.5,132.6,-2.07,0.2344,0.1997,-0.00693,1,2,48.4,99.1,0,low
CH290012,Chhattisgarh,29,18.49757,83.23572,891,1.2482,1.3766,0.1284,9.52,-0.2475,-0.2453,0.0023,25.3,26.5,4.4,0.6326,0.6294,-0.00064,1,0,19.8,58.8,0,low
CH030013,Chhattisgarh,3,18.29708,83.70484,409,0.5055,0.7321,0.2266,37.42,-0.2131,-0.2121,0.0009,73.5,73.9,0.53,0.414,0.4477,0.00674,0,0,53.4,69.9,0,low
CH040014,Chhattisgarh,4,21.37153,82.99202,1757,8.0582,17.2353,9.177,112.49,-0.2562,-0.1344,0.1219,20.2,97.8,365.47,0.3965,0.5762,0.03596,1,2,14.2,31.4,1,high
CH230015,Chhattisgarh,23,21.25074,82.5369,1303,0.7124,0.9152,0.2028,24.96,-0.2399,-0.2307,0.0092,69.2,73.3,5.79,0.2493,0.2365,-0.00257,0,0,46.5,72.5,1,low
CH010016,Chhattisgarh,1,20.71165,82.77448,412,0.6698,0.8272,0.1574,20.45,-0.0717,-0.0803,-0.0087,91.1,87.4,-3.95,0.6486,0.6612,0.00252,1,0,42.5,61.3,1,low
CH090017,Chhattisgarh,9,18.41464,80.68442,501,2.4792,3.3489,0.8697,33.72,0.0223,0.0345,0.0122,86.9,94.9,9.17,0.2238,0.3307,0.02139,0,2,9.6,68.9,0,medium
CH240018,Chhattisgarh,24,22.32715,82.0191,285,0.6757,0.5972,-0.0785,-10.12,0.1972,0.1875,-0.0097,179.4,173.2,-3.44,0.6131,0.6596,0.00932,1,2,18.9,78.2,0,low
CH020019,Chhattisgarh,2,22.31186,80.50782,262,0.9077,0.8165,-0.0912,-9.05,0.0656,0.0707,0.0051,133.3,135.4,1.56,0.4703,0.4774,0.00143,1,0,25.6,69.4,0,low
CH190020,Chhattisgarh,19,23.25394,82.81154,930,0.7079,0.6555,-0.0525,-6.49,0.0733,0.0736,0.0003,93.1,93.3,0.17,0.2359,0.2511,0.00303,0,0,34.6,79.9,1,low
CH210021,Chhattisgarh,21,22.47877,83.4132,422,0.8156,1.112,0.2964,32.37,0.1855,0.1939,0.0084,145.0,150.0,3.4,0.4221,0.372,-0.01003,1,0,45.5,93.5,0,low
CH090022,Chhattisgarh,9,20.24988,81.95223,2493,1.3029,1.4352,0.1323,9.43,0.0709,0.0781,0.0071,149.5,154.0,3.02,0.6314,0.5378,-0.01872,1,2,33.5,97.4,0,low
CH020023,Chhattisgarh,2,20.14708,82.35631,643,1.2708,1.5722,0.3014,21.99,0.1336,0.1479,0.0143,138.2,145.2,5.06,0.332,0.3751,0.00863,1,1,47.8,72.0,0,low
CH290024,Chhattisgarh,29,21.49684,83.26522,235,1.2665,1.4609,0.1944,14.23,-0.2763,-0.2814,-0.005,59.0,57.6,-2.23,0.5044,0.4194,-0.01698,1,0,47.4,56.6,1,low
CH100025,Chhattisgarh,10,19.7909,80.99899,243,0.9049,0.8642,-0.0407,-4.05,0.0063,0.0215,0.0152,118.5,124.2,4.8,0.5618,0.537,-0.00496,1,0,36.8,86.3,0,low
CH090026,Chhattisgarh,9,18.60789,82.85764,4957,10.5865,20.8849,10.2984,96.37,0.0244,0.1837,0.1592,60.4,168.5,175.89,0.3395,0.5185,0.0358,1,2,12.6,43.2,1,high
CH070027,Chhattisgarh,7,22.6757,82.89537,336,0.6559,0.8898,0.2338,30.93,0.0832,0.0802,-0.003,164.9,163.5,-0.86,0.6229,0.6528,0.00598,1,2,47.9,68.0,1,low
CH060028,Chhattisgarh,6,22.75055,80.71548,661,2.1754,3.9643,1.7889,78.62,0.0635,0.108,0.0445,155.4,170.0,9.35,0.5736,0.7067,0.02661,1,2,13.0,31.2,1,medium
CH290029,Chhattisgarh,29,19.22561,81.3414,494,2.6049,3.1191,0.5142,19.01,0.181,0.2282,0.0472,76.0,104.9,37.49,0.6274,0.7327,0.02106,1,2,13.6,56.3,0,medium
CH070030,Chhattisgarh,7,20.66639,82.63617,1071,0.5963,0.5122,-0.084,-12.07,0.0108,0.0161,0.0053,64.9,67.5,3.96,0.2113,0.2157,0.00088,1,2,40.5,76.1,1,low
CH280031,Chhattisgarh,28,19.88786,81.45998,1526,2.6992,3.5313,0.8321,29.73,-0.0997,-0.0645,0.0353,81.2,104.6,28.46,0.4906,0.5471,0.01132,1,0,13.0,38.0,0,medium
CH230032,Chhattisgarh,23,20.36914,82.83486,412,2.253,2.5589,0.3059,13.0,-0.1513,-0.1094,0.0419,103.7,123.0,18.35,0.5971,0.714,0.02337,1,2,16.6,64.6,0,medium
CH110033,Chhattisgarh,11,23.23234,80.30195,560,2.7162,4.3682,1.652,58.66,-0.2585,-0.213,0.0456,69.7,89.1,27.41,0.2042,0.286,0.01636,0,2,21.7,52.6,1,medium
CH010034,Chhattisgarh,1,20.01538,82.22399,2017,0.7382,1.0131,0.2749,32.8,-0.0166,-0.0235,-0.0069,139.9,137.3,-1.87,0.6308,0.6788,0.00961,1,0,51.4,55.9,1,low
CH200035,Chhattisgarh,20,18.13275,80.71788,1077,3.0977,3.4709,0.3732,11.67,0.0099,0.0605,0.0506,125.1,158.7,26.65,0.3103,0.3813,0.01419,0,2,24.9,36.1,0,medium
CH140036,Chhattisgarh,14,22.8101,83.24392,200,0.6756,0.6097,-0.0659,-8.5,-0.2769,-0.263,0.0139,65.7,69.5,5.7,0.2443,0.1868,-0.01148,1,2,24.1,56.3,0,low
CH020037,Chhattisgarh,2,21.86353,82.91164,966,1.1344,1.147,0.0126,1.02,-0.1713,-0.1793,-0.0079,97.1,92.8,-4.38,0.4683,0.5147,0.00927,1,0,58.9,76.7,1,low
CH060038,Chhattisgarh,6,18.96261,83.19295,2688,8.1564,15.0476,6.8912,83.47,-0.2701,-0.1827,0.0874,56.3,79.5,40.65,0.3253,0.5319,0.04131,1,2,10.6,14.3,0,high
CH280039,Chhattisgarh,28,19.25218,80.76519,409,2.4744,3.2211,0.7468,29.01,0.1812,0.212,0.0309,179.4,193.7,7.94,0.5969,0.6419,0.00901,1,2,18.0,55.1,0,medium
CH090040,Chhattisgarh,9,19.13831,83.71853,557,1.3899,1.6714,0.2816,18.9,0.0562,0.0753,0.0192,153.6,161.0,4.79,0.4692,0.4739,0.00095,0,0,56.9,82.1,1,low
CH020041,Chhattisgarh,2,23.72757,82.39953,596,2.3107,3.5856,1.2749,52.89,-0.2367,-0.1857,0.0511,67.1,82.6,22.77,0.5299,0.5513,0.00428,1,2,17.2,38.6,0,medium
CH070042,Chhattisgarh,7,21.33104,81.41467,2379,0.5587,0.757,0.1983,30.11,0.157,0.1676,0.0106,98.8,105.9,7.17,0.6192,0.5786,-0.00812,1,2,38.5,89.2,1,low
CH190043,Chhattisgarh,19,23.05366,81.35784,985,2.5726,3.6193,1.0467,39.17,-0.1374,-0.1124,0.025,105.0,117.7,11.99,0.6852,0.7942,0.02178,1,0,29.6,60.1,1,medium
CH070044,Chhattisgarh,7,18.57505,81.49749,1784,2.6923,3.7903,1.098,39.32,-0.273,-0.2498,0.0233,62.0,73.7,18.53,0.2789,0.3936,0.02294,1,0,26.9,33.6,1,medium
CH040045,Chhattisgarh,4,19.91139,83.13295,699,0.7173,1.0293,0.3121,38.18,-0.1231,-0.1126,0.0105,87.8,95.3,8.37,0.6854,0.6518,-0.00672,0,0,21.4,59.4,1,low
CH100046,Chhattisgarh,10,19.75931,82.61611,2230,2.3759,2.8595,0.4835,19.53,-0.016,0.0019,0.0178,141.8,154.6,8.95,0.464,0.4769,0.00259,1,0,51.4,93.0,1,low
CH070047,Chhattisgarh,7,22.98521,82.39602,669,3.5381,3.9493,0.4112,11.3,0.1175,0.1576,0.0401,85.7,104.1,21.19,0.2395,0.3,0.01209,1,0,12.5,48.5,1,medium
CH200048,Chhattisgarh,20,18.06742,80.81871,447,0.6556,0.8387,0.183,24.22,-0.0121,0.0078,0.0199,141.2,151.0,6.9,0.6325,0.5521,-0.01608,1,1,26.8,55.7,1,low
CH120049,Chhattisgarh,12,19.73545,82.47505,507,0.4332,0.6467,0.2135,40.05,0.0605,0.0588,-0.0018,151.3,150.5,-0.48,0.6611,0.6189,-0.00845,1,1,43.0,61.8,0,low
CH020050,Chhattisgarh,2,18.77533,81.45718,501,0.6226,0.9345,0.3119,43.16,-0.1629,-0.1519,0.011,86.0,89.4,3.83,0.3362,0.2659,-0.01406,0,0,27.5,61.3,0,low
CH010051,Chhattisgarh,1,23.35283,80.88724,536,0.623,0.9133,0.2904,40.16,0.0905,0.0936,0.003,146.2,147.4,0.85,0.668,0.6908,0.00457,1,2,55.1,91.1,0,low
CH240052,Chhattisgarh,24,19.00167,84.25376,200,0.8957,1.1028,0.2071,20.8,0.1638,0.1809,0.0171,76.6,81.3,6.04,0.6096,0.5542,-0.01108,1,1,59.5,91.8,0,low
CH150053,Chhattisgarh,15,19.78537,80.54424,691,0.6707,0.5928,-0.0779,-10.11,-0.1449,-0.1283,0.0165,92.2,100.4,8.83,0.6844,0.6874,0.00061,1,0,30.4,75.3,0,low
CH140054,Chhattisgarh,14,22.74501,80.40042,3501,2.7117,4.6493,1.9376,68.91,-0.1843,-0.147,0.0373,59.8,69.6,16.09,0.5998,0.6377,0.00758,1,1,9.2,38.5,1,medium
CH090055,Chhattisgarh,9,21.97492,82.66036,867,0.9745,1.339,0.3644,33.92,0.1182,0.1323,0.0141,104.1,109.0,4.6,0.4375,0.3605,-0.01538,1,2,49.2,73.5,1,low
CH140056,Chhattisgarh,14,19.01416,81.49436,201,0.993,0.9433,-0.0497,-4.55,-0.1848,-0.1795,0.0053,69.3,73.3,5.55,0.4839,0.5317,0.00957,0,2,26.4,64.7,1,low
CH280057,Chhattisgarh,28,20.77178,81.34774,914,0.4497,0.8001,0.3504,63.75,-0.0577,-0.0568,0.001,58.3,58.9,1.05,0.2888,0.1975,-0.01825,0,0,59.8,62.8,0,low
CH110058,Chhattisgarh,11,19.39429,80.30153,500,0.5023,0.8679,0.3656,60.71,-0.1963,-0.1977,-0.0014,74.7,74.3,-0.59,0.4492,0.3495,-0.01994,1,0,40.6,57.9,1,low
CH030059,Chhattisgarh,3,20.87368,81.04368,395,0.3892,0.6251,0.2358,48.2,0.0036,0.0088,0.0052,88.1,89.9,1.98,0.411,0.4368,0.00516,1,0,16.3,69.0,1,low
CH020060,Chhattisgarh,2,20.80734,82.19114,200,0.5798,0.9137,0.3338,49.11,-0.1115,-0.1155,-0.004,30.1,28.1,-6.56,0.2887,0.2772,-0.0023,0,0,46.3,58.8,0,low
CH110061,Chhattisgarh,11,19.45827,83.67507,200,0.9659,1.3741,0.4081,38.29,0.1608,0.1787,0.0179,80.6,90.6,12.26,0.4057,0.3402,-0.01309,0,1,54.6,63.8,1,low
CH070062,Chhattisgarh,7,19.12984,81.97702,774,0.729,1.0707,0.3417,41.22,0.14,0.1428,0.0028,88.6,89.5,1.0,0.5287,0.4738,-0.01099,0,0,21.5,95.7,0,low
CH080063,Chhattisgarh,8,22.92821,83.0683,268,3.6968,5.6671,1.9703,51.89,0.199,0.2573,0.0583,90.4,114.5,26.32,0.4103,0.5238,0.02269,1,2,8.3,31.9,1,medium
CH010064,Chhattisgarh,1,23.79231,81.68801,422,0.9726,0.9668,-0.0058,-0.54,-0.165,-0.151,0.014,99.4,107.7,8.31,0.3354,0.2741,-0.01226,1,0,39.0,96.8,1,low
CH090065,Chhattisgarh,9,18.17954,81.28336,688,0.9185,1.2861,0.3677,36.1,-0.2785,-0.2617,0.0169,50.8,59.9,17.42,0.5958,0.5461,-0.00994,0,1,51.7,76.5,1,low
CH110066,Chhattisgarh,11,17.89836,80.33832,259,0.5683,0.6586,0.0903,13.5,0.0807,0.0777,-0.003,126.0,125.2,-0.7,0.3028,0.253,-0.00996,0,0,39.8,77.5,1,low
CH150067,Chhattisgarh,15,20.36864,80.74897,489,0.6254,0.5684,-0.057,-7.85,0.0662,0.0818,0.0156,48.2,53.7,11.02,0.6383,0.6792,0.00818,1,2,54.5,67.2,0,low
CH170068,Chhattisgarh,17,18.37015,84.21661,1476,1.9556,2.5759,0.6203,30.18,0.0227,0.0761,0.0534,104.0,136.1,30.55,0.5641,0.5981,0.00681,1,2,16.4,30.3,1,medium
CH150069,Chhattisgarh,15,20.54584,83.42157,654,0.796,1.2519,0.4558,50.87,-0.1279,-0.1247,0.0032,33.2,34.1,2.7,0.5236,0.4773,-0.00924,1,0,34.2,65.1,0,low
CH120070,Chhattisgarh,12,23.30379,82.71405,421,0.7633,0.7683,0.005,0.58,-0.2417,-0.2258,0.0159,52.3,59.1,12.76,0.5107,0.4606,-0.01,0,0,46.1,85.0,1,low
CH260071,Chhattisgarh,26,21.57061,81.13443,631,2.888,4.7392,1.8512,61.96,-0.1199,-0.0831,0.0368,60.6,77.9,28.07,0.6801,0.7168,0.00733,0,0,13.1,53.3,1,medium
CH060072,Chhattisgarh,6,21.44144,81.74737,246,1.4308,1.4772,0.0464,3.03,-0.0596,-0.0539,0.0057,114.6,116.3,1.54,0.42,0.3805,-0.0079,0,0,22.7,94.7,1,low
CH040073,Chhattisgarh,4,21.61955,83.20082,1155,0.6525,0.9098,0.2573,34.2,-0.1338,-0.1185,0.0153,47.0,56.5,19.76,0.5107,0.4469,-0.01276,1,1,39.1,56.6,0,low
CH090074,Chhattisgarh,9,21.77507,82.34349,716,0.6136,0.5209,-0.0927,-12.99,0.052,0.0612,0.0091,50.8,55.4,8.86,0.6175,0.6421,0.00492,1,0,23.3,73.2,0,low
CH210075,Chhattisgarh,21,22.32292,83.64233,2517,8.8883,18.6662,9.7779,108.78,0.021,0.0894,0.0684,70.1,100.4,42.6,0.3232,0.6134,0.05804,1,2,7.8,25.5,1,high
CH090076,Chhattisgarh,9,18.67144,81.20576,2048,2.0437,3.1201,1.0764,50.21,-0.2536,-0.215,0.0385,32.6,58.1,75.85,0.5154,0.593,0.01552,1,2,29.6,52.6,0,medium
CH020077,Chhattisgarh,2,22.22817,81.89871,390,0.9353,1.2508,0.3155,30.47,-0.1525,-0.1427,0.0099,36.0,42.0,16.08,0.2735,0.2004,-0.01462,1,2,46.1,56.5,0,low
CH160078,Chhattisgarh,16,20.5185,81.56932,200,0.5012,0.8568,0.3556,59.15,0.0279,0.0301,0.0022,106.1,107.4,1.24,0.2797,0.2433,-0.00728,0,0,19.3,97.9,0,low
CH090079,Chhattisgarh,9,21.36148,81.97414,490,0.9609,1.2044,0.2435,22.95,-0.0857,-0.0679,0.0178,89.8,95.7,6.54,0.2465,0.2668,0.00405,0,1,19.7,80.0,0,low
CH230080,Chhattisgarh,23,23.35209,83.34697,3714,2.8695,3.236,0.3664,12.34,0.122,0.1814,0.0594,87.6,118.7,35.08,0.6105,0.7542,0.02874,1,1,11.6,57.3,1,medium
CH090081,Chhattisgarh,9,18.95559,82.20795,242,0.9859,1.0428,0.0569,5.24,0.0472,0.0416,-0.0057,70.8,69.1,-2.38,0.202,0.1481,-0.01077,0,2,53.9,82.8,1,low
CH230082,Chhattisgarh,23,18.53265,81.55064,524,3.0252,4.8563,1.8311,58.59,-0.1769,-0.1578,0.0192,95.1,103.6,8.86,0.4148,0.495,0.01606,0,2,20.8,67.7,0,medium
CH120083,Chhattisgarh,12,18.97974,83.48867,441,0.8953,1.3549,0.4596,46.18,-0.1312,-0.1113,0.0199,94.5,106.9,13.01,0.3126,0.3069,-0.00115,0,2,17.1,64.8,1,low
CH230084,Chhattisgarh,23,23.60425,80.69492,2065,6.1497,14.6798,8.5301,136.49,-0.0886,0.0053,0.0939,33.3,103.1,203.0,0.4896,0.6468,0.03144,1,2,16.3,11.4,1,high
CH130085,Chhattisgarh,13,21.72807,82.60438,925,0.5687,0.9689,0.4002,59.84,-0.0816,-0.0652,0.0164,95.1,102.4,7.59,0.3471,0.2942,-0.01058,1,0,42.9,99.5,0,low
CH160086,Chhattisgarh,16,20.1208,82.12743,722,0.4631,0.9508,0.4877,86.61,-0.1252,-0.1246,0.0007,97.2,97.7,0.5,0.5184,0.4772,-0.00825,1,0,54.9,91.4,0,low
CH220087,Chhattisgarh,22,19.02682,80.63037,313,0.5356,0.8138,0.2782,43.77,-0.2828,-0.2927,-0.0098,35.1,29.9,-14.35,0.484,0.4666,-0.00348,1,0,55.0,73.1,0,low
CH140088,Chhattisgarh,14,23.92895,83.13094,344,0.472,0.891,0.4191,73.27,0.0652,0.0672,0.002,108.9,110.0,0.95,0.2667,0.1972,-0.01389,1,0,35.2,98.0,0,low
CH110089,Chhattisgarh,11,18.95113,80.48589,2128,6.8564,12.0214,5.1649,74.25,-0.0364,0.042,0.0784,66.0,124.8,87.65,0.358,0.5018,0.02876,1,2,4.3,43.8,1,high
CH080090,Chhattisgarh,8,20.71093,83.21884,881,0.6587,0.6713,0.0127,1.67,-0.2701,-0.2684,0.0016,40.9,41.8,2.25,0.3119,0.3442,0.00646,1,0,43.4,76.8,1,low
CH110091,Chhattisgarh,11,21.84826,84.35083,877,0.7282,1.1776,0.4493,54.25,-0.097,-0.084,0.013,61.0,65.9,7.99,0.6414,0.6028,-0.00772,0,2,28.1,61.1,0,low
CH060092,Chhattisgarh,6,18.48014,83.9438,267,0.611,0.5187,-0.0924,-12.99,0.0184,0.0134,-0.005,65.4,63.5,-2.79,0.5388,0.5535,0.00294,1,1,18.2,63.9,1,low
CH160093,Chhattisgarh,16,19.21115,82.81028,430,1.0982,1.2745,0.1763,14.71,-0.1877,-0.1701,0.0176,85.8,95.2,10.9,0.2225,0.1319,-0.01811,0,2,50.3,78.1,0,low
CH090094,Chhattisgarh,9,19.83076,83.36507,861,2.1862,3.3959,1.2098,52.92,-0.076,-0.0601,0.016,72.5,77.3,6.52,0.2055,0.2209,0.00309,1,2,13.7,49.0,0,medium
CH150095,Chhattisgarh,15,18.31446,81.85047,455,1.1418,1.4555,0.3138,25.27,0.1025,0.1151,0.0126,169.9,177.2,4.28,0.5035,0.4592,-0.00887,0,1,56.9,87.8,0,low
CH240096,Chhattisgarh,24,21.48159,82.11856,754,3.1005,4.8686,1.7681,55.24,-0.3,-0.2481,0.0519,53.6,86.9,60.78,0.5274,0.6475,0.02401,0,0,23.5,47.0,0,medium
CH250097,Chhattisgarh,25,21.56938,82.64108,539,2.0662,3.3678,1.3016,60.09,-0.2648,-0.2494,0.0154,52.5,59.8,13.73,0.3522,0.3523,2e-05,1,0,24.7,52.9,1,medium
CH070098,Chhattisgarh,7,19.70429,82.53291,571,0.6169,0.7436,0.1268,17.68,-0.0421,-0.026,0.0161,56.0,63.8,13.7,0.278,0.2318,-0.00924,1,1,24.9,97.9,0,low
CH280099,Chhattisgarh,28,21.56786,81.4965,1064,2.0337,3.0758,1.0421,48.84,0.1711,0.1833,0.0122,133.5,139.9,4.81,0.2766,0.3079,0.00625,1,1,10.0,35.0,1,medium
CH110100,Chhattisgarh,11,20.30793,82.42403,310,0.6151,0.7482,0.1331,18.62,0.0668,0.0571,-0.0097,153.9,148.1,-3.74,0.2104,0.1253,-0.01701,0,0,49.9,88.3,0,low
CH070101,Chhattisgarh,7,19.66748,84.26705,1700,0.5276,0.4695,-0.0582,-9.27,-0.0689,-0.0607,0.0083,51.1,57.2,11.69,0.6879,0.6134,-0.0149,1,2,57.6,71.6,0,low
CH070102,Chhattisgarh,7,20.73858,82.93329,358,3.1504,3.7454,0.5951,18.31,-0.1811,-0.1483,0.0328,77.5,91.6,17.9,0.4063,0.4959,0.01792,1,2,29.9,41.9,1,medium
CH240103,Chhattisgarh,24,21.70134,81.20205,1006,9.5632,15.9222,6.359,65.81,-0.1177,0.0485,0.1662,51.7,154.6,195.53,0.5682,0.7048,0.02731,1,2,15.3,40.9,1,high
CH070104,Chhattisgarh,7,19.9177,82.65075,461,2.2792,2.7631,0.4839,20.34,0.1142,0.1423,0.0281,89.5,99.4,10.92,0.2803,0.3213,0.0082,1,2,22.6,62.0,0,medium
CH130105,Chhattisgarh,13,23.34766,83.82914,938,0.4593,0.7547,0.2954,52.81,0.1332,0.1266,-0.0065,111.9,109.2,-2.36,0.2058,0.2062,7e-05,0,2,25.7,70.3,1,low
CH050106,Chhattisgarh,5,22.29816,81.60452,560,0.7318,0.6861,-0.0457,-5.49,-0.2251,-0.2069,0.0183,57.7,67.9,17.31,0.5429,0.4796,-0.01267,0,0,26.4,87.4,0,low
CH200107,Chhattisgarh,20,22.86012,82.82386,648,2.5783,4.2178,1.6395,61.21,0.1765,0.1945,0.018,179.1,191.1,6.7,0.4335,0.552,0.0237,0,2,9.5,65.6,0,medium
CH150108,Chhattisgarh,15,21.61633,81.727,245,2.2511,3.0848,0.8337,35.46,-0.0917,-0.0356,0.0561,53.7,78.7,45.72,0.6173,0.7259,0.02172,1,0,26.2,35.6,1,medium
CH210109,Chhattisgarh,21,20.47902,83.68484,1139,0.4713,0.7303,0.259,45.33,-0.1167,-0.1077,0.0091,115.0,118.1,2.68,0.673,0.631,-0.0084,1,0,49.8,66.6,1,low
CH020110,Chhattisgarh,2,20.87066,81.07446,546,0.6435,0.7252,0.0817,10.99,-0.2765,-0.2578,0.0187,25.7,35.3,36.26,0.6162,0.6072,-0.00181,1,1,59.4,68.1,0,low
CH180111,Chhattisgarh,18,19.84801,82.60053,1935,3.26,3.6048,0.3447,10.26,0.0566,0.0803,0.0236,95.3,106.9,12.0,0.2486,0.3291,0.0161,1,1,22.7,53.8,0,medium
CH090112,Chhattisgarh,9,22.37638,80.55654,770,0.6977,0.6395,-0.0582,-7.29,-0.0412,-0.0417,-0.0005,98.5,98.3,-0.13,0.5491,0.569,0.00397,1,1,22.5,80.9,0,low
CH250113,Chhattisgarh,25,19.61905,80.84433,644,2.0025,2.8063,0.8038,38.23,-0.2614,-0.2379,0.0235,23.8,34.6,43.59,0.4965,0.526,0.0059,1,0,27.9,59.8,1,medium
CH210114,Chhattisgarh,21,19.01261,83.69789,904,2.6686,3.2766,0.608,21.96,0.0573,0.0831,0.0258,59.8,75.1,25.12,0.5122,0.5782,0.01321,0,0,15.8,41.1,1,medium
CH150115,Chhattisgarh,15,19.37368,83.65527,739,0.7795,1.1733,0.3938,44.78,-0.0286,-0.0262,0.0024,110.1,111.9,1.56,0.4856,0.4202,-0.01309,1,1,42.6,88.2,1,low
CH180116,Chhattisgarh,18,18.8122,83.29956,1724,0.6663,0.8865,0.2202,28.74,-0.2496,-0.2442,0.0054,24.8,26.9,7.98,0.3436,0.3407,-0.00059,0,0,43.6,84.9,0,low
CH070117,Chhattisgarh,7,18.20656,84.20796,1934,0.6315,0.6054,-0.0261,-3.57,-0.1005,-0.1099,-0.0094,52.7,48.7,-7.37,0.5468,0.4522,-0.01892,1,2,20.4,88.7,0,low
CH270118,Chhattisgarh,27,22.85336,82.67975,279,0.7532,1.2266,0.4733,55.48,-0.1187,-0.0989,0.0198,110.0,119.5,8.63,0.6002,0.5787,-0.0043,0,1,23.9,85.0,0,low
CH050119,Chhattisgarh,5,18.45214,82.23724,1044,0.6815,0.7591,0.0776,9.93,0.1543,0.1504,-0.0039,163.6,161.8,-1.1,0.3999,0.4312,0.00626,0,1,53.3,64.8,1,low
CH280120,Chhattisgarh,28,18.84335,80.77473,400,0.4282,0.7468,0.3187,60.33,-0.098,-0.0863,0.0117,56.7,63.7,12.22,0.256,0.2014,-0.01091,0,1,28.5,69.6,1,low
CH080121,Chhattisgarh,8,18.26053,84.24291,200,0.5377,0.7601,0.2224,34.88,0.1139,0.1091,-0.0048,176.8,174.8,-1.12,0.6279,0.5749,-0.01061,0,0,56.5,83.1,0,low
CH090122,Chhattisgarh,9,18.94201,81.81748,3871,7.8683,18.625,10.7567,134.99,-0.2256,-0.1234,0.1021,79.3,140.1,75.67,0.2969,0.4793,0.03648,1,2,4.2,19.4,1,high
CH010123,Chhattisgarh,1,18.97529,82.50898,637,0.5876,0.5887,0.0011,0.17,-0.052,-0.0335,0.0185,118.9,131.2,10.22,0.5442,0.5876,0.00867,0,1,33.8,88.0,0,low
CH020124,Chhattisgarh,2,20.19901,81.29548,2873,6.1865,8.9453,2.7588,43.88,-0.2881,-0.1974,0.0907,20.9,82.5,280.83,0.2653,0.4725,0.04143,1,2,10.8,17.4,1,high
CH290125,Chhattisgarh,29,20.24728,81.43936,1820,3.5805,4.9622,1.3817,37.54,0.1972,0.2339,0.0367,82.5,93.1,12.67,0.2562,0.2621,0.00118,1,2,24.5,34.7,0,medium
CH180126,Chhattisgarh,18,17.86901,82.37682,1192,2.3645,3.1488,0.7842,31.82,-0.1116,-0.0885,0.0231,66.0,72.9,10.33,0.3392,0.4379,0.01975,1,0,23.8,68.9,1,medium
CH050127,Chhattisgarh,5,23.51011,84.0576,317,0.9068,1.4063,0.4994,49.61,0.085,0.0935,0.0085,129.2,131.4,1.65,0.4115,0.4284,0.00338,1,0,20.8,82.5,0,low
CH270128,Chhattisgarh,27,21.24284,80.80706,2146,2.562,3.2203,0.6583,24.73,-0.1381,-0.0977,0.0404,53.8,77.7,43.57,0.2421,0.2843,0.00845,1,2,14.5,40.1,0,medium
CH010129,Chhattisgarh,1,21.49107,83.54308,570,0.9952,1.3784,0.3831,34.98,-0.0554,-0.0592,-0.0038,106.3,104.4,-1.74,0.3809,0.3901,0.00185,0,0,45.2,87.0,1,low
CH130130,Chhattisgarh,13,21.86196,83.30297,1317,3.4959,4.1127,0.6168,17.15,-0.1404,-0.1006,0.0398,61.5,83.8,35.62,0.5134,0.5964,0.0166,1,2,14.6,46.0,1,medium
CH280131,Chhattisgarh,28,17.88998,80.98705,2677,0.5308,0.75,0.2192,34.75,0.0724,0.0911,0.0186,95.6,107.0,11.71,0.341,0.3226,-0.00368,0,0,59.5,63.7,1,low
CH270132,Chhattisgarh,27,18.71885,81.9761,479,0.6375,0.7893,0.1518,20.58,0.1152,0.1106,-0.0046,91.9,89.1,-3.02,0.2536,0.2315,-0.00441,1,0,50.8,81.1,0,low
CH230133,Chhattisgarh,23,20.81653,80.69286,4952,3.505,4.2758,0.7708,21.38,-0.2952,-0.2399,0.0553,39.9,55.3,37.81,0.2299,0.3625,0.02653,0,0,10.2,50.7,1,medium
CH250134,Chhattisgarh,25,18.77261,83.89143,601,6.3483,12.7081,6.3598,98.63,-0.0759,0.0875,0.1635,37.8,114.1,196.32,0.4185,0.6069,0.03769,1,2,12.9,18.6,0,high
CH020135,Chhattisgarh,2,22.07126,82.88307,2426,7.9484,13.4794,5.531,68.72,0.0547,0.2314,0.1767,144.1,275.3,90.46,0.6665,0.9,0.05535,1,2,12.8,39.3,1,high
CH140136,Chhattisgarh,14,18.37621,82.07097,3070,1.0865,1.5623,0.4758,40.1,0.1649,0.1806,0.0158,198.4,207.2,4.44,0.2878,0.2822,-0.00112,1,2,19.6,80.1,0,low
CH180137,Chhattisgarh,18,22.95986,83.17081,335,0.6892,1.0671,0.3778,47.87,-0.1412,-0.1251,0.0161,60.0,67.5,12.31,0.6676,0.6249,-0.00853,0,1,30.6,92.6,0,low
CH140138,Chhattisgarh,14,23.77012,80.779,946,0.712,0.6992,-0.0128,-1.58,-0.0332,-0.0382,-0.005,121.5,119.1,-1.95,0.68,0.7054,0.00508,1,1,53.6,72.9,0,low
CH060139,Chhattisgarh,6,20.99553,81.84119,1958,0.8054,1.0249,0.2195,24.24,-0.2271,-0.2214,0.0057,50.5,53.6,6.03,0.2442,0.2322,-0.00241,0,0,57.2,58.5,1,low
CH050140,Chhattisgarh,5,18.41935,83.29351,5738,2.4012,4.3417,1.9405,77.59,0.1811,0.2018,0.0208,132.8,140.0,5.39,0.6206,0.6529,0.00647,0,1,21.8,63.7,1,medium
CH190141,Chhattisgarh,19,21.82475,81.88272,659,0.6358,0.7275,0.0917,12.47,-0.1064,-0.1135,-0.007,44.4,40.1,-9.58,0.3459,0.3682,0.00447,0,0,45.6,60.3,0,low
CH230142,Chhattisgarh,23,23.41224,82.12301,505,2.3392,2.7399,0.4007,16.43,-0.1226,-0.0975,0.0252,46.9,55.1,17.14,0.6864,0.6988,0.0025,1,1,13.6,58.1,1,medium
CH050143,Chhattisgarh,5,19.11973,81.40078,565,0.5139,0.8451,0.3312,53.96,0.1886,0.1819,-0.0067,156.7,154.8,-1.22,0.4705,0.4231,-0.00948,1,0,39.6,55.9,0,low
CH080144,Chhattisgarh,8,19.04723,81.33303,460,2.8803,3.5594,0.6791,22.78,-0.2387,-0.1882,0.0505,52.0,66.8,28.02,0.417,0.4926,0.01511,1,0,21.9,61.1,1,medium
CH110145,Chhattisgarh,11,23.24725,83.34476,467,0.4555,0.5937,0.1382,24.88,0.0466,0.041,-0.0056,152.3,149.0,-2.12,0.2814,0.2339,-0.0095,0,0,42.3,69.7,0,low
CH010146,Chhattisgarh,1,22.67419,84.34691,200,0.7744,1.2537,0.4793,54.82,-0.0497,-0.0455,0.0042,36.5,39.5,7.88,0.2636,0.2758,0.00245,0,0,15.8,97.1,0,low
CH160147,Chhattisgarh,16,23.21111,82.72008,5110,3.2562,4.893,1.6368,48.77,-0.0973,-0.0716,0.0257,67.9,83.4,22.43,0.5896,0.7392,0.02991,1,2,10.0,53.2,1,medium
CH100148,Chhattisgarh,10,21.44586,83.98853,2610,1.0999,1.5003,0.4005,33.38,0.1437,0.1625,0.0189,52.5,64.9,23.09,0.2071,0.2216,0.00291,1,2,22.1,94.5,0,low
CH050149,Chhattisgarh,5,22.3541,84.16447,1729,2.4318,3.1016,0.6698,26.46,0.0785,0.1118,0.0333,163.3,176.8,8.26,0.6972,0.7022,0.001,1,1,24.0,57.8,0,medium
AS200000,Assam,20,26.6327,89.71728,314,0.8889,1.3644,0.4755,48.08,-0.1448,-0.1448,0.0,42.7,42.7,0.03,0.5627,0.4745,-0.01765,1,1,41.4,91.5,0,low
AS210001,Assam,21,26.60168,91.22159,621,1.2306,1.3401,0.1095,8.23,-0.0519,-0.056,-0.004,79.7,77.6,-2.7,0.3205,0.2376,-0.01659,1,0,42.5,63.9,0,low
AS240002,Assam,24,25.89432,93.79305,332,2.4723,4.3034,1.8311,71.18,-0.1951,-0.1717,0.0234,69.6,86.9,24.54,0.5335,0.6009,0.01349,1,0,16.6,55.6,1,medium
AS170003,Assam,17,27.79807,95.18892,261,0.6452,0.7631,0.1178,15.81,0.026,0.0379,0.0119,69.3,74.4,7.28,0.6584,0.643,-0.00307,1,0,29.1,80.2,0,low
AS170004,Assam,17,25.78523,95.85392,345,0.5112,0.4468,-0.0645,-10.55,-0.1798,-0.1631,0.0168,58.2,68.6,17.46,0.4723,0.4208,-0.0103,0,0,55.8,74.9,0,low
AS210005,Assam,21,26.50791,91.26024,1131,2.4705,4.3032,1.8327,71.3,0.129,0.1633,0.0344,154.4,177.5,14.83,0.561,0.5823,0.00426,1,2,24.0,39.4,0,medium
AS060006,Assam,6,26.96024,92.53318,693,2.9435,4.839,1.8955,62.28,-0.1071,-0.0511,0.056,73.0,96.3,31.39,0.3839,0.3919,0.00161,1,1,25.9,40.3,1,medium
AS090007,Assam,9,27.81458,89.88089,298,0.6415,1.12,0.4785,64.53,0.0512,0.0477,-0.0036,75.7,74.5,-1.5,0.6369,0.6234,-0.0027,1,0,27.9,66.2,1,low
AS190008,Assam,19,26.43668,90.88487,832,3.276,4.2078,0.9318,27.6,-0.0691,-0.0462,0.0229,65.8,82.7,25.33,0.2578,0.3799,0.02442,1,2,16.0,33.7,0,medium
AS140009,Assam,14,28.04912,95.33253,483,0.9166,1.3293,0.4127,40.59,-0.0403,-0.033,0.0073,130.0,132.5,1.92,0.6123,0.5528,-0.0119,1,0,32.9,94.4,0,low
AS050010,Assam,5,25.61765,95.07777,880,0.72,1.1766,0.4566,55.69,0.0693,0.0623,-0.007,170.3,167.9,-1.4,0.2477,0.1695,-0.01563,0,0,15.7,82.5,0,low
AS020011,Assam,2,24.72749,95.06841,1417,0.8644,0.9969,0.1325,13.74,0.0467,0.0573,0.0105,136.8,143.6,4.92,0.5684,0.578,0.00192,1,0,57.5,72.1,0,low
AS060012,Assam,6,26.42219,91.40569,391,0.3786,0.6124,0.2338,48.85,0.076,0.0775,0.0015,89.7,90.7,1.1,0.3023,0.3421,0.00796,1,2,57.2,96.6,0,low
AS250013,Assam,25,25.17149,92.63299,835,0.637,1.0947,0.4577,62.1,-0.0777,-0.0853,-0.0076,62.7,59.5,-4.97,0.691,0.6495,-0.00831,1,2,38.2,68.8,0,low
AS180014,Assam,18,25.18609,95.43363,637,3.3257,4.4248,1.0991,32.08,-0.1348,-0.1077,0.027,48.9,62.4,27.02,0.5366,0.6683,0.02634,0,2,11.6,34.0,1,medium
AS010015,Assam,1,27.68843,91.0269,200,0.6398,0.649,0.0093,1.25,0.0636,0.0803,0.0167,112.4,119.4,6.2,0.279,0.3252,0.00924,1,1,49.0,81.2,0,low
AS230016,Assam,23,24.38533,93.85948,480,0.5504,0.9175,0.3671,56.45,0.1843,0.2001,0.0158,138.5,146.1,5.42,0.3272,0.3329,0.00114,0,0,57.3,71.8,1,low
AS030017,Assam,3,25.85385,95.53837,1256,2.4529,3.4865,1.0336,40.49,-0.2839,-0.2618,0.0221,31.7,46.9,46.45,0.2043,0.2121,0.00156,1,2,9.4,49.2,1,medium
AS020018,Assam,2,24.67957,91.58787,546,2.8489,4.4751,1.6262,55.15,-0.0536,-0.0324,0.0211,94.6,101.0,6.65,0.5639,0.6467,0.01656,0,2,12.5,56.5,1,medium
AS270019,Assam,27,24.21775,94.54046,2326,2.9582,4.43,1.4718,48.13,0.1045,0.1189,0.0144,83.9,91.6,9.16,0.6964,0.8335,0.02742,1,2,28.8,43.3,1,medium
AS270020,Assam,27,24.29342,92.50079,291,2.3198,4.0085,1.6888,69.79,-0.1114,-0.0556,0.0558,73.7,89.3,20.87,0.2494,0.2646,0.00304,1,2,20.8,62.8,1,medium
AS150021,Assam,15,25.80349,92.92631,1471,0.8608,1.2571,0.3963,41.25,-0.1812,-0.1723,0.0089,28.2,30.6,8.16,0.3338,0.3244,-0.00188,0,0,22.8,87.1,1,low
AS220022,Assam,22,27.37122,91.22133,684,0.6851,0.648,-0.0371,-4.72,-0.2094,-0.2126,-0.0032,23.4,22.4,-4.01,0.6011,0.6402,0.00783,1,2,40.5,93.0,0,low
AS080023,Assam,8,27.24839,94.59991,980,0.4395,0.4828,0.0432,8.01,0.0847,0.0818,-0.0029,123.9,122.5,-1.19,0.3776,0.3856,0.00161,1,0,29.5,98.7,0,low
AS080024,Assam,8,24.62779,94.89729,625,0.6811,1.0125,0.3314,42.43,0.1449,0.144,-0.0009,112.1,111.6,-0.39,0.4672,0.4108,-0.01129,1,0,23.4,65.5,1,low
AS130025,Assam,13,24.86435,90.02566,1821,2.7165,3.862,1.1454,40.67,-0.2711,-0.219,0.0521,59.8,86.2,43.52,0.3308,0.4021,0.01426,1,2,29.9,45.6,0,medium
AS150026,Assam,15,25.84063,91.41002,552,0.6589,0.9317,0.2728,35.95,-0.2428,-0.247,-0.0042,23.9,21.2,-10.98,0.2017,0.1097,-0.01841,1,2,26.2,98.7,0,low
AS090027,Assam,9,26.05313,95.66764,355,1.1428,1.1883,0.0455,3.66,0.0659,0.0758,0.01,62.4,65.8,5.34,0.604,0.5444,-0.01192,1,0,49.9,94.8,1,low
AS050028,Assam,5,24.22467,94.89702,2345,2.8402,4.2839,1.4437,49.1,-0.0498,-0.0102,0.0396,108.9,123.4,13.17,0.285,0.3885,0.02069,1,2,8.9,40.4,0,medium
AS210029,Assam,21,26.93653,90.50996,360,1.2755,1.2998,0.0243,1.77,-0.2356,-0.2262,0.0093,64.5,67.0,3.73,0.3851,0.3076,-0.0155,1,0,55.1,68.8,0,low
AS270030,Assam,27,25.18525,91.60014,736,3.2566,3.6791,0.4225,12.59,-0.0164,0.0115,0.028,105.3,123.5,17.13,0.4565,0.5477,0.01825,1,0,26.8,39.5,1,medium
AS030031,Assam,3,27.55192,94.92913,771,0.6044,0.7488,0.1444,20.5,0.1884,0.1968,0.0084,87.0,92.6,6.33,0.3095,0.2539,-0.01113,1,0,43.9,82.3,1,low
AS100032,Assam,10,26.15041,89.98917,681,0.8319,0.7421,-0.0898,-9.63,-0.2745,-0.2786,-0.0041,66.5,64.0,-3.69,0.6042,0.5533,-0.01018,0,0,24.1,92.7,0,low
AS110033,Assam,11,25.73747,94.69855,2653,0.8691,0.9849,0.1158,11.94,-0.2059,-0.1963,0.0097,78.4,83.2,6.09,0.3284,0.3224,-0.0012,1,2,30.5,59.0,1,low
AS050034,Assam,5,24.76861,94.19172,619,3.6238,5.3314,1.7077,45.86,-0.2272,-0.1795,0.0477,70.9,83.1,17.01,0.3893,0.521,0.02634,1,1,11.0,42.1,1,medium
AS220035,Assam,22,25.69528,95.38477,287,0.6506,1.1274,0.4768,63.52,-0.064,-0.0449,0.0191,129.0,142.6,10.49,0.2591,0.1762,-0.01659,1,0,47.7,64.3,0,low
AS170036,Assam,17,24.55793,90.37711,1459,3.3187,5.2608,1.9421,56.81,0.156,0.1841,0.028,98.3,113.2,15.0,0.6966,0.7957,0.01982,0,1,25.0,56.8,1,medium
AS030037,Assam,3,25.53006,93.4895,1972,3.3769,3.7005,0.3236,9.31,0.1276,0.1387,0.0111,88.7,93.1,4.87,0.2061,0.2702,0.01282,0,2,19.0,62.0,1,medium
AS220038,Assam,22,28.08713,90.63586,3163,2.8753,3.3776,0.5023,16.88,-0.1791,-0.1335,0.0456,73.0,104.3,42.25,0.5447,0.6052,0.01209,1,2,24.5,32.3,1,medium
AS150039,Assam,15,27.85442,90.64152,508,0.6796,0.6946,0.0151,1.93,-0.1173,-0.1229,-0.0056,54.3,51.4,-5.32,0.2098,0.2174,0.00152,0,0,44.3,59.9,1,low
AS060040,Assam,6,27.75418,95.60899,2224,0.5708,0.763,0.1922,28.66,-0.075,-0.0676,0.0074,66.7,69.4,3.89,0.5335,0.5535,0.00401,1,1,37.7,76.8,0,low
AS220041,Assam,22,25.38862,91.4416,438,0.7584,1.0415,0.2831,32.98,0.0103,0.0136,0.0034,141.8,143.8,1.36,0.5621,0.5701,0.0016,1,0,16.3,93.1,0,low
AS270042,Assam,27,27.20818,94.03812,201,0.5598,0.9567,0.3969,60.15,-0.1604,-0.1573,0.0031,101.7,103.0,1.33,0.5517,0.5631,0.00229,1,0,55.3,59.2,0,low
AS050043,Assam,5,27.49028,90.9371,616,2.6248,4.5939,1.9691,72.27,0.1484,0.1644,0.016,123.8,134.3,8.41,0.631,0.7124,0.01628,1,1,9.7,31.9,1,medium
AS120044,Assam,12,25.72459,95.27739,811,3.3756,4.0428,0.6671,19.2,-0.0469,-0.0245,0.0224,65.6,75.1,14.21,0.2625,0.3687,0.02125,1,1,16.6,33.4,1,medium
AS060045,Assam,6,25.87569,92.96375,536,1.1771,1.5285,0.3513,27.51,-0.0781,-0.079,-0.0009,57.3,56.9,-0.65,0.4382,0.4832,0.00898,0,2,43.0,62.2,1,low
AS050046,Assam,5,27.39434,93.89481,535,0.6715,0.9583,0.2869,37.18,0.136,0.1433,0.0073,90.8,94.2,3.62,0.5202,0.4781,-0.00842,0,1,34.1,88.5,1,low
AS160047,Assam,16,24.17515,90.70905,896,2.6749,3.8962,1.2213,44.01,-0.1863,-0.1503,0.036,73.0,94.3,28.81,0.6016,0.7099,0.02167,1,2,17.4,42.5,1,medium
AS110048,Assam,11,26.73121,95.38983,2154,0.7883,1.1302,0.3419,38.49,-0.2277,-0.2224,0.0053,28.7,30.2,5.13,0.3205,0.3129,-0.00151,1,2,29.7,66.3,0,low
AS260049,Assam,26,27.3445,94.79547,434,0.7037,0.7108,0.007,0.87,-0.0144,-0.0137,0.0007,103.8,104.3,0.47,0.6716,0.5821,-0.01789,1,0,31.5,77.9,0,low
AS170050,Assam,17,25.93526,92.97995,3719,9.5824,19.7605,10.178,105.12,0.0638,0.1921,0.1283,110.4,143.4,29.56,0.2154,0.3559,0.0281,1,2,17.1,33.4,1,high
AS130051,Assam,13,25.26675,90.71702,1657,0.9936,1.4488,0.4552,41.62,0.1274,0.1297,0.0023,57.7,58.9,1.99,0.6744,0.6747,7e-05,0,1,36.2,95.0,1,low
AS060052,Assam,6,25.50633,94.73489,200,1.6418,1.6399,-0.0018,-0.1,-0.0998,-0.0853,0.0144,40.4,50.2,23.62,0.6138,0.5641,-0.00994,1,1,47.4,90.7,0,low
AS140053,Assam,14,24.45296,93.96398,377,0.5569,0.8554,0.2985,45.43,-0.2587,-0.2622,-0.0035,34.8,33.5,-3.52,0.6102,0.6395,0.00586,0,2,47.6,59.7,0,low
AS160054,Assam,16,26.2458,91.30129,991,1.8611,2.0019,0.1408,7.18,0.1201,0.1312,0.0111,105.2,113.0,7.28,0.2462,0.2327,-0.0027,0,2,29.5,95.3,0,low
AS140055,Assam,14,25.75743,90.46235,814,0.7136,1.0609,0.3474,42.7,-0.1751,-0.157,0.0181,90.2,101.0,11.88,0.2968,0.2529,-0.00878,0,0,23.2,61.1,0,low
AS230056,Assam,23,26.89069,95.3625,4046,0.517,0.7639,0.2468,40.0,-0.2626,-0.2483,0.0142,59.3,68.9,15.91,0.3223,0.359,0.00735,0,2,24.1,80.9,0,low
AS180057,Assam,18,24.33933,92.39271,981,2.5198,3.7914,1.2716,48.54,0.1424,0.1729,0.0305,119.3,139.9,17.07,0.3747,0.3921,0.00349,1,2,16.1,63.2,1,medium
AS060058,Assam,6,28.13895,94.07158,561,1.2406,1.5985,0.3579,26.69,-0.0661,-0.0575,0.0086,67.0,69.4,3.52,0.5605,0.5335,-0.00541,0,0,31.0,56.6,0,low
AS060059,Assam,6,26.97366,90.23107,1115,2.4966,3.7318,1.2353,47.57,0.0041,0.0141,0.0101,108.5,112.7,3.89,0.3963,0.5107,0.02287,0,2,29.8,48.8,1,medium
AS130060,Assam,13,26.64798,92.94357,1981,0.7413,1.1171,0.3758,44.67,-0.2602,-0.2545,0.0057,25.3,29.1,14.48,0.3734,0.2853,-0.01763,1,2,40.3,58.0,0,low
AS100061,Assam,10,26.54006,92.23,620,0.7169,0.9486,0.2317,28.36,0.0927,0.1071,0.0144,110.8,115.5,4.25,0.5721,0.5107,-0.01228,0,2,32.3,88.6,0,low
AS160062,Assam,16,26.07347,92.14586,238,2.1081,3.4978,1.3897,62.94,0.108,0.1544,0.0464,181.2,210.6,16.15,0.5795,0.5818,0.00046,1,2,28.4,31.9,1,medium
AS080063,Assam,8,25.18455,93.78324,1398,3.2095,4.5417,1.3321,40.25,-0.1463,-0.1027,0.0436,74.1,102.3,37.55,0.389,0.4065,0.0035,0,0,11.6,44.3,0,medium
AS070064,Assam,7,26.24844,90.12879,1851,3.3907,3.6931,0.3024,8.66,-0.0308,0.0087,0.0395,67.8,79.8,17.36,0.6616,0.7528,0.01824,1,2,9.1,57.1,1,medium
AS040065,Assam,4,26.22653,92.78454,517,0.8692,1.0444,0.1752,18.07,0.0853,0.0836,-0.0017,116.3,115.1,-1.01,0.5147,0.4441,-0.0141,1,2,42.0,70.9,0,low
AS230066,Assam,23,24.35524,91.14661,1146,8.1832,17.747,9.5638,115.46,0.0391,0.1931,0.154,53.4,103.7,92.54,0.3511,0.5077,0.03132,1,2,2.6,38.3,1,high
AS010067,Assam,1,25.41963,94.89068,283,2.3439,3.1756,0.8317,34.03,-0.2625,-0.2486,0.0139,68.1,76.3,11.86,0.53,0.5616,0.00633,1,0,12.2,42.1,1,medium
AS040068,Assam,4,24.47651,91.32477,742,8.2221,16.0063,7.7842,93.54,-0.1299,-0.0099,0.12,73.9,110.5,48.8,0.6008,0.8651,0.05286,1,2,12.1,33.6,1,high
AS040069,Assam,4,27.14405,91.40631,1341,1.0104,1.1962,0.1857,16.73,0.1944,0.2074,0.0129,121.2,126.1,4.04,0.3488,0.3704,0.00432,0,2,48.7,61.2,1,low
AS100070,Assam,10,24.93687,93.66602,356,0.937,1.4008,0.4638,44.72,-0.2381,-0.2245,0.0136,30.9,38.3,23.16,0.666,0.6216,-0.00888,1,1,17.9,59.5,0,low
AS030071,Assam,3,28.01415,94.4336,622,0.777,1.1054,0.3283,37.44,-0.2834,-0.2699,0.0135,43.0,50.6,17.13,0.6131,0.6494,0.00726,1,0,56.9,92.3,0,low
AS040072,Assam,4,25.75326,91.89163,1446,8.6531,11.9573,3.3042,37.75,-0.2322,-0.1434,0.0888,30.7,92.2,194.03,0.3344,0.5881,0.05075,1,2,5.4,40.2,1,high
AS170073,Assam,17,24.15551,90.00751,1750,0.6128,0.8886,0.2758,38.69,-0.1232,-0.11,0.0132,72.4,79.0,9.0,0.6675,0.7062,0.00774,1,1,59.5,56.8,0,low
AS180074,Assam,18,26.20542,95.01777,338,0.4719,0.6923,0.2205,38.55,-0.2412,-0.2248,0.0164,31.5,38.1,20.14,0.2256,0.2226,-0.0006,1,0,41.4,80.6,0,low
AS220075,Assam,22,25.0357,91.25694,443,0.8612,0.8659,0.0047,0.49,-0.2739,-0.255,0.0189,25.8,30.8,18.95,0.5061,0.5201,0.00281,1,0,39.2,62.2,0,low
AS090076,Assam,9,26.1724,90.98803,1514,0.4758,0.3853,-0.0904,-15.71,-0.0196,-0.0051,0.0145,75.7,84.7,11.71,0.4176,0.3623,-0.01105,1,0,53.7,95.3,1,low
AS060077,Assam,6,27.71249,92.18068,2309,0.4977,0.7395,0.2418,40.46,-0.0513,-0.0397,0.0116,35.1,41.8,18.33,0.6841,0.595,-0.01783,0,1,33.0,96.9,0,low
AS070078,Assam,7,24.47895,95.97948,489,2.5186,4.4093,1.8907,72.2,-0.023,0.0258,0.0488,79.4,112.0,40.65,0.5977,0.7303,0.02653,1,2,18.6,43.1,0,medium
AS020079,Assam,2,27.31291,92.54151,479,0.8705,1.0321,0.1616,16.65,-0.1404,-0.129,0.0114,107.9,113.9,5.6,0.5363,0.4901,-0.00926,0,0,32.4,57.0,0,low
AS260080,Assam,26,26.82341,93.4584,639,3.9236,4.2384,0.3148,7.82,-0.1523,-0.0949,0.0575,88.0,112.1,27.17,0.3424,0.3889,0.00931,1,1,15.9,64.1,1,medium
AS070081,Assam,7,25.09173,91.63951,2594,0.9712,1.0754,0.1042,9.72,0.0484,0.0576,0.0093,99.2,101.8,2.58,0.3502,0.3554,0.00104,1,1,48.6,87.8,0,low
AS030082,Assam,3,25.12302,90.05842,725,0.5694,0.5856,0.0162,2.42,0.1834,0.1739,-0.0095,59.6,57.2,-4.0,0.4532,0.431,-0.00443,1,0,26.0,97.2,1,low
AS080083,Assam,8,27.18738,92.46013,300,1.2774,1.5092,0.2319,16.83,-0.1738,-0.1684,0.0054,48.4,50.9,5.23,0.3959,0.3411,-0.01097,0,0,41.5,95.8,0,low
AS280084,Assam,28,26.50941,92.2539,430,0.7984,1.0238,0.2254,25.08,-0.1211,-0.1082,0.0129,113.4,121.9,7.47,0.5424,0.4501,-0.01846,1,0,35.8,81.6,1,low
AS060085,Assam,6,24.86516,93.80901,763,0.7155,0.6829,-0.0326,-4.0,0.0329,0.0315,-0.0014,115.6,114.6,-0.84,0.2842,0.306,0.00436,0,1,49.8,90.8,0,low
AS150086,Assam,15,25.2084,92.46131,343,1.2061,1.39,0.1839,14.08,-0.1381,-0.1443,-0.0061,64.5,60.0,-6.89,0.4256,0.3959,-0.00594,0,1,52.9,99.0,1,low
AS060087,Assam,6,27.30303,92.12878,1848,9.8866,13.6257,3.7392,37.44,-0.2125,-0.0423,0.1702,39.1,129.0,224.45,0.3708,0.6303,0.0519,1,2,16.8,33.3,1,high
AS080088,Assam,8,25.74236,92.75644,200,0.5776,1.0504,0.4728,69.78,-0.0627,-0.049,0.0137,75.1,84.2,12.03,0.2625,0.2952,0.00653,1,0,18.6,59.2,1,low
AS020089,Assam,2,27.31834,92.22729,890,0.5683,0.7255,0.1571,23.51,0.1156,0.1177,0.0021,149.1,150.3,0.82,0.4778,0.3993,-0.0157,1,2,29.4,84.0,0,low
AS280090,Assam,28,25.41978,93.30028,579,2.993,4.1093,1.1164,36.09,-0.157,-0.1209,0.0361,48.1,71.6,47.81,0.3499,0.4615,0.02232,1,2,19.7,52.9,1,medium
AS030091,Assam,3,25.57253,91.43904,1139,0.5668,1.0414,0.4746,71.17,-0.0208,-0.0167,0.0041,142.9,145.1,1.49,0.5494,0.5993,0.00997,1,0,41.6,60.0,0,low
AS250092,Assam,25,25.00564,95.40952,443,0.7916,1.073,0.2814,31.57,0.0647,0.0687,0.004,116.3,119.0,2.3,0.2137,0.1688,-0.00898,1,0,27.6,98.6,0,low
AS150093,Assam,15,25.93328,91.29361,200,0.9992,1.1755,0.1764,16.05,0.1717,0.1896,0.0179,89.6,96.1,7.17,0.2829,0.2878,0.00099,1,1,44.0,89.0,0,low
AS050094,Assam,5,24.56246,89.99489,606,0.6741,0.9711,0.297,38.37,0.0289,0.0482,0.0193,84.4,90.1,6.7,0.5488,0.5928,0.0088,1,2,21.6,64.1,1,low
AS240095,Assam,24,27.35034,95.22736,553,3.6,5.1572,1.5572,42.09,0.1387,0.169,0.0303,132.0,148.4,12.34,0.4994,0.5052,0.00115,1,2,14.0,44.3,0,medium
AS070096,Assam,7,27.32785,94.18217,761,2.0524,2.4211,0.3687,17.13,0.1553,0.1769,0.0216,139.3,155.1,11.21,0.2893,0.3611,0.01435,1,2,20.2,69.9,1,medium
AS290097,Assam,29,27.18066,91.81953,1085,0.4199,0.4649,0.045,8.65,0.0714,0.0721,0.0008,104.6,105.0,0.37,0.255,0.1721,-0.01659,1,0,20.0,82.6,0,low
AS230098,Assam,23,26.64871,93.60363,2826,2.5077,3.1787,0.671,25.73,-0.2939,-0.2698,0.0241,18.2,28.8,55.05,0.2568,0.3367,0.016,0,2,12.3,55.7,1,medium
AS260099,Assam,26,24.93265,94.06374,998,0.369,0.6807,0.3117,66.45,-0.255,-0.2351,0.0199,22.0,35.4,58.06,0.6839,0.5886,-0.01908,0,1,21.2,85.8,1,low
KE230000,Kerala,23,10.77369,76.49057,1529,9.3661,14.0747,4.7086,49.74,0.0846,0.1567,0.0721,108.3,138.5,27.6,0.2117,0.395,0.03666,1,2,3.7,34.0,1,high
KE280001,Kerala,28,9.95021,76.76308,200,0.4639,0.373,-0.091,-16.13,0.1357,0.1496,0.014,164.2,170.3,3.71,0.2336,0.2014,-0.00643,0,0,52.0,57.4,0,low
KE040002,Kerala,4,11.48435,76.89415,3877,10.9495,13.5802,2.6307,23.81,0.0106,0.1027,0.0921,122.7,160.5,30.58,0.3547,0.612,0.05145,1,1,11.5,13.6,1,high
KE180003,Kerala,18,12.23849,76.43083,5744,0.8214,1.1326,0.3112,33.78,-0.1471,-0.1451,0.002,85.1,86.4,1.52,0.6138,0.6607,0.00938,1,1,49.0,84.8,0,low
KE150004,Kerala,15,12.11778,76.8061,1106,3.0938,4.374,1.2802,40.08,0.1512,0.1631,0.0119,77.4,80.8,4.34,0.3522,0.4884,0.02724,1,1,14.5,46.9,1,medium
KE230005,Kerala,23,9.00527,76.20822,633,1.0677,1.312,0.2443,20.92,-0.0347,-0.0369,-0.0022,57.5,56.2,-2.24,0.6431,0.608,-0.00702,0,0,40.9,91.7,0,low
KE280006,Kerala,28,9.00452,76.48669,386,0.6335,0.9884,0.3549,48.38,0.1756,0.1847,0.0092,143.2,146.1,1.96,0.6821,0.6684,-0.00274,1,2,44.8,55.2,0,low
KE110007,Kerala,11,10.21103,76.80592,1375,1.2131,1.6982,0.4852,36.95,0.1003,0.1089,0.0086,99.5,105.1,5.55,0.6831,0.619,-0.01281,1,0,49.9,56.2,0,low
KE230008,Kerala,23,11.67791,76.33986,1373,0.5439,0.4488,-0.0951,-14.77,-0.2411,-0.2355,0.0057,73.0,75.8,3.76,0.456,0.4869,0.00617,0,1,39.5,97.1,1,low
KE220009,Kerala,22,9.85354,77.34768,713,2.637,3.6285,0.9914,36.22,0.0259,0.0542,0.0283,43.3,52.5,20.81,0.2419,0.2623,0.00408,1,2,19.8,36.3,1,medium
KE290010,Kerala,29,10.48834,77.04553,1242,1.0782,1.1833,0.1051,8.92,0.0931,0.089,-0.0041,103.1,100.2,-2.79,0.3216,0.3381,0.00331,1,0,17.7,67.1,0,low
KE250011,Kerala,25,11.82212,76.37739,520,0.8048,0.9007,0.0958,10.59,-0.1943,-0.182,0.0123,28.6,33.0,15.0,0.209,0.1236,-0.01707,0,2,57.2,64.4,1,low
KE140012,Kerala,14,12.25755,77.11271,523,3.0168,3.5834,0.5665,18.18,-0.1786,-0.1638,0.0148,36.0,40.5,11.98,0.4774,0.6056,0.02564,1,2,12.2,65.4,1,medium
KE150013,Kerala,15,12.49423,76.4106,4083,3.2705,5.2346,1.9641,58.27,-0.2493,-0.1928,0.0564,52.0,74.6,42.7,0.4876,0.5923,0.02093,1,0,11.7,48.3,1,medium
KE230014,Kerala,23,12.36353,76.89244,306,0.4263,0.9194,0.4931,93.7,0.0271,0.0279,0.0007,143.0,143.4,0.26,0.4652,0.4834,0.00365,0,0,27.8,73.8,0,low
KE010015,Kerala,1,9.69374,77.22385,200,0.4874,0.8198,0.3324,56.6,-0.1427,-0.1342,0.0084,57.4,59.7,3.95,0.584,0.5226,-0.01229,0,0,16.2,73.3,1,low
KE290016,Kerala,29,9.51098,76.89912,2219,2.0862,2.607,0.5208,23.82,-0.1088,-0.0774,0.0314,38.9,54.4,38.84,0.4138,0.5634,0.02991,1,1,18.7,32.8,1,medium
KE030017,Kerala,3,8.97102,76.85221,3171,2.4762,3.3217,0.8455,32.82,0.1405,0.1794,0.0389,88.5,114.5,29.04,0.3471,0.3986,0.01029,1,0,19.7,39.7,1,medium
KE130018,Kerala,13,12.02227,76.61775,495,0.5591,0.5841,0.025,3.79,0.1571,0.1738,0.0166,76.4,82.2,7.42,0.2115,0.1146,-0.01937,1,1,44.3,59.6,1,low
KE070019,Kerala,7,10.57344,76.38231,1238,1.3723,1.3576,-0.0147,-1.0,-0.1497,-0.1466,0.0032,63.9,64.7,1.27,0.3866,0.3869,5e-05,0,1,25.8,73.0,1,low
KE180020,Kerala,18,10.73929,76.22001,1207,0.4127,0.4214,0.0087,1.71,-0.02,-0.004,0.016,88.9,96.3,8.27,0.4204,0.4128,-0.00152,1,0,31.8,70.7,1,low
KE180021,Kerala,18,10.75156,77.28525,970,0.7619,1.1034,0.3415,39.62,0.0088,0.0115,0.0026,144.8,145.5,0.5,0.4461,0.3751,-0.01419,0,0,39.5,77.2,0,low
KE210022,Kerala,21,10.28153,77.36114,1369,0.6085,0.7846,0.1761,24.85,-0.2745,-0.2719,0.0026,65.2,66.3,1.7,0.2361,0.235,-0.00022,1,1,26.8,74.7,0,low
KE140023,Kerala,14,11.37695,76.31737,1850,1.1264,1.0281,-0.0983,-8.02,0.1438,0.1352,-0.0086,61.7,56.1,-8.85,0.5541,0.4774,-0.01535,0,0,15.6,82.8,0,low
KE240024,Kerala,24,11.95534,76.76979,326,0.5797,0.8962,0.3165,46.56,-0.0045,-0.0098,-0.0053,62.0,59.2,-4.52,0.2935,0.2911,-0.00048,0,0,44.6,76.8,0,low
KE080025,Kerala,8,10.88469,76.34853,1053,0.8727,1.207,0.3343,34.37,-0.0858,-0.072,0.0138,65.2,74.5,14.11,0.6139,0.5395,-0.01486,1,0,31.6,81.3,0,low
KE190026,Kerala,19,11.20811,76.71826,663,0.5553,0.7873,0.232,35.41,-0.0885,-0.08,0.0085,102.4,104.7,2.25,0.6655,0.6476,-0.00358,1,0,42.0,86.1,0,low
KE060027,Kerala,6,10.95745,77.08987,912,3.5276,4.9565,1.4289,39.39,0.0448,0.1029,0.0581,75.9,106.1,39.2,0.3735,0.391,0.00349,1,1,20.2,55.7,1,medium
KE270028,Kerala,27,10.92545,76.786,320,0.7648,1.0757,0.3109,35.95,0.1223,0.126,0.0037,86.8,89.3,2.85,0.2924,0.3126,0.00404,1,2,39.8,92.6,1,low
KE050029,Kerala,5,10.8768,76.13437,3930,3.283,4.4344,1.1514,34.03,0.0195,0.0769,0.0574,68.4,109.9,59.92,0.6308,0.7215,0.01813,1,2,11.7,60.2,1,medium
KE260030,Kerala,26,9.90865,77.14651,538,0.5321,0.8893,0.3572,56.51,-0.0036,0.0004,0.004,142.3,144.7,1.69,0.5985,0.5553,-0.00864,1,1,30.0,87.3,0,low
KE200031,Kerala,20,11.78874,76.38941,872,1.6522,1.6102,-0.042,-2.4,-0.1577,-0.1389,0.0187,60.6,67.1,10.63,0.4248,0.4184,-0.00129,1,1,59.5,60.9,0,low
KE130032,Kerala,13,10.37931,76.58494,720,1.1104,1.2102,0.0998,8.24,-0.0366,-0.0279,0.0087,63.2,67.7,6.95,0.3716,0.3693,-0.00047,0,1,25.8,76.5,0,low
KE260033,Kerala,26,11.11885,76.13102,712,1.0421,1.2075,0.1654,14.48,-0.0279,-0.0354,-0.0075,118.9,116.7,-1.88,0.3214,0.2653,-0.01123,1,0,32.4,59.4,0,low
KE210034,Kerala,21,10.80703,76.77681,200,1.4491,1.6942,0.2451,15.83,-0.0121,-0.0139,-0.0018,47.5,46.8,-1.41,0.654,0.6252,-0.00575,0,1,16.9,67.0,1,low
KE090035,Kerala,9,8.50367,76.42506,212,0.6158,0.5873,-0.0284,-3.97,0.0708,0.0795,0.0087,147.4,150.5,2.08,0.3869,0.3165,-0.01407,1,0,47.6,79.6,0,low
KE250036,Kerala,25,12.08683,76.11407,940,2.4949,3.1122,0.6173,23.79,0.1573,0.2093,0.052,53.9,81.2,49.71,0.3816,0.4589,0.01546,1,2,28.0,54.9,0,medium
KE010037,Kerala,1,9.47558,76.81183,232,2.7329,3.1406,0.4077,14.39,0.1034,0.1345,0.031,116.6,129.3,10.76,0.6651,0.7249,0.01196,0,1,11.5,62.3,1,medium
KE250038,Kerala,25,11.33414,76.31755,2786,2.6842,3.5405,0.8563,30.75,-0.0652,-0.0145,0.0507,65.6,91.6,39.2,0.4985,0.5323,0.00676,1,1,26.5,30.7,1,medium
KE030039,Kerala,3,9.72872,76.48068,975,1.4331,1.5313,0.0982,6.41,-0.2202,-0.2031,0.0171,83.0,95.7,15.11,0.4119,0.4461,0.00685,1,0,46.0,74.0,0,low
KE120040,Kerala,12,12.41069,77.30666,1154,0.5557,0.6744,0.1186,18.09,-0.1571,-0.144,0.0131,97.5,106.5,9.07,0.2161,0.1591,-0.0114,1,2,23.1,67.4,0,low
KE020041,Kerala,2,9.5672,77.01114,683,0.5168,0.878,0.3612,58.55,0.1063,0.1151,0.0088,175.1,179.1,2.31,0.4639,0.3667,-0.01944,1,0,21.9,78.5,0,low
KE060042,Kerala,6,9.88918,76.09951,1059,2.4643,4.2727,1.8085,70.53,-0.2752,-0.2356,0.0396,55.8,77.6,38.4,0.2378,0.3394,0.02031,1,2,28.7,40.3,1,medium
KE230043,Kerala,23,9.2803,77.08767,1305,3.2525,5.021,1.7685,52.75,-0.1681,-0.1228,0.0453,84.3,109.1,29.08,0.6881,0.7416,0.01071,1,1,25.3,46.6,1,medium
KE170044,Kerala,17,11.61168,77.30223,3150,10.3984,14.6994,4.301,40.97,-0.1263,0.0405,0.1668,109.9,169.3,53.55,0.3318,0.5518,0.044,1,2,17.6,14.5,0,high
KE270045,Kerala,27,12.21821,76.56901,384,0.6006,0.5981,-0.0025,-0.36,0.0484,0.0508,0.0024,58.2,59.6,2.44,0.6591,0.5731,-0.0172,0,0,29.8,56.3,1,low
KE280046,Kerala,28,11.36641,77.33665,6577,3.0343,3.9482,0.9139,29.16,-0.2191,-0.179,0.0402,53.6,71.3,32.46,0.6137,0.7349,0.02424,1,2,20.5,55.3,1,medium
KE240047,Kerala,24,12.4814,76.38664,1083,0.9544,1.2601,0.3057,28.99,0.0874,0.0961,0.0086,93.5,98.8,5.59,0.6494,0.5649,-0.01688,0,0,25.3,87.9,0,low
KE090048,Kerala,9,8.66833,77.19082,1546,5.9191,16.8613,10.9422,181.79,0.0762,0.1342,0.0579,152.2,191.8,25.88,0.494,0.6662,0.03446,1,2,16.0,44.7,1,high
KE080049,Kerala,8,10.10833,76.08696,921,2.9254,3.8026,0.8771,28.99,-0.1589,-0.1004,0.0585,91.9,117.7,27.77,0.2787,0.319,0.00805,1,1,11.1,53.3,1,medium
KE270050,Kerala,27,10.48742,76.23515,1634,0.8571,1.3564,0.4993,52.17,0.017,0.027,0.01,149.7,152.8,2.05,0.6166,0.6577,0.00821,0,1,32.0,58.0,0,low
KE280051,Kerala,28,12.20506,77.33743,1993,2.5912,3.8824,1.2912,47.98,0.1054,0.1334,0.0279,100.4,117.1,16.54,0.6121,0.701,0.01777,1,0,25.6,50.9,1,medium
KE090052,Kerala,9,12.41319,76.76143,200,0.5653,0.8453,0.28,42.08,-0.0027,-0.0122,-0.0095,113.2,109.0,-3.69,0.393,0.3711,-0.00437,0,1,54.2,68.5,0,low
KE060053,Kerala,6,10.51159,77.25097,1410,10.3481,14.3125,3.9644,37.94,0.0185,0.0849,0.0664,121.8,144.1,18.15,0.4138,0.6702,0.05128,1,1,5.6,42.3,1,high
KE280054,Kerala,28,9.2141,76.29253,1254,1.0647,0.9951,-0.0696,-5.97,-0.0298,-0.0164,0.0134,86.5,93.4,7.85,0.3043,0.3171,0.00255,0,2,51.4,69.7,1,low
KE150055,Kerala,15,8.61372,76.35209,839,0.5762,0.7449,0.1687,24.95,0.1037,0.0987,-0.0049,105.8,104.3,-1.39,0.6992,0.7352,0.00719,0,0,21.9,94.1,1,low
KE080056,Kerala,8,12.27348,76.35211,328,3.1396,4.903,1.7634,54.43,-0.0575,-0.0143,0.0431,107.2,133.4,24.13,0.2559,0.2662,0.00206,1,1,19.2,61.2,0,medium
KE280057,Kerala,28,9.2762,76.16302,725,0.5523,0.8168,0.2645,40.55,-0.2242,-0.2264,-0.0022,29.5,28.1,-4.47,0.2677,0.2174,-0.01005,0,1,57.9,89.3,0,low
KE040058,Kerala,4,9.65041,77.08426,1005,0.6549,0.5885,-0.0664,-8.8,0.0334,0.0436,0.0102,43.4,49.8,14.52,0.5221,0.4715,-0.01011,1,0,57.6,92.0,0,low
KE200059,Kerala,20,11.67299,76.02523,1766,0.6388,0.9374,0.2986,40.41,-0.0133,-0.0227,-0.0094,43.4,40.1,-7.41,0.6814,0.6396,-0.00834,0,2,15.5,88.1,0,low
KE110060,Kerala,11,9.0696,77.1771,461,0.3839,0.867,0.4831,99.84,0.1359,0.1528,0.0168,160.5,166.4,3.68,0.675,0.7181,0.00861,1,0,41.1,74.9,1,low
KE290061,Kerala,29,11.05582,76.79337,661,0.903,1.3922,0.4892,48.77,-0.021,-0.0085,0.0124,66.6,71.5,7.34,0.2402,0.2292,-0.00218,0,2,28.4,95.6,0,low
KE030062,Kerala,3,11.11692,76.01554,1686,0.8518,1.1654,0.3136,32.94,-0.0854,-0.0923,-0.0069,96.6,94.4,-2.2,0.4257,0.3461,-0.01592,1,0,23.6,78.5,1,low
KE290063,Kerala,29,9.81198,76.64921,1989,1.0058,1.3923,0.3866,34.96,0.1672,0.1849,0.0177,179.6,185.1,3.02,0.3396,0.3413,0.00034,0,0,36.3,90.9,0,low
KE040064,Kerala,4,10.39573,76.14648,637,0.6306,0.7292,0.0986,13.5,0.1682,0.1634,-0.0048,146.5,143.6,-2.0,0.454,0.4662,0.00244,1,1,51.2,65.0,0,low
KE250065,Kerala,25,10.16902,77.20933,1373,0.3908,0.4139,0.0231,4.7,-0.0253,-0.0257,-0.0004,100.2,100.0,-0.22,0.2542,0.2161,-0.00761,1,0,41.9,80.1,1,low
KE170066,Kerala,17,9.92607,76.19969,1716,0.9141,1.3623,0.4482,44.19,0.1832,0.1826,-0.0006,82.8,82.6,-0.19,0.6579,0.6448,-0.00262,0,2,41.8,83.0,0,low
KE240067,Kerala,24,12.29107,77.35411,823,2.458,2.9452,0.4872,19.05,-0.0516,-0.0325,0.0191,99.8,107.7,7.75,0.2431,0.2563,0.00265,1,0,22.8,46.5,1,medium
KE180068,Kerala,18,10.01816,76.5727,614,0.7117,1.0207,0.309,38.07,0.1757,0.1773,0.0015,165.3,166.1,0.54,0.54,0.583,0.0086,0,0,52.4,70.5,0,low
KE240069,Kerala,24,11.00507,77.34787,547,2.0181,3.1132,1.095,51.7,-0.0973,-0.0663,0.031,38.9,52.1,33.05,0.3529,0.4937,0.02816,1,2,29.0,69.4,1,medium
KE200070,Kerala,20,11.04491,76.43319,577,0.8629,1.2203,0.3574,37.12,0.0248,0.0374,0.0125,104.4,110.2,5.54,0.2533,0.216,-0.00745,1,1,59.5,81.8,0,low
KE270071,Kerala,27,11.53982,77.11434,787,4.024,4.4714,0.4474,10.85,-0.2387,-0.2049,0.0338,58.1,69.2,18.75,0.4255,0.5418,0.02326,1,1,29.6,47.0,1,medium
KE150072,Kerala,15,10.55421,77.19772,2327,3.0245,4.0668,1.0423,33.36,-0.1194,-0.0692,0.0502,29.8,48.0,59.28,0.3708,0.4774,0.02133,1,1,25.4,30.9,1,medium
KE280073,Kerala,28,9.0004,76.85379,417,1.0989,1.3064,0.2074,17.3,0.1709,0.1805,0.0096,79.9,84.1,5.27,0.6759,0.6905,0.00292,0,1,24.3,84.9,0,low
KE270074,Kerala,27,12.40988,76.43533,2244,0.6069,0.7705,0.1636,23.14,0.1516,0.1592,0.0076,89.2,92.2,3.25,0.5443,0.5131,-0.00624,0,0,35.7,81.7,0,low
KE140075,Kerala,14,10.64085,76.95473,1540,2.7163,3.1487,0.4324,15.35,-0.0465,-0.0237,0.0228,48.8,60.1,22.7,0.3254,0.4347,0.02185,1,1,14.4,54.5,0,medium
KE070076,Kerala,7,12.24196,77.32116,876,0.7114,1.1227,0.4114,50.7,-0.1296,-0.1209,0.0087,99.4,101.8,2.41,0.4682,0.4843,0.00322,1,0,15.1,80.0,0,low
KE230077,Kerala,23,11.0497,77.0585,1613,7.3851,11.0322,3.6472,48.73,-0.1513,-0.0521,0.0992,70.6,119.6,68.35,0.413,0.666,0.0506,1,1,17.8,26.9,1,high
KE040078,Kerala,4,11.21883,77.2534,375,0.6517,1.1042,0.4525,60.2,-0.11,-0.1021,0.0079,86.7,89.0,2.64,0.4635,0.4684,0.00098,0,2,23.8,68.3,0,low
KE050079,Kerala,5,10.71159,76.01456,2621,3.2281,4.3723,1.1442,34.38,0.081,0.1216,0.0406,118.5,147.0,23.82,0.3912,0.4101,0.00378,1,2,19.6,35.5,1,medium
KE290080,Kerala,29,8.46918,76.72325,955,0.7055,0.9675,0.262,32.53,0.1794,0.1878,0.0084,80.6,86.5,7.28,0.5566,0.606,0.00988,0,1,59.2,97.9,0,low
KE240081,Kerala,24,9.20655,76.97729,324,0.7325,0.6417,-0.0908,-10.91,0.1336,0.1286,-0.0051,104.2,101.3,-2.77,0.2701,0.2888,0.00374,0,0,16.7,84.1,0,low
KE100082,Kerala,10,11.14276,76.21837,514,3.0767,4.1033,1.0266,32.32,-0.298,-0.2577,0.0403,54.1,64.3,18.46,0.3458,0.4807,0.02698,1,1,10.1,54.0,1,medium
KE220083,Kerala,22,9.67286,76.00605,672,0.6219,1.101,0.4791,66.37,-0.2738,-0.2745,-0.0007,64.3,64.0,-0.45,0.6395,0.6403,0.00016,1,0,26.1,95.4,0,low
KE030084,Kerala,3,12.12032,76.35563,200,0.736,0.6629,-0.0731,-8.75,-0.1576,-0.1553,0.0023,102.7,103.3,0.56,0.5537,0.4867,-0.01341,1,1,15.9,82.4,1,low
KE030085,Kerala,3,8.97847,76.06481,1077,2.0847,2.9164,0.8317,38.07,0.1324,0.1846,0.0522,114.2,130.8,14.38,0.5316,0.5864,0.01097,1,2,10.2,55.8,1,medium
KE120086,Kerala,12,10.49136,76.97555,1138,2.9131,4.5741,1.661,55.12,-0.076,-0.0262,0.0498,124.4,158.5,27.21,0.4445,0.568,0.02471,1,2,18.2,32.9,1,medium
KE200087,Kerala,20,12.75836,76.7017,1715,0.7093,1.208,0.4987,61.63,0.1311,0.1264,-0.0047,177.4,176.1,-0.76,0.4187,0.3454,-0.01465,0,2,28.1,98.6,1,low
KE080088,Kerala,8,12.66919,76.76131,200,0.5436,0.9434,0.3998,62.12,-0.2285,-0.2383,-0.0098,78.6,75.9,-3.31,0.6823,0.6925,0.00204,1,2,35.7,91.9,1,low
KE150089,Kerala,15,8.48397,76.61243,1356,3.0074,3.7771,0.7697,24.77,-0.1986,-0.1571,0.0415,37.0,51.6,38.33,0.3202,0.4609,0.02815,1,1,23.1,47.0,1,medium
KE170090,Kerala,17,9.2471,76.7837,532,2.9799,4.0315,1.0515,34.14,-0.2716,-0.2175,0.0541,39.4,57.3,44.13,0.3176,0.4317,0.02281,0,1,13.2,44.4,1,medium
KE280091,Kerala,28,10.57958,76.23214,460,0.5682,0.6985,0.1304,19.51,-0.0149,0.0028,0.0177,84.3,90.0,6.76,0.271,0.2961,0.00502,1,0,56.2,66.1,0,low
KE110092,Kerala,11,9.50993,76.43684,331,0.7231,0.9508,0.2277,27.66,-0.1692,-0.1751,-0.0059,38.9,35.8,-7.75,0.2742,0.2195,-0.01094,0,2,43.1,60.6,0,low
KE130093,Kerala,13,12.16665,76.94,1107,3.1397,4.471,1.3312,41.09,-0.1341,-0.1036,0.0305,78.5,100.1,27.16,0.3934,0.419,0.00511,1,1,13.8,32.9,0,medium
KE030094,Kerala,3,8.64001,77.24366,1668,3.069,4.6978,1.6289,51.4,0.0883,0.1391,0.0507,146.4,162.7,11.06,0.5133,0.5695,0.01125,1,1,8.6,39.2,1,medium
KE130095,Kerala,13,11.52358,76.09928,200,0.6848,0.9595,0.2746,34.99,0.0436,0.0542,0.0106,158.4,162.6,2.64,0.2565,0.1682,-0.01766,1,0,41.5,77.7,0,low
KE140096,Kerala,14,12.20347,76.63212,4531,2.4338,4.3013,1.8675,73.7,-0.0267,0.0226,0.0494,81.2,93.7,15.18,0.6402,0.7559,0.02313,1,2,24.4,63.3,0,medium
KE100097,Kerala,10,9.81757,76.30835,1333,0.5827,0.9801,0.3975,58.22,-0.0055,-0.002,0.0035,147.8,149.4,1.03,0.2065,0.2002,-0.00126,0,0,41.0,61.2,0,low
KE200098,Kerala,20,10.23313,77.0221,371,0.6543,0.9263,0.272,36.05,0.138,0.146,0.008,98.5,100.8,2.26,0.386,0.4106,0.00492,1,0,52.1,65.8,1,low
KE090099,Kerala,9,10.33152,77.23187,556,0.5254,0.7808,0.2555,40.85,0.1802,0.1878,0.0076,191.1,194.0,1.49,0.3148,0.3589,0.00882,1,0,33.4,72.4,0,low
